model,split,year,period,actual,pool20,excluded6,success6
frequency-30,validation,2026,147,13,21 47 15 3 19 4 25 35 38 20 12 32 13 2 10 28 36 40 22 27,21 47 15 3 19 4,1
frequency-30,validation,2026,148,48,21 47 15 3 19 4 25 35 38 20 12 32 2 10 28 36 40 22 27 14,21 47 15 3 19 4,1
frequency-30,validation,2026,149,27,21 47 15 3 19 4 25 35 38 8 20 12 32 2 10 28 36 40 22 27,21 47 15 3 19 4,1
frequency-30,validation,2026,150,9,21 47 15 3 19 4 25 35 38 8 20 12 32 2 10 28 36 40 22 14,21 47 15 3 19 4,1
frequency-30,validation,2026,151,31,21 47 15 3 19 4 6 25 35 38 8 20 12 32 2 10 28 36 40 22,21 47 15 3 19 4,1
frequency-30,validation,2026,152,45,21 47 15 3 19 4 6 25 35 38 8 20 12 32 2 10 28 36 40 22,21 47 15 3 19 4,1
frequency-30,validation,2026,153,41,21 47 15 3 19 4 6 25 35 38 8 20 12 32 2 10 1 28 36 40,21 47 15 3 19 4,1
frequency-30,validation,2026,154,41,21 47 15 3 19 4 6 25 35 38 46 8 20 12 32 2 10 1 28 36,21 47 15 3 19 4,1
frequency-30,validation,2026,155,7,21 47 15 3 19 4 6 25 35 38 46 8 20 12 32 2 10 1 28 36,21 47 15 3 19 4,1
frequency-30,validation,2026,156,1,21 47 15 3 19 4 6 25 35 38 46 8 20 12 32 2 10 1 28 36,21 47 15 3 19 4,1
frequency-30,validation,2026,157,40,21 47 15 3 19 4 6 25 35 38 46 8 20 12 32 2 10 28 36 40,21 47 15 3 19 4,1
frequency-30,validation,2026,158,16,21 47 15 3 19 4 6 25 35 38 46 8 20 12 32 2 10 28 36 22,21 47 15 3 19 4,1
frequency-30,validation,2026,159,39,21 47 15 3 19 4 6 25 35 38 46 8 20 12 32 2 10 28 36 22,21 47 15 3 19 4,1
frequency-30,validation,2026,160,2,21 47 15 3 19 4 6 25 35 38 46 8 20 12 32 2 10 28 36 22,21 47 15 3 19 4,1
frequency-30,validation,2026,161,8,21 47 15 3 29 19 4 6 25 35 38 46 8 20 12 32 10 28 36 22,21 47 15 3 29 19,1
frequency-30,validation,2026,162,32,21 47 15 3 29 19 4 6 25 35 38 46 20 12 32 10 28 36 22 14,21 47 15 3 29 19,1
frequency-30,validation,2026,163,37,21 47 15 3 29 19 4 6 25 35 38 46 20 12 10 28 36 22 14 18,21 47 15 3 29 19,1
frequency-30,validation,2026,164,21,21 47 15 3 29 19 4 6 25 35 38 46 20 12 10 28 36 22 14 18,21 47 15 3 29 19,0
frequency-30,validation,2026,165,3,47 15 3 29 19 4 6 25 35 38 46 20 12 10 28 36 22 14 18 11,47 15 3 29 19 4,0
frequency-30,validation,2026,166,6,47 15 30 29 19 4 6 25 35 38 46 20 12 10 28 36 22 14 18 11,47 15 30 29 19 4,1
frequency-30,validation,2026,167,19,47 15 30 29 19 4 25 35 38 46 20 12 10 28 36 22 14 18 11 34,47 15 30 29 19 4,0
frequency-30,validation,2026,168,15,47 15 26 30 29 4 25 35 38 46 20 12 10 28 36 22 14 18 11 34,47 15 26 30 29 4,0
frequency-30,validation,2026,169,24,49 47 26 30 29 4 25 35 38 46 20 12 10 28 36 22 14 18 11 34,49 47 26 30 29 4,1
frequency-30,validation,2026,170,3,49 47 26 30 29 4 25 35 38 46 20 12 10 28 36 22 14 18 11 34,49 47 26 30 29 4,1
frequency-30,validation,2026,171,28,49 47 26 30 29 4 25 35 38 46 20 12 10 28 36 22 14 18 11 34,49 47 26 30 29 4,1
frequency-30,validation,2026,172,44,49 47 26 30 29 4 25 35 38 46 20 12 10 33 36 22 14 18 11 34,49 47 26 30 29 4,1
frequency-30,validation,2026,173,26,49 47 26 30 29 4 25 35 38 46 20 12 23 10 33 36 22 14 18 11,49 47 26 30 29 4,0
frequency-30,validation,2026,174,41,49 47 30 29 4 25 35 38 46 20 12 23 10 33 36 22 14 18 11 34,49 47 30 29 4 25,1
frequency-30,validation,2026,175,26,49 47 30 29 4 25 35 38 46 20 12 43 23 10 33 36 22 14 18 11,49 47 30 29 4 25,1
frequency-30,validation,2026,176,10,49 47 30 29 4 25 35 38 46 20 12 43 23 10 33 5 36 22 14 18,49 47 30 29 4 25,1
frequency-30,validation,2026,177,14,49 47 42 30 29 4 25 35 38 46 20 12 43 23 33 5 36 22 14 18,49 47 42 30 29 4,1
frequency-30,validation,2026,178,18,49 47 42 30 29 4 25 35 38 46 20 12 13 43 23 33 5 36 22 18,49 47 42 30 29 4,1
frequency-30,validation,2026,179,15,49 47 42 30 29 4 25 35 38 46 20 12 13 43 23 48 33 5 36 22,49 47 42 30 29 4,1
frequency-30,validation,2026,180,21,49 47 42 30 29 4 25 35 38 46 20 12 13 43 23 48 33 5 36 22,49 47 42 30 29 4,1
frequency-30,validation,2026,181,19,49 47 42 30 29 4 25 35 38 46 20 12 13 43 23 48 33 5 36 22,49 47 42 30 29 4,1
frequency-30,validation,2026,182,41,49 47 42 30 29 4 25 35 38 46 20 12 13 43 23 31 48 33 5 36,49 47 42 30 29 4,1
frequency-30,validation,2026,183,24,49 47 42 45 30 29 4 25 35 38 46 20 12 13 43 23 31 48 33 5,49 47 42 45 30 29,1
frequency-30,validation,2026,184,1,49 47 42 45 30 29 4 25 35 38 46 20 12 13 43 23 31 48 33 5,49 47 42 45 30 29,1
frequency-30,validation,2026,185,36,49 47 42 45 30 29 4 25 35 38 46 20 12 13 43 23 31 48 33 5,49 47 42 45 30 29,1
frequency-30,validation,2026,186,23,49 47 42 45 30 29 4 25 35 38 46 20 12 13 43 23 31 48 33 5,49 47 42 45 30 29,1
frequency-30,validation,2026,187,1,49 47 42 45 30 29 4 25 35 38 46 20 12 13 43 31 48 33 5 22,49 47 42 45 30 29,1
frequency-30,validation,2026,188,16,49 47 42 45 30 29 4 25 35 38 46 20 12 13 43 31 48 33 5 40,49 47 42 45 30 29,1
frequency-30,validation,2026,189,15,49 47 42 45 30 29 4 25 35 38 46 20 12 13 43 31 48 33 5 40,49 47 42 45 30 29,1
frequency-30,validation,2026,190,16,49 47 42 45 30 29 4 25 35 38 46 20 12 13 43 31 48 33 5 40,49 47 42 45 30 29,1
frequency-30,validation,2026,191,29,49 47 42 45 30 29 4 25 35 38 46 20 12 13 2 43 31 48 33 5,49 47 42 45 30 29,0
frequency-30,validation,2026,192,25,49 47 42 45 30 4 25 35 38 46 8 20 12 13 2 43 31 48 33 5,49 47 42 45 30 4,1
frequency-30,validation,2026,193,9,49 47 42 45 30 4 35 38 46 8 20 12 32 13 2 43 31 48 33 5,49 47 42 45 30 4,1
frequency-30,validation,2026,194,26,49 47 42 45 30 4 35 38 46 8 20 12 32 13 2 43 31 48 37 33,49 47 42 45 30 4,1
frequency-30,validation,2026,195,25,49 47 42 45 30 4 35 38 46 8 20 12 32 13 2 43 31 48 37 33,49 47 42 45 30 4,1
frequency-30,validation,2026,196,39,49 47 42 45 30 4 35 38 46 8 20 12 32 13 2 43 31 48 37 33,49 47 42 45 30 4,1
frequency-30,validation,2026,197,8,49 47 42 45 30 4 6 35 38 46 8 20 12 32 13 2 43 31 48 37,49 47 42 45 30 4,1
frequency-30,validation,2026,198,7,49 47 42 45 30 4 6 35 38 46 20 12 32 13 2 43 31 48 37 33,49 47 42 45 30 4,1
frequency-30,validation,2026,199,36,49 47 42 45 30 4 6 35 38 46 20 12 32 13 2 43 31 48 37 33,49 47 42 45 30 4,1
frequency-30,validation,2026,200,39,49 47 42 45 30 4 6 35 38 46 20 12 32 13 2 43 31 48 37 33,49 47 42 45 30 4,1
frequency-30,validation,2026,201,32,49 47 42 45 30 3 4 6 35 38 46 20 12 32 13 2 43 31 48 37,49 47 42 45 30 3,1
frequency-30,validation,2026,202,40,49 47 42 45 30 3 4 6 35 38 46 20 12 13 2 43 31 48 37 33,49 47 42 45 30 3,1
frequency-30,validation,2026,203,25,49 47 42 45 30 3 4 6 35 38 46 20 12 13 2 43 31 44 48 37,49 47 42 45 30 3,1
frequency-30,validation,2026,204,5,49 47 42 45 30 3 4 6 35 38 46 20 12 13 2 43 31 44 48 37,49 47 42 45 30 3,1
frequency-30,validation,2026,205,3,49 47 42 45 30 3 4 6 35 38 46 20 12 13 2 43 31 44 48 37,49 47 42 45 30 3,0
frequency-30,validation,2026,206,47,49 47 42 45 30 4 6 35 38 46 20 12 13 2 43 31 44 48 37 33,49 47 42 45 30 4,0
frequency-30,evaluation,2026,207,31,49 42 45 30 4 6 35 38 46 20 12 13 2 43 10 31 44 48 37 33,49 42 45 30 4 6,1
frequency-30,evaluation,2026,208,19,49 42 45 30 4 6 35 38 46 20 12 13 2 43 10 44 48 37 33 28,49 42 45 30 4 6,1
frequency-30,evaluation,2026,209,8,49 42 45 30 4 6 35 38 46 20 12 13 2 43 10 44 48 37 33 28,49 42 45 30 4 6,1
frequency-30,evaluation,2026,210,49,49 42 45 30 4 6 35 38 46 20 12 13 2 43 10 44 48 37 33 28,49 42 45 30 4 6,0
frequency-30,evaluation,2026,211,1,21 42 45 30 4 6 35 38 46 20 12 13 2 43 10 44 48 37 33 28,21 42 45 30 4 6,1
frequency-30,evaluation,2026,212,6,21 42 45 30 4 6 35 38 46 20 12 13 2 43 10 44 48 37 33 28,21 42 45 30 4 6,0
frequency-30,evaluation,2026,213,35,21 42 45 30 4 41 35 38 46 20 12 13 2 43 10 44 48 37 33 28,21 42 45 30 4 41,1
frequency-30,evaluation,2026,214,4,21 42 45 30 4 41 38 46 20 12 13 2 43 10 44 48 37 33 28 22,21 42 45 30 4 41,0
frequency-30,evaluation,2026,215,14,21 42 45 30 41 38 46 20 12 13 2 43 10 44 48 37 33 28 22 24,21 42 45 30 41 38,1
frequency-30,evaluation,2026,216,37,21 42 45 30 41 38 46 20 12 13 2 43 10 44 48 37 33 28 22 24,21 42 45 30 41 38,1
frequency-30,evaluation,2026,217,26,21 42 45 30 41 38 46 20 12 13 2 43 23 10 44 48 33 28 22 24,21 42 45 30 41 38,1
frequency-30,evaluation,2026,218,17,21 42 45 30 41 38 46 20 12 13 2 43 23 10 44 48 33 28 22 24,21 42 45 30 41 38,1
frequency-30,evaluation,2026,219,43,21 42 45 30 41 38 46 20 12 13 2 43 23 10 44 48 33 28 22 24,21 42 45 30 41 38,1
frequency-30,evaluation,2026,220,48,21 42 15 45 30 41 38 46 20 12 13 2 23 10 44 48 33 28 22 24,21 42 15 45 30 41,1
frequency-30,evaluation,2026,221,1,21 42 15 45 30 41 38 46 20 12 13 2 23 10 16 44 33 28 22 24,21 42 15 45 30 41,1
frequency-30,evaluation,2026,222,26,21 42 15 45 30 29 41 38 46 20 12 13 2 23 10 16 44 33 28 22,21 42 15 45 30 29,1
frequency-30,evaluation,2026,223,23,21 42 15 45 30 29 41 38 46 20 12 13 2 23 10 16 44 33 28 22,21 42 15 45 30 29,1
frequency-30,evaluation,2026,224,9,21 42 15 45 30 29 41 38 46 20 12 13 2 10 16 44 33 28 22 24,21 42 15 45 30 29,1
frequency-30,evaluation,2026,225,1,21 42 15 45 30 29 41 38 46 20 12 13 2 10 16 44 33 28 22 24,21 42 15 45 30 29,1
frequency-30,evaluation,2026,226,17,21 42 15 45 30 29 41 38 46 20 12 13 2 10 16 44 33 28 22 24,21 42 15 45 30 29,1
frequency-30,evaluation,2026,227,16,21 42 15 45 30 29 41 38 46 20 12 13 2 10 16 44 33 28 22 24,21 42 15 45 30 29,1
frequency-30,evaluation,2026,228,23,21 42 15 45 30 29 41 38 46 20 12 13 2 10 44 33 28 22 24 27,21 42 15 45 30 29,1
frequency-30,evaluation,2026,229,38,21 42 15 45 30 29 41 38 46 20 12 13 2 10 44 33 28 22 24 27,21 42 15 45 30 29,1
frequency-30,evaluation,2026,230,16,21 42 15 45 30 29 41 46 20 12 13 2 10 44 33 28 36 22 24 27,21 42 15 45 30 29,1
frequency-30,evaluation,2026,231,20,21 42 15 45 30 29 41 46 20 12 13 2 10 44 33 28 36 22 24 27,21 42 15 45 30 29,1
frequency-30,evaluation,2026,232,42,21 42 15 45 30 29 41 46 12 32 13 2 10 44 33 28 36 22 24 27,21 42 15 45 30 29,0
frequency-30,evaluation,2026,233,7,21 15 45 30 29 41 46 12 32 13 2 10 44 33 28 36 40 22 24 27,21 15 45 30 29 41,1
frequency-30,evaluation,2026,234,39,21 15 45 30 29 25 41 46 12 32 13 2 10 44 33 28 36 40 22 24,21 15 45 30 29 25,1
frequency-30,evaluation,2026,235,32,21 15 45 30 29 25 41 46 12 32 13 2 10 44 33 28 5 36 40 22,21 15 45 30 29 25,1
frequency-30,evaluation,2026,236,11,21 15 45 30 3 29 25 41 46 12 13 2 10 44 33 28 5 36 40 22,21 15 45 30 3 29,1
frequency-30,evaluation,2026,237,12,21 47 15 45 30 3 29 25 41 46 12 13 2 10 44 33 28 5 36 40,21 47 15 45 30 3,1
frequency-30,evaluation,2026,238,17,21 47 15 45 30 3 29 25 41 46 13 2 10 31 44 33 28 5 36 40,21 47 15 45 30 3,1
frequency-30,evaluation,2026,239,5,21 47 15 45 30 3 29 19 25 41 46 13 2 10 31 44 33 28 5 36,21 47 15 45 30 3,1
frequency-30,evaluation,2026,240,27,21 47 15 45 30 3 29 19 25 41 46 8 13 2 10 31 44 33 28 36,21 47 15 45 30 3,1
frequency-30,evaluation,2026,241,49,49 21 47 15 45 30 3 29 19 25 41 46 8 13 2 10 31 44 33 28,49 21 47 15 45 30,0
frequency-30,evaluation,2026,242,9,21 47 15 45 30 3 29 19 25 41 46 8 13 2 10 31 44 33 28 36,21 47 15 45 30 3,1
frequency-30,evaluation,2026,243,21,21 47 15 45 30 3 29 19 6 25 41 46 8 13 2 10 31 44 33 28,21 47 15 45 30 3,0
frequency-30,evaluation,2026,244,46,47 15 45 30 3 29 19 6 25 41 35 46 8 13 2 10 31 44 33 28,47 15 45 30 3 29,1
frequency-30,evaluation,2026,245,18,47 15 45 30 3 29 19 4 6 25 41 35 8 13 2 10 31 44 33 28,47 15 45 30 3 29,1
frequency-30,evaluation,2026,246,30,47 15 45 30 3 29 19 4 6 25 41 35 8 13 2 10 31 44 33 28,47 15 45 30 3 29,0
frequency-30,evaluation,2026,247,40,47 15 45 3 29 19 4 6 25 41 35 8 13 2 10 31 44 37 33 28,47 15 45 3 29 19,1
frequency-30,evaluation,2026,248,20,47 15 45 3 29 19 4 6 25 41 35 8 13 2 10 31 44 37 33 28,47 15 45 3 29 19,1
frequency-30,evaluation,2026,249,23,47 15 45 3 29 19 4 6 25 41 35 8 13 2 10 31 44 37 33 28,47 15 45 3 29 19,1
frequency-30,evaluation,2026,250,14,47 15 45 3 29 19 4 6 25 41 35 8 13 2 43 10 31 44 37 33,47 15 45 3 29 19,1
frequency-30,evaluation,2026,251,30,47 15 45 3 29 19 4 6 25 41 35 8 13 2 43 10 31 44 48 37,47 15 45 3 29 19,1
frequency-30,evaluation,2026,252,22,47 15 45 3 29 19 4 6 25 41 35 8 13 2 43 10 31 44 48 37,47 15 45 3 29 19,1
frequency-30,evaluation,2026,253,16,47 15 26 45 3 29 19 4 6 25 41 35 8 13 2 43 10 31 44 48,47 15 26 45 3 29,1
frequency-30,evaluation,2026,254,2,47 15 26 45 3 29 19 4 6 25 41 35 8 13 2 43 10 31 44 48,47 15 26 45 3 29,1
frequency-30,evaluation,2026,255,44,47 15 26 45 3 29 19 4 6 25 41 35 8 13 43 10 31 44 48 37,47 15 26 45 3 29,1
frequency-30,evaluation,2026,256,1,47 15 26 45 3 29 19 4 6 25 41 35 8 13 43 10 31 48 37 1,47 15 26 45 3 29,1
frequency-30,evaluation,2026,257,7,47 15 26 45 3 29 19 4 6 25 41 35 8 13 43 10 31 48 37 33,47 15 26 45 3 29,1
frequency-30,evaluation,2026,258,46,47 15 26 45 3 29 19 4 6 25 41 35 8 13 43 10 31 48 37 33,47 15 26 45 3 29,1
frequency-30,evaluation,2026,259,22,47 15 26 45 3 29 19 4 6 25 41 35 8 13 43 10 31 48 37 33,47 15 26 45 3 29,1
frequency-30,evaluation,2026,260,20,47 15 26 45 3 29 19 4 6 25 41 35 38 8 13 43 10 31 48 37,47 15 26 45 3 29,1
frequency-30,evaluation,2026,261,24,47 15 26 45 3 29 19 4 6 25 41 35 38 8 13 43 10 31 48 37,47 15 26 45 3 29,1
frequency-30,evaluation,2026,262,30,47 15 26 45 3 29 19 4 6 25 41 35 38 8 13 43 10 31 48 37,47 15 26 45 3 29,1
frequency-30,evaluation,2026,263,9,47 42 15 26 45 3 29 19 4 6 25 41 35 38 8 13 43 10 31 48,47 42 15 26 45 3,1
frequency-30,evaluation,2026,264,21,47 42 15 26 45 3 29 19 4 6 25 41 35 38 8 13 43 10 31 48,47 42 15 26 45 3,1
frequency-30,evaluation,2026,265,49,47 42 15 26 45 3 29 19 4 6 25 41 35 38 8 13 43 10 31 48,47 42 15 26 45 3,1
frequency-30,evaluation,2026,266,8,47 42 15 26 45 3 29 19 4 6 25 41 35 38 8 32 13 43 10 31,47 42 15 26 45 3,1
frequency-100,validation,2026,147,13,21 47 32 42 15 3 19 4 25 41 38 8 20 13 36 40 14 18 34 26,21 47 32 42 15 3,1
frequency-100,validation,2026,148,48,21 47 32 42 15 3 19 4 25 41 38 8 20 36 40 14 18 34 26 45,21 47 32 42 15 3,1
frequency-100,validation,2026,149,27,21 47 32 42 15 3 19 4 25 41 38 8 20 36 40 14 18 34 26 45,21 47 32 42 15 3,1
frequency-100,validation,2026,150,9,21 47 32 42 15 3 19 4 25 41 38 8 20 13 36 40 14 18 34 26,21 47 32 42 15 3,1
frequency-100,validation,2026,151,31,21 47 32 42 15 3 19 4 25 41 38 8 20 13 36 40 14 18 34 26,21 47 32 42 15 3,1
frequency-100,validation,2026,152,45,21 47 32 42 15 3 19 4 25 41 38 8 20 13 36 40 14 18 34 26,21 47 32 42 15 3,1
frequency-100,validation,2026,153,41,21 47 38 32 42 15 3 19 4 25 41 8 20 13 36 40 14 18 34 26,21 47 38 32 42 15,1
frequency-100,validation,2026,154,41,21 47 15 38 32 42 3 19 4 25 8 20 13 36 40 14 18 34 26 41,21 47 15 38 32 42,1
frequency-100,validation,2026,155,7,21 47 15 38 32 42 3 19 4 25 8 20 13 36 40 14 18 34 26 35,21 47 15 38 32 42,1
frequency-100,validation,2026,156,1,21 47 15 38 32 14 42 3 19 4 25 8 20 13 36 40 18 34 26 35,21 47 15 38 32 14,1
frequency-100,validation,2026,157,40,21 47 15 38 32 14 42 3 19 4 25 8 20 13 36 40 18 34 26 35,21 47 15 38 32 14,1
frequency-100,validation,2026,158,16,21 47 15 38 32 14 42 3 19 4 25 8 20 13 36 18 34 26 35 12,21 47 15 38 32 14,1
frequency-100,validation,2026,159,39,21 47 15 38 32 14 42 3 19 4 25 8 20 13 36 18 34 26 35 12,21 47 15 38 32 14,1
frequency-100,validation,2026,160,2,21 47 15 38 32 14 42 3 19 4 25 8 20 13 10 36 18 34 26 35,21 47 15 38 32 14,1
frequency-100,validation,2026,161,8,21 47 15 38 32 14 42 3 19 4 25 8 20 13 10 36 18 34 26 35,21 47 15 38 32 14,1
frequency-100,validation,2026,162,32,21 47 15 38 32 14 42 3 19 4 25 20 13 10 36 18 34 26 29 35,21 47 15 38 32 14,0
frequency-100,validation,2026,163,37,21 47 15 38 14 42 3 19 4 25 20 32 13 10 36 18 34 26 29 35,21 47 15 38 14 42,1
frequency-100,validation,2026,164,21,21 47 15 38 14 42 3 19 4 25 20 32 13 10 28 36 18 34 26 29,21 47 15 38 14 42,0
frequency-100,validation,2026,165,3,47 15 38 14 18 21 42 3 19 4 25 20 32 13 10 28 36 34 26 29,47 15 38 14 18 21,1
frequency-100,validation,2026,166,6,47 15 38 14 18 21 42 19 4 25 20 32 13 10 28 36 34 26 3 29,47 15 38 14 18 21,1
frequency-100,validation,2026,167,19,47 15 38 14 18 21 42 19 4 25 20 32 13 10 28 36 34 26 3 29,47 15 38 14 18 21,1
frequency-100,validation,2026,168,15,47 15 38 14 18 21 42 4 25 20 32 13 10 28 36 34 26 3 29 19,47 15 38 14 18 21,0
frequency-100,validation,2026,169,24,47 38 14 18 21 42 15 4 25 20 32 13 23 10 28 36 34 26 3 29,47 38 14 18 21 42,1
frequency-100,validation,2026,170,3,47 38 14 18 21 42 15 4 25 20 32 13 23 10 28 36 34 26 3 29,47 38 14 18 21 42,1
frequency-100,validation,2026,171,28,47 25 38 14 18 21 42 15 4 20 32 13 23 10 28 36 34 26 29 19,47 25 38 14 18 21,1
frequency-100,validation,2026,172,44,47 25 38 14 18 21 42 15 4 20 32 13 23 10 36 34 26 29 19 35,47 25 38 14 18 21,1
frequency-100,validation,2026,173,26,47 25 38 14 18 21 42 15 4 20 32 13 23 10 36 34 26 29 19 35,47 25 38 14 18 21,1
frequency-100,validation,2026,174,41,47 25 38 14 18 34 21 42 15 4 20 32 13 23 10 36 29 19 35 46,47 25 38 14 18 34,1
frequency-100,validation,2026,175,26,47 25 38 10 14 18 34 21 42 15 4 20 32 13 23 36 29 19 35 46,47 25 38 10 14 18,1
frequency-100,validation,2026,176,10,47 25 38 10 14 18 34 21 42 15 4 20 32 13 23 36 29 19 35 46,47 25 38 10 14 18,0
frequency-100,validation,2026,177,14,47 25 38 14 18 34 21 42 15 4 20 32 13 23 10 36 29 19 35 46,47 25 38 14 18 34,0
frequency-100,validation,2026,178,18,47 25 38 18 34 21 42 15 29 4 20 32 13 23 10 36 14 19 35 46,47 25 38 18 34 21,0
frequency-100,validation,2026,179,15,47 25 38 34 21 42 15 29 4 46 20 32 13 23 10 36 14 18 19 35,47 25 38 34 21 42,1
frequency-100,validation,2026,180,21,47 25 38 34 21 42 29 4 35 46 20 32 13 23 10 36 14 18 15 19,47 25 38 34 21 42,0
frequency-100,validation,2026,181,19,47 25 38 34 42 29 4 35 46 20 32 13 23 10 36 14 18 21 15 3,47 25 38 34 42 29,1
frequency-100,validation,2026,182,41,47 25 38 34 42 29 4 35 46 20 32 13 23 10 36 14 18 21 15 3,47 25 38 34 42 29,1
frequency-100,validation,2026,183,24,47 25 38 34 42 29 4 35 46 20 32 13 23 10 36 14 18 21 15 3,47 25 38 34 42 29,1
frequency-100,validation,2026,184,1,47 25 38 34 42 29 4 35 46 20 32 13 23 10 5 36 14 18 21 15,47 25 38 34 42 29,1
frequency-100,validation,2026,185,36,47 25 38 34 42 29 4 35 46 20 32 13 23 10 5 36 14 18 21 15,47 25 38 34 42 29,1
frequency-100,validation,2026,186,23,47 25 38 34 42 29 4 35 46 20 32 13 23 10 5 14 18 21 15 3,47 25 38 34 42 29,1
frequency-100,validation,2026,187,1,47 25 38 34 42 29 4 35 46 20 12 32 13 10 5 14 18 21 15 3,47 25 38 34 42 29,1
frequency-100,validation,2026,188,16,47 25 38 34 42 29 4 35 46 20 12 32 13 10 5 14 18 21 15 3,47 25 38 34 42 29,1
frequency-100,validation,2026,189,15,47 25 38 34 42 29 4 35 46 20 12 32 13 10 5 27 14 18 21 15,47 25 38 34 42 29,1
frequency-100,validation,2026,190,16,47 25 38 34 42 29 4 35 46 20 12 32 13 10 5 27 14 18 21 3,47 25 38 34 42 29,1
frequency-100,validation,2026,191,29,47 25 38 34 42 29 4 35 46 20 12 32 13 10 5 36 27 14 18 21,47 25 38 34 42 29,0
frequency-100,validation,2026,192,25,47 25 38 34 42 4 35 46 20 12 32 13 10 5 36 27 14 18 21 3,47 25 38 34 42 4,0
frequency-100,validation,2026,193,9,47 38 34 42 4 25 35 46 20 12 32 13 10 5 36 27 14 18 21 3,47 38 34 42 4 25,1
frequency-100,validation,2026,194,26,47 38 34 42 4 25 35 46 20 12 32 13 10 5 36 40 27 14 18 21,47 38 34 42 4 25,1
frequency-100,validation,2026,195,25,47 38 34 42 4 25 35 46 20 12 32 13 10 5 36 40 27 14 18 17,47 38 34 42 4 25,0
frequency-100,validation,2026,196,39,47 35 38 34 42 4 46 20 12 32 13 10 5 36 40 27 14 18 17 21,47 35 38 34 42 4,1
frequency-100,validation,2026,197,8,47 35 38 34 42 4 46 20 12 32 13 43 10 5 36 40 27 14 18 17,47 35 38 34 42 4,1
frequency-100,validation,2026,198,7,47 35 38 34 42 4 46 20 12 32 13 43 10 5 36 40 27 14 18 11,47 35 38 34 42 4,1
frequency-100,validation,2026,199,36,47 35 38 34 17 42 4 46 20 12 32 13 43 10 5 36 40 27 14 18,47 35 38 34 17 42,1
frequency-100,validation,2026,200,39,47 35 38 12 34 17 42 4 46 20 32 13 43 10 5 40 27 14 18 11,47 35 38 12 34 17,1
frequency-100,validation,2026,201,32,47 35 38 12 34 17 42 4 46 20 32 13 43 10 33 5 40 27 14 18,47 35 38 12 34 17,1
frequency-100,validation,2026,202,40,47 35 38 12 34 17 42 4 46 20 13 43 10 33 5 40 27 14 18 11,47 35 38 12 34 17,1
frequency-100,validation,2026,203,25,47 35 38 20 12 34 17 42 4 46 13 43 10 33 5 27 14 18 11 21,47 35 38 20 12 34,1
frequency-100,validation,2026,204,5,47 35 38 20 12 34 17 42 4 46 13 43 10 33 5 27 14 18 11 21,47 35 38 20 12 34,1
frequency-100,validation,2026,205,3,47 35 38 20 12 34 17 42 4 46 13 43 10 33 27 14 18 11 21 3,47 35 38 20 12 34,1
frequency-100,validation,2026,206,47,47 35 38 20 12 34 17 42 4 46 13 43 10 33 28 27 14 18 11 21,47 35 38 20 12 34,0
frequency-100,evaluation,2026,207,31,35 38 20 12 34 17 47 42 4 46 13 43 10 33 28 22 27 14 18 11,35 38 20 12 34 17,1
frequency-100,evaluation,2026,208,19,35 38 20 12 34 17 47 42 4 46 13 43 10 33 28 22 27 14 18 11,35 38 20 12 34 17,1
frequency-100,evaluation,2026,209,8,35 38 20 12 34 17 47 42 4 46 13 43 10 33 28 22 27 14 18 11,35 38 20 12 34 17,1
frequency-100,evaluation,2026,210,49,35 38 20 12 34 17 47 42 4 46 13 43 10 33 28 22 27 14 18 11,35 38 20 12 34 17,1
frequency-100,evaluation,2026,211,1,35 38 20 12 34 17 47 42 4 46 13 43 10 33 28 22 27 14 18 11,35 38 20 12 34 17,1
frequency-100,evaluation,2026,212,6,35 38 20 12 34 17 47 42 4 46 13 43 10 33 28 22 27 14 18 11,35 38 20 12 34 17,1
frequency-100,evaluation,2026,213,35,35 38 20 12 34 17 47 42 4 46 13 43 10 33 28 22 27 14 18 11,35 38 20 12 34 17,0
frequency-100,evaluation,2026,214,4,38 20 12 34 17 47 42 4 35 46 13 2 43 10 33 28 22 27 14 18,38 20 12 34 17 47,1
frequency-100,evaluation,2026,215,14,38 20 12 34 17 47 42 35 46 13 2 43 10 33 28 22 27 14 18 11,38 20 12 34 17 47,1
frequency-100,evaluation,2026,216,37,38 20 12 34 17 47 42 4 35 46 13 2 43 10 33 28 22 27 18 11,38 20 12 34 17 47,1
frequency-100,evaluation,2026,217,26,38 20 12 22 34 17 47 42 4 35 46 13 2 43 10 33 28 27 18 11,38 20 12 22 34 17,1
frequency-100,evaluation,2026,218,17,38 20 12 22 34 17 47 42 4 35 46 13 2 43 10 33 28 27 18 11,38 20 12 22 34 17,0
frequency-100,evaluation,2026,219,43,38 20 12 22 34 47 42 4 35 46 13 2 43 10 33 28 27 18 11 17,38 20 12 22 34 47,1
frequency-100,evaluation,2026,220,48,38 20 12 22 11 34 47 42 4 35 46 13 2 10 33 28 27 18 17 21,38 20 12 22 11 34,1
frequency-100,evaluation,2026,221,1,38 20 12 22 11 34 47 42 4 35 46 13 2 10 33 28 27 18 17 21,38 20 12 22 11 34,1
frequency-100,evaluation,2026,222,26,38 20 12 22 11 34 47 42 4 35 46 13 2 10 33 28 27 18 17 21,38 20 12 22 11 34,1
frequency-100,evaluation,2026,223,23,38 20 12 22 11 34 47 42 4 35 46 13 2 10 33 28 27 18 17 21,38 20 12 22 11 34,1
frequency-100,evaluation,2026,224,9,38 46 20 12 22 11 34 47 42 4 35 13 2 10 33 28 27 18 17 21,38 46 20 12 22 11,1
frequency-100,evaluation,2026,225,1,38 46 20 12 22 11 34 47 42 4 35 13 2 10 33 28 27 18 17 21,38 46 20 12 22 11,1
frequency-100,evaluation,2026,226,17,38 46 20 12 22 11 34 47 42 4 35 13 2 10 33 28 27 18 17 21,38 46 20 12 22 11,1
frequency-100,evaluation,2026,227,16,38 46 20 12 22 11 34 47 42 4 35 13 2 10 33 28 27 18 49 21,38 46 20 12 22 11,1
frequency-100,evaluation,2026,228,23,38 46 20 12 22 11 34 47 42 45 4 35 13 2 10 33 28 27 18 49,38 46 20 12 22 11,1
frequency-100,evaluation,2026,229,38,38 46 20 12 22 11 34 47 42 45 4 35 13 2 10 33 28 27 18 49,38 46 20 12 22 11,0
frequency-100,evaluation,2026,230,16,46 20 12 22 11 34 47 42 45 4 35 38 13 2 10 33 28 27 18 49,46 20 12 22 11 34,1
frequency-100,evaluation,2026,231,20,46 20 12 22 11 34 47 42 45 29 4 35 38 13 2 10 33 28 27 18,46 20 12 22 11 34,0
frequency-100,evaluation,2026,232,42,46 12 22 11 34 47 42 45 29 4 35 38 20 13 2 10 33 28 27 18,46 12 22 11 34 47,1
frequency-100,evaluation,2026,233,7,46 12 22 11 34 47 45 30 29 4 35 38 20 13 2 10 33 28 27 18,46 12 22 11 34 47,1
frequency-100,evaluation,2026,234,39,46 12 22 11 34 47 45 30 29 4 35 38 20 13 2 10 33 28 27 18,46 12 22 11 34 47,1
frequency-100,evaluation,2026,235,32,46 12 22 11 34 47 45 30 29 4 35 38 20 13 2 10 33 28 27 18,46 12 22 11 34 47,1
frequency-100,evaluation,2026,236,11,30 46 12 22 11 34 47 45 29 4 35 38 20 13 2 10 33 28 27 18,30 46 12 22 11 34,0
frequency-100,evaluation,2026,237,12,30 46 12 22 34 47 45 29 4 35 38 20 13 2 10 33 28 27 18 11,30 46 12 22 34 47,0
frequency-100,evaluation,2026,238,17,30 46 22 34 47 45 29 4 35 38 20 12 13 2 10 33 28 27 18 11,30 46 22 34 47 45,1
frequency-100,evaluation,2026,239,5,30 46 22 34 49 47 45 29 4 35 38 20 12 13 2 10 33 28 27 18,30 46 22 34 49 47,1
frequency-100,evaluation,2026,240,27,30 46 22 34 49 47 45 29 4 35 38 20 12 13 2 10 33 28 27 18,30 46 22 34 49 47,1
frequency-100,evaluation,2026,241,49,30 46 22 34 49 47 45 29 4 35 38 20 12 13 2 10 33 28 18 11,30 46 22 34 49 47,0
frequency-100,evaluation,2026,242,9,30 46 33 22 34 47 45 29 4 35 38 20 12 13 2 10 28 18 11 49,30 46 33 22 34 47,1
frequency-100,evaluation,2026,243,21,30 46 33 22 34 47 45 29 4 35 38 20 12 13 2 10 28 18 11 49,30 46 33 22 34 47,1
frequency-100,evaluation,2026,244,46,30 46 33 22 34 47 45 29 4 35 38 20 12 13 2 10 44 28 18 11,30 46 33 22 34 47,0
frequency-100,evaluation,2026,245,18,30 33 22 34 47 45 29 4 35 38 46 20 12 13 2 43 10 44 28 18,30 33 22 34 47 45,1
frequency-100,evaluation,2026,246,30,30 33 22 34 47 45 29 4 35 38 46 20 12 13 2 43 10 44 28 11,30 33 22 34 47 45,0
frequency-100,evaluation,2026,247,40,33 22 34 47 42 45 30 29 4 35 38 46 20 12 13 2 43 10 44 28,33 22 34 47 42 45,1
frequency-100,evaluation,2026,248,20,13 33 22 34 47 42 45 30 29 4 35 38 46 20 12 2 43 10 44 28,13 33 22 34 47 42,1
frequency-100,evaluation,2026,249,23,13 33 22 34 47 42 45 30 29 4 35 38 46 12 2 43 10 44 48 28,13 33 22 34 47 42,1
frequency-100,evaluation,2026,250,14,13 33 22 34 47 42 45 30 29 4 35 38 46 12 2 43 10 44 48 28,13 33 22 34 47 42,1
frequency-100,evaluation,2026,251,30,13 33 22 34 47 42 45 30 29 4 35 38 46 12 2 43 10 44 48 28,13 33 22 34 47 42,1
frequency-100,evaluation,2026,252,22,13 33 22 34 47 42 45 29 4 35 38 46 12 2 43 10 31 44 48 28,13 33 22 34 47 42,0
frequency-100,evaluation,2026,253,16,45 13 33 34 47 42 29 4 35 38 46 12 2 43 10 31 44 48 28 22,45 13 33 34 47 42,1
frequency-100,evaluation,2026,254,2,45 13 33 34 47 42 29 4 35 38 46 12 2 43 10 31 44 48 28 22,45 13 33 34 47 42,1
frequency-100,evaluation,2026,255,44,45 13 33 34 47 42 29 4 35 38 46 12 43 10 31 44 48 28 22 27,45 13 33 34 47 42,1
frequency-100,evaluation,2026,256,1,45 13 33 34 47 42 29 4 35 38 46 12 43 10 31 48 28 22 27 11,45 13 33 34 47 42,1
frequency-100,evaluation,2026,257,7,45 13 33 34 47 42 29 4 35 38 46 12 43 10 31 48 28 22 27 11,45 13 33 34 47 42,1
frequency-100,evaluation,2026,258,46,45 13 33 34 47 42 29 4 35 38 46 12 43 10 31 48 28 22 27 11,45 13 33 34 47 42,1
frequency-100,evaluation,2026,259,22,45 13 33 34 47 42 29 4 35 38 12 43 10 31 48 28 22 27 11 49,45 13 33 34 47 42,1
frequency-100,evaluation,2026,260,20,45 13 33 34 47 42 29 4 35 38 12 43 10 31 48 28 27 11 49 30,45 13 33 34 47 42,1
frequency-100,evaluation,2026,261,24,45 13 33 34 47 42 29 4 35 38 12 2 43 10 31 48 28 27 11 49,45 13 33 34 47 42,1
frequency-100,evaluation,2026,262,30,45 13 33 34 47 42 29 4 35 38 12 2 43 10 31 48 28 27 11 49,45 13 33 34 47 42,1
frequency-100,evaluation,2026,263,9,45 13 33 34 47 42 29 4 35 38 12 2 43 10 31 48 28 27 11 49,45 13 33 34 47 42,1
frequency-100,evaluation,2026,264,21,45 13 33 34 47 42 29 4 35 38 12 2 43 10 31 48 37 28 27 11,45 13 33 34 47 42,1
frequency-100,evaluation,2026,265,49,45 13 33 34 47 42 29 4 35 38 12 2 43 10 31 48 37 28 27 11,45 13 33 34 47 42,1
frequency-100,evaluation,2026,266,8,45 13 33 34 47 42 29 4 35 38 12 2 43 10 31 48 37 28 27 11,45 13 33 34 47 42,1
logistic-l2-0.01,validation,2026,147,13,42 5 24 46 44 23 49 7 1 30 17 26 16 48 20 33 40 25 22 45,42 5 24 46 44 23,1
logistic-l2-0.01,validation,2026,148,48,24 44 5 46 49 7 23 1 17 40 48 13 25 20 42 30 22 26 29 33,24 44 5 46 49 7,1
logistic-l2-0.01,validation,2026,149,27,48 24 23 44 5 7 46 1 17 20 22 25 49 42 30 26 33 40 16 38,48 24 23 44 5 7,1
logistic-l2-0.01,validation,2026,150,9,48 44 24 5 1 20 7 46 17 23 30 27 25 45 26 49 33 42 22 8,48 44 24 5 1 20,1
logistic-l2-0.01,validation,2026,151,31,44 48 9 46 5 24 1 25 7 17 20 22 23 42 26 30 49 45 33 8,44 48 9 46 5 24,1
logistic-l2-0.01,validation,2026,152,45,46 48 24 5 17 44 1 7 20 31 42 25 9 23 26 8 30 49 22 29,46 48 24 5 17 44,1
logistic-l2-0.01,validation,2026,153,41,45 44 48 46 1 24 5 17 7 26 20 9 25 8 30 42 49 34 10 22,45 44 48 46 1 24,1
logistic-l2-0.01,validation,2026,154,41,41 48 1 46 24 5 45 7 26 17 20 25 9 8 44 30 2 32 40 42,41 48 1 46 24 5,0
logistic-l2-0.01,validation,2026,155,7,41 46 24 26 48 1 45 5 7 17 20 25 8 44 42 2 9 34 30 22,41 46 24 26 48 1,1
logistic-l2-0.01,validation,2026,156,1,7 46 24 26 1 48 45 41 25 17 20 5 8 44 2 32 40 22 21 9,7 46 24 26 1 48,0
logistic-l2-0.01,validation,2026,157,40,1 7 24 46 26 41 48 45 25 17 20 5 8 44 2 32 30 31 22 33,1 7 24 46 26 41,1
logistic-l2-0.01,validation,2026,158,16,40 1 7 24 17 25 41 48 46 45 26 5 20 31 2 32 8 44 10 18,40 1 7 24 17 25,1
logistic-l2-0.01,validation,2026,159,39,1 24 16 7 41 40 26 46 45 48 5 17 20 25 32 8 18 44 2 22,1 24 16 7 41 40,1
logistic-l2-0.01,validation,2026,160,2,1 39 46 24 20 41 45 7 17 26 40 44 5 16 30 25 32 8 18 22,1 39 46 24 20 41,1
logistic-l2-0.01,validation,2026,161,8,1 2 24 26 16 45 7 44 41 46 30 20 40 8 25 22 17 39 32 29,1 2 24 26 16 45,1
logistic-l2-0.01,validation,2026,162,32,8 1 24 2 41 46 20 45 7 44 40 16 26 39 22 30 17 48 5 18,8 1 24 2 41 46,1
logistic-l2-0.01,validation,2026,163,37,32 1 41 24 7 8 2 26 16 44 20 46 40 45 30 22 17 33 5 39,32 1 41 24 7 8,1
logistic-l2-0.01,validation,2026,164,21,1 8 37 32 7 41 2 24 20 16 40 46 44 33 39 22 45 30 17 26,1 8 37 32 7 41,1
logistic-l2-0.01,validation,2026,165,3,1 21 32 2 46 8 16 7 20 24 37 40 30 45 26 44 17 41 5 22,1 21 32 2 46 8,1
logistic-l2-0.01,validation,2026,166,6,1 32 3 2 37 16 46 21 8 40 24 20 30 44 45 26 7 41 22 17,1 32 3 2 37 16,1
logistic-l2-0.01,validation,2026,167,19,6 1 32 16 21 46 37 8 20 40 3 2 24 30 26 41 7 45 44 22,6 1 32 16 21 46,1
logistic-l2-0.01,validation,2026,168,15,19 16 32 6 1 3 46 37 8 21 2 7 40 39 31 41 20 45 30 25,19 16 32 6 1 3,1
logistic-l2-0.01,validation,2026,169,24,15 1 32 37 19 6 3 8 46 16 21 2 40 33 41 31 48 24 45 30,15 1 32 37 19 6,1
logistic-l2-0.01,validation,2026,170,3,24 32 37 1 46 6 19 8 3 15 21 2 16 17 31 40 20 44 30 25,24 32 37 1 46 6,1
logistic-l2-0.01,validation,2026,171,28,3 1 32 24 46 6 8 37 19 16 15 20 21 31 17 26 30 48 40 45,3 1 32 24 46 6,1
logistic-l2-0.01,validation,2026,172,44,28 3 1 24 46 19 32 37 16 6 15 40 21 31 26 20 30 17 45 33,28 3 1 24 46 19,1
logistic-l2-0.01,validation,2026,173,26,44 3 28 24 1 37 19 46 16 6 15 40 26 21 33 20 32 7 31 30,44 3 28 24 1 37,1
logistic-l2-0.01,validation,2026,174,41,26 3 44 24 19 1 28 6 40 16 46 15 41 7 21 20 31 33 37 30,26 3 44 24 19 1,1
logistic-l2-0.01,validation,2026,175,26,41 3 26 28 44 24 46 1 19 6 40 15 8 16 7 20 37 30 17 33,41 3 26 28 44 24,0
logistic-l2-0.01,validation,2026,176,10,26 28 41 3 1 46 44 19 24 40 6 7 30 16 20 15 8 11 17 37,26 28 41 3 1 46,1
logistic-l2-0.01,validation,2026,177,14,10 26 28 1 41 3 46 44 24 40 15 30 19 16 31 8 7 20 4 6,10 26 28 1 41 3,1
logistic-l2-0.01,validation,2026,178,18,1 26 28 44 3 41 46 24 40 14 10 15 19 16 7 8 21 20 30 2,1 26 28 44 3 41,1
logistic-l2-0.01,validation,2026,179,15,26 44 1 28 46 3 41 40 18 24 16 7 10 31 8 30 17 19 20 11,26 44 1 28 46 3,1
logistic-l2-0.01,validation,2026,180,21,26 15 1 3 41 44 40 28 46 10 11 16 31 6 7 8 37 24 30 19,26 15 1 3 41 44,1
logistic-l2-0.01,validation,2026,181,19,21 26 1 41 15 40 28 44 46 10 37 30 16 19 7 3 8 24 6 31,21 26 1 41 15 40,1
logistic-l2-0.01,validation,2026,182,41,19 26 1 40 46 15 21 41 44 16 6 10 3 7 28 24 8 37 30 11,19 26 1 40 46 15,1
logistic-l2-0.01,validation,2026,183,24,41 26 1 40 46 19 15 21 24 28 8 7 10 37 30 16 6 3 31 11,41 26 1 40 46 19,1
logistic-l2-0.01,validation,2026,184,1,24 41 46 26 19 40 1 15 21 37 16 8 10 7 3 28 30 31 6 11,24 41 46 26 19 40,1
logistic-l2-0.01,validation,2026,185,36,1 24 26 19 41 40 15 46 21 8 37 10 11 7 30 44 28 16 6 3,1 24 26 19 41 40,1
logistic-l2-0.01,validation,2026,186,23,1 24 36 19 41 15 40 46 21 26 8 30 7 10 28 37 16 11 3 6,1 24 36 19 41 15,1
logistic-l2-0.01,validation,2026,187,1,1 23 24 19 41 15 40 21 46 8 30 26 7 36 28 6 44 16 37 39,1 23 24 19 41 15,0
logistic-l2-0.01,validation,2026,188,16,1 24 19 41 40 15 23 21 46 8 30 7 28 36 26 44 6 16 39 37,1 24 19 41 40 15,1
logistic-l2-0.01,validation,2026,189,15,1 16 24 19 15 40 41 46 23 21 30 8 7 36 28 26 44 6 39 37,1 16 24 19 15 40,0
logistic-l2-0.01,validation,2026,190,16,1 15 16 24 19 40 41 30 46 23 8 7 21 26 36 44 6 28 39 11,1 15 16 24 19 40,0
logistic-l2-0.01,validation,2026,191,29,16 1 19 15 24 40 46 30 41 23 7 44 8 37 38 6 28 26 11 39,16 1 19 15 24 40,1
logistic-l2-0.01,validation,2026,192,25,1 29 15 16 40 24 41 30 7 23 46 19 6 44 8 28 11 38 31 2,1 29 15 16 40 24,1
logistic-l2-0.01,validation,2026,193,9,1 15 25 16 24 40 29 19 23 30 46 44 7 6 28 39 11 31 41 8,1 15 25 16 24 40,1
logistic-l2-0.01,validation,2026,194,26,1 9 15 16 23 46 40 30 19 24 29 44 28 37 6 25 7 31 3 39,1 9 15 16 23 46,1
logistic-l2-0.01,validation,2026,195,25,26 1 15 16 9 23 24 40 30 19 44 29 46 25 37 11 6 28 7 45,26 1 15 16 9 23,1
logistic-l2-0.01,validation,2026,196,39,25 1 15 16 30 26 9 24 40 44 19 23 29 37 46 6 45 7 28 31,25 1 15 16 30 26,1
logistic-l2-0.01,validation,2026,197,8,39 1 16 15 30 26 25 9 40 29 44 19 46 24 6 7 31 45 11 23,39 1 16 15 30 26,1
logistic-l2-0.01,validation,2026,198,7,8 16 1 15 39 25 26 9 30 24 19 29 46 6 37 22 45 31 44 38,8 16 1 15 39 25,1
logistic-l2-0.01,validation,2026,199,36,7 1 15 8 30 19 39 9 25 26 16 29 46 37 44 38 24 6 22 23,7 1 15 8 30 19,1
logistic-l2-0.01,validation,2026,200,39,36 1 19 7 39 30 9 25 16 26 8 29 15 24 46 37 45 38 6 44,36 1 19 7 39 30,0
logistic-l2-0.01,validation,2026,201,32,39 1 19 30 7 9 25 8 26 37 29 15 36 45 24 46 38 44 16 23,39 1 19 30 7 9,1
logistic-l2-0.01,validation,2026,202,40,39 1 30 19 26 7 9 32 37 15 45 8 36 24 16 25 29 44 23 46,39 1 30 19 26 7,1
logistic-l2-0.01,validation,2026,203,25,40 1 39 19 30 26 9 7 37 24 36 8 16 29 15 45 25 46 44 38,40 1 39 19 30 26,1
logistic-l2-0.01,validation,2026,204,5,25 1 30 19 39 26 7 45 29 15 24 8 36 9 40 16 46 38 37 23,25 1 30 19 39 26,1
logistic-l2-0.01,validation,2026,205,3,5 30 1 25 19 39 45 37 29 15 24 36 9 16 40 8 44 22 46 23,5 30 1 25 19 39,1
logistic-l2-0.01,validation,2026,206,47,1 3 19 25 5 45 9 15 37 30 39 24 46 23 36 16 40 26 29 8,1 3 19 25 5 45,1
logistic-l2-0.01,evaluation,2026,207,31,19 1 25 24 30 39 45 5 47 37 46 23 15 26 16 7 41 29 8 44,19 1 25 24 30 39,1
logistic-l2-0.01,evaluation,2026,208,19,31 19 1 30 25 24 39 37 45 15 46 3 7 16 5 29 41 36 9 40,31 19 1 30 25 24,0
logistic-l2-0.01,evaluation,2026,209,8,19 1 24 30 39 25 37 45 31 3 16 9 15 5 41 29 36 26 46 40,19 1 24 30 39 25,1
logistic-l2-0.01,evaluation,2026,210,49,19 8 1 30 37 45 24 25 3 39 40 15 29 9 31 23 41 5 46 16,19 8 1 30 37 45,1
logistic-l2-0.01,evaluation,2026,211,1,19 49 1 25 24 8 45 5 3 30 29 46 23 9 37 39 31 41 40 16,19 49 1 25 24 8,0
logistic-l2-0.01,evaluation,2026,212,6,1 19 25 45 5 24 49 40 3 46 37 31 30 9 23 8 29 39 44 41,1 19 25 45 5 24,1
logistic-l2-0.01,evaluation,2026,213,35,19 1 25 6 37 5 45 46 3 49 24 31 30 8 38 40 23 29 39 44,19 1 25 6 37 5,1
logistic-l2-0.01,evaluation,2026,214,4,19 35 1 37 45 25 5 31 8 3 24 49 30 46 39 44 38 40 6 29,19 35 1 37 45 25,1
logistic-l2-0.01,evaluation,2026,215,14,19 1 4 37 45 35 8 39 3 49 25 31 46 12 5 40 38 24 26 44,19 1 4 37 45 35,1
logistic-l2-0.01,evaluation,2026,216,37,19 1 14 37 39 45 31 8 38 46 49 40 25 5 12 35 24 4 30 26,19 1 14 37 39 45,0
logistic-l2-0.01,evaluation,2026,217,26,37 19 1 31 49 39 8 25 40 35 45 14 46 4 24 30 12 26 38 6,37 19 1 31 49 39,1
logistic-l2-0.01,evaluation,2026,218,17,26 37 19 1 49 40 39 8 45 35 25 14 4 46 30 24 44 5 6 38,26 37 19 1 49 40,1
logistic-l2-0.01,evaluation,2026,219,43,37 17 26 19 1 40 39 35 49 45 25 8 30 4 44 24 6 14 7 3,37 17 26 19 1 40,1
logistic-l2-0.01,evaluation,2026,220,48,37 26 43 19 1 17 39 40 49 35 25 44 45 14 4 30 24 6 7 3,37 26 43 19 1 17,1
logistic-l2-0.01,evaluation,2026,221,1,48 37 26 1 19 17 40 39 43 35 44 25 45 30 15 7 24 31 3 5,48 37 26 1 19 17,0
logistic-l2-0.01,evaluation,2026,222,26,1 37 26 17 48 19 40 39 35 25 43 30 45 44 15 7 31 3 5 4,1 37 26 17 48 19,0
logistic-l2-0.01,evaluation,2026,223,23,26 37 1 19 17 48 39 40 35 43 44 12 25 30 38 7 31 15 5 4,26 37 1 19 17 48,1
logistic-l2-0.01,evaluation,2026,224,9,23 26 37 1 19 48 17 39 40 38 12 43 15 5 44 30 7 31 4 9,23 26 37 1 19 48,1
logistic-l2-0.01,evaluation,2026,225,1,9 26 37 1 23 19 48 17 40 39 43 38 12 31 44 7 5 25 30 14,9 26 37 1 23 19,0
logistic-l2-0.01,evaluation,2026,226,17,1 37 26 19 9 48 23 17 40 38 43 12 39 44 30 5 7 31 15 3,1 37 26 19 9 48,1
logistic-l2-0.01,evaluation,2026,227,16,17 1 26 19 48 9 37 38 23 40 12 44 43 39 30 7 31 5 11 25,17 1 26 19 48 9,1
logistic-l2-0.01,evaluation,2026,228,23,1 16 17 26 38 23 12 37 9 19 7 48 40 43 31 39 44 11 29 30,1 16 17 26 38 23,0
logistic-l2-0.01,evaluation,2026,229,38,23 1 17 38 26 19 9 37 12 40 43 39 44 29 11 7 16 48 31 30,23 1 17 38 26 19,0
logistic-l2-0.01,evaluation,2026,230,16,38 1 23 26 9 17 37 19 40 39 12 48 31 44 16 30 7 29 43 5,38 1 23 26 9 17,1
logistic-l2-0.01,evaluation,2026,231,20,38 16 1 23 12 37 17 19 9 40 39 26 31 7 44 30 11 25 13 15,38 16 1 23 12 37,1
logistic-l2-0.01,evaluation,2026,232,42,38 1 20 23 26 16 37 12 17 9 40 19 7 44 30 31 39 11 48 15,38 1 20 23 26 16,1
logistic-l2-0.01,evaluation,2026,233,7,38 1 23 42 16 26 37 12 9 19 7 39 11 40 44 17 31 8 13 30,38 1 23 42 16 26,1
logistic-l2-0.01,evaluation,2026,234,39,7 38 1 23 16 9 26 17 19 37 42 39 12 40 44 29 11 30 8 48,7 38 1 23 16 9,1
logistic-l2-0.01,evaluation,2026,235,32,39 38 1 23 16 7 42 26 19 40 9 8 17 12 29 44 31 48 43 13,39 38 1 23 16 7,1
logistic-l2-0.01,evaluation,2026,236,11,38 32 39 7 1 23 19 16 42 40 29 17 37 8 26 9 31 13 12 48,38 32 39 7 1 23,1
logistic-l2-0.01,evaluation,2026,237,12,38 11 1 39 23 7 16 19 32 26 29 8 42 40 37 31 43 44 48 13,38 11 1 39 23 7,1
logistic-l2-0.01,evaluation,2026,238,17,12 38 1 7 39 23 11 16 19 32 26 29 42 8 17 37 43 31 48 27,12 38 1 7 39 23,1
logistic-l2-0.01,evaluation,2026,239,5,38 17 1 39 12 11 7 16 19 32 29 8 26 42 23 31 43 37 18 27,38 17 1 39 12 11,1
logistic-l2-0.01,evaluation,2026,240,27,38 5 1 11 7 12 39 16 17 19 29 23 32 26 42 8 31 37 13 15,38 5 1 11 7 12,1
logistic-l2-0.01,evaluation,2026,241,49,27 38 1 7 11 12 39 17 5 19 23 32 26 16 29 8 42 31 43 13,27 38 1 7 11 12,1
logistic-l2-0.01,evaluation,2026,242,9,49 38 1 11 7 27 39 17 12 23 26 19 5 16 32 29 8 31 42 13,49 38 1 11 7 27,1
logistic-l2-0.01,evaluation,2026,243,21,9 38 11 7 1 27 17 12 39 49 29 23 26 5 19 16 8 32 4 31,9 38 11 7 1 27,1
logistic-l2-0.01,evaluation,2026,244,46,38 21 11 1 27 17 49 39 7 9 29 23 5 12 26 19 16 8 4 18,38 21 11 1 27 17,1
logistic-l2-0.01,evaluation,2026,245,18,46 38 11 1 17 49 7 27 21 5 23 19 9 12 26 39 16 29 8 32,46 38 11 1 17 49,1
logistic-l2-0.01,evaluation,2026,246,30,18 17 46 11 1 27 49 21 7 9 38 26 12 39 5 16 19 23 29 8,18 17 46 11 1 27,1
logistic-l2-0.01,evaluation,2026,247,40,30 17 18 46 9 26 27 7 21 38 49 1 23 12 39 11 16 5 29 8,30 17 18 46 9 26,1
logistic-l2-0.01,evaluation,2026,248,20,40 17 18 46 27 9 21 1 38 49 26 7 30 23 16 39 5 11 8 19,40 17 18 46 27 9,1
logistic-l2-0.01,evaluation,2026,249,23,20 18 9 21 17 46 7 1 38 40 27 26 49 30 23 16 5 11 29 19,20 18 9 21 17 46,1
logistic-l2-0.01,evaluation,2026,250,14,23 18 17 9 21 46 7 1 38 49 40 27 26 20 30 16 39 11 19 14,23 18 17 9 21 46,1
logistic-l2-0.01,evaluation,2026,251,30,14 23 18 21 1 46 7 9 26 17 40 49 20 30 38 16 11 19 39 8,14 23 18 21 1 46,1
logistic-l2-0.01,evaluation,2026,252,22,30 23 14 21 26 17 7 18 1 9 46 40 38 20 16 49 29 19 39 27,30 23 14 21 26 17,1
logistic-l2-0.01,evaluation,2026,253,16,23 22 30 21 14 7 17 1 26 46 18 40 16 20 38 29 39 19 9 49,23 22 30 21 14 7,1
logistic-l2-0.01,evaluation,2026,254,2,16 23 30 17 46 14 7 26 22 18 40 1 21 20 9 38 29 19 39 11,16 23 30 17 46 14,1
logistic-l2-0.01,evaluation,2026,255,44,23 2 17 16 14 30 7 26 40 22 46 1 9 21 20 38 18 29 39 19,23 2 17 16 14 30,1
logistic-l2-0.01,evaluation,2026,256,1,44 23 17 16 14 30 26 2 40 22 7 46 9 20 1 21 29 38 39 11,44 23 17 16 14 30,1
logistic-l2-0.01,evaluation,2026,257,7,1 23 14 16 17 22 30 44 26 2 20 46 40 7 9 21 29 38 39 19,1 23 14 16 17 22,1
logistic-l2-0.01,evaluation,2026,258,46,7 1 23 14 17 16 22 30 44 26 2 20 9 21 46 29 38 19 39 49,7 1 23 14 17 16,1
logistic-l2-0.01,evaluation,2026,259,22,46 7 14 1 16 17 22 30 44 26 23 2 9 39 20 49 29 38 42 11,46 7 14 1 16 17,1
logistic-l2-0.01,evaluation,2026,260,20,22 46 14 1 7 17 26 16 44 2 23 9 30 21 39 20 29 42 27 40,22 46 14 1 7 17,1
logistic-l2-0.01,evaluation,2026,261,24,20 22 46 7 1 17 14 16 9 23 30 26 39 2 44 21 29 19 37 27,20 22 46 7 1 17,1
logistic-l2-0.01,evaluation,2026,262,30,24 22 7 1 17 46 20 26 9 44 14 16 23 2 39 21 19 30 37 49,24 22 7 1 17 46,1
logistic-l2-0.01,evaluation,2026,263,9,30 1 46 22 24 17 7 26 20 44 9 14 16 23 2 39 21 6 19 41,30 1 46 22 24 17,1
logistic-l2-0.01,evaluation,2026,264,21,9 22 1 46 30 7 17 26 20 14 24 44 23 21 39 6 19 35 16 2,9 22 1 46 30 7,1
logistic-l2-0.01,evaluation,2026,265,49,21 9 22 1 46 7 30 44 26 17 20 24 14 23 35 39 16 6 19 27,21 9 22 1 46 7,1
logistic-l2-0.01,evaluation,2026,266,8,49 9 22 21 1 7 24 46 30 20 14 17 26 6 39 16 23 35 19 47,49 9 22 21 1 7,1
logistic-l2-0.1,validation,2026,147,13,16 5 42 49 44 23 30 33 24 43 37 26 11 48 29 39 1 7 6 31,16 5 42 49 44 23,1
logistic-l2-0.1,validation,2026,148,48,44 49 24 5 23 13 16 42 33 7 29 30 37 43 6 48 1 46 40 31,44 49 24 5 23 13,1
logistic-l2-0.1,validation,2026,149,27,24 48 23 44 5 42 33 16 13 43 49 7 28 46 30 37 31 1 4 27,24 48 23 44 5 42,1
logistic-l2-0.1,validation,2026,150,9,48 44 5 42 27 7 33 23 24 46 30 1 16 49 43 13 26 20 17 41,48 44 5 42 27 7,1
logistic-l2-0.1,validation,2026,151,31,44 48 5 9 42 24 46 7 33 23 30 26 1 25 20 49 43 17 27 13,44 48 5 9 42 24,1
logistic-l2-0.1,validation,2026,152,45,48 44 46 24 42 5 7 31 1 17 23 20 9 8 26 25 30 49 41 43,48 44 46 24 42 5,1
logistic-l2-0.1,validation,2026,153,41,45 48 44 5 46 24 7 42 17 9 1 8 26 49 43 21 30 25 31 20,45 48 44 5 46 24,1
logistic-l2-0.1,validation,2026,154,41,41 48 45 5 24 7 46 42 26 9 1 17 8 43 49 2 30 25 31 13,41 48 45 5 24 7,0
logistic-l2-0.1,validation,2026,155,7,46 48 26 24 41 45 17 5 7 8 42 1 25 20 2 21 34 32 9 22,46 48 26 24 41 45,1
logistic-l2-0.1,validation,2026,156,1,46 48 7 41 24 45 17 21 25 26 8 1 40 20 42 2 32 13 22 10,46 48 7 41 24 45,1
logistic-l2-0.1,validation,2026,157,40,41 48 7 1 45 17 8 9 3 31 24 26 2 12 25 32 46 13 5 49,41 48 7 1 45 17,1
logistic-l2-0.1,validation,2026,158,16,7 48 41 9 45 1 17 8 49 10 5 2 40 39 26 27 43 24 30 32,7 48 41 9 45 1,1
logistic-l2-0.1,validation,2026,159,39,7 41 45 1 8 9 24 2 48 32 26 40 27 49 39 5 18 14 17 3,7 41 45 1 8 9,1
logistic-l2-0.1,validation,2026,160,2,7 41 45 39 1 17 40 20 46 24 8 26 9 32 2 16 25 18 5 30,7 41 45 39 1 17,1
logistic-l2-0.1,validation,2026,161,8,1 41 7 2 16 45 26 8 40 39 30 31 24 25 29 44 32 20 48 46,1 41 7 2 16 45,1
logistic-l2-0.1,validation,2026,162,32,41 7 2 8 45 39 40 1 16 24 44 48 26 30 5 20 42 49 22 32,41 7 2 8 45 39,1
logistic-l2-0.1,validation,2026,163,37,41 7 16 1 2 8 32 39 40 24 48 26 33 23 45 5 30 44 49 37,41 7 16 1 2 8,1
logistic-l2-0.1,validation,2026,164,21,8 41 32 7 1 39 2 37 16 40 24 33 48 44 45 26 20 10 30 5,8 41 32 7 1 39,1
logistic-l2-0.1,validation,2026,165,3,2 1 16 32 8 37 21 7 40 39 46 41 48 24 45 30 26 33 44 5,2 1 16 32 8 37,1
logistic-l2-0.1,validation,2026,166,6,32 16 37 21 1 40 8 3 2 39 48 41 45 44 24 5 7 26 27 33,32 16 37 21 1 40,1
logistic-l2-0.1,validation,2026,167,19,16 6 32 3 8 21 37 40 2 39 1 41 7 24 26 45 44 46 31 48,16 6 32 3 8 21,1
logistic-l2-0.1,validation,2026,168,15,16 19 6 32 3 8 37 21 2 39 1 41 7 40 45 31 24 48 44 46,16 19 6 32 3 8,1
logistic-l2-0.1,validation,2026,169,24,6 15 19 37 3 8 32 2 21 39 16 1 41 40 7 33 45 48 31 24,6 15 19 37 3 8,1
logistic-l2-0.1,validation,2026,170,3,6 24 19 15 32 3 2 21 37 16 8 41 1 31 45 43 48 33 7 39,6 24 19 15 32 3,0
logistic-l2-0.1,validation,2026,171,28,3 37 19 32 24 15 6 21 16 8 1 31 41 45 43 2 48 33 39 13,3 37 19 32 24 15,1
logistic-l2-0.1,validation,2026,172,44,3 28 6 37 19 32 15 21 16 24 1 41 45 2 48 43 39 7 8 44,3 28 6 37 19 32,1
logistic-l2-0.1,validation,2026,173,26,3 44 6 19 24 37 15 28 21 16 41 1 32 2 7 48 39 43 31 27,3 44 6 19 24 37,1
logistic-l2-0.1,validation,2026,174,41,3 26 44 28 6 24 15 19 21 41 1 37 16 2 7 27 45 43 31 9,3 26 44 28 6 24,1
logistic-l2-0.1,validation,2026,175,26,41 3 44 28 26 6 24 19 15 37 1 16 40 27 2 39 7 8 31 45,41 3 44 28 26 6,0
logistic-l2-0.1,validation,2026,176,10,28 26 41 6 3 44 19 24 40 15 37 16 27 1 8 39 31 30 7 11,28 26 41 6 3 44,1
logistic-l2-0.1,validation,2026,177,14,28 26 41 3 44 40 19 24 15 6 37 10 27 16 30 31 8 39 7 13,28 26 41 3 44 40,1
logistic-l2-0.1,validation,2026,178,18,28 44 41 26 40 24 19 3 1 15 37 30 6 16 8 31 27 2 21 10,28 44 41 26 40 24,1
logistic-l2-0.1,validation,2026,179,15,44 28 26 41 31 40 1 30 19 37 3 16 6 8 46 24 2 7 15 39,44 28 26 41 31 40,1
logistic-l2-0.1,validation,2026,180,21,26 28 15 31 6 44 41 3 1 16 19 40 10 37 30 11 2 8 46 39,26 28 15 31 6 44,1
logistic-l2-0.1,validation,2026,181,19,26 28 21 41 37 15 44 30 31 19 10 6 16 1 40 14 49 2 39 8,26 28 21 41 37 15,1
logistic-l2-0.1,validation,2026,182,41,26 19 41 21 44 16 15 37 6 1 28 10 30 14 31 49 39 40 2 7,26 19 41 21 44 16,0
logistic-l2-0.1,validation,2026,183,24,41 19 26 6 15 30 31 37 21 28 16 1 40 10 39 49 11 44 2 9,41 19 26 6 15 30,1
logistic-l2-0.1,validation,2026,184,1,41 19 26 15 30 31 6 24 21 37 16 28 49 10 1 11 39 2 9 44,41 19 26 15 30 31,1
logistic-l2-0.1,validation,2026,185,36,1 41 19 37 9 26 31 30 15 6 10 21 14 49 2 24 39 23 16 27,1 41 19 37 9 26,1
logistic-l2-0.1,validation,2026,186,23,1 36 24 15 19 37 6 31 21 10 14 41 49 26 11 2 16 44 39 27,1 36 24 15 19 37,1
logistic-l2-0.1,validation,2026,187,1,41 23 24 36 19 15 21 1 6 14 37 26 9 30 49 16 39 31 44 18,41 23 24 36 19 15,1
logistic-l2-0.1,validation,2026,188,16,1 41 49 6 9 37 21 24 16 13 15 19 43 14 33 2 39 31 30 28,1 41 49 6 9 37,1
logistic-l2-0.1,validation,2026,189,15,16 36 23 41 9 15 24 6 21 37 49 27 30 13 31 2 33 39 11 12,16 36 23 41 9 15,0
logistic-l2-0.1,validation,2026,190,16,9 16 27 13 36 49 41 33 23 39 6 35 30 14 2 31 1 47 29 11,9 16 27 13 36 49,0
logistic-l2-0.1,validation,2026,191,29,9 12 27 38 13 5 35 47 34 2 39 33 11 42 36 23 49 31 22 17,9 12 27 38 13 5,1
logistic-l2-0.1,validation,2026,192,25,9 13 27 2 33 49 31 35 11 12 5 47 8 37 30 6 42 4 7 29,9 13 27 2 33 49,1
logistic-l2-0.1,validation,2026,193,9,9 2 13 49 16 6 39 31 41 33 11 12 29 36 5 14 42 23 35 28,9 2 13 49 16 6,0
logistic-l2-0.1,validation,2026,194,26,9 16 1 37 6 15 13 31 23 41 30 28 36 27 39 21 44 33 42 4,9 16 1 37 6 15,1
logistic-l2-0.1,validation,2026,195,25,9 37 13 27 16 31 36 23 29 6 47 42 5 2 39 49 11 28 33 35,9 37 13 27 16 31,1
logistic-l2-0.1,validation,2026,196,39,37 13 27 30 31 6 5 33 49 42 38 43 28 2 11 12 45 47 35 7,37 13 27 30 31 6,1
logistic-l2-0.1,validation,2026,197,8,13 6 31 33 27 35 42 47 5 28 7 49 30 40 32 2 17 39 12 9,13 6 31 33 27 35,1
logistic-l2-0.1,validation,2026,198,7,13 6 27 31 33 35 47 16 9 42 5 37 8 49 14 2 12 43 36 29,13 6 27 31 33 35,1
logistic-l2-0.1,validation,2026,199,36,37 9 13 29 27 14 6 16 39 8 31 30 43 49 26 47 38 19 42 15,37 9 13 29 27 14,1
logistic-l2-0.1,validation,2026,200,39,37 9 19 29 30 39 27 16 13 36 14 6 24 26 31 2 48 8 28 21,37 9 19 29 30 39,0
logistic-l2-0.1,validation,2026,201,32,37 13 45 30 19 27 49 31 47 38 4 12 14 2 9 42 34 6 28 17,37 13 45 30 19 27,1
logistic-l2-0.1,validation,2026,202,40,37 30 45 9 5 29 13 49 2 12 34 35 6 22 15 21 14 24 27 4,37 30 45 9 5 29,1
logistic-l2-0.1,validation,2026,203,25,9 19 37 30 29 49 39 5 14 35 2 28 6 16 36 26 12 24 38 41,9 19 37 30 29 49,1
logistic-l2-0.1,validation,2026,204,5,9 30 14 2 49 27 35 5 6 13 4 28 29 22 43 47 16 48 33 41,9 30 14 2 49 27,1
logistic-l2-0.1,validation,2026,205,3,9 49 30 16 14 2 27 41 37 6 29 4 22 35 1 33 48 13 43 18,9 49 30 16 14 2,1
logistic-l2-0.1,validation,2026,206,47,9 16 14 2 1 49 36 41 37 27 6 22 4 23 29 18 33 15 26 45,9 16 14 2 1 49,1
logistic-l2-0.1,evaluation,2026,207,31,1 16 19 41 24 45 26 23 30 29 39 15 14 36 6 44 22 5 25 2,1 16 19 41 24 45,1
logistic-l2-0.1,evaluation,2026,208,19,16 1 41 19 39 24 36 30 37 15 31 29 25 45 8 6 14 22 5 18,16 1 41 19 39 24,0
logistic-l2-0.1,evaluation,2026,209,8,16 41 36 39 1 14 6 8 27 19 32 2 47 33 9 24 18 4 5 25,16 41 36 39 1 14,1
logistic-l2-0.1,evaluation,2026,210,49,8 41 16 37 36 9 19 3 47 27 1 6 25 24 32 49 30 29 43 45,8 41 16 37 36 9,1
logistic-l2-0.1,evaluation,2026,211,1,49 19 8 25 16 41 3 36 1 39 9 29 47 24 32 5 31 45 43 26,49 19 8 25 16 41,1
logistic-l2-0.1,evaluation,2026,212,6,3 47 35 49 5 9 43 27 14 19 48 31 1 45 11 36 25 4 40 41,3 47 35 49 5 9,1
logistic-l2-0.1,evaluation,2026,213,35,37 12 3 5 35 49 9 11 48 17 44 40 38 25 23 6 31 13 28 47,37 12 3 5 35 49,0
logistic-l2-0.1,evaluation,2026,214,4,35 19 39 37 49 3 8 40 31 25 6 48 44 47 45 26 38 30 23 11,35 19 39 37 49 3,1
logistic-l2-0.1,evaluation,2026,215,14,19 39 1 35 37 12 40 4 49 8 5 3 9 15 25 23 48 16 44 26,19 39 1 35 37 12,1
logistic-l2-0.1,evaluation,2026,216,37,19 39 1 37 40 14 35 8 5 31 49 12 25 15 9 38 23 29 44 45,19 39 1 37 40 14,0
logistic-l2-0.1,evaluation,2026,217,26,37 19 1 8 14 35 39 49 31 25 4 6 40 16 5 15 26 3 9 7,37 19 1 8 14 35,1
logistic-l2-0.1,evaluation,2026,218,17,37 19 26 1 35 8 14 4 49 39 6 25 40 5 38 45 15 9 29 31,37 19 26 1 35 8,1
logistic-l2-0.1,evaluation,2026,219,43,37 17 26 1 8 35 49 14 39 4 19 6 25 40 5 15 31 7 9 32,37 17 26 1 8 35,1
logistic-l2-0.1,evaluation,2026,220,48,26 37 43 1 17 49 35 25 14 39 4 6 19 40 8 5 3 9 7 31,26 37 43 1 17 49,1
logistic-l2-0.1,evaluation,2026,221,1,26 48 37 1 17 43 35 25 14 6 4 39 19 8 40 31 7 5 3 29,26 48 37 1 17 43,0
logistic-l2-0.1,evaluation,2026,222,26,1 26 37 17 48 43 35 25 4 14 6 39 8 19 40 5 31 49 3 9,1 26 37 17 48 43,0
logistic-l2-0.1,evaluation,2026,223,23,26 48 17 38 4 35 14 12 43 1 37 39 11 19 47 25 40 5 31 46,26 48 17 38 4 35,1
logistic-l2-0.1,evaluation,2026,224,9,23 43 26 48 1 14 4 17 38 37 39 47 12 35 25 8 19 31 44 32,23 43 26 48 1 14,1
logistic-l2-0.1,evaluation,2026,225,1,9 14 43 1 48 23 38 25 8 17 18 26 19 49 39 47 36 37 12 4,9 14 43 1 48 23,0
logistic-l2-0.1,evaluation,2026,226,17,38 27 18 47 12 43 34 17 35 48 14 10 13 49 36 32 22 4 7 19,38 27 18 47 12 43,1
logistic-l2-0.1,evaluation,2026,227,16,38 4 18 27 29 11 49 47 33 12 14 7 34 13 8 35 22 36 10 25,38 4 18 27 29 11,1
logistic-l2-0.1,evaluation,2026,228,23,38 29 13 31 7 27 18 12 11 23 47 49 46 4 14 24 19 22 25 43,38 29 13 31 7 27,1
logistic-l2-0.1,evaluation,2026,229,38,38 18 27 29 12 11 13 49 31 22 4 46 47 14 34 7 28 8 35 10,38 18 27 29 12 11,0
logistic-l2-0.1,evaluation,2026,230,16,35 47 14 32 49 6 2 3 4 43 42 20 10 5 22 34 36 27 18 17,35 47 14 32 49 6,1
logistic-l2-0.1,evaluation,2026,231,20,35 22 20 34 2 12 42 27 33 32 4 13 18 45 5 11 46 43 6 3,35 22 20 34 2 12,0
logistic-l2-0.1,evaluation,2026,232,42,47 49 18 14 27 29 7 12 35 33 43 10 4 22 34 6 38 25 5 31,47 49 18 14 27 29,1
logistic-l2-0.1,evaluation,2026,233,7,11 13 38 7 8 49 18 14 47 27 12 26 43 39 33 35 31 6 48 19,11 13 38 7 8 49,0
logistic-l2-0.1,evaluation,2026,234,39,7 35 47 14 13 11 17 43 29 8 6 12 38 27 48 10 22 31 33 26,7 35 47 14 13 11,1
logistic-l2-0.1,evaluation,2026,235,32,35 4 47 49 14 6 43 22 20 34 33 48 31 11 13 3 38 9 10 18,35 4 47 49 14 6,1
logistic-l2-0.1,evaluation,2026,236,11,38 4 29 11 49 7 47 1 23 13 46 37 14 8 31 20 18 30 19 17,38 4 29 11 49 7,0
logistic-l2-0.1,evaluation,2026,237,12,1 11 23 48 49 4 20 6 43 16 32 7 17 8 37 31 38 39 47 19,1 11 23 48 49 4,1
logistic-l2-0.1,evaluation,2026,238,17,17 26 1 16 35 23 12 49 32 7 9 42 20 48 4 8 39 14 43 11,17 26 1 16 35 23,0
logistic-l2-0.1,evaluation,2026,239,5,17 16 1 32 48 20 6 43 42 9 12 49 39 26 14 8 3 2 37 33,17 16 1 32 48 20,1
logistic-l2-0.1,evaluation,2026,240,27,5 1 16 32 17 20 48 23 12 42 6 39 26 9 11 49 35 14 37 38,5 1 16 32 17 20,1
logistic-l2-0.1,evaluation,2026,241,49,1 17 16 27 32 5 20 42 23 48 39 12 6 9 43 11 26 35 14 3,1 17 16 27 32 5,1
logistic-l2-0.1,evaluation,2026,242,9,17 16 49 1 23 5 32 39 26 12 48 11 20 9 42 6 27 43 37 7,17 16 49 1 23 5,1
logistic-l2-0.1,evaluation,2026,243,21,9 17 16 1 23 49 12 5 11 39 27 26 32 7 20 48 42 38 43 37,9 17 16 1 23 49,1
logistic-l2-0.1,evaluation,2026,244,46,9 17 1 5 16 11 49 39 21 23 12 32 27 20 38 48 26 43 4 37,9 17 1 5 16 11,1
logistic-l2-0.1,evaluation,2026,245,18,16 5 1 49 32 39 48 23 20 46 11 9 21 12 27 26 43 17 37 15,16 5 1 49 32 39,1
logistic-l2-0.1,evaluation,2026,246,30,16 1 9 18 5 17 49 21 39 26 32 48 11 12 27 20 46 37 43 23,16 1 9 18 5 17,1
logistic-l2-0.1,evaluation,2026,247,40,9 16 17 30 26 18 5 1 21 32 49 39 23 27 48 12 46 43 42 7,9 16 17 30 26 18,1
logistic-l2-0.1,evaluation,2026,248,20,17 16 40 9 18 1 21 5 49 32 30 27 23 39 26 48 20 7 42 46,17 16 40 9 18 1,1
logistic-l2-0.1,evaluation,2026,249,23,20 9 16 1 18 40 21 17 5 23 30 32 49 27 46 26 7 39 48 42,20 9 16 1 18 40,1
logistic-l2-0.1,evaluation,2026,250,14,23 20 9 16 18 40 21 49 1 32 30 27 17 5 46 39 26 48 7 42,23 20 9 16 18 40,1
logistic-l2-0.1,evaluation,2026,251,30,23 20 16 40 18 9 14 30 21 1 32 49 5 7 39 12 46 11 48 15,23 20 16 40 18 9,1
logistic-l2-0.1,evaluation,2026,252,22,30 23 16 20 9 32 18 14 40 21 1 5 26 39 17 49 7 42 41 27,30 23 16 20 9 32,1
logistic-l2-0.1,evaluation,2026,253,16,16 23 30 20 32 18 1 21 40 14 5 22 39 9 7 49 17 15 42 26,16 23 30 20 32 18,0
logistic-l2-0.1,evaluation,2026,254,2,16 30 23 20 14 40 18 22 1 9 17 32 46 21 5 49 39 7 27 42,16 30 23 20 14 40,1
logistic-l2-0.1,evaluation,2026,255,44,16 23 30 2 20 14 40 17 22 18 1 26 7 21 39 9 46 32 49 5,16 23 30 2 20 14,1
logistic-l2-0.1,evaluation,2026,256,1,16 23 30 44 14 20 2 17 40 22 21 9 1 26 7 18 32 46 49 39,16 23 30 44 14 20,1
logistic-l2-0.1,evaluation,2026,257,7,16 1 23 30 20 14 44 22 2 40 17 46 21 49 18 9 39 27 11 7,16 1 23 30 20 14,1
logistic-l2-0.1,evaluation,2026,258,46,7 16 20 23 30 1 2 44 14 22 18 21 32 17 49 9 5 40 42 12,7 16 20 23 30 1,1
logistic-l2-0.1,evaluation,2026,259,22,16 1 46 2 7 30 44 14 20 22 32 18 49 42 40 12 48 9 39 27,16 1 46 2 7 30,1
logistic-l2-0.1,evaluation,2026,260,20,16 22 1 2 20 32 7 18 44 14 46 42 40 23 12 48 21 5 25 31,16 22 1 2 20 32,0
logistic-l2-0.1,evaluation,2026,261,24,20 16 1 22 7 2 30 46 18 23 14 21 5 40 9 49 42 39 12 3,20 16 1 22 7 2,1
logistic-l2-0.1,evaluation,2026,262,30,20 24 22 16 1 7 44 2 32 30 23 5 49 18 21 14 39 40 46 9,20 24 22 16 1 7,1
logistic-l2-0.1,evaluation,2026,263,9,30 16 20 1 24 44 46 2 6 26 32 35 3 22 5 23 49 7 21 14,30 16 20 1 24 44,1
logistic-l2-0.1,evaluation,2026,264,21,9 20 1 30 7 22 16 46 32 6 36 18 47 24 44 33 2 48 23 26,9 20 1 30 7 22,1
logistic-l2-0.1,evaluation,2026,265,49,21 20 7 30 1 9 44 46 32 24 16 3 36 47 33 22 2 18 48 25,21 20 7 30 1 9,1
logistic-l2-0.1,evaluation,2026,266,8,49 20 24 21 7 1 9 22 30 3 32 33 47 46 2 16 36 6 48 43,49 20 24 21 7 1,1
knn-15,validation,2026,147,13,21 47 15 45 3 29 19 4 6 25 41 35 38 46 8 20 12 32 13 2,21 47 15 45 3 29,1
knn-15,validation,2026,148,48,21 47 15 45 3 29 19 4 6 25 41 35 38 46 8 20 12 32 2 10,21 47 15 45 3 29,1
knn-15,validation,2026,149,27,21 47 15 45 3 29 19 4 6 25 41 35 38 46 8 20 12 32 2 10,21 47 15 45 3 29,1
knn-15,validation,2026,150,9,21 47 15 45 3 29 19 4 6 25 41 35 38 46 8 20 12 32 2 10,21 47 15 45 3 29,1
knn-15,validation,2026,151,31,21 47 15 45 30 3 29 19 4 6 25 41 35 38 46 8 20 12 32 2,21 47 15 45 30 3,1
knn-15,validation,2026,152,45,21 47 15 45 30 3 29 19 4 6 25 41 35 38 46 8 20 12 32 2,21 47 15 45 30 3,0
knn-15,validation,2026,153,41,21 47 15 30 3 29 19 4 6 25 41 35 38 46 8 20 12 32 2 10,21 47 15 30 3 29,1
knn-15,validation,2026,154,41,49 21 47 15 30 3 29 19 4 6 25 35 38 46 8 20 12 32 2 10,49 21 47 15 30 3,1
knn-15,validation,2026,155,7,49 21 47 15 26 30 3 29 19 4 6 25 35 38 46 8 20 12 32 2,49 21 47 15 26 30,1
knn-15,validation,2026,156,1,49 21 47 15 26 30 3 29 19 4 6 25 35 38 46 8 20 12 32 2,49 21 47 15 26 30,1
knn-15,validation,2026,157,40,49 21 47 15 26 30 3 29 19 4 6 25 35 38 46 8 20 12 32 2,49 21 47 15 26 30,1
knn-15,validation,2026,158,16,49 21 47 15 26 30 3 29 19 4 6 25 35 38 46 8 20 12 32 2,49 21 47 15 26 30,1
knn-15,validation,2026,159,39,49 21 47 15 26 30 3 29 19 4 6 25 35 38 46 8 20 12 32 2,49 21 47 15 26 30,1
knn-15,validation,2026,160,2,49 21 47 15 26 30 3 29 19 4 6 25 35 38 46 8 20 12 32 2,49 21 47 15 26 30,1
knn-15,validation,2026,161,8,49 21 47 15 26 30 3 29 19 4 6 25 35 38 46 8 20 12 32 43,49 21 47 15 26 30,1
knn-15,validation,2026,162,32,49 21 47 42 15 26 30 3 29 19 4 6 25 35 38 46 20 12 32 43,49 21 47 42 15 26,1
knn-15,validation,2026,163,37,49 21 47 42 15 26 30 3 29 19 4 6 25 35 38 46 20 12 13 43,49 21 47 42 15 26,1
knn-15,validation,2026,164,21,49 21 47 42 15 26 30 3 29 19 4 6 25 35 38 46 20 12 13 43,49 21 47 42 15 26,0
knn-15,validation,2026,165,3,49 47 42 15 26 30 3 29 19 4 6 25 35 38 46 20 12 13 43 23,49 47 42 15 26 30,1
knn-15,validation,2026,166,6,49 47 42 15 26 30 29 19 4 6 25 35 38 46 20 12 13 43 23 10,49 47 42 15 26 30,1
knn-15,validation,2026,167,19,49 47 42 15 26 30 29 19 4 25 35 38 46 20 12 13 43 23 10 31,49 47 42 15 26 30,1
knn-15,validation,2026,168,15,49 47 42 15 26 30 29 4 25 35 38 46 20 12 13 43 23 10 31 44,49 47 42 15 26 30,0
knn-15,validation,2026,169,24,49 47 42 26 45 30 29 4 25 35 38 46 20 12 13 43 23 10 31 44,49 47 42 26 45 30,1
knn-15,validation,2026,170,3,49 47 42 26 45 30 29 4 25 41 35 38 46 20 12 13 43 23 10 31,49 47 42 26 45 30,1
knn-15,validation,2026,171,28,49 47 42 26 45 30 29 4 25 41 35 38 46 20 12 13 43 23 10 31,49 47 42 26 45 30,1
knn-15,validation,2026,172,44,49 47 42 26 45 30 29 4 25 41 35 38 46 20 12 13 43 23 10 31,49 47 42 26 45 30,1
knn-15,validation,2026,173,26,49 47 42 26 45 30 29 4 25 41 35 38 46 20 12 13 43 23 10 31,49 47 42 26 45 30,0
knn-15,validation,2026,174,41,49 47 42 45 30 29 4 25 41 35 38 46 20 12 13 43 23 10 31 16,49 47 42 45 30 29,1
knn-15,validation,2026,175,26,49 47 42 45 30 29 4 25 35 38 46 20 12 13 2 43 23 10 31 16,49 47 42 45 30 29,1
knn-15,validation,2026,176,10,49 47 42 45 30 29 4 25 35 38 46 20 12 13 2 43 23 10 31 16,49 47 42 45 30 29,1
knn-15,validation,2026,177,14,49 47 42 45 30 29 4 25 35 38 46 8 20 12 13 2 43 23 31 16,49 47 42 45 30 29,1
knn-15,validation,2026,178,18,49 47 42 45 30 29 4 25 35 38 46 8 20 12 32 13 2 43 23 31,49 47 42 45 30 29,1
knn-15,validation,2026,179,15,49 47 42 45 30 29 4 25 35 38 46 8 20 12 32 13 2 43 23 31,49 47 42 45 30 29,1
knn-15,validation,2026,180,21,49 21 47 42 45 30 29 4 25 35 38 46 8 20 12 32 13 2 43 23,49 21 47 42 45 30,0
knn-15,validation,2026,181,19,49 47 42 45 30 29 4 25 35 38 46 8 20 12 32 13 2 43 23 31,49 47 42 45 30 29,1
knn-15,validation,2026,182,41,49 47 42 45 30 29 4 6 25 35 38 46 8 20 12 32 13 2 43 23,49 47 42 45 30 29,1
knn-15,validation,2026,183,24,49 47 42 45 30 29 4 6 25 35 38 46 8 20 12 32 13 2 43 23,49 47 42 45 30 29,1
knn-15,validation,2026,184,1,49 47 42 45 30 29 4 6 25 35 38 46 8 20 12 32 13 2 43 23,49 47 42 45 30 29,1
knn-15,validation,2026,185,36,49 47 42 45 30 29 4 6 25 35 38 46 8 20 12 32 13 2 43 23,49 47 42 45 30 29,1
knn-15,validation,2026,186,23,49 47 42 45 30 3 29 4 6 25 35 38 46 8 20 12 32 13 2 43,49 47 42 45 30 3,1
knn-15,validation,2026,187,1,49 47 42 45 30 3 29 4 6 25 35 38 46 8 20 12 32 13 2 43,49 47 42 45 30 3,1
knn-15,validation,2026,188,16,49 47 42 45 30 3 29 4 6 25 35 38 46 8 20 12 32 13 2 43,49 47 42 45 30 3,1
knn-15,validation,2026,189,15,49 47 42 45 30 3 29 4 6 25 35 38 46 8 20 12 32 13 2 43,49 47 42 45 30 3,1
knn-15,validation,2026,190,16,49 47 42 45 30 3 29 4 6 25 35 38 46 8 20 12 32 13 2 43,49 47 42 45 30 3,1
knn-15,validation,2026,191,29,49 47 42 26 45 30 3 29 4 6 25 35 38 46 8 20 12 32 13 2,49 47 42 26 45 30,1
knn-15,validation,2026,192,25,49 47 42 26 45 30 3 4 6 25 35 38 46 8 20 12 32 13 2 43,49 47 42 26 45 30,1
knn-15,validation,2026,193,9,49 47 42 26 45 30 3 4 6 35 38 46 8 20 12 32 13 2 43 10,49 47 42 26 45 30,1
knn-15,validation,2026,194,26,49 47 42 26 45 30 3 4 6 35 38 46 8 20 12 32 13 2 43 10,49 47 42 26 45 30,0
knn-15,validation,2026,195,25,49 47 42 45 30 3 4 6 35 38 46 8 20 12 32 13 2 43 10 31,49 47 42 45 30 3,1
knn-15,validation,2026,196,39,49 47 42 45 30 3 19 4 6 35 38 46 8 20 12 32 13 2 43 10,49 47 42 45 30 3,1
knn-15,validation,2026,197,8,49 21 47 42 45 30 3 19 4 6 35 38 46 8 20 12 32 13 2 43,49 21 47 42 45 30,1
knn-15,validation,2026,198,7,49 21 47 42 45 30 3 19 4 6 41 35 38 46 20 12 32 13 2 43,49 21 47 42 45 30,1
knn-15,validation,2026,199,36,49 21 47 42 45 30 3 19 4 6 41 35 38 46 20 12 32 13 2 43,49 21 47 42 45 30,1
knn-15,validation,2026,200,39,49 21 47 42 45 30 3 19 4 6 41 35 38 46 20 12 32 13 2 43,49 21 47 42 45 30,1
knn-15,validation,2026,201,32,49 21 47 42 45 30 3 19 4 6 41 35 38 46 20 12 32 13 2 43,49 21 47 42 45 30,1
knn-15,validation,2026,202,40,49 21 47 42 45 30 3 19 4 6 41 35 38 46 20 12 13 2 43 23,49 21 47 42 45 30,1
knn-15,validation,2026,203,25,49 21 47 42 45 30 3 19 4 6 41 35 38 46 20 12 13 2 43 23,49 21 47 42 45 30,1
knn-15,validation,2026,204,5,49 21 47 42 45 30 3 19 4 6 41 35 38 46 20 12 13 2 43 23,49 21 47 42 45 30,1
knn-15,validation,2026,205,3,49 21 47 42 45 30 3 19 4 6 41 35 38 46 20 12 13 2 43 23,49 21 47 42 45 30,1
knn-15,validation,2026,206,47,49 21 47 42 15 45 30 19 4 6 41 35 38 46 20 12 13 2 43 23,49 21 47 42 15 45,0
knn-15,evaluation,2026,207,31,49 21 42 15 45 30 29 19 4 6 41 35 38 46 20 12 13 2 43 23,49 21 42 15 45 30,1
knn-15,evaluation,2026,208,19,49 21 42 15 45 30 29 19 4 6 41 35 38 46 20 12 13 2 43 23,49 21 42 15 45 30,1
knn-15,evaluation,2026,209,8,49 21 42 15 45 30 29 4 6 41 35 38 46 20 12 13 2 43 23 10,49 21 42 15 45 30,1
knn-15,evaluation,2026,210,49,49 21 42 15 45 30 29 4 6 41 35 38 46 20 12 13 2 43 23 10,49 21 42 15 45 30,0
knn-15,evaluation,2026,211,1,21 42 15 26 45 30 29 4 6 41 35 38 46 20 12 13 2 43 23 10,21 42 15 26 45 30,1
knn-15,evaluation,2026,212,6,21 42 15 26 45 30 29 4 6 41 35 38 46 20 12 13 2 43 23 10,21 42 15 26 45 30,1
knn-15,evaluation,2026,213,35,21 42 15 26 45 30 29 4 41 35 38 46 20 12 13 2 43 23 10 16,21 42 15 26 45 30,1
knn-15,evaluation,2026,214,4,21 42 15 26 45 30 29 4 41 38 46 20 12 13 2 43 23 10 16 44,21 42 15 26 45 30,1
knn-15,evaluation,2026,215,14,21 42 15 26 45 30 29 41 38 46 20 12 13 2 43 23 10 16 44 48,21 42 15 26 45 30,1
knn-15,evaluation,2026,216,37,21 42 15 26 45 30 29 41 38 46 20 12 13 2 43 23 10 16 44 48,21 42 15 26 45 30,1
knn-15,evaluation,2026,217,26,21 42 15 26 45 30 29 41 38 46 20 12 32 13 2 43 23 10 16 44,21 42 15 26 45 30,0
knn-15,evaluation,2026,218,17,21 42 15 45 30 29 41 38 46 20 12 32 13 2 43 23 10 16 44 48,21 42 15 45 30 29,1
knn-15,evaluation,2026,219,43,21 42 15 45 30 29 25 41 38 46 20 12 32 13 2 43 23 10 16 44,21 42 15 45 30 29,1
knn-15,evaluation,2026,220,48,21 42 15 45 30 29 25 41 38 46 20 12 32 13 2 23 10 16 44 48,21 42 15 45 30 29,1
knn-15,evaluation,2026,221,1,21 47 42 15 45 30 29 25 41 38 46 20 12 32 13 2 23 10 16 44,21 47 42 15 45 30,1
knn-15,evaluation,2026,222,26,21 47 42 15 45 30 3 29 25 41 38 46 20 12 32 13 2 23 10 16,21 47 42 15 45 30,1
knn-15,evaluation,2026,223,23,21 47 42 15 45 30 3 29 25 41 38 46 20 12 32 13 2 23 10 31,21 47 42 15 45 30,1
knn-15,evaluation,2026,224,9,21 47 42 15 45 30 3 29 19 25 41 38 46 20 12 32 13 2 10 31,21 47 42 15 45 30,1
knn-15,evaluation,2026,225,1,21 47 42 15 45 30 3 29 19 25 41 38 46 8 20 12 32 13 2 10,21 47 42 15 45 30,1
knn-15,evaluation,2026,226,17,49 21 47 42 15 45 30 3 29 19 25 41 38 46 8 20 12 32 13 2,49 21 47 42 15 45,1
knn-15,evaluation,2026,227,16,49 21 47 42 15 45 30 3 29 19 25 41 38 46 8 20 12 32 13 2,49 21 47 42 15 45,1
knn-15,evaluation,2026,228,23,49 21 47 42 15 45 30 3 29 19 6 25 41 38 46 8 20 12 32 13,49 21 47 42 15 45,1
knn-15,evaluation,2026,229,38,49 21 47 42 15 45 30 3 29 19 6 25 41 38 46 8 20 12 32 13,49 21 47 42 15 45,1
knn-15,evaluation,2026,230,16,49 21 47 42 15 45 30 3 29 19 6 25 41 35 46 8 20 12 32 13,49 21 47 42 15 45,1
knn-15,evaluation,2026,231,20,49 21 47 42 15 45 30 3 29 19 6 25 41 35 46 8 20 12 32 13,49 21 47 42 15 45,1
knn-15,evaluation,2026,232,42,49 21 47 42 15 45 30 3 29 19 4 6 25 41 35 46 8 12 32 13,49 21 47 42 15 45,0
knn-15,evaluation,2026,233,7,49 21 47 15 45 30 3 29 19 4 6 25 41 35 46 8 12 32 13 2,49 21 47 15 45 30,1
knn-15,evaluation,2026,234,39,49 21 47 15 45 30 3 19 4 6 25 41 35 46 8 12 32 13 2 43,49 21 47 15 45 30,1
knn-15,evaluation,2026,235,32,49 21 47 15 45 30 3 19 4 6 25 41 35 46 8 12 32 13 2 43,49 21 47 15 45 30,1
knn-15,evaluation,2026,236,11,49 21 47 15 45 30 3 29 19 4 6 25 41 35 46 8 12 13 2 43,49 21 47 15 45 30,1
knn-15,evaluation,2026,237,12,49 21 47 15 45 30 3 29 19 4 6 25 41 35 46 8 12 13 2 43,49 21 47 15 45 30,1
knn-15,evaluation,2026,238,17,49 21 47 15 26 45 30 3 29 19 4 6 25 41 35 46 8 13 2 43,49 21 47 15 26 45,1
knn-15,evaluation,2026,239,5,49 21 47 15 26 45 30 3 29 19 4 6 25 41 35 46 8 13 2 43,49 21 47 15 26 45,1
knn-15,evaluation,2026,240,27,49 21 47 15 26 45 30 3 29 19 4 6 25 41 35 46 8 13 2 43,49 21 47 15 26 45,1
knn-15,evaluation,2026,241,49,49 21 47 15 26 45 30 3 29 19 4 6 25 41 35 46 8 13 2 43,49 21 47 15 26 45,0
knn-15,evaluation,2026,242,9,21 47 15 26 45 30 3 29 19 4 6 25 41 35 46 8 13 2 43 10,21 47 15 26 45 30,1
knn-15,evaluation,2026,243,21,21 47 15 26 45 30 3 29 19 4 6 25 41 35 46 8 13 2 43 10,21 47 15 26 45 30,0
knn-15,evaluation,2026,244,46,47 15 26 45 30 3 29 19 4 6 25 41 35 46 8 13 2 43 23 10,47 15 26 45 30 3,1
knn-15,evaluation,2026,245,18,47 15 26 45 30 3 29 19 4 6 25 41 35 38 8 13 2 43 23 10,47 15 26 45 30 3,1
knn-15,evaluation,2026,246,30,47 15 26 45 30 3 29 19 4 6 25 41 35 38 8 13 2 43 23 10,47 15 26 45 30 3,0
knn-15,evaluation,2026,247,40,47 42 15 26 45 3 29 19 4 6 25 41 35 38 8 13 2 43 23 10,47 42 15 26 45 3,1
knn-15,evaluation,2026,248,20,47 42 15 26 45 3 29 19 4 6 25 41 35 38 8 20 13 2 43 23,47 42 15 26 45 3,1
knn-15,evaluation,2026,249,23,47 42 15 26 45 3 29 19 4 6 25 41 35 38 8 13 2 43 23 10,47 42 15 26 45 3,1
knn-15,evaluation,2026,250,14,47 42 15 26 45 3 29 19 4 6 25 41 35 38 8 32 13 2 43 10,47 42 15 26 45 3,1
knn-15,evaluation,2026,251,30,47 42 15 26 45 3 29 19 4 6 25 41 35 38 8 32 13 2 43 10,47 42 15 26 45 3,1
knn-15,evaluation,2026,252,22,47 42 15 26 45 3 29 19 4 6 25 41 35 38 8 32 13 2 43 10,47 42 15 26 45 3,1
knn-15,evaluation,2026,253,16,47 42 15 26 45 3 29 19 4 6 25 41 35 38 8 12 32 13 2 43,47 42 15 26 45 3,1
knn-15,evaluation,2026,254,2,47 42 15 26 45 3 29 19 4 6 25 41 35 38 8 12 32 13 2 43,47 42 15 26 45 3,1
knn-15,evaluation,2026,255,44,47 42 15 26 45 3 29 19 4 6 25 41 35 38 8 12 32 13 43 10,47 42 15 26 45 3,1
knn-15,evaluation,2026,256,1,47 42 15 26 45 3 29 19 4 6 25 41 35 38 8 12 32 13 43 10,47 42 15 26 45 3,1
knn-15,evaluation,2026,257,7,49 47 42 15 26 45 3 29 19 4 6 25 41 35 38 8 12 32 13 43,49 47 42 15 26 45,1
knn-15,evaluation,2026,258,46,49 47 42 15 26 45 3 29 19 4 6 25 41 35 38 8 12 32 13 43,49 47 42 15 26 45,1
knn-15,evaluation,2026,259,22,49 21 47 42 15 26 45 3 29 19 4 6 25 41 35 38 8 12 32 13,49 21 47 42 15 26,1
knn-15,evaluation,2026,260,20,49 21 47 42 15 26 45 3 29 19 4 6 25 41 35 38 8 12 32 13,49 21 47 42 15 26,1
knn-15,evaluation,2026,261,24,49 21 47 42 15 26 45 3 29 19 4 6 25 41 35 38 8 12 32 13,49 21 47 42 15 26,1
knn-15,evaluation,2026,262,30,49 21 47 42 15 26 45 3 29 19 4 6 25 41 35 38 8 12 32 13,49 21 47 42 15 26,1
knn-15,evaluation,2026,263,9,49 21 47 42 15 26 45 3 29 19 4 6 25 41 35 38 8 12 32 13,49 21 47 42 15 26,1
knn-15,evaluation,2026,264,21,49 21 47 42 15 26 45 3 29 19 4 6 25 41 35 38 8 12 32 13,49 21 47 42 15 26,0
knn-15,evaluation,2026,265,49,49 47 42 15 26 45 3 29 19 4 6 25 41 35 38 8 12 32 13 43,49 47 42 15 26 45,0
knn-15,evaluation,2026,266,8,47 42 15 26 45 3 29 19 4 6 25 41 35 38 8 12 32 13 43 23,47 42 15 26 45 3,1
knn-30,validation,2026,147,13,21 47 15 3 19 4 25 35 38 20 12 32 13 10 28 36 40 22 27 14,21 47 15 3 19 4,1
knn-30,validation,2026,148,48,21 47 15 3 19 6 25 35 38 8 20 12 32 10 28 36 40 22 27 14,21 47 15 3 19 6,1
knn-30,validation,2026,149,27,21 47 15 3 19 6 25 35 38 46 8 20 12 32 10 1 28 36 40 27,21 47 15 3 19 6,1
knn-30,validation,2026,150,9,21 47 15 3 19 6 25 38 46 8 20 12 32 10 31 1 28 36 22 14,21 47 15 3 19 6,1
knn-30,validation,2026,151,31,21 47 15 3 19 6 25 38 46 8 20 12 32 10 31 1 28 36 40 22,21 47 15 3 19 6,1
knn-30,validation,2026,152,45,21 47 15 45 3 19 4 6 25 38 8 20 12 32 10 1 28 36 40 22,21 47 15 45 3 19,0
knn-30,validation,2026,153,41,21 47 15 3 4 6 25 41 35 38 46 8 20 32 10 1 28 36 40 22,21 47 15 3 4 6,1
knn-30,validation,2026,154,41,21 47 15 3 19 4 6 25 35 38 8 20 12 32 10 1 28 36 40 22,21 47 15 3 19 4,1
knn-30,validation,2026,155,7,21 47 15 3 4 25 35 38 8 20 12 32 2 10 1 28 36 40 22 14,21 47 15 3 4 25,1
knn-30,validation,2026,156,1,21 47 15 3 4 6 25 35 38 8 20 12 32 10 1 28 36 40 22 14,21 47 15 3 4 6,1
knn-30,validation,2026,157,40,21 47 15 3 29 4 25 35 38 46 8 20 12 32 2 28 36 40 22 14,21 47 15 3 29 4,1
knn-30,validation,2026,158,16,21 47 15 3 29 19 4 6 25 35 38 8 20 12 32 2 28 36 22 14,21 47 15 3 29 19,1
knn-30,validation,2026,159,39,21 47 15 3 19 4 6 25 35 38 46 8 20 12 32 2 28 36 22 14,21 47 15 3 19 4,1
knn-30,validation,2026,160,2,21 47 15 3 29 19 4 6 25 35 38 46 8 20 12 32 2 28 36 22,21 47 15 3 29 19,1
knn-30,validation,2026,161,8,21 47 15 3 29 19 4 6 25 35 38 46 8 20 12 32 28 36 22 14,21 47 15 3 29 19,1
knn-30,validation,2026,162,32,21 47 15 3 29 19 4 6 25 35 38 46 20 12 32 28 36 22 14 18,21 47 15 3 29 19,1
knn-30,validation,2026,163,37,21 47 15 3 29 19 4 6 25 35 38 46 20 12 37 28 36 22 14 18,21 47 15 3 29 19,1
knn-30,validation,2026,164,21,21 47 15 3 29 19 4 6 25 35 38 46 20 12 10 28 36 22 14 18,21 47 15 3 29 19,0
knn-30,validation,2026,165,3,47 15 30 3 29 19 4 6 25 35 38 46 20 12 28 36 22 14 18 11,47 15 30 3 29 19,0
knn-30,validation,2026,166,6,49 47 15 26 30 19 4 6 25 35 38 20 12 28 36 22 24 14 18 11,49 47 15 26 30 19,1
knn-30,validation,2026,167,19,49 47 15 26 30 29 4 25 35 38 46 20 12 10 28 36 22 24 14 18,49 47 15 26 30 29,1
knn-30,validation,2026,168,15,49 47 15 26 30 4 25 35 38 46 20 12 43 23 44 33 28 36 22 14,49 47 15 26 30 4,0
knn-30,validation,2026,169,24,49 47 42 26 30 4 25 35 38 46 20 12 43 44 33 28 5 36 22 18,49 47 42 26 30 4,1
knn-30,validation,2026,170,3,49 47 42 26 30 4 25 35 38 46 20 12 43 44 33 28 5 36 22 18,49 47 42 26 30 4,1
knn-30,validation,2026,171,28,49 47 42 26 30 4 25 35 38 46 20 12 13 43 44 33 5 36 22 27,49 47 42 26 30 4,1
knn-30,validation,2026,172,44,49 47 42 26 45 30 4 25 35 38 46 20 12 13 43 44 33 5 36 22,49 47 42 26 45 30,1
knn-30,validation,2026,173,26,49 47 42 26 45 30 29 4 25 35 38 46 20 12 13 43 10 31 33 5,49 47 42 26 45 30,0
knn-30,validation,2026,174,41,49 47 42 45 30 29 4 25 41 35 38 46 20 12 43 10 31 33 5 36,49 47 42 45 30 29,1
knn-30,validation,2026,175,26,49 47 42 45 30 29 4 25 35 38 46 20 12 10 31 48 33 5 36 22,49 47 42 45 30 29,1
knn-30,validation,2026,176,10,49 47 42 45 30 29 4 25 35 38 46 20 12 23 10 31 48 33 5 36,49 47 42 45 30 29,1
knn-30,validation,2026,177,14,49 47 42 45 30 29 4 25 35 38 46 20 12 13 23 31 48 33 5 36,49 47 42 45 30 29,1
knn-30,validation,2026,178,18,49 47 42 45 30 29 4 25 35 38 46 20 12 23 31 48 33 5 36 22,49 47 42 45 30 29,1
knn-30,validation,2026,179,15,49 47 42 45 30 29 4 25 35 38 46 20 12 2 23 31 48 33 5 36,49 47 42 45 30 29,1
knn-30,validation,2026,180,21,49 47 42 45 30 29 4 25 35 38 46 20 12 2 23 31 48 33 5 36,49 47 42 45 30 29,1
knn-30,validation,2026,181,19,49 47 45 30 29 4 25 35 38 46 8 20 12 2 23 31 16 48 33 5,49 47 45 30 29 4,1
knn-30,validation,2026,182,41,49 47 42 45 30 29 4 25 35 38 46 8 20 12 32 2 23 31 16 37,49 47 42 45 30 29,1
knn-30,validation,2026,183,24,49 47 45 30 29 4 25 35 38 46 8 20 12 32 2 23 31 16 48 37,49 47 45 30 29 4,1
knn-30,validation,2026,184,1,49 47 42 45 30 29 4 25 35 38 46 8 20 12 32 2 31 16 37 33,49 47 42 45 30 29,1
knn-30,validation,2026,185,36,49 47 45 30 29 4 25 35 46 8 20 12 32 2 23 31 16 37 33 5,49 47 45 30 29 4,1
knn-30,validation,2026,186,23,49 47 42 45 30 29 4 25 35 46 8 20 12 32 2 23 31 16 37 33,49 47 42 45 30 29,1
knn-30,validation,2026,187,1,49 47 42 45 30 29 4 25 35 38 46 8 20 12 32 13 2 43 16 37,49 47 42 45 30 29,1
knn-30,validation,2026,188,16,49 47 42 45 30 4 6 25 35 46 8 20 12 32 13 2 43 16 37 33,49 47 42 45 30 4,1
knn-30,validation,2026,189,15,49 47 42 45 30 4 6 25 35 46 8 20 12 32 13 2 43 37 33 5,49 47 42 45 30 4,1
knn-30,validation,2026,190,16,49 47 42 45 30 4 6 25 35 46 8 20 12 32 13 2 43 37 33 5,49 47 42 45 30 4,1
knn-30,validation,2026,191,29,49 47 42 45 30 4 6 25 35 46 8 20 12 32 13 2 43 37 33 5,49 47 42 45 30 4,1
knn-30,validation,2026,192,25,49 47 42 45 30 4 6 25 35 38 46 8 20 12 32 13 2 43 37 33,49 47 42 45 30 4,1
knn-30,validation,2026,193,9,49 47 42 45 30 3 4 6 35 46 8 20 12 32 13 2 43 37 33 28,49 47 42 45 30 3,1
knn-30,validation,2026,194,26,49 47 42 45 30 3 4 6 35 38 46 8 20 12 32 13 2 43 37 33,49 47 42 45 30 3,1
knn-30,validation,2026,195,25,49 47 42 45 30 3 4 6 35 38 46 8 20 12 32 13 2 43 44 37,49 47 42 45 30 3,1
knn-30,validation,2026,196,39,49 47 42 45 30 3 4 6 35 38 46 8 20 12 32 13 2 43 44 37,49 47 42 45 30 3,1
knn-30,validation,2026,197,8,49 47 42 45 30 3 4 6 35 38 46 8 20 12 32 13 2 43 44 37,49 47 42 45 30 3,1
knn-30,validation,2026,198,7,49 47 42 45 30 3 4 6 35 38 46 20 12 32 13 2 43 44 37 33,49 47 42 45 30 3,1
knn-30,validation,2026,199,36,49 47 42 45 30 3 4 6 35 38 46 20 12 32 13 2 43 44 37 33,49 47 42 45 30 3,1
knn-30,validation,2026,200,39,49 47 42 45 30 3 4 6 35 38 46 20 12 32 13 2 43 44 48 37,49 47 42 45 30 3,1
knn-30,validation,2026,201,32,49 47 42 45 30 3 4 6 35 38 46 20 12 32 13 2 43 31 44 48,49 47 42 45 30 3,1
knn-30,validation,2026,202,40,49 47 42 45 30 3 4 6 35 38 46 20 12 13 2 43 31 44 48 37,49 47 42 45 30 3,1
knn-30,validation,2026,203,25,49 47 42 45 30 3 4 6 35 38 46 20 12 13 2 43 31 44 48 37,49 47 42 45 30 3,1
knn-30,validation,2026,204,5,49 47 42 45 30 3 4 6 35 38 46 20 12 13 2 43 31 44 48 37,49 47 42 45 30 3,1
knn-30,validation,2026,205,3,49 47 42 45 30 3 4 6 35 38 20 12 13 2 43 10 31 44 37 33,49 47 42 45 30 3,0
knn-30,validation,2026,206,47,49 47 42 45 30 4 6 35 38 20 12 13 2 43 10 31 44 37 33 28,49 47 42 45 30 4,0
knn-30,evaluation,2026,207,31,49 42 45 30 4 6 35 38 46 20 12 13 2 43 10 31 44 37 33 28,49 42 45 30 4 6,1
knn-30,evaluation,2026,208,19,49 42 45 30 4 6 35 38 46 20 12 13 2 43 10 44 37 33 28 22,49 42 45 30 4 6,1
knn-30,evaluation,2026,209,8,49 42 45 30 4 6 35 38 46 20 12 13 2 43 10 44 48 37 33 28,49 42 45 30 4 6,1
knn-30,evaluation,2026,210,49,49 21 42 45 30 4 6 35 38 46 20 12 13 2 43 10 44 48 37 33,49 21 42 45 30 4,0
knn-30,evaluation,2026,211,1,21 42 45 30 4 6 41 35 38 46 20 12 13 2 43 10 44 37 33 28,21 42 45 30 4 6,1
knn-30,evaluation,2026,212,6,21 42 45 30 4 6 41 35 38 46 20 12 13 2 43 10 44 37 33 28,21 42 45 30 4 6,0
knn-30,evaluation,2026,213,35,21 42 45 30 4 41 35 38 46 20 12 13 2 43 10 44 37 33 28 22,21 42 45 30 4 41,1
knn-30,evaluation,2026,214,4,21 42 45 30 4 41 38 46 20 12 13 2 43 10 44 48 37 33 28 22,21 42 45 30 4 41,0
knn-30,evaluation,2026,215,14,21 42 45 30 41 38 46 20 12 13 2 43 10 44 48 37 33 28 22 24,21 42 45 30 41 38,1
knn-30,evaluation,2026,216,37,21 42 45 30 41 38 46 20 12 13 2 43 10 44 48 37 33 28 22 24,21 42 45 30 41 38,1
knn-30,evaluation,2026,217,26,21 42 45 30 41 38 46 20 12 13 2 43 10 44 48 33 28 22 24 27,21 42 45 30 41 38,1
knn-30,evaluation,2026,218,17,21 42 15 45 30 41 38 46 20 12 13 2 43 10 16 44 48 33 28 22,21 42 15 45 30 41,1
knn-30,evaluation,2026,219,43,21 42 15 45 30 29 41 38 46 20 12 13 2 43 10 44 48 33 28 22,21 42 15 45 30 29,1
knn-30,evaluation,2026,220,48,21 42 45 30 29 41 38 46 20 12 13 10 16 44 48 33 28 22 24 27,21 42 45 30 29 41,1
knn-30,evaluation,2026,221,1,21 42 45 30 29 38 46 20 12 13 2 10 16 44 33 28 22 24 27 11,21 42 45 30 29 38,1
knn-30,evaluation,2026,222,26,21 42 15 45 30 29 38 46 20 12 13 2 10 16 44 33 28 22 24 27,21 42 15 45 30 29,1
knn-30,evaluation,2026,223,23,21 42 15 45 30 29 41 38 46 20 12 13 2 10 44 33 28 22 24 27,21 42 15 45 30 29,1
knn-30,evaluation,2026,224,9,21 42 45 30 29 41 38 46 20 12 13 2 10 44 33 28 22 24 27 18,21 42 45 30 29 41,1
knn-30,evaluation,2026,225,1,21 42 15 45 30 41 38 46 20 12 13 2 10 44 33 28 22 24 27 18,21 42 15 45 30 41,1
knn-30,evaluation,2026,226,17,21 42 15 45 30 41 38 46 20 12 13 2 16 44 33 28 22 24 27 18,21 42 15 45 30 41,1
knn-30,evaluation,2026,227,16,21 42 15 45 30 41 38 46 20 12 13 2 16 44 33 28 36 22 24 27,21 42 15 45 30 41,1
knn-30,evaluation,2026,228,23,21 42 15 45 30 41 38 46 20 12 32 13 44 33 28 36 22 24 27 18,21 42 15 45 30 41,1
knn-30,evaluation,2026,229,38,21 42 15 45 30 41 38 46 20 12 32 13 2 44 33 28 36 40 22 24,21 42 15 45 30 41,1
knn-30,evaluation,2026,230,16,21 47 42 15 45 30 25 41 46 20 12 32 13 2 44 33 28 5 36 40,21 47 42 15 45 30,1
knn-30,evaluation,2026,231,20,21 47 42 15 45 30 3 25 41 46 20 12 32 13 2 44 33 28 5 36,21 47 42 15 45 30,1
knn-30,evaluation,2026,232,42,21 47 42 15 45 30 3 19 25 41 46 12 32 13 44 33 28 5 36 40,21 47 42 15 45 30,0
knn-30,evaluation,2026,233,7,49 21 47 15 45 30 3 19 25 41 46 8 12 32 13 2 44 33 28 5,49 21 47 15 45 30,1
knn-30,evaluation,2026,234,39,49 21 47 15 45 30 3 19 6 25 41 46 8 12 32 13 44 33 28 5,49 21 47 15 45 30,1
knn-30,evaluation,2026,235,32,49 21 47 15 45 30 3 19 6 25 41 46 8 12 32 13 2 44 33 28,49 21 47 15 45 30,1
knn-30,evaluation,2026,236,11,49 21 47 15 45 30 3 19 6 25 41 46 8 12 44 33 28 5 36 40,49 21 47 15 45 30,1
knn-30,evaluation,2026,237,12,49 21 47 15 45 3 19 6 25 41 35 46 8 12 13 44 33 28 5 36,49 21 47 15 45 3,1
knn-30,evaluation,2026,238,17,49 21 47 15 45 3 19 6 25 41 35 46 8 13 43 44 33 28 5 36,49 21 47 15 45 3,1
knn-30,evaluation,2026,239,5,49 21 47 15 45 3 29 19 25 41 35 8 13 43 10 31 48 37 33 28,49 21 47 15 45 3,1
knn-30,evaluation,2026,240,27,49 21 47 15 3 29 19 25 41 35 46 13 43 10 31 44 48 37 33 28,49 21 47 15 3 29,1
knn-30,evaluation,2026,241,49,21 47 15 26 45 3 19 6 25 41 35 46 8 13 43 44 48 37 33 28,21 47 15 26 45 3,1
knn-30,evaluation,2026,242,9,21 47 15 26 3 29 19 6 25 41 35 46 8 13 43 10 31 44 48 37,21 47 15 26 3 29,1
knn-30,evaluation,2026,243,21,21 47 15 26 3 29 19 6 25 41 35 46 8 13 43 10 31 44 48 33,21 47 15 26 3 29,0
knn-30,evaluation,2026,244,46,47 15 26 45 29 4 25 41 35 46 8 13 43 10 31 44 48 37 33 28,47 15 26 45 29 4,1
knn-30,evaluation,2026,245,18,47 15 26 29 19 4 25 41 35 8 13 43 10 31 44 48 37 33 28 36,47 15 26 29 19 4,1
knn-30,evaluation,2026,246,30,47 15 26 29 19 4 25 41 35 8 13 43 10 31 44 48 37 28 36 40,47 15 26 29 19 4,1
knn-30,evaluation,2026,247,40,47 15 26 45 29 19 6 25 41 35 8 13 43 10 31 44 48 33 28 36,47 15 26 45 29 19,1
knn-30,evaluation,2026,248,20,47 15 26 45 29 19 6 25 41 35 8 13 43 10 31 44 48 33 28 36,47 15 26 45 29 19,1
knn-30,evaluation,2026,249,23,47 15 26 45 29 19 25 41 35 8 13 43 10 31 44 48 33 28 36 24,47 15 26 45 29 19,1
knn-30,evaluation,2026,250,14,47 15 26 45 29 19 25 41 35 8 13 43 10 31 44 48 33 28 36 22,47 15 26 45 29 19,1
knn-30,evaluation,2026,251,30,47 15 26 45 3 29 19 6 25 41 35 8 13 43 10 31 44 48 37 33,47 15 26 45 3 29,1
knn-30,evaluation,2026,252,22,47 15 26 45 3 29 19 6 25 41 35 8 13 43 10 31 44 48 37 33,47 15 26 45 3 29,1
knn-30,evaluation,2026,253,16,47 15 26 45 3 29 19 6 25 41 35 38 13 43 10 31 44 48 37 33,47 15 26 45 3 29,1
knn-30,evaluation,2026,254,2,47 15 26 45 3 29 19 25 41 35 38 13 43 10 31 44 48 37 33 28,47 15 26 45 3 29,1
knn-30,evaluation,2026,255,44,47 15 26 45 3 29 19 6 25 41 35 38 13 43 10 31 44 48 37 33,47 15 26 45 3 29,1
knn-30,evaluation,2026,256,1,47 42 15 26 45 29 19 6 25 41 35 38 13 43 10 31 48 37 33 28,47 42 15 26 45 29,1
knn-30,evaluation,2026,257,7,47 42 15 26 45 29 19 6 25 41 35 38 13 43 10 31 48 37 33 28,47 42 15 26 45 29,1
knn-30,evaluation,2026,258,46,47 15 26 45 3 29 19 6 25 41 35 38 13 43 10 48 33 28 36 24,47 15 26 45 3 29,1
knn-30,evaluation,2026,259,22,47 15 3 29 19 4 6 25 41 35 38 8 32 13 43 10 33 28 36 24,47 15 3 29 19 4,1
knn-30,evaluation,2026,260,20,47 42 15 26 3 29 19 4 6 25 41 35 38 12 32 13 43 10 33 28,47 42 15 26 3 29,1
knn-30,evaluation,2026,261,24,47 42 15 26 3 29 19 6 25 41 35 38 12 32 13 43 10 37 33 28,47 42 15 26 3 29,1
knn-30,evaluation,2026,262,30,47 42 15 26 3 29 19 6 25 41 35 38 12 32 13 43 10 33 28 5,47 42 15 26 3 29,1
knn-30,evaluation,2026,263,9,21 47 15 3 29 19 6 25 41 35 38 8 12 32 13 43 10 33 28 5,21 47 15 3 29 19,1
knn-30,evaluation,2026,264,21,21 47 42 15 3 29 19 6 25 41 35 38 12 32 13 43 10 37 33 28,21 47 42 15 3 29,0
knn-30,evaluation,2026,265,49,47 42 15 26 3 29 19 6 25 41 35 38 12 32 13 43 10 37 33 28,47 42 15 26 3 29,1
knn-30,evaluation,2026,266,8,47 42 15 3 29 19 6 25 41 35 38 12 32 13 43 10 31 37 33 28,47 42 15 3 29 19,1
markov-shrink-50,validation,2026,147,13,21 47 15 4 25 38 8 20 32 40 14 34 35 2 10 44 36 7 3 12,21 47 15 4 25 38,1
markov-shrink-50,validation,2026,148,48,21 47 15 4 25 38 8 20 32 40 14 34 35 10 36 18 7 3 12 33,21 47 15 4 25 38,1
markov-shrink-50,validation,2026,149,27,21 4 25 38 8 20 32 40 34 35 2 10 44 7 47 15 42 3 12 31,21 4 25 38 8 20,1
markov-shrink-50,validation,2026,150,9,21 47 15 4 25 38 8 20 32 40 14 34 2 10 44 36 18 7 42 3,21 47 15 4 25 38,1
markov-shrink-50,validation,2026,151,31,21 47 15 4 25 38 8 32 40 14 34 35 10 44 18 20 42 3 33 17,21 47 15 4 25 38,1
markov-shrink-50,validation,2026,152,45,47 15 4 25 8 20 32 40 14 34 35 2 44 36 18 7 21 38 42 12,47 15 4 25 8 20,1
markov-shrink-50,validation,2026,153,41,21 47 15 4 25 38 8 20 32 40 14 34 35 2 10 44 36 18 7 12,21 47 15 4 25 38,1
markov-shrink-50,validation,2026,154,41,47 15 4 25 8 20 32 40 14 34 35 2 44 36 18 7 38 42 12 33,47 15 4 25 8 20,1
markov-shrink-50,validation,2026,155,7,47 15 4 25 8 20 32 40 14 34 35 2 44 36 18 7 38 42 12 33,47 15 4 25 8 20,1
markov-shrink-50,validation,2026,156,1,21 47 15 4 25 38 8 20 32 40 14 34 2 10 44 36 18 42 3 33,21 47 15 4 25 38,1
markov-shrink-50,validation,2026,157,40,47 15 4 25 8 20 32 40 14 34 35 2 44 36 18 21 42 12 33 22,47 15 4 25 8 20,1
markov-shrink-50,validation,2026,158,16,21 47 15 25 38 8 20 32 14 34 35 2 10 44 36 40 18 4 42 3,21 47 15 25 38 8,1
markov-shrink-50,validation,2026,159,39,21 47 15 4 25 38 20 14 2 10 36 18 32 34 42 3 22 7 17 35,21 47 15 4 25 38,1
markov-shrink-50,validation,2026,160,2,21 47 15 4 25 38 8 32 14 34 35 10 44 40 18 42 3 33 17 2,21 47 15 4 25 38,1
markov-shrink-50,validation,2026,161,8,21 47 15 4 25 38 8 20 32 14 34 35 10 44 36 40 3 12 2 22,21 47 15 4 25 38,1
markov-shrink-50,validation,2026,162,32,21 4 25 38 20 32 34 35 8 10 44 40 47 15 14 42 3 12 2 33,21 4 25 38 20 32,0
markov-shrink-50,validation,2026,163,37,21 47 15 4 25 38 20 14 34 35 32 10 44 36 40 3 12 2 22 7,21 47 15 4 25 38,1
markov-shrink-50,validation,2026,164,21,21 47 15 4 25 38 20 14 34 8 32 10 44 36 40 18 42 3 2 33,21 47 15 4 25 38,0
markov-shrink-50,validation,2026,165,3,47 15 4 25 20 14 34 35 8 32 44 36 18 38 42 12 2 33 22 21,47 15 4 25 20 14,1
markov-shrink-50,validation,2026,166,6,47 15 4 25 38 20 14 34 21 35 8 32 10 36 40 18 12 33 22 7,47 15 4 25 38 20,1
markov-shrink-50,validation,2026,167,19,47 15 4 25 38 20 14 21 10 36 18 34 42 2 22 7 17 35 8 26,47 15 4 25 38 20,1
markov-shrink-50,validation,2026,168,15,47 15 4 25 38 14 34 21 35 8 32 10 44 40 18 20 42 33 17 36,47 15 4 25 38 14,0
markov-shrink-50,validation,2026,169,24,47 4 25 38 20 14 34 21 15 35 8 32 10 44 36 40 18 12 2 33,47 4 25 38 20 14,1
markov-shrink-50,validation,2026,170,3,47 4 38 20 14 34 21 15 35 8 32 44 36 40 18 42 12 2 33 7,47 4 38 20 14 34,1
markov-shrink-50,validation,2026,171,28,47 4 25 38 20 14 34 21 15 35 8 32 10 36 40 18 12 33 22 7,47 4 25 38 20 14,1
markov-shrink-50,validation,2026,172,44,4 25 38 20 34 21 35 8 10 44 40 42 12 2 33 7 17 47 14 49,4 25 38 20 34 21,1
markov-shrink-50,validation,2026,173,26,47 4 38 20 14 34 21 15 35 8 32 36 40 18 42 12 2 44 33 7,47 4 38 20 14 34,1
markov-shrink-50,validation,2026,174,41,47 4 25 38 20 14 21 15 10 36 18 34 42 2 22 7 17 35 8 32,47 4 25 38 20 14,1
markov-shrink-50,validation,2026,175,26,47 4 25 20 14 34 15 35 8 32 36 18 38 42 12 2 44 33 22 10,47 4 25 20 14 34,1
markov-shrink-50,validation,2026,176,10,47 4 25 38 20 14 21 15 10 36 18 34 42 2 22 7 17 35 8 32,47 4 25 38 20 14,1
markov-shrink-50,validation,2026,177,14,47 25 38 20 14 34 21 15 35 8 32 36 40 18 42 12 2 10 44 22,47 25 38 20 14 34,0
markov-shrink-50,validation,2026,178,18,47 4 38 20 34 21 15 35 8 32 36 40 14 18 42 12 2 44 33 7,47 4 38 20 34 21,1
markov-shrink-50,validation,2026,179,15,4 25 38 20 34 21 35 8 40 42 12 2 10 33 7 17 49 30 29 13,4 25 38 20 34 21,1
markov-shrink-50,validation,2026,180,21,47 4 25 38 20 34 21 35 8 32 36 40 14 15 12 2 10 44 33 22,47 4 25 38 20 34,1
markov-shrink-50,validation,2026,181,19,47 4 25 20 34 35 8 32 36 14 38 42 15 12 2 44 33 22 18 40,47 4 25 20 34 35,1
markov-shrink-50,validation,2026,182,41,47 4 25 38 34 35 8 32 40 14 20 21 42 10 44 33 18 17 36 49,47 4 25 38 34 35,1
markov-shrink-50,validation,2026,183,24,47 4 25 20 34 35 8 32 36 14 38 42 15 12 2 44 33 22 18 40,47 4 25 20 34 35,1
markov-shrink-50,validation,2026,184,1,47 4 38 20 34 35 8 32 36 40 14 21 42 15 12 2 44 33 7 17,47 4 38 20 34 35,1
markov-shrink-50,validation,2026,185,36,47 4 25 20 34 35 8 32 36 14 42 15 12 2 44 33 22 18 30 13,47 4 25 20 34 35,1
markov-shrink-50,validation,2026,186,23,47 4 25 38 20 14 34 21 42 15 2 36 22 18 7 17 35 8 32 40,47 4 25 38 20 14,1
markov-shrink-50,validation,2026,187,1,47 4 25 38 20 34 35 8 32 40 14 21 15 12 10 33 36 22 18 7,47 4 25 38 20 34,1
markov-shrink-50,validation,2026,188,16,47 4 25 20 34 35 8 32 14 42 15 12 2 44 33 22 18 30 13 31,47 4 25 20 34 35,1
markov-shrink-50,validation,2026,189,15,47 4 25 38 20 14 21 42 15 2 36 22 18 7 17 34 29 46 43 5,47 4 25 38 20 14,1
markov-shrink-50,validation,2026,190,16,47 4 25 38 20 34 35 8 32 40 14 12 2 10 44 33 36 22 18 7,47 4 25 38 20 34,1
markov-shrink-50,validation,2026,191,29,47 4 25 38 20 14 21 42 2 36 22 18 7 17 34 29 46 43 5 9,47 4 25 38 20 14,1
markov-shrink-50,validation,2026,192,25,47 4 25 38 34 35 8 32 40 14 21 42 10 44 33 18 17 20 49 30,47 4 25 38 34 35,0
markov-shrink-50,validation,2026,193,9,47 4 38 20 34 25 35 8 32 40 14 12 2 10 44 33 36 22 18 7,47 4 38 20 34 25,1
markov-shrink-50,validation,2026,194,26,47 4 38 34 35 8 32 40 14 21 42 10 44 33 18 17 20 49 30 13,47 4 38 34 35 8,1
markov-shrink-50,validation,2026,195,25,47 4 38 20 25 14 21 42 2 36 22 18 7 17 34 46 43 5 35 8,47 4 38 20 25 14,0
markov-shrink-50,validation,2026,196,39,47 4 38 20 34 35 8 32 40 14 25 12 2 10 44 33 36 22 18 7,47 4 38 20 34 35,1
markov-shrink-50,validation,2026,197,8,47 4 38 34 35 8 32 40 14 21 42 10 44 33 18 17 49 30 13 43,47 4 38 34 35 8,0
markov-shrink-50,validation,2026,198,7,4 38 20 34 35 40 21 42 25 8 12 2 10 33 7 17 47 49 30 13,4 38 20 34 35 40,1
markov-shrink-50,validation,2026,199,36,47 4 38 20 34 32 40 14 42 25 8 2 10 44 33 36 22 18 17 15,47 4 38 20 34 32,1
markov-shrink-50,validation,2026,200,39,47 4 38 20 14 21 42 2 22 18 17 34 46 43 5 36 7 35 32 40,47 4 38 20 14 21,1
markov-shrink-50,validation,2026,201,32,47 4 38 34 35 32 40 14 21 42 10 44 33 18 17 49 30 13 43 5,47 4 38 34 35 32,0
markov-shrink-50,validation,2026,202,40,47 4 38 20 34 35 40 14 21 25 12 32 2 10 44 22 17 15 46 43,47 4 38 20 34 35,1
markov-shrink-50,validation,2026,203,25,47 38 20 34 35 21 42 25 8 12 32 2 10 44 40 22 18 4 49 15,47 38 20 34 35 21,1
markov-shrink-50,validation,2026,204,5,47 4 38 20 34 35 14 8 12 32 2 10 44 33 40 22 18 17 49 15,47 4 38 20 34 35,1
markov-shrink-50,validation,2026,205,3,47 4 38 20 34 35 14 8 12 32 2 10 44 33 40 22 18 17 49 15,47 4 38 20 34 35,1
markov-shrink-50,validation,2026,206,47,47 4 38 20 34 35 14 21 8 12 32 10 33 40 22 18 49 15 30 25,47 4 38 20 34 35,0
markov-shrink-50,evaluation,2026,207,31,4 38 20 34 47 14 42 8 32 2 10 44 33 40 22 18 17 15 25 46,4 38 20 34 47 14,1
markov-shrink-50,evaluation,2026,208,19,4 20 34 47 35 14 42 8 12 32 2 44 33 22 18 38 15 30 25 13,4 20 34 47 35 14,1
markov-shrink-50,evaluation,2026,209,8,4 38 34 47 35 14 21 42 10 44 33 40 18 17 20 49 30 13 43 23,4 38 34 47 35 14,1
markov-shrink-50,evaluation,2026,210,49,4 38 20 34 35 21 42 12 2 10 33 40 17 49 30 25 8 13 43 47,4 38 20 34 35 21,1
markov-shrink-50,evaluation,2026,211,1,4 38 34 47 35 14 21 42 10 44 33 40 18 17 20 30 13 43 49 23,4 38 34 47 35 14,1
markov-shrink-50,evaluation,2026,212,6,4 20 34 47 35 14 42 12 32 2 44 33 22 18 15 30 25 8 13 23,4 20 34 47 35 14,1
markov-shrink-50,evaluation,2026,213,35,4 38 20 47 14 21 42 2 22 18 17 34 46 43 36 7 35 45 48 5,4 38 20 47 14 21,1
markov-shrink-50,evaluation,2026,214,4,4 38 20 34 47 14 35 12 32 2 10 44 33 40 22 18 17 15 30 25,4 38 20 34 47 14,0
markov-shrink-50,evaluation,2026,215,14,38 20 34 47 4 14 21 42 35 12 32 2 44 33 40 17 15 30 46 8,38 20 34 47 4 14,0
markov-shrink-50,evaluation,2026,216,37,38 20 34 47 4 21 42 35 12 32 2 44 33 40 17 15 30 46 8 36,38 20 34 47 4 21,1
markov-shrink-50,evaluation,2026,217,26,38 20 34 47 4 42 32 2 10 44 33 40 22 14 18 17 15 25 46 8,38 20 34 47 4 42,1
markov-shrink-50,evaluation,2026,218,17,38 20 47 4 21 42 2 22 14 18 17 34 46 43 36 7 45 48 5 11,38 20 47 4 21 42,1
markov-shrink-50,evaluation,2026,219,43,38 20 34 47 4 42 32 2 10 44 33 40 22 14 18 15 25 46 8 13,38 20 34 47 4 42,1
markov-shrink-50,evaluation,2026,220,48,38 20 34 4 21 35 12 32 10 33 40 22 14 18 15 30 25 46 8 36,38 20 34 4 21 35,1
markov-shrink-50,evaluation,2026,221,1,38 20 34 4 21 42 35 12 2 10 33 40 30 25 8 13 17 47 45 29,38 20 34 4 21 42,1
markov-shrink-50,evaluation,2026,222,26,20 34 47 4 42 35 12 32 2 44 33 22 14 18 15 30 25 8 13 23,20 34 47 4 42 35,1
markov-shrink-50,evaluation,2026,223,23,38 20 47 4 21 42 2 22 14 18 34 46 36 7 45 43 5 11 9 12,38 20 47 4 21 42,1
markov-shrink-50,evaluation,2026,224,9,38 20 34 4 21 35 12 32 10 33 40 22 14 18 15 30 25 46 8 36,38 20 34 4 21 35,1
markov-shrink-50,evaluation,2026,225,1,38 34 47 4 21 42 35 10 44 33 40 14 18 20 30 13 17 49 43 5,38 34 47 4 21 42,1
markov-shrink-50,evaluation,2026,226,17,20 34 47 4 42 35 12 32 2 44 33 22 14 18 15 30 25 8 13 31,20 34 47 4 42 35,1
markov-shrink-50,evaluation,2026,227,16,38 20 34 47 4 42 32 2 10 44 33 40 22 14 18 15 25 46 8 13,38 20 34 47 4 42,1
markov-shrink-50,evaluation,2026,228,23,38 20 47 4 21 42 2 22 14 18 34 46 36 7 45 43 5 11 12 32,38 20 47 4 21 42,1
markov-shrink-50,evaluation,2026,229,38,38 20 34 4 21 35 12 32 10 33 40 22 14 18 15 30 25 46 8 36,38 20 34 4 21 35,0
markov-shrink-50,evaluation,2026,230,16,20 34 4 38 21 42 35 12 2 10 33 40 30 25 8 13 47 45 29 43,20 34 4 38 21 42,1
markov-shrink-50,evaluation,2026,231,20,20 47 4 38 21 42 2 22 14 18 34 46 36 7 45 43 5 11 12 32,20 47 4 38 21 42,0
markov-shrink-50,evaluation,2026,232,42,34 47 38 20 21 42 35 12 32 2 10 44 40 22 18 15 30 46 8 13,34 47 38 20 21 42,0
markov-shrink-50,evaluation,2026,233,7,34 47 4 38 20 21 35 12 32 2 10 44 22 14 15 25 46 36 7 45,34 47 4 38 20 21,1
markov-shrink-50,evaluation,2026,234,39,34 47 4 38 20 32 2 10 44 33 40 22 14 18 42 15 25 46 8 13,34 47 4 38 20 32,1
markov-shrink-50,evaluation,2026,235,32,34 47 4 38 21 35 10 44 33 40 14 18 42 30 13 49 43 5 11 17,34 47 4 38 21 35,1
markov-shrink-50,evaluation,2026,236,11,34 47 4 38 20 21 35 12 2 10 44 22 14 15 25 46 32 36 45 43,34 47 4 38 20 21,1
markov-shrink-50,evaluation,2026,237,12,34 47 4 20 35 12 2 44 33 22 14 18 42 15 30 25 8 32 13 38,34 47 4 20 35 12,0
markov-shrink-50,evaluation,2026,238,17,34 47 4 38 20 21 35 2 10 44 22 14 15 25 46 12 32 36 45 43,34 47 4 38 20 21,1
markov-shrink-50,evaluation,2026,239,5,34 47 4 38 20 2 10 44 33 40 22 14 18 42 15 25 46 8 32 13,34 47 4 38 20 2,1
markov-shrink-50,evaluation,2026,240,27,34 47 38 20 35 2 10 44 33 40 22 14 18 15 30 25 46 8 12 32,34 47 38 20 35 2,1
markov-shrink-50,evaluation,2026,241,49,34 47 4 38 20 2 10 44 33 40 22 14 18 42 15 25 46 8 32 13,34 47 4 38 20 2,1
markov-shrink-50,evaluation,2026,242,9,34 47 4 38 21 35 10 44 33 40 14 18 42 30 13 20 43 22 49 3,34 47 4 38 21 35,1
markov-shrink-50,evaluation,2026,243,21,34 47 4 38 21 35 10 44 33 40 14 18 42 30 13 20 43 22 49 3,34 47 4 38 21 35,0
markov-shrink-50,evaluation,2026,244,46,34 47 4 20 35 2 44 33 22 14 18 42 15 30 25 8 32 13 38 31,34 47 4 20 35 2,1
markov-shrink-50,evaluation,2026,245,18,47 4 38 2 22 14 18 21 42 36 20 45 46 43 7 10 44 33 40 3,47 4 38 2 22 14,1
markov-shrink-50,evaluation,2026,246,30,34 4 38 20 35 2 10 33 40 21 42 30 25 8 12 13 45 29 43 31,34 4 38 20 35 2,1
markov-shrink-50,evaluation,2026,247,40,34 47 38 20 35 2 10 44 40 22 21 15 8 12 32 13 36 18 45 30,34 47 38 20 35 2,1
markov-shrink-50,evaluation,2026,248,20,34 47 38 20 35 2 10 44 22 21 15 8 12 32 13 36 18 4 45 30,34 47 38 20 35 2,0
markov-shrink-50,evaluation,2026,249,23,34 47 38 35 2 10 44 22 21 15 8 12 32 13 36 18 4 45 30 29,34 47 38 35 2 10,1
markov-shrink-50,evaluation,2026,250,14,34 4 35 20 10 33 22 14 21 15 25 8 12 32 36 40 18 47 45 30,34 4 35 20 10 33,1
markov-shrink-50,evaluation,2026,251,30,34 47 4 38 35 20 2 44 33 21 42 15 8 12 32 36 40 45 30 29,34 47 4 38 35 20,1
markov-shrink-50,evaluation,2026,252,22,34 47 38 35 2 10 44 22 21 15 8 12 32 13 36 18 45 29 46 43,34 47 38 35 2 10,1
markov-shrink-50,evaluation,2026,253,16,34 47 4 38 35 20 2 10 44 21 15 25 12 32 36 22 14 45 46 43,34 47 4 38 35 20,1
markov-shrink-50,evaluation,2026,254,2,47 4 38 2 34 21 42 36 22 14 45 46 43 7 10 44 3 48 28 5,47 4 38 2 34 21,0
markov-shrink-50,evaluation,2026,255,44,34 47 4 38 35 20 10 44 21 15 25 12 32 2 36 22 14 45 46 43,34 47 4 38 35 20,1
markov-shrink-50,evaluation,2026,256,1,34 47 4 38 35 20 33 21 42 15 8 12 32 2 44 36 40 45 29 46,34 47 4 38 35 20,1
markov-shrink-50,evaluation,2026,257,7,34 47 4 35 20 33 42 15 25 8 32 13 2 44 22 14 18 31 10 30,34 47 4 35 20 33,1
markov-shrink-50,evaluation,2026,258,46,34 47 4 38 20 10 33 42 15 25 8 32 13 2 44 40 22 14 18 45,34 47 4 38 20 10,1
markov-shrink-50,evaluation,2026,259,22,47 4 38 21 42 36 22 14 45 43 20 10 33 3 46 48 28 5 24 11,47 4 38 21 42 36,1
markov-shrink-50,evaluation,2026,260,20,34 47 4 38 35 20 10 21 15 25 12 32 2 36 14 45 43 31 22 33,34 47 4 38 35 20,0
markov-shrink-50,evaluation,2026,261,24,34 47 38 35 10 21 15 8 12 32 13 2 44 36 18 4 45 29 43 31,34 47 38 35 10 21,1
markov-shrink-50,evaluation,2026,262,30,34 47 4 38 35 33 21 42 15 8 20 12 32 2 44 36 40 45 29 31,34 47 4 38 35 33,1
markov-shrink-50,evaluation,2026,263,9,34 47 38 35 10 21 15 8 12 32 13 2 44 36 18 45 29 43 31 33,34 47 38 35 10 21,1
markov-shrink-50,evaluation,2026,264,21,34 47 4 38 35 10 33 42 13 44 40 14 18 43 49 3 48 28 5 11,34 47 4 38 35 10,1
markov-shrink-50,evaluation,2026,265,49,34 47 4 35 33 42 15 25 8 20 32 13 2 44 14 18 38 31 22 10,34 47 4 35 33 42,1
markov-shrink-50,evaluation,2026,266,8,34 47 4 38 35 10 33 42 13 44 40 14 18 43 3 48 28 5 11 17,34 47 4 38 35 10,1
gap-hazard-100,validation,2026,147,13,9 12 42 21 22 32 6 1 47 17 20 13 4 38 23 15 37 8 33 14,9 12 42 21 22 32,1
gap-hazard-100,validation,2026,148,48,9 12 13 22 21 6 1 32 17 47 20 4 23 8 37 43 38 15 26 49,9 12 13 22 21 6,1
gap-hazard-100,validation,2026,149,27,9 12 48 22 21 6 1 32 17 47 20 4 8 43 38 15 14 49 5 37,9 12 48 22 21 6,1
gap-hazard-100,validation,2026,150,9,9 12 27 22 6 21 1 32 20 47 4 8 43 5 38 37 42 15 13 14,9 12 27 22 6 21,0
gap-hazard-100,validation,2026,151,31,9 22 21 6 1 32 47 20 4 8 38 5 15 37 42 14 27 43 46 33,9 22 21 6 1 32,1
gap-hazard-100,validation,2026,152,45,29 31 21 22 32 6 1 47 20 4 38 15 48 42 14 37 8 27 43 9,29 31 21 22 32 6,1
gap-hazard-100,validation,2026,153,41,29 45 21 32 22 47 6 1 20 38 15 48 14 37 4 8 43 9 16 31,29 45 21 32 22 47,1
gap-hazard-100,validation,2026,154,41,41 29 21 32 47 22 6 1 38 15 14 48 37 9 4 43 45 16 18 31,41 29 21 32 47 22,0
gap-hazard-100,validation,2026,155,7,21 29 32 47 22 6 1 38 15 14 37 9 31 4 43 18 45 16 8 48,21 29 32 47 22 6,1
gap-hazard-100,validation,2026,156,1,21 29 32 47 22 6 1 38 15 14 45 9 31 7 18 16 4 48 25 43,21 29 32 47 22 6,1
gap-hazard-100,validation,2026,157,40,21 32 29 47 22 6 38 15 14 1 45 31 18 16 25 48 43 27 4 9,21 32 29 47 22 6,1
gap-hazard-100,validation,2026,158,16,21 32 29 47 22 6 38 15 14 45 1 16 41 40 18 48 43 27 9 4,21 32 29 47 22 6,1
gap-hazard-100,validation,2026,159,39,21 32 29 47 22 6 38 15 14 1 16 18 41 45 48 27 9 4 25 31,21 32 29 47 22 6,1
gap-hazard-100,validation,2026,160,2,21 32 47 29 22 6 38 15 14 18 39 41 45 27 25 9 16 31 34 10,21 32 47 29 22 6,1
gap-hazard-100,validation,2026,161,8,21 32 47 29 22 38 6 15 14 18 45 2 25 9 16 24 31 34 10 43,21 32 47 29 22 38,1
gap-hazard-100,validation,2026,162,32,21 32 47 29 38 15 22 14 6 18 16 45 25 34 8 31 10 43 24 39,21 32 47 29 38 15,0
gap-hazard-100,validation,2026,163,37,21 47 29 22 38 15 6 14 16 18 45 39 25 32 43 24 34 41 10 40,21 47 29 22 38 15,1
gap-hazard-100,validation,2026,164,21,21 47 29 38 15 22 14 6 16 18 39 37 25 43 34 10 41 2 24 27,21 47 29 38 15 22,0
gap-hazard-100,validation,2026,165,3,47 29 22 38 15 6 14 39 18 43 25 41 21 2 37 34 27 24 10 9,47 29 22 38 15 6,1
gap-hazard-100,validation,2026,166,6,47 29 22 6 38 15 14 18 3 39 2 37 27 24 9 25 31 23 8 34,47 29 22 6 38 15,0
gap-hazard-100,validation,2026,167,19,47 29 22 38 15 14 6 18 39 27 25 9 31 24 34 8 10 32 41 23,47 29 22 38 15 14,1
gap-hazard-100,validation,2026,168,15,47 29 38 15 14 39 19 18 27 9 31 6 24 25 32 41 23 3 21 34,47 29 38 15 14 39,0
gap-hazard-100,validation,2026,169,24,29 47 38 14 39 27 3 9 31 18 6 15 24 41 23 19 21 25 5 2,29 47 38 14 39 27,1
gap-hazard-100,validation,2026,170,3,47 29 38 6 14 39 27 24 3 9 37 31 18 41 19 21 25 2 23 34,47 29 38 6 14 39,1
gap-hazard-100,validation,2026,171,28,47 29 38 14 39 9 37 31 3 18 41 25 6 24 2 23 34 10 5 42,47 29 38 14 39 9,1
gap-hazard-100,validation,2026,172,44,29 47 38 14 39 37 31 28 41 18 6 24 23 3 25 5 42 34 19 10,29 47 38 14 39 37,1
gap-hazard-100,validation,2026,173,26,47 29 38 14 39 37 41 18 44 28 3 25 23 34 19 10 5 24 42 32,47 29 38 14 39 37,1
gap-hazard-100,validation,2026,174,41,47 29 38 14 39 37 41 18 26 28 25 34 10 23 24 44 5 42 21 2,47 29 38 14 39 37,1
gap-hazard-100,validation,2026,175,26,47 29 38 14 18 39 37 25 34 10 26 28 23 24 44 5 42 21 48 15,47 29 38 14 18 39,1
gap-hazard-100,validation,2026,176,10,47 29 38 14 18 39 26 37 25 34 10 28 23 5 42 48 15 2 44 36,47 29 38 14 18 39,1
gap-hazard-100,validation,2026,177,14,47 29 38 14 39 18 37 10 25 28 3 23 34 5 42 48 15 2 44 36,47 29 38 14 39 18,0
gap-hazard-100,validation,2026,178,18,29 47 38 39 28 37 18 3 14 23 25 5 34 42 48 41 15 2 44 40,29 47 38 39 28 37,1
gap-hazard-100,validation,2026,179,15,29 47 39 28 38 37 3 18 23 5 42 25 48 41 34 44 26 15 2 40,29 47 39 28 38 37,1
gap-hazard-100,validation,2026,180,21,29 47 39 38 37 28 23 15 5 42 25 48 34 41 26 3 2 40 44 10,29 47 39 38 37 28,1
gap-hazard-100,validation,2026,181,19,29 47 38 37 28 23 5 21 42 25 48 34 41 26 3 40 2 10 44 9,29 47 38 37 28 23,1
gap-hazard-100,validation,2026,182,41,47 38 28 23 19 5 42 37 25 48 34 41 26 40 10 44 18 14 9 36,47 38 28 23 19 5,1
gap-hazard-100,validation,2026,183,24,47 38 23 5 42 37 25 48 34 40 26 18 15 14 36 30 9 19 49 44,47 38 23 5 42 37,1
gap-hazard-100,validation,2026,184,1,47 38 23 5 42 24 25 48 34 37 40 26 32 18 15 30 36 21 9 19,47 38 23 5 42 24,1
gap-hazard-100,validation,2026,185,36,47 38 1 23 25 5 42 34 48 19 40 26 15 32 36 21 30 9 35 24,47 38 1 23 25 5,1
gap-hazard-100,validation,2026,186,23,47 38 23 5 42 48 25 36 34 19 41 40 26 1 32 21 30 9 49 24,47 38 23 5 42 48,0
gap-hazard-100,validation,2026,187,1,47 38 5 25 42 23 48 34 19 41 24 40 1 32 9 49 35 10 17 18,47 38 5 25 42 23,1
gap-hazard-100,validation,2026,188,16,47 38 1 5 25 42 48 34 41 24 40 32 9 49 35 17 18 21 20 14,47 38 1 5 25 42,1
gap-hazard-100,validation,2026,189,15,47 38 25 16 5 34 42 48 24 40 32 36 35 9 49 17 18 21 20 44,47 38 25 16 5 34,1
gap-hazard-100,validation,2026,190,16,47 38 25 5 34 42 48 15 40 23 32 36 35 9 17 20 44 21 18 16,47 38 25 5 34 42,1
gap-hazard-100,validation,2026,191,29,47 38 25 34 5 16 42 48 40 23 32 36 35 17 9 20 44 21 18 4,47 38 25 34 5 16,1
gap-hazard-100,validation,2026,192,25,47 38 5 42 25 48 34 29 40 23 32 35 9 17 20 44 18 36 4 13,47 38 5 42 25 48,0
gap-hazard-100,validation,2026,193,9,47 38 5 42 48 34 40 25 32 15 9 35 17 44 20 18 36 13 4 14,47 38 5 42 48 34,1
gap-hazard-100,validation,2026,194,26,47 38 5 42 48 34 9 16 40 32 15 35 17 20 18 36 4 13 14 22,47 38 5 42 48 34,1
gap-hazard-100,validation,2026,195,25,47 38 5 42 48 34 26 16 40 32 29 15 35 17 20 36 18 4 13 22,47 38 5 42 48 34,1
gap-hazard-100,validation,2026,196,39,47 38 5 42 48 34 16 40 25 32 29 35 17 20 36 18 4 13 22 14,47 38 5 42 48 34,1
gap-hazard-100,validation,2026,197,8,47 38 42 34 48 39 40 29 32 9 35 17 20 18 4 13 36 22 14 6,47 38 42 34 48 39,1
gap-hazard-100,validation,2026,198,7,47 38 34 48 8 40 26 9 32 35 17 20 29 10 18 4 36 22 23 13,47 38 34 48 8 40,1
gap-hazard-100,validation,2026,199,36,47 38 34 48 7 26 40 9 35 32 17 20 25 29 10 14 18 4 36 23,47 38 34 48 7 26,1
gap-hazard-100,validation,2026,200,39,47 38 34 36 26 40 39 35 32 17 20 25 29 9 10 14 4 22 23 6,47 38 34 36 26 40,1
gap-hazard-100,validation,2026,201,32,47 38 34 39 40 35 32 17 20 26 29 9 10 14 4 8 25 22 23 6,47 38 34 39 40 35,1
gap-hazard-100,validation,2026,202,40,47 38 34 32 35 40 17 20 26 29 9 4 10 14 21 8 7 22 23 25,47 38 34 32 35 40,0
gap-hazard-100,validation,2026,203,25,47 38 34 35 40 17 20 26 9 4 10 14 36 8 21 7 22 23 25 30,47 38 34 35 40 17,1
gap-hazard-100,validation,2026,204,5,47 38 34 35 25 17 20 4 26 10 14 36 9 7 21 22 23 30 8 49,47 38 34 35 25 17,1
gap-hazard-100,validation,2026,205,3,47 38 34 5 35 17 20 9 26 4 10 14 36 21 32 22 23 8 30 7,47 38 34 5 35 17,1
gap-hazard-100,validation,2026,206,47,47 38 34 3 35 17 20 4 9 10 14 21 32 40 22 23 36 30 8 7,47 38 34 3 35 17,0
gap-hazard-100,evaluation,2026,207,31,38 34 35 17 47 20 9 4 10 14 39 21 32 40 25 23 22 36 8 7,38 34 35 17 47 20,1
gap-hazard-100,evaluation,2026,208,19,38 34 31 35 17 20 9 4 10 14 39 21 5 40 25 22 36 8 7 32,38 34 31 35 17 20,1
gap-hazard-100,evaluation,2026,209,8,38 34 19 35 17 20 9 4 39 10 14 5 21 25 22 36 7 30 8 32,38 34 19 35 17 20,1
gap-hazard-100,evaluation,2026,210,49,38 34 35 8 17 20 4 9 39 10 14 5 21 22 36 47 30 32 40 49,38 34 35 8 17 20,1
gap-hazard-100,evaluation,2026,211,1,38 34 49 35 17 20 9 4 39 10 14 31 21 22 47 15 5 32 40 30,38 34 49 35 17 20,1
gap-hazard-100,evaluation,2026,212,6,38 34 1 35 17 20 39 19 9 4 31 10 14 21 3 22 47 5 15 32,38 34 1 35 17 20,1
gap-hazard-100,evaluation,2026,213,35,38 34 29 6 35 17 20 19 39 4 9 31 10 14 8 21 3 22 5 15,38 34 29 6 35 17,0
gap-hazard-100,evaluation,2026,214,4,38 34 29 17 35 20 19 39 9 4 49 10 14 8 21 3 31 22 5 15,38 34 29 17 35 20,1
gap-hazard-100,evaluation,2026,215,14,38 29 34 17 4 20 39 49 10 14 8 21 3 31 5 22 15 30 7 32,38 29 34 17 4 20,1
gap-hazard-100,evaluation,2026,216,37,38 34 29 17 14 20 39 6 49 10 3 21 31 22 8 15 30 7 32 40,38 34 29 17 14 20,1
gap-hazard-100,evaluation,2026,217,26,38 29 34 37 17 20 39 6 10 21 31 49 35 22 8 15 7 30 32 40,38 29 34 37 17 20,1
gap-hazard-100,evaluation,2026,218,17,38 34 29 26 17 20 39 6 10 31 21 49 35 22 8 4 15 7 30 32,38 34 29 26 17 20,0
gap-hazard-100,evaluation,2026,219,43,38 29 34 17 39 20 10 31 21 49 35 14 8 4 22 15 7 32 30 40,38 29 34 17 39 20,1
gap-hazard-100,evaluation,2026,220,48,38 29 34 43 39 20 10 31 21 49 14 8 4 15 22 32 40 30 35 33,38 29 34 43 39 20,1
gap-hazard-100,evaluation,2026,221,1,38 29 34 48 39 20 26 10 31 21 49 14 15 22 32 40 35 30 4 33,38 29 34 48 39 20,1
gap-hazard-100,evaluation,2026,222,26,38 29 34 1 20 26 10 31 21 15 32 22 40 30 35 33 25 14 12 47,38 29 34 1 20 26,0
gap-hazard-100,evaluation,2026,223,23,38 29 34 26 20 10 31 21 15 37 43 22 40 30 35 33 25 14 12 47,38 29 34 26 20 10,1
gap-hazard-100,evaluation,2026,224,9,38 29 34 23 20 31 10 21 37 15 43 22 48 30 35 33 25 14 12 47,38 29 34 23 20 31,1
gap-hazard-100,evaluation,2026,225,1,38 34 29 9 20 31 10 21 37 43 22 48 15 30 33 14 25 12 47 17,38 34 29 9 20 31,1
gap-hazard-100,evaluation,2026,226,17,38 34 29 1 20 31 5 10 21 37 22 15 30 43 33 48 14 25 47 12,38 34 29 1 20 31,1
gap-hazard-100,evaluation,2026,227,16,38 34 29 17 20 31 5 10 21 15 22 37 30 33 23 43 14 48 47 25,38 34 29 17 20 31,1
gap-hazard-100,evaluation,2026,228,23,38 34 29 16 20 37 31 5 21 22 15 30 33 23 43 9 14 48 12 25,38 34 29 16 20 37,1
gap-hazard-100,evaluation,2026,229,38,38 34 29 23 20 37 5 21 22 15 30 26 33 43 14 48 12 25 42 47,38 34 29 23 20 37,0
gap-hazard-100,evaluation,2026,230,16,34 29 20 38 37 5 21 15 22 26 30 33 43 14 48 25 12 47 42 9,34 29 20 38 37 5,1
gap-hazard-100,evaluation,2026,231,20,34 29 16 20 37 5 21 43 15 22 26 30 33 14 9 48 25 12 47 42,34 29 16 20 37 5,0
gap-hazard-100,evaluation,2026,232,42,29 34 20 37 5 43 15 26 22 30 14 9 33 21 25 47 12 4 49 42,29 34 20 37 5 43,1
gap-hazard-100,evaluation,2026,233,7,29 34 42 37 5 43 15 26 22 30 14 9 25 21 33 47 12 4 49 13,29 34 42 37 5 43,1
gap-hazard-100,evaluation,2026,234,39,29 34 7 37 5 43 15 22 30 14 9 33 21 25 47 4 12 16 49 13,29 34 7 37 5 43,1
gap-hazard-100,evaluation,2026,235,32,34 29 39 37 5 43 15 22 30 14 9 33 21 25 4 47 16 12 49 35,34 29 39 37 5 43,1
gap-hazard-100,evaluation,2026,236,11,34 29 37 32 9 5 43 15 22 30 14 33 21 25 16 12 47 49 35 4,34 29 37 32 9 5,1
gap-hazard-100,evaluation,2026,237,12,34 29 37 9 5 43 15 22 30 33 21 25 47 12 49 35 4 13 2 42,34 29 37 9 5 43,1
gap-hazard-100,evaluation,2026,238,17,29 34 12 9 5 43 15 22 30 33 21 25 47 49 35 4 13 42 2 7,29 34 12 9 5 43,1
gap-hazard-100,evaluation,2026,239,5,29 34 17 5 9 43 15 22 30 33 21 25 47 49 35 4 42 13 2 7,29 34 17 5 9 43,0
gap-hazard-100,evaluation,2026,240,27,34 29 5 9 43 15 30 22 33 23 21 25 47 49 42 35 7 4 2 13,34 29 5 9 43 15,1
gap-hazard-100,evaluation,2026,241,49,29 34 27 9 30 22 39 23 33 25 21 47 49 42 35 7 4 11 2 13,29 34 27 9 30 22,1
gap-hazard-100,evaluation,2026,242,9,34 29 49 9 48 30 22 39 23 33 21 25 47 42 7 35 32 4 11 2,34 29 49 9 48 30,0
gap-hazard-100,evaluation,2026,243,21,34 9 48 30 22 39 33 23 21 25 47 11 42 7 35 32 4 2 13 5,34 9 48 30 22 39,1
gap-hazard-100,evaluation,2026,244,46,34 21 48 39 30 22 33 23 25 47 11 7 35 32 4 12 2 5 13 38,34 21 48 39 30 22,1
gap-hazard-100,evaluation,2026,245,18,34 46 48 39 30 22 23 25 33 47 7 11 35 32 4 12 49 5 2 13,34 46 48 39 30 22,1
gap-hazard-100,evaluation,2026,246,30,34 18 39 48 30 22 23 25 47 33 7 11 5 35 32 4 12 9 49 2,34 18 39 48 30 22,0
gap-hazard-100,evaluation,2026,247,40,34 30 39 48 23 25 22 47 7 11 33 32 5 35 27 4 12 9 49 38,34 30 39 48 23 25,1
gap-hazard-100,evaluation,2026,248,20,34 40 39 48 11 23 22 25 7 47 49 33 32 5 27 35 12 4 9 38,34 40 39 48 11 23,1
gap-hazard-100,evaluation,2026,249,23,34 20 39 48 9 11 22 25 23 47 49 33 7 5 27 32 35 4 2 21,34 20 39 48 9 11,1
gap-hazard-100,evaluation,2026,250,14,34 23 39 48 9 22 25 47 49 11 33 5 27 35 7 4 32 21 2 13,34 23 39 48 9 22,1
gap-hazard-100,evaluation,2026,251,30,34 14 39 48 9 22 25 49 11 33 47 27 7 35 32 4 21 46 2 13,34 14 39 48 9 22,1
gap-hazard-100,evaluation,2026,252,22,34 30 39 48 9 22 25 49 11 33 47 27 7 35 32 4 21 46 18 2,34 30 39 48 9 22,0
gap-hazard-100,evaluation,2026,253,16,34 22 39 48 9 25 11 47 33 27 7 35 32 4 21 46 18 2 13 38,34 22 39 48 9 25,1
gap-hazard-100,evaluation,2026,254,2,34 16 39 48 11 42 25 33 27 47 7 32 35 4 21 46 18 40 2 13,34 16 39 48 11 42,1
gap-hazard-100,evaluation,2026,255,44,34 2 39 48 11 42 27 47 33 32 35 4 46 18 40 20 38 13 44 14,34 2 39 48 11 42,1
gap-hazard-100,evaluation,2026,256,1,34 44 48 11 42 27 47 33 32 35 4 18 40 46 20 38 13 14 22 45,34 44 48 11 42 27,1
gap-hazard-100,evaluation,2026,257,7,34 1 48 11 42 27 47 33 35 4 46 40 18 14 16 20 38 13 22 45,34 1 48 11 42 27,1
gap-hazard-100,evaluation,2026,258,46,34 7 48 27 42 33 47 35 4 46 40 18 14 16 20 30 13 38 22 2,34 7 48 27 42 33,1
gap-hazard-100,evaluation,2026,259,22,34 46 48 42 27 33 12 47 35 4 14 18 16 40 20 30 38 13 2 44,34 46 48 42 27 33,1
gap-hazard-100,evaluation,2026,260,20,34 22 48 42 27 33 12 47 35 4 18 40 14 38 13 30 17 2 44 45,34 22 48 42 27 33,1
gap-hazard-100,evaluation,2026,261,24,34 20 48 42 33 12 27 47 35 4 18 14 40 38 13 2 30 17 7 44,34 20 48 42 33 12,1
gap-hazard-100,evaluation,2026,262,30,34 24 48 42 12 33 35 4 47 18 40 38 14 2 13 44 30 17 7 45,34 24 48 42 12 33,1
gap-hazard-100,evaluation,2026,263,9,34 30 48 42 12 33 35 4 47 18 40 38 14 13 2 17 44 7 22 45,34 30 48 42 12 33,1
gap-hazard-100,evaluation,2026,264,21,34 9 48 42 12 33 35 4 47 38 18 40 13 14 7 2 17 44 22 45,34 9 48 42 12 33,1
gap-hazard-100,evaluation,2026,265,49,34 21 48 42 12 33 4 47 38 18 13 40 7 46 2 17 14 24 44 22,34 21 48 42 12 33,1
gap-hazard-100,evaluation,2026,266,8,34 49 48 42 33 12 47 38 18 13 40 7 46 14 24 44 17 2 20 45,34 49 48 42 33 12,1
boosted-stumps-32,validation,2026,147,13,42 44 40 46 8 17 49 23 48 1 24 25 12 14 39 21 15 38 10 7,42 44 40 46 8 17,1
boosted-stumps-32,validation,2026,148,48,24 44 7 8 17 49 23 48 1 25 13 12 14 39 21 42 15 38 46 5,24 44 7 8 17 49,1
boosted-stumps-32,validation,2026,149,27,48 38 44 7 25 46 17 1 20 24 12 14 39 21 42 15 8 22 5 9,48 38 44 7 25 46,1
boosted-stumps-32,validation,2026,150,9,1 38 7 25 46 17 48 5 24 12 14 39 21 15 19 8 22 30 9 42,1 38 7 25 46 17,1
boosted-stumps-32,validation,2026,151,31,9 1 38 46 7 17 48 5 24 42 12 14 39 21 15 8 10 40 34 26,9 1 38 46 7 17,1
boosted-stumps-32,validation,2026,152,45,31 46 8 1 7 17 24 5 38 12 14 34 39 21 32 2 10 40 9 26,31 46 8 1 7 17,1
boosted-stumps-32,validation,2026,153,41,45 21 46 8 7 17 24 5 30 38 12 14 39 26 32 2 10 40 35 9,45 21 46 8 7 17,1
boosted-stumps-32,validation,2026,154,41,41 21 46 8 2 7 17 26 24 5 30 12 14 45 25 32 10 35 9 19,41 21 46 8 2 7,0
boosted-stumps-32,validation,2026,155,7,41 21 26 8 2 7 17 24 5 46 30 14 15 45 25 20 32 10 22 35,41 21 26 8 2 7,0
boosted-stumps-32,validation,2026,156,1,7 26 8 32 2 17 25 24 5 30 14 15 45 41 20 10 36 22 18 35,7 26 8 32 2 17,1
boosted-stumps-32,validation,2026,157,40,1 26 8 32 2 7 17 25 24 5 30 14 15 45 19 41 38 20 33 36,1 26 8 32 2 7,1
boosted-stumps-32,validation,2026,158,16,40 26 32 2 7 24 5 30 1 17 18 15 45 29 19 41 38 20 33 36,40 26 32 2 7 24,1
boosted-stumps-32,validation,2026,159,39,16 26 32 24 5 30 17 18 21 15 45 29 19 41 38 46 20 36 22 1,16 26 32 24 5 30,1
boosted-stumps-32,validation,2026,160,2,26 32 24 30 5 39 16 37 45 18 21 15 41 38 44 36 22 1 35 47,26 32 24 30 5 39,1
boosted-stumps-32,validation,2026,161,8,2 32 22 24 25 8 37 45 19 18 21 15 38 10 44 36 30 35 47 42,2 32 22 24 25 8,0
boosted-stumps-32,validation,2026,162,32,8 32 22 24 25 20 37 15 45 18 38 10 44 48 30 35 47 6 13 43,8 32 22 24 25 20,0
boosted-stumps-32,validation,2026,163,37,32 44 22 25 20 24 37 15 45 18 38 10 17 30 1 47 4 6 12 13,32 44 22 25 20 24,1
boosted-stumps-32,validation,2026,164,21,37 32 44 22 25 20 30 1 24 16 15 45 6 18 17 47 29 4 12 13,37 32 44 22 25 20,1
boosted-stumps-32,validation,2026,165,3,32 44 22 25 20 30 1 24 16 37 21 15 45 6 18 42 19 36 34 17,32 44 22 25 20 30,1
boosted-stumps-32,validation,2026,166,6,3 32 44 22 25 20 24 30 16 37 15 45 6 18 42 26 19 36 40 34,3 32 44 22 25 20,1
boosted-stumps-32,validation,2026,167,19,32 40 16 42 19 10 36 18 34 30 6 37 8 26 29 41 23 33 24 25,32 40 16 42 19 10,0
boosted-stumps-32,validation,2026,168,15,16 42 10 36 18 34 30 6 37 19 8 32 26 29 41 46 12 33 25 38,16 42 10 36 18 34,1
boosted-stumps-32,validation,2026,169,24,2 47 42 10 36 18 34 30 16 37 19 8 32 26 29 41 46 12 25 43,2 47 42 10 36 18,1
boosted-stumps-32,validation,2026,170,3,2 47 42 4 20 10 28 18 34 1 21 15 19 32 16 26 29 46 12 25,2 47 42 4 20 10,1
boosted-stumps-32,validation,2026,171,28,3 4 23 28 18 1 21 15 19 32 47 16 26 29 12 2 42 25 10 36,3 4 23 28 18 1,0
boosted-stumps-32,validation,2026,172,44,3 28 4 23 18 1 21 15 19 47 16 26 29 12 33 11 25 10 36 41,3 28 4 23 18 1,1
boosted-stumps-32,validation,2026,173,26,3 44 4 23 30 1 19 47 16 26 29 12 33 11 25 10 36 18 41 2,3 44 4 23 30 1,1
boosted-stumps-32,validation,2026,174,41,3 44 4 20 23 30 1 26 47 29 12 33 11 25 10 36 27 41 22 7,3 44 4 20 23 30,1
boosted-stumps-32,validation,2026,175,26,3 44 24 41 4 38 20 23 30 1 46 12 33 11 25 10 36 31 27 47,3 44 24 41 4 38,1
boosted-stumps-32,validation,2026,176,10,3 44 24 41 42 4 38 20 23 37 1 46 12 33 11 10 31 27 47 6,3 44 24 41 42 4,1
boosted-stumps-32,validation,2026,177,14,3 44 24 41 42 4 20 23 6 16 37 1 10 46 33 40 11 12 27 47,3 44 24 41 42 4,1
boosted-stumps-32,validation,2026,178,18,3 24 41 42 4 20 23 34 16 37 46 8 33 40 11 6 12 27 47 13,3 24 41 42 4 20,1
boosted-stumps-32,validation,2026,179,15,3 28 41 42 4 20 23 34 16 24 37 8 33 40 11 7 29 25 6 12,3 28 41 42 4 20,1
boosted-stumps-32,validation,2026,180,21,15 3 28 41 42 4 38 20 23 34 30 16 37 8 33 40 7 29 25 36,15 3 28 41 42 4,1
boosted-stumps-32,validation,2026,181,19,21 15 28 41 42 38 20 23 34 16 1 3 8 2 33 40 7 29 4 36,21 15 28 41 42 38,1
boosted-stumps-32,validation,2026,182,41,21 44 42 38 46 23 16 1 3 8 2 33 28 40 7 4 20 36 12 13,21 44 42 38 46 23,1
boosted-stumps-32,validation,2026,183,24,26 21 42 38 46 1 3 8 2 31 33 28 40 11 7 4 20 16 12 13,26 21 42 38 46 1,1
boosted-stumps-32,validation,2026,184,1,26 21 19 10 38 30 1 8 2 31 28 40 11 7 4 20 16 12 13 44,26 21 19 10 38 30,1
boosted-stumps-32,validation,2026,185,36,26 21 19 10 1 38 34 30 6 8 2 31 28 40 7 17 47 29 4 16,26 21 19 10 1 38,1
boosted-stumps-32,validation,2026,186,23,15 19 10 1 38 34 26 6 21 8 2 31 28 40 39 7 17 29 4 16,15 19 10 1 38 34,1
boosted-stumps-32,validation,2026,187,1,15 19 23 46 26 6 37 21 42 3 8 2 10 31 28 40 34 39 7 4,15 19 23 46 26 6,1
boosted-stumps-32,validation,2026,188,16,15 19 46 6 37 21 24 42 26 3 8 20 2 31 44 28 40 11 34 39,15 19 46 6 37 21,1
boosted-stumps-32,validation,2026,189,15,15 46 30 6 37 21 24 41 42 26 8 20 2 31 44 28 40 11 34 39,15 46 30 6 37 21,0
boosted-stumps-32,validation,2026,190,16,46 30 6 21 15 24 41 42 26 29 8 2 31 44 28 40 11 34 39 7,46 30 6 21 15 24,1
boosted-stumps-32,validation,2026,191,29,23 36 30 6 15 24 41 42 8 2 31 44 28 40 22 11 34 39 7 9,23 36 30 6 15 24,1
boosted-stumps-32,validation,2026,192,25,23 1 30 6 36 15 41 8 2 10 31 44 28 5 40 22 11 34 7 9,23 1 30 6 36 15,1
boosted-stumps-32,validation,2026,193,9,23 38 36 15 6 20 12 2 10 31 44 28 5 40 22 11 34 9 21 42,23 38 36 15 6 20,1
boosted-stumps-32,validation,2026,194,26,23 38 46 36 15 9 6 20 12 31 44 28 5 40 22 34 21 42 3 10,23 38 46 36 15 9,1
boosted-stumps-32,validation,2026,195,25,23 46 36 9 26 19 6 38 20 31 44 28 5 40 24 39 42 12 10 14,23 46 36 9 26 19,1
boosted-stumps-32,validation,2026,196,39,1 26 6 38 8 20 31 44 37 28 5 40 24 27 42 12 10 36 14 17,1 26 6 38 8 20,1
boosted-stumps-32,validation,2026,197,8,29 25 1 26 45 6 38 8 31 44 5 40 27 11 42 20 12 2 28 36,29 25 1 26 45 6,1
boosted-stumps-32,validation,2026,198,7,29 25 1 15 8 26 45 6 38 31 5 22 27 11 34 21 42 20 12 2,29 25 1 15 8 26,1
boosted-stumps-32,validation,2026,199,36,29 25 39 46 1 15 8 9 26 6 38 23 31 22 34 42 20 2 5 36,29 25 39 46 1 15,1
boosted-stumps-32,validation,2026,200,39,29 25 39 46 1 36 9 26 15 6 23 10 31 37 22 34 8 20 2 27,29 25 39 46 1 36,0
boosted-stumps-32,validation,2026,201,32,39 25 19 30 1 36 9 26 40 15 23 10 31 44 37 28 22 34 8 6,39 25 19 30 1 36,1
boosted-stumps-32,validation,2026,202,40,39 30 1 36 9 26 21 15 12 23 10 44 37 22 24 34 8 6 2 48,39 30 1 36 9 26,1
boosted-stumps-32,validation,2026,203,25,39 30 1 36 9 26 12 23 10 44 37 22 24 17 40 49 6 2 48 14,39 30 1 36 9 26,1
boosted-stumps-32,validation,2026,204,5,39 30 1 36 26 29 23 10 5 22 24 9 17 40 49 35 2 43 48 14,39 30 1 36 26 29,1
boosted-stumps-32,validation,2026,205,3,39 5 19 38 46 30 1 36 29 23 22 24 9 40 49 35 2 43 48 28,39 5 19 38 46 30,1
boosted-stumps-32,validation,2026,206,47,5 19 38 46 1 36 25 21 15 45 29 23 22 24 9 40 49 35 2 43,5 19 38 46 1 36,1
boosted-stumps-32,evaluation,2026,207,31,19 38 46 21 15 45 29 25 23 31 44 1 5 22 24 43 48 14 47 42,19 38 46 21 15 45,1
boosted-stumps-32,evaluation,2026,208,19,19 38 46 31 15 45 29 25 10 5 22 24 21 43 48 1 14 47 42 4,19 38 46 31 15 45,0
boosted-stumps-32,evaluation,2026,209,8,19 38 46 15 45 30 29 25 12 10 5 24 11 39 17 21 43 31 1 22,19 38 46 15 45 30,1
boosted-stumps-32,evaluation,2026,210,49,19 46 49 15 45 30 3 29 25 38 12 10 37 24 11 17 43 1 8 47,19 46 49 15 45 30,0
boosted-stumps-32,evaluation,2026,211,1,19 46 45 30 3 29 25 38 12 24 11 9 49 26 43 10 1 47 4 6,19 46 45 30 3 29,1
boosted-stumps-32,evaluation,2026,212,6,19 46 45 30 3 29 25 35 23 28 24 11 9 1 49 26 43 10 47 4,19 46 45 30 3 29,1
boosted-stumps-32,evaluation,2026,213,35,46 21 45 30 3 29 25 35 23 44 28 5 22 24 11 9 49 26 10 1,46 21 45 30 3 29,1
boosted-stumps-32,evaluation,2026,214,4,46 40 35 21 45 30 29 25 23 44 48 28 24 11 17 49 26 3 10 14,46 40 35 21 45 30,1
boosted-stumps-32,evaluation,2026,215,14,46 40 21 45 35 23 44 48 37 28 11 17 49 26 3 25 13 10 24 14,46 40 21 45 35 23,1
boosted-stumps-32,evaluation,2026,216,37,46 40 21 45 35 23 44 48 37 28 39 17 14 49 26 3 25 10 24 47,46 40 21 45 35 23,1
boosted-stumps-32,evaluation,2026,217,26,46 40 37 21 15 35 12 23 48 28 5 22 39 9 17 49 26 3 25 10,46 40 37 21 15 35,1
boosted-stumps-32,evaluation,2026,218,17,46 40 21 15 29 35 43 48 37 28 5 39 9 17 26 49 3 25 23 10,46 40 21 15 29 35,1
boosted-stumps-32,evaluation,2026,219,43,19 40 17 21 15 29 35 43 48 37 28 5 39 9 49 26 3 25 31 1,19 40 17 21 15 29,1
boosted-stumps-32,evaluation,2026,220,48,19 43 21 15 45 35 44 48 37 28 5 40 39 9 17 49 26 3 25 32,19 43 21 15 45 35,1
boosted-stumps-32,evaluation,2026,221,1,19 48 21 15 45 30 35 43 44 37 28 5 40 11 9 17 49 42 26 3,19 48 21 15 45 30,1
boosted-stumps-32,evaluation,2026,222,26,19 21 15 45 30 35 13 23 44 37 5 40 11 9 17 1 49 42 3 32,19 21 15 45 30 35,1
boosted-stumps-32,evaluation,2026,223,23,26 19 21 15 45 30 29 35 13 23 31 44 37 5 40 22 11 7 9 17,26 19 21 15 45 30,1
boosted-stumps-32,evaluation,2026,224,9,19 12 23 26 15 45 30 35 13 31 37 5 40 22 11 39 7 9 17 42,19 12 23 26 15 45,1
boosted-stumps-32,evaluation,2026,225,1,46 9 26 45 30 35 12 13 23 31 48 37 28 5 40 11 39 7 17 42,46 9 26 45 30 35,1
boosted-stumps-32,evaluation,2026,226,17,46 26 45 30 35 12 13 31 48 37 28 5 40 11 39 17 1 47 42 15,46 26 45 30 35 12,1
boosted-stumps-32,evaluation,2026,227,16,17 12 44 35 46 13 43 48 28 1 26 21 45 30 31 37 5 40 39 38,17 12 44 35 46 13,1
boosted-stumps-32,evaluation,2026,228,23,17 12 45 35 46 43 48 28 18 1 49 21 30 25 44 37 5 40 39 38,17 12 45 35 46 43,1
boosted-stumps-32,evaluation,2026,229,38,23 12 46 43 28 27 17 1 49 30 19 25 44 37 5 40 39 38 13 11,23 12 46 43 28 27,1
boosted-stumps-32,evaluation,2026,230,16,23 38 1 12 46 28 27 30 19 25 43 44 37 40 39 13 11 47 35 48,23 38 1 12 46 28,1
boosted-stumps-32,evaluation,2026,231,20,23 1 16 12 27 30 19 25 31 44 37 40 39 29 38 13 11 46 22 9,23 1 16 12 27 30,1
boosted-stumps-32,evaluation,2026,232,42,23 20 29 38 12 27 18 30 19 31 44 37 40 13 11 22 9 17 39 7,23 20 29 38 12 27,1
boosted-stumps-32,evaluation,2026,233,7,23 42 38 12 7 30 27 18 16 19 31 44 37 40 29 13 11 22 9 39,23 42 38 12 7 30,0
boosted-stumps-32,evaluation,2026,234,39,7 38 12 30 28 27 16 19 44 40 14 29 13 18 11 47 22 9 39 15,7 38 12 30 28 27,1
boosted-stumps-32,evaluation,2026,235,32,39 38 13 11 12 23 28 27 16 8 44 40 14 29 18 7 47 22 15 43,39 38 13 11 12 23,1
boosted-stumps-32,evaluation,2026,236,11,32 29 38 13 46 12 23 11 39 16 8 40 14 27 18 7 47 10 28 22,32 29 38 13 46 12,1
boosted-stumps-32,evaluation,2026,237,12,11 29 38 13 18 4 46 12 23 39 16 49 8 27 7 47 10 28 22 34,11 29 38 13 18 4,1
boosted-stumps-32,evaluation,2026,238,17,12 29 38 13 18 7 30 4 46 23 11 39 49 19 8 27 10 28 22 34,12 29 38 13 18 7,1
boosted-stumps-32,evaluation,2026,239,5,17 29 38 13 27 18 49 30 46 12 11 39 19 8 7 10 22 34 14 15,17 29 38 13 27 18,1
boosted-stumps-32,evaluation,2026,240,27,5 29 38 13 27 18 49 30 46 12 11 39 19 8 7 17 42 10 15 31,5 29 38 13 27 18,0
boosted-stumps-32,evaluation,2026,241,49,27 29 38 13 18 49 30 46 12 11 39 19 25 41 8 14 7 10 31 36,27 29 38 13 18 49,0
boosted-stumps-32,evaluation,2026,242,9,49 38 18 30 4 46 13 11 19 25 8 23 44 14 29 27 7 35 12 10,49 38 18 30 4 46,1
boosted-stumps-32,evaluation,2026,243,21,9 38 18 7 49 47 30 4 11 17 19 25 8 23 44 14 29 13 27 12,9 38 18 7 49 47,1
boosted-stumps-32,evaluation,2026,244,46,21 38 18 7 49 47 30 4 44 11 34 19 25 8 23 14 29 46 13 27,21 38 18 7 49 47,1
boosted-stumps-32,evaluation,2026,245,18,46 38 18 7 49 21 47 4 44 27 11 34 19 25 41 8 23 29 13 17,46 38 18 7 49 21,0
boosted-stumps-32,evaluation,2026,246,30,18 29 7 49 21 47 4 35 44 27 11 34 25 41 8 38 46 13 17 10,18 29 7 49 21 47,1
boosted-stumps-32,evaluation,2026,247,40,30 49 21 42 46 12 27 18 11 7 47 29 4 35 44 28 25 41 8 31,30 49 21 42 46 12,1
boosted-stumps-32,evaluation,2026,248,20,40 49 21 42 27 18 11 17 7 47 35 44 28 25 41 8 31 38 46 43,40 49 21 42 27 18,1
boosted-stumps-32,evaluation,2026,249,23,21 42 38 18 11 23 7 17 47 35 44 28 20 25 41 8 31 49 46 43,21 42 38 18 11 23,0
boosted-stumps-32,evaluation,2026,250,14,23 21 42 38 18 11 7 17 47 35 10 44 28 19 25 8 24 49 46 43,23 21 42 38 18 11,1
boosted-stumps-32,evaluation,2026,251,30,14 21 42 38 46 23 18 11 9 7 4 35 44 28 19 25 8 24 49 27,14 21 42 38 46 23,1
boosted-stumps-32,evaluation,2026,252,22,30 21 42 38 46 23 27 14 18 49 7 4 35 43 44 19 24 11 9 39,30 21 42 38 46 23,1
boosted-stumps-32,evaluation,2026,253,16,30 22 21 42 38 46 23 27 14 18 49 7 29 4 35 44 19 36 24 11,30 22 21 42 38 46,1
boosted-stumps-32,evaluation,2026,254,2,30 42 38 46 23 22 27 14 18 21 39 7 17 47 29 4 10 19 37 36,30 42 38 46 23 22,1
boosted-stumps-32,evaluation,2026,255,44,30 2 42 38 46 23 22 27 14 11 21 39 7 9 17 47 29 4 19 25,30 2 42 38 46 23,1
boosted-stumps-32,evaluation,2026,256,1,30 44 42 38 46 23 27 14 21 7 9 17 29 4 43 25 41 8 37 24,30 44 42 38 46 23,1
boosted-stumps-32,evaluation,2026,257,7,42 46 23 27 14 49 21 17 29 4 43 28 25 41 8 24 44 22 11 39,42 46 23 27 14 49,1
boosted-stumps-32,evaluation,2026,258,46,7 42 23 44 14 49 21 17 29 4 35 43 10 28 25 41 46 22 27 11,7 42 23 44 14 49,1
boosted-stumps-32,evaluation,2026,259,22,46 42 44 22 14 11 49 17 29 4 43 10 28 6 25 41 36 23 27 7,46 42 44 22 14 11,0
boosted-stumps-32,evaluation,2026,260,20,22 42 44 14 11 7 9 17 29 4 10 28 6 25 41 37 46 27 49 21,22 42 44 14 11 7,1
boosted-stumps-32,evaluation,2026,261,24,22 20 42 46 27 11 7 14 39 9 17 47 29 4 10 41 8 37 44 49,22 20 42 46 27 11,1
boosted-stumps-32,evaluation,2026,262,30,22 24 42 27 7 21 23 5 14 39 9 17 4 35 10 3 41 37 46 44,22 24 42 27 7 21,1
boosted-stumps-32,evaluation,2026,263,9,30 42 27 49 21 23 5 14 39 9 17 4 35 10 3 19 41 37 46 44,30 42 27 49 21 23,1
boosted-stumps-32,evaluation,2026,264,21,9 27 49 21 23 14 39 17 42 35 10 37 19 41 46 2 44 22 24 7,9 27 49 21 23 14,0
boosted-stumps-32,evaluation,2026,265,49,21 46 27 9 49 23 14 39 17 42 29 35 43 37 19 25 41 2 44 22,21 46 27 9 49 23,0
boosted-stumps-32,evaluation,2026,266,8,49 21 27 7 9 14 17 47 42 29 35 43 37 19 25 41 36 39 46 2,49 21 27 7 9 14,1
consensus-two-stage,validation,2026,147,13,21 38 8 20 40 25 15 17 14 42 12 32 22 44 47 34 4 10 46 9,38 8 12 25 20 15,1
consensus-two-stage,validation,2026,148,48,8 21 25 20 38 32 15 14 12 22 17 40 9 47 44 18 34 7 10 46,8 38 22 25 12 20,1
consensus-two-stage,validation,2026,149,27,20 38 21 25 8 32 17 12 15 44 40 22 14 34 7 42 1 47 9 46,20 38 8 21 12 25,1
consensus-two-stage,validation,2026,150,9,21 38 25 20 8 32 15 14 22 46 12 1 34 47 7 40 42 18 4 9,8 38 21 25 22 20,1
consensus-two-stage,validation,2026,151,31,21 38 8 32 20 25 15 14 40 34 42 10 9 1 22 47 46 18 44 4,8 38 21 10 20 25,1
consensus-two-stage,validation,2026,152,45,8 32 20 21 25 38 14 15 40 34 22 1 4 18 47 31 7 42 44 2,8 20 25 32 34 38,1
consensus-two-stage,validation,2026,153,41,21 8 32 38 20 25 14 34 15 40 46 47 10 22 18 7 4 45 1 17,8 21 32 20 25 34,1
consensus-two-stage,validation,2026,154,41,32 8 25 21 38 14 15 22 20 47 18 34 4 41 40 2 7 10 17 1,32 8 25 22 38 34,1
consensus-two-stage,validation,2026,155,7,32 8 15 25 21 14 20 22 38 34 2 18 47 4 7 10 40 17 1 46,8 25 32 22 10 18,1
consensus-two-stage,validation,2026,156,1,32 25 8 21 15 14 18 22 20 38 47 34 4 10 40 7 36 2 17 1,32 25 8 18 22 10,1
consensus-two-stage,validation,2026,157,40,32 25 8 14 18 15 21 20 22 2 34 47 38 36 4 17 40 29 44 35,25 32 18 22 8 21,1
consensus-two-stage,validation,2026,158,16,32 18 38 21 15 25 20 22 40 2 34 8 47 36 14 29 4 26 19 35,32 18 22 34 36 21,1
consensus-two-stage,validation,2026,159,39,32 18 21 15 38 22 20 25 47 36 34 4 14 26 17 46 29 8 24 45,32 18 22 34 26 25,1
consensus-two-stage,validation,2026,160,2,32 18 21 15 38 25 47 34 22 8 4 14 36 26 44 10 40 20 35 39,32 18 25 10 22 36,1
consensus-two-stage,validation,2026,161,8,32 25 21 8 38 22 15 18 47 34 10 24 20 36 14 2 4 19 44 45,25 32 18 22 8 10,0
consensus-two-stage,validation,2026,162,32,32 25 38 15 20 18 22 8 47 34 21 10 24 4 44 29 14 35 19 36,32 25 18 29 19 15,0
consensus-two-stage,validation,2026,163,37,15 25 38 22 20 18 47 32 4 24 21 34 10 44 14 36 17 29 19 40,18 25 22 24 4 36,1
consensus-two-stage,validation,2026,164,21,15 25 18 20 22 47 38 4 10 32 34 21 24 29 14 44 36 8 17 6,18 25 22 10 24 29,1
consensus-two-stage,validation,2026,165,3,25 18 15 20 22 34 47 38 32 21 4 24 36 14 44 29 30 8 10 6,25 22 18 24 34 38,1
consensus-two-stage,validation,2026,166,6,15 25 18 22 20 32 34 47 38 24 3 14 36 4 6 26 40 29 44 30,25 22 34 18 29 26,1
consensus-two-stage,validation,2026,167,19,18 25 34 10 47 22 15 20 24 36 14 38 29 32 8 4 26 21 42 40,25 24 22 34 18 26,1
consensus-two-stage,validation,2026,168,15,18 25 34 38 32 47 10 14 15 36 42 8 20 19 21 26 4 29 30 44,25 42 10 26 34 18,1
consensus-two-stage,validation,2026,169,24,47 18 25 34 32 38 36 10 42 14 20 15 8 21 2 46 29 4 26 44,25 26 10 34 42 20,1
consensus-two-stage,validation,2026,170,3,47 18 20 34 42 21 32 4 38 14 15 25 2 36 46 29 10 8 26 3,42 29 26 18 34 10,1
consensus-two-stage,validation,2026,171,28,18 25 47 32 4 20 38 34 21 15 14 29 26 36 42 3 10 8 46 28,25 29 18 26 42 20,1
consensus-two-stage,validation,2026,172,44,25 47 38 4 21 42 18 20 34 29 28 10 15 14 23 31 19 3 32 26,42 25 29 31 20 32,1
consensus-two-stage,validation,2026,173,26,47 18 25 38 29 4 34 20 44 42 36 14 26 21 23 15 10 32 19 46,29 42 25 26 34 20,0
consensus-two-stage,validation,2026,174,41,47 25 20 38 10 4 29 34 18 36 42 14 21 15 23 41 44 22 46 26,29 25 20 42 22 46,1
consensus-two-stage,validation,2026,175,26,25 20 38 47 4 34 10 23 18 36 42 14 24 44 15 12 29 46 30 8,23 20 42 34 4 8,1
consensus-two-stage,validation,2026,176,10,38 20 47 42 4 10 23 25 14 34 18 29 15 46 36 44 28 40 7 11,42 23 20 29 4 40,1
consensus-two-stage,validation,2026,177,14,20 38 47 42 34 10 23 14 4 25 15 18 40 44 29 36 3 46 8 28,20 42 23 40 38 4,1
consensus-two-stage,validation,2026,178,18,34 20 47 4 38 42 23 18 40 15 14 8 25 29 21 46 36 3 33 44,23 42 20 40 34 4,1
consensus-two-stage,validation,2026,179,15,34 42 20 25 38 4 40 29 28 23 8 47 3 18 7 21 2 33 10 15,40 42 8 34 20 4,1
consensus-two-stage,validation,2026,180,21,38 34 40 47 20 25 4 15 42 23 29 8 28 36 10 21 30 46 2 33,40 8 20 34 4 42,1
consensus-two-stage,validation,2026,181,19,34 38 20 47 23 40 42 8 21 25 2 36 4 29 15 28 10 33 35 12,40 8 2 42 23 20,1
consensus-two-stage,validation,2026,182,41,38 40 42 23 34 47 8 20 25 44 10 4 21 46 36 28 18 32 33 35,40 8 23 20 34 42,1
consensus-two-stage,validation,2026,183,24,38 40 34 42 20 23 47 25 8 4 46 32 18 31 15 36 35 33 10 12,20 40 23 42 38 12,1
consensus-two-stage,validation,2026,184,1,38 40 34 20 42 47 8 4 32 21 23 10 30 46 31 15 5 7 12 35,20 40 42 23 34 12,1
consensus-two-stage,validation,2026,185,36,34 47 20 40 8 25 38 10 23 4 32 30 21 42 17 15 31 35 12 36,17 20 34 42 23 12,1
consensus-two-stage,validation,2026,186,23,34 38 40 42 47 20 23 25 21 4 10 17 8 32 46 36 15 7 5 19,40 17 20 34 42 23,0
consensus-two-stage,validation,2026,187,1,34 40 38 47 46 42 8 4 25 21 32 20 10 23 15 19 7 14 33 35,40 42 34 8 4 10,1
consensus-two-stage,validation,2026,188,16,34 42 20 47 25 40 8 4 32 46 21 15 2 5 44 38 24 33 13 35,20 42 34 40 8 4,1
consensus-two-stage,validation,2026,189,15,34 20 42 38 40 46 25 47 4 21 15 5 2 7 32 24 36 8 17 11,20 40 34 42 38 4,1
consensus-two-stage,validation,2026,190,16,34 40 38 25 47 46 8 42 20 32 4 30 17 15 35 7 36 5 44 2,40 38 34 17 8 42,1
consensus-two-stage,validation,2026,191,29,34 38 42 40 36 25 47 22 20 4 17 46 23 5 7 2 32 11 8 21,40 22 34 42 38 17,1
consensus-two-stage,validation,2026,192,25,38 34 40 25 47 5 42 8 4 32 23 30 17 35 36 44 6 20 11 13,40 38 34 17 8 4,1
consensus-two-stage,validation,2026,193,9,38 34 40 20 47 25 5 36 32 4 22 12 42 44 17 15 35 2 46 9,40 22 38 34 17 9,0
consensus-two-stage,validation,2026,194,26,38 40 34 42 5 47 20 32 4 17 46 35 36 9 3 22 14 12 6 13,40 38 3 22 34 17,1
consensus-two-stage,validation,2026,195,25,38 40 20 42 5 47 46 36 17 34 32 14 25 35 26 9 4 12 22 18,40 20 38 42 17 5,1
consensus-two-stage,validation,2026,196,39,38 40 20 5 34 47 17 8 42 32 35 12 25 36 46 14 44 6 27 4,40 20 38 8 42 17,1
consensus-two-stage,validation,2026,197,8,38 40 42 34 17 47 8 32 35 20 11 5 29 6 14 44 13 12 4 30,40 38 17 8 42 11,0
consensus-two-stage,validation,2026,198,7,38 34 40 20 17 8 35 42 47 22 29 12 6 31 25 4 36 13 45 46,38 40 17 20 34 22,1
consensus-two-stage,validation,2026,199,36,38 34 20 40 17 47 46 22 25 32 42 29 14 4 36 10 8 9 31 23,38 40 22 34 20 42,1
consensus-two-stage,validation,2026,200,39,34 38 20 46 47 36 22 40 17 14 25 4 32 10 9 29 42 11 2 39,20 22 34 11 46 40,1
consensus-two-stage,validation,2026,201,32,34 40 38 47 30 10 17 14 22 4 35 25 20 9 19 11 39 32 42 23,40 22 34 20 11 19,1
consensus-two-stage,validation,2026,202,40,34 38 40 20 47 10 22 12 17 14 30 4 21 35 46 23 44 9 25 36,40 22 38 10 34 21,0
consensus-two-stage,validation,2026,203,25,38 34 10 20 12 22 40 30 17 47 35 36 4 46 14 8 44 26 23 9,22 10 38 14 23 20,1
consensus-two-stage,validation,2026,204,5,38 34 17 35 10 20 22 30 14 47 4 36 5 46 2 26 12 25 33 49,22 10 38 14 17 20,1
consensus-two-stage,validation,2026,205,3,38 20 35 14 34 22 30 4 5 47 17 46 10 36 19 2 33 12 9 49,38 22 14 19 20 46,1
consensus-two-stage,validation,2026,206,47,38 35 20 34 14 22 47 4 46 10 21 40 9 36 45 19 12 33 49 15,38 22 21 14 20 46,1
consensus-two-stage,evaluation,2026,207,31,38 20 34 22 14 46 47 4 17 10 23 19 45 18 25 35 21 42 33 44,22 38 21 23 14 20,1
consensus-two-stage,evaluation,2026,208,19,38 22 20 14 34 4 10 46 35 31 17 5 15 12 18 19 25 42 33 30,22 38 14 20 15 10,1
consensus-two-stage,evaluation,2026,209,8,38 10 17 34 14 20 4 30 22 35 21 5 11 12 19 46 18 42 33 45,10 38 22 21 11 14,1
consensus-two-stage,evaluation,2026,210,49,38 17 10 12 20 34 4 30 35 49 45 46 42 33 8 40 21 29 47 43,38 10 12 49 17 29,0
consensus-two-stage,evaluation,2026,211,1,38 34 10 20 4 12 30 35 17 46 9 11 49 47 18 33 21 14 43 45,38 12 10 11 20 30,1
consensus-two-stage,evaluation,2026,212,6,35 20 34 4 38 30 10 46 45 22 12 17 23 11 47 18 33 14 19 9,23 10 11 20 30 45,1
consensus-two-stage,evaluation,2026,213,35,38 46 35 20 22 21 34 17 14 4 45 5 10 9 11 30 12 24 29 28,21 22 9 10 11 46,1
consensus-two-stage,evaluation,2026,214,4,38 17 35 20 34 46 10 14 4 30 12 40 45 21 11 29 22 44 18 33,21 10 11 40 46 17,1
consensus-two-stage,evaluation,2026,215,14,38 17 20 34 21 46 14 12 4 40 45 10 35 11 37 42 33 44 47 49,21 11 40 10 38 17,1
consensus-two-stage,evaluation,2026,216,37,38 17 46 20 34 21 40 12 45 10 35 14 37 42 33 30 2 44 49 23,23 21 17 40 38 46,1
consensus-two-stage,evaluation,2026,217,26,38 17 22 20 12 34 46 10 40 35 21 15 42 33 4 2 23 47 39 37,23 12 40 10 38 17,1
consensus-two-stage,evaluation,2026,218,17,38 17 46 20 21 22 40 4 35 34 29 12 10 43 15 28 2 30 48 11,21 40 29 38 30 17,0
consensus-two-stage,evaluation,2026,219,43,38 17 20 40 22 29 10 4 34 15 21 35 33 43 14 46 12 39 28 42,29 40 21 38 46 10,1
consensus-two-stage,evaluation,2026,220,48,38 21 20 35 40 10 43 4 12 34 22 45 15 14 30 9 33 29 46 18,21 40 9 46 38 45,1
consensus-two-stage,evaluation,2026,221,1,38 21 30 34 20 35 40 10 12 42 17 45 48 9 11 33 29 28 22 15,21 30 40 9 12 38,1
consensus-two-stage,evaluation,2026,222,26,30 34 35 20 12 15 21 38 13 42 44 22 11 10 40 33 45 23 32 2,30 21 23 12 38 11,1
consensus-two-stage,evaluation,2026,223,23,38 22 21 11 20 34 12 30 40 42 29 15 35 45 9 13 44 46 43 10,21 9 11 40 30 29,1
consensus-two-stage,evaluation,2026,224,9,12 38 22 34 30 20 10 15 35 40 21 4 11 9 46 13 33 45 29 42,12 30 9 40 45 38,0
consensus-two-stage,evaluation,2026,225,1,38 12 30 34 11 10 20 17 13 46 40 22 9 42 21 33 28 44 35 15,12 30 11 40 13 38,1
consensus-two-stage,evaluation,2026,226,17,12 38 30 20 22 13 11 5 34 42 17 15 46 31 33 47 35 44 48 37,12 30 13 5 11 38,1
consensus-two-stage,evaluation,2026,227,16,38 12 44 17 46 13 20 22 34 21 11 42 40 30 47 18 15 28 45 29,38 21 13 40 46 11,1
consensus-two-stage,evaluation,2026,228,23,38 12 46 11 22 21 18 20 45 42 5 43 34 44 30 28 13 40 47 17,38 12 11 5 21 46,1
consensus-two-stage,evaluation,2026,229,38,38 12 46 22 30 34 40 20 11 21 43 13 5 29 27 44 15 18 28 42,12 38 30 46 13 40,0
consensus-two-stage,evaluation,2026,230,16,12 38 30 40 34 20 22 13 47 25 21 46 11 44 29 28 42 43 5 2,12 30 40 13 44 21,1
consensus-two-stage,evaluation,2026,231,20,12 22 11 20 34 46 21 40 38 44 47 30 13 42 25 18 27 29 5 2,12 11 40 44 46 21,1
consensus-two-stage,evaluation,2026,232,42,12 20 22 30 38 34 29 40 11 18 13 44 47 21 27 42 15 37 5 43,12 13 11 30 40 44,1
consensus-two-stage,evaluation,2026,233,7,12 38 22 30 34 44 27 42 11 40 15 29 46 13 47 18 7 2 43 5,12 40 44 30 27 22,1
consensus-two-stage,evaluation,2026,234,39,12 38 22 47 13 40 29 44 30 11 34 7 18 46 14 15 27 33 4 28,13 12 40 44 46 47,1
consensus-two-stage,evaluation,2026,235,32,12 38 11 13 47 40 18 22 30 44 34 29 4 28 43 14 33 27 39 15,13 12 11 18 44 40,1
consensus-two-stage,evaluation,2026,236,11,12 38 22 46 47 34 29 32 11 13 30 18 14 15 4 27 43 40 20 44,12 18 46 14 4 13,1
consensus-two-stage,evaluation,2026,237,12,12 34 13 18 22 4 38 29 47 46 30 27 33 15 44 5 49 40 20 43,13 12 18 4 40 46,0
consensus-two-stage,evaluation,2026,238,17,38 34 12 4 13 46 29 18 22 43 47 27 30 15 5 35 20 14 49 44,18 43 4 13 46 30,1
consensus-two-stage,evaluation,2026,239,5,29 38 34 18 13 22 47 49 17 15 46 4 33 10 14 30 20 43 27 8,13 29 18 4 49 38,1
consensus-two-stage,evaluation,2026,240,27,29 38 18 34 13 46 47 30 49 27 15 33 12 11 10 20 5 4 7 25,13 18 29 4 38 46,1
consensus-two-stage,evaluation,2026,241,49,38 29 18 13 34 47 46 4 27 33 25 14 20 12 30 11 22 7 42 49,13 18 4 29 38 42,1
consensus-two-stage,evaluation,2026,242,9,38 18 13 34 29 4 11 49 47 30 33 35 44 14 46 10 25 12 21 22,13 18 4 44 38 29,1
consensus-two-stage,evaluation,2026,243,21,38 47 18 34 4 11 13 30 33 44 14 35 10 25 22 12 7 21 46 9,13 18 44 4 38 47,1
consensus-two-stage,evaluation,2026,244,46,34 4 18 47 38 30 44 33 13 11 46 22 25 21 14 35 7 10 29 20,4 18 46 13 38 10,0
consensus-two-stage,evaluation,2026,245,18,38 4 46 18 47 11 22 34 7 44 13 25 10 48 30 33 36 49 20 14,4 18 13 38 10 20,0
consensus-two-stage,evaluation,2026,246,30,34 4 38 35 25 44 18 29 47 11 10 13 22 30 20 7 33 48 12 31,4 44 38 10 20 31,1
consensus-two-stage,evaluation,2026,247,40,47 34 30 38 35 12 44 11 46 13 27 29 18 4 25 21 49 22 10 31,38 13 47 44 31 11,1
consensus-two-stage,evaluation,2026,248,20,47 34 38 35 44 11 27 33 40 49 18 21 12 10 22 4 13 31 28 25,47 4 38 31 44 11,1
consensus-two-stage,evaluation,2026,249,23,47 38 34 35 44 11 18 13 20 21 33 25 22 10 4 31 23 7 28 48,38 44 31 47 4 35,1
consensus-two-stage,evaluation,2026,250,14,34 47 35 33 25 10 38 18 4 11 22 21 7 27 44 14 49 43 48 8,47 4 38 35 11 14,0
consensus-two-stage,evaluation,2026,251,30,34 38 35 4 44 33 46 11 47 21 7 14 25 42 27 49 9 18 8 48,4 38 44 35 11 34,1
consensus-two-stage,evaluation,2026,252,22,34 38 35 47 44 30 46 18 21 27 33 11 10 49 43 22 4 29 13 7,38 47 44 35 34 11,1
consensus-two-stage,evaluation,2026,253,16,38 34 22 35 44 4 47 46 27 21 10 25 7 18 14 33 29 42 20 36,38 4 35 42 44 34,1
consensus-two-stage,evaluation,2026,254,2,38 34 42 47 46 4 7 22 27 10 21 11 18 14 35 48 44 25 36 43,38 42 4 35 34 27,1
consensus-two-stage,evaluation,2026,255,44,38 34 47 2 4 46 35 42 27 22 10 14 44 20 33 11 13 25 12 48,38 4 42 35 27 12,1
consensus-two-stage,evaluation,2026,256,1,38 42 34 44 4 46 33 35 27 47 29 11 7 20 13 22 40 14 10 12,38 42 4 35 27 12,1
consensus-two-stage,evaluation,2026,257,7,42 34 13 4 35 33 27 47 22 14 46 38 20 29 11 25 10 44 48 43,13 42 35 38 27 4,1
consensus-two-stage,evaluation,2026,258,46,42 34 4 38 35 33 13 10 47 46 22 14 7 29 44 20 43 25 27 48,42 4 35 38 13 46,0
consensus-two-stage,evaluation,2026,259,22,42 4 38 46 14 11 47 43 10 22 33 34 13 28 27 44 29 36 20 12,42 4 38 13 43 27,1
consensus-two-stage,evaluation,2026,260,20,4 42 34 27 38 22 12 35 10 47 14 17 13 25 44 2 28 33 29 41,27 4 38 12 42 35,1
consensus-two-stage,evaluation,2026,261,24,27 34 47 35 13 12 10 42 38 4 2 29 20 17 44 33 46 14 11 43,27 35 12 4 13 47,1
consensus-two-stage,evaluation,2026,262,30,42 35 34 4 12 38 17 47 27 2 10 33 44 24 5 7 13 14 22 9,35 42 5 4 12 27,1
consensus-two-stage,evaluation,2026,263,9,35 34 13 10 12 47 42 27 17 2 5 30 21 38 44 43 4 33 45 9,35 5 13 43 42 12,1
consensus-two-stage,evaluation,2026,264,21,35 42 47 17 10 34 12 14 27 43 33 38 44 13 4 37 9 49 40 22,35 43 47 42 12 27,1
consensus-two-stage,evaluation,2026,265,49,42 35 47 27 34 13 33 12 43 21 14 44 17 25 2 38 46 4 29 22,47 43 42 35 27 12,1
consensus-two-stage,evaluation,2026,266,8,47 42 35 43 33 17 13 34 38 14 49 12 10 27 7 29 37 44 25 40,47 43 42 35 27 12,1
direct-rank-c0.05,validation,2026,147,13,40 44 46 42 17 25 7 1 24 23 49 8 38 48 12 39 21 14 10 22,40 44 46 42 17 25,1
direct-rank-c0.05,validation,2026,148,48,7 24 44 17 25 46 1 49 8 38 20 23 5 48 12 21 14 22 39 42,7 24 44 17 25 46,1
direct-rank-c0.05,validation,2026,149,27,48 7 46 44 20 17 25 38 24 1 22 8 49 40 5 12 21 14 39 15,48 7 46 44 20 17,1
direct-rank-c0.05,validation,2026,150,9,1 24 7 48 46 17 25 38 8 5 22 40 49 21 41 20 14 12 39 44,1 24 7 48 46 17,1
direct-rank-c0.05,validation,2026,151,31,46 1 24 7 17 9 48 38 20 8 5 42 40 49 21 10 41 14 12 39,46 1 24 7 17 9,1
direct-rank-c0.05,validation,2026,152,45,46 17 1 24 7 8 48 25 34 38 5 49 10 2 40 12 44 39 21 9,46 17 1 24 7 8,1
direct-rank-c0.05,validation,2026,153,41,17 46 45 24 7 8 48 21 25 1 38 5 26 49 10 2 20 12 39 40,17 46 45 24 7 8,1
direct-rank-c0.05,validation,2026,154,41,46 17 24 7 8 26 41 2 48 21 32 25 5 45 10 20 1 49 34 12,46 17 24 7 8 26,1
direct-rank-c0.05,validation,2026,155,7,26 17 24 8 7 2 21 1 46 25 48 32 41 22 20 10 5 45 39 38,26 17 24 8 7 2,0
direct-rank-c0.05,validation,2026,156,1,7 26 17 25 8 32 24 2 1 22 46 48 18 10 20 3 5 38 15 36,7 26 17 25 8 32,1
direct-rank-c0.05,validation,2026,157,40,1 26 17 8 25 32 24 2 46 20 7 5 22 21 18 48 38 36 10 14,1 26 17 8 25 32,1
direct-rank-c0.05,validation,2026,158,16,32 26 8 24 2 46 18 20 40 1 5 7 22 17 25 48 21 38 36 45,32 26 8 24 2 46,1
direct-rank-c0.05,validation,2026,159,39,24 32 26 8 18 17 2 46 25 20 5 22 7 10 21 36 15 49 38 35,24 32 26 8 18 17,1
direct-rank-c0.05,validation,2026,160,2,24 32 26 8 18 2 39 25 5 45 22 20 44 30 7 1 10 36 15 49,24 32 26 8 18 2,0
direct-rank-c0.05,validation,2026,161,8,2 24 32 22 25 18 44 45 20 7 5 46 17 19 39 49 10 8 26 36,2 24 32 22 25 18,1
direct-rank-c0.05,validation,2026,162,32,8 24 20 22 32 2 18 44 25 45 7 26 15 41 5 17 10 49 39 29,8 24 20 22 32 2,0
direct-rank-c0.05,validation,2026,163,37,32 44 20 22 2 18 8 25 45 15 24 5 1 17 30 36 10 49 4 39,32 44 20 22 2 18,1
direct-rank-c0.05,validation,2026,164,21,32 20 44 22 24 18 1 2 25 45 15 5 38 17 6 30 37 36 26 49,32 20 44 22 24 18,1
direct-rank-c0.05,validation,2026,165,3,32 20 21 22 24 1 18 44 25 45 15 5 17 6 30 34 8 36 26 7,32 20 21 22 24 1,1
direct-rank-c0.05,validation,2026,166,6,32 20 22 21 44 24 25 18 15 45 46 30 5 6 34 40 17 3 36 8,32 20 22 21 44 24,1
direct-rank-c0.05,validation,2026,167,19,6 32 22 25 18 44 24 46 45 30 5 37 34 40 48 8 26 20 17 29,6 32 22 25 18 44,1
direct-rank-c0.05,validation,2026,168,15,25 19 32 22 18 44 17 46 45 20 31 6 24 10 30 37 21 34 48 5,25 19 32 22 18 44,1
direct-rank-c0.05,validation,2026,169,24,25 15 32 22 48 18 44 17 45 31 46 10 20 30 37 6 34 19 1 43,25 15 32 22 48 18,1
direct-rank-c0.05,validation,2026,170,3,25 24 17 32 46 20 18 48 31 45 15 10 6 19 43 21 1 34 12 29,25 24 17 32 46 20,1
direct-rank-c0.05,validation,2026,171,28,25 32 17 3 18 1 48 29 26 31 16 45 30 24 22 15 19 43 44 21,25 32 17 3 18 1,1
direct-rank-c0.05,validation,2026,172,44,28 25 32 17 19 1 18 29 20 26 48 16 45 22 36 46 30 15 21 12,28 25 32 17 19 1,1
direct-rank-c0.05,validation,2026,173,26,44 26 25 17 32 19 46 20 29 18 1 48 24 16 22 36 30 15 23 43,44 26 25 17 32 19,0
direct-rank-c0.05,validation,2026,174,41,26 46 25 20 17 24 1 32 10 7 22 48 44 33 18 29 30 41 8 23,26 46 25 20 17 24,1
direct-rank-c0.05,validation,2026,175,26,46 41 26 20 17 25 1 24 3 4 32 10 7 48 44 18 19 22 30 12,46 41 26 20 17 25,0
direct-rank-c0.05,validation,2026,176,10,46 26 1 20 17 4 24 10 3 40 48 12 33 44 8 23 16 22 11 32,46 26 1 20 17 4,1
direct-rank-c0.05,validation,2026,177,14,46 1 10 20 4 17 40 26 24 25 8 28 33 44 7 48 23 3 12 42,46 1 10 20 4 17,1
direct-rank-c0.05,validation,2026,178,18,46 20 1 4 17 7 23 3 40 11 26 24 8 10 28 33 48 25 12 42,46 20 1 4 17 7,1
direct-rank-c0.05,validation,2026,179,15,1 20 46 40 4 11 18 7 3 24 33 48 23 25 8 12 42 10 28 16,1 20 46 40 4 11,1
direct-rank-c0.05,validation,2026,180,21,46 1 40 15 20 7 24 3 8 4 17 33 48 23 44 22 11 25 30 12,46 1 40 15 20 7,1
direct-rank-c0.05,validation,2026,181,19,46 1 40 20 21 7 24 8 11 3 33 23 17 4 34 48 38 12 26 16,46 1 40 20 21 7,1
direct-rank-c0.05,validation,2026,182,41,46 40 1 20 24 7 38 11 8 19 3 33 23 48 42 4 26 12 30 16,46 40 1 20 24 7,1
direct-rank-c0.05,validation,2026,183,24,46 40 1 20 8 7 38 11 42 41 34 24 3 28 33 48 17 4 26 30,46 40 1 20 8 7,1
direct-rank-c0.05,validation,2026,184,1,40 24 46 1 20 8 7 11 38 34 16 48 17 26 4 28 12 33 22 31,40 24 46 1 20 8,0
direct-rank-c0.05,validation,2026,185,36,1 46 40 8 34 7 38 28 48 17 42 4 16 3 33 12 26 20 22 21,1 46 40 8 34 7,1
direct-rank-c0.05,validation,2026,186,23,46 40 8 1 7 28 20 34 24 11 38 48 42 17 26 3 4 16 19 36,46 40 8 1 7 28,1
direct-rank-c0.05,validation,2026,187,1,46 40 8 7 23 28 30 20 1 34 24 48 11 42 4 19 25 15 45 26,46 40 8 7 23 28,1
direct-rank-c0.05,validation,2026,188,16,1 40 46 8 7 28 20 30 19 34 48 24 42 4 44 45 11 21 33 2,1 40 46 8 7 28,1
direct-rank-c0.05,validation,2026,189,15,46 40 8 7 16 28 20 30 44 34 26 24 22 4 17 48 42 1 31 11,46 40 8 7 16 28,1
direct-rank-c0.05,validation,2026,190,16,40 46 8 7 15 1 30 26 28 31 11 44 34 19 24 39 22 48 42 33,40 46 8 7 15 1,1
direct-rank-c0.05,validation,2026,191,29,40 7 46 30 8 1 16 28 11 31 38 44 26 34 24 2 10 39 22 20,40 7 46 30 8 1,1
direct-rank-c0.05,validation,2026,192,25,40 46 7 8 30 1 29 34 28 11 31 38 44 15 6 10 2 20 22 17,40 46 7 8 30 1,1
direct-rank-c0.05,validation,2026,193,9,40 46 25 7 15 34 28 11 31 44 39 38 19 6 10 2 20 22 24 17,40 46 25 7 15 34,1
direct-rank-c0.05,validation,2026,194,26,46 40 15 9 7 30 34 28 31 1 44 8 38 19 24 6 3 39 20 22,46 40 15 9 7 30,1
direct-rank-c0.05,validation,2026,195,25,46 40 44 26 11 24 7 20 1 31 8 28 19 6 39 45 23 10 42 3,46 40 44 26 11 24,1
direct-rank-c0.05,validation,2026,196,39,40 30 44 25 24 46 7 20 11 31 8 15 28 34 6 3 1 45 10 42,40 30 44 25 24 46,1
direct-rank-c0.05,validation,2026,197,8,40 46 30 39 44 7 11 31 8 6 20 22 1 17 34 38 45 28 15 23,40 46 30 39 44 7,1
direct-rank-c0.05,validation,2026,198,7,8 46 22 38 7 1 31 6 24 17 20 34 40 11 23 45 15 42 30 32,8 46 22 38 7 1,0
direct-rank-c0.05,validation,2026,199,36,7 46 38 1 22 30 40 19 31 6 44 20 34 17 15 23 10 8 11 42,7 46 38 1 22 30,1
direct-rank-c0.05,validation,2026,200,39,46 1 20 36 30 40 19 38 31 22 6 7 15 34 23 44 24 10 11 37,46 1 20 36 30 40,1
direct-rank-c0.05,validation,2026,201,32,38 1 19 30 40 20 46 39 22 31 7 15 37 44 23 6 34 10 45 24,38 1 19 30 40 20,1
direct-rank-c0.05,validation,2026,202,40,1 30 20 40 15 7 22 37 24 44 23 6 10 45 19 46 11 38 34 29,1 30 20 40 15 7,0
direct-rank-c0.05,validation,2026,203,25,1 40 30 19 46 38 37 44 22 24 20 7 6 23 10 29 11 31 17 8,1 40 30 19 46 38,1
direct-rank-c0.05,validation,2026,204,5,1 30 19 46 38 45 25 29 24 22 20 7 23 15 40 10 26 2 6 9,1 30 19 46 38 45,1
direct-rank-c0.05,validation,2026,205,3,30 1 19 46 38 22 5 45 29 37 15 24 44 23 20 40 2 6 9 31,30 1 19 46 38 22,1
direct-rank-c0.05,validation,2026,206,47,46 19 1 38 22 23 45 37 15 24 9 29 30 44 20 40 26 3 2 6,46 19 1 38 22 23,1
direct-rank-c0.05,evaluation,2026,207,31,19 46 1 30 24 22 23 38 45 10 29 15 44 20 26 37 41 6 34 11,19 46 1 30 24 22,1
direct-rank-c0.05,evaluation,2026,208,19,19 30 46 1 24 37 22 38 45 31 10 29 15 20 41 11 6 8 34 7,19 30 46 1 24 37,0
direct-rank-c0.05,evaluation,2026,209,8,19 24 30 45 46 1 37 22 38 10 20 29 15 44 41 34 8 6 9 21,19 24 30 45 46 1,1
direct-rank-c0.05,evaluation,2026,210,49,19 45 30 24 38 46 1 37 8 15 20 10 29 23 42 41 34 17 4 2,19 45 30 24 38 46,1
direct-rank-c0.05,evaluation,2026,211,1,46 45 24 19 38 30 1 29 49 20 22 23 10 41 34 5 44 4 21 12,46 45 24 19 38 30,1
direct-rank-c0.05,evaluation,2026,212,6,46 19 45 1 30 24 20 22 38 29 10 23 44 5 4 15 34 21 11 43,46 19 45 1 30 24,1
direct-rank-c0.05,evaluation,2026,213,35,46 45 38 30 24 19 20 22 29 37 21 6 1 10 25 41 15 23 5 44,46 45 38 30 24 19,1
direct-rank-c0.05,evaluation,2026,214,4,46 45 19 38 24 30 37 20 29 44 21 11 35 25 10 41 31 4 34 28,46 45 19 38 24 30,1
direct-rank-c0.05,evaluation,2026,215,14,46 45 19 24 37 4 12 11 10 21 38 20 44 22 17 1 41 5 34 28,46 45 19 24 37 4,1
direct-rank-c0.05,evaluation,2026,216,37,46 45 12 24 37 17 10 19 28 20 21 44 38 22 14 29 5 11 30 34,46 45 12 24 37 17,0
direct-rank-c0.05,evaluation,2026,217,26,46 37 24 19 12 11 20 10 30 38 17 28 21 45 34 3 23 2 22 4,46 37 24 19 12 11,1
direct-rank-c0.05,evaluation,2026,218,17,46 26 24 45 19 37 20 10 23 17 40 28 38 21 44 3 2 1 9 4,46 26 24 45 19 37,1
direct-rank-c0.05,evaluation,2026,219,43,17 45 24 19 28 40 37 20 11 44 10 21 26 30 12 46 3 48 35 1,17 45 24 19 28 40,1
direct-rank-c0.05,evaluation,2026,220,48,46 24 19 28 44 45 21 40 23 37 11 10 17 20 26 43 3 48 30 35,46 24 19 28 44 45,1
direct-rank-c0.05,evaluation,2026,221,1,48 40 44 45 28 24 37 46 21 17 19 15 23 11 10 26 30 3 35 20,48 40 44 45 28 24,1
direct-rank-c0.05,evaluation,2026,222,26,37 40 44 1 17 45 21 19 15 23 11 12 10 30 3 5 35 26 20 9,37 40 44 1 17 45,1
direct-rank-c0.05,evaluation,2026,223,23,40 37 19 44 26 17 21 46 45 11 28 15 23 12 10 39 3 24 5 30,40 37 19 44 26 17,1
direct-rank-c0.05,evaluation,2026,224,9,23 40 37 19 15 12 9 17 5 46 28 10 11 45 3 24 22 35 39 20,23 40 37 19 15 12,1
direct-rank-c0.05,evaluation,2026,225,1,9 40 37 12 46 38 15 17 28 30 11 44 5 45 23 31 24 39 19 10,9 40 37 12 46 38,1
direct-rank-c0.05,evaluation,2026,226,17,40 37 12 1 11 30 15 17 28 44 46 9 5 45 24 31 13 19 21 23,40 37 12 1 11 30,1
direct-rank-c0.05,evaluation,2026,227,16,40 12 17 44 30 37 45 19 28 46 15 5 31 38 9 21 13 39 24 11,40 12 17 44 30 37,1
direct-rank-c0.05,evaluation,2026,228,23,12 11 30 40 38 44 37 45 46 19 15 28 42 5 16 17 21 9 39 22,12 11 30 40 38 44,1
direct-rank-c0.05,evaluation,2026,229,38,12 11 30 40 46 44 37 23 19 15 45 28 13 5 17 38 42 39 9 21,12 11 30 40 46 44,1
direct-rank-c0.05,evaluation,2026,230,16,38 12 30 40 46 44 37 19 28 31 22 11 45 39 9 5 42 29 41 20,38 12 30 40 46 44,1
direct-rank-c0.05,evaluation,2026,231,20,12 30 11 40 44 39 37 38 46 19 31 22 45 15 13 9 42 20 23 7,12 30 11 40 44 39,1
direct-rank-c0.05,evaluation,2026,232,42,12 30 44 37 40 38 20 28 22 19 15 31 45 24 11 9 42 46 39 7,12 30 44 37 40 38,1
direct-rank-c0.05,evaluation,2026,233,7,12 30 40 38 37 44 11 42 39 28 22 19 31 27 24 15 45 9 7 13,12 30 40 38 37 44,1
direct-rank-c0.05,evaluation,2026,234,39,12 38 30 40 44 37 7 46 11 39 28 22 19 27 24 15 31 45 29 9,12 38 30 40 44 37,1
direct-rank-c0.05,evaluation,2026,235,32,12 38 39 40 44 28 46 22 11 27 31 45 15 9 24 30 1 21 43 42,12 38 39 40 44 28,1
direct-rank-c0.05,evaluation,2026,236,11,38 12 19 40 30 46 32 37 28 22 39 31 45 15 11 24 1 43 9 34,38 12 19 40 30 46,1
direct-rank-c0.05,evaluation,2026,237,12,38 11 19 12 40 30 46 1 44 28 22 29 27 37 45 31 39 43 15 24,38 11 19 12 40 30,0
direct-rank-c0.05,evaluation,2026,238,17,38 12 19 29 31 30 40 46 11 1 28 27 44 24 37 22 39 13 45 34,38 12 19 29 31 30,1
direct-rank-c0.05,evaluation,2026,239,5,38 29 19 12 31 30 11 46 40 1 27 37 18 28 39 13 24 22 45 8,38 29 19 12 31 30,1
direct-rank-c0.05,evaluation,2026,240,27,38 29 19 11 12 31 30 13 46 40 15 27 8 37 18 5 1 28 24 44,38 29 19 11 12 31,1
direct-rank-c0.05,evaluation,2026,241,49,38 29 19 27 11 12 31 30 13 46 8 40 18 15 1 24 44 39 45 7,38 29 19 27 11 12,1
direct-rank-c0.05,evaluation,2026,242,9,38 11 19 31 46 12 13 30 1 8 49 29 28 40 18 15 39 24 23 44,38 11 19 31 46 12,1
direct-rank-c0.05,evaluation,2026,243,21,38 11 19 12 29 30 1 8 28 40 46 10 18 15 24 39 23 44 9 7,38 11 19 12 29 30,1
direct-rank-c0.05,evaluation,2026,244,46,38 11 29 19 30 31 8 28 18 1 40 13 10 4 46 39 23 44 7 49,38 11 29 19 30 31,1
direct-rank-c0.05,evaluation,2026,245,18,38 46 19 11 29 30 8 28 18 7 4 1 31 13 10 37 12 25 39 23,38 46 19 11 29 30,1
direct-rank-c0.05,evaluation,2026,246,30,19 11 38 29 18 46 30 44 8 28 7 4 31 10 12 27 1 39 37 25,19 11 38 29 18 46,1
direct-rank-c0.05,evaluation,2026,247,40,38 30 29 11 46 7 4 28 8 27 12 19 37 31 44 18 49 39 13 23,38 30 29 11 46 7,1
direct-rank-c0.05,evaluation,2026,248,20,38 19 11 40 30 7 28 8 27 25 37 44 29 46 31 26 12 49 39 14,38 19 11 40 30 7,1
direct-rank-c0.05,evaluation,2026,249,23,38 19 29 11 7 46 44 4 30 8 25 37 28 12 21 23 17 31 18 20,38 19 29 11 7 46,1
direct-rank-c0.05,evaluation,2026,250,14,38 19 23 7 11 46 44 17 25 4 37 30 8 47 28 34 12 21 27 29,38 19 23 7 11 46,1
direct-rank-c0.05,evaluation,2026,251,30,38 7 14 19 11 46 29 28 34 44 26 30 8 23 21 4 25 18 1 12,38 7 14 19 11 46,1
direct-rank-c0.05,evaluation,2026,252,22,38 30 7 29 19 46 34 37 21 44 28 26 17 1 23 4 27 47 12 14,38 30 7 29 19 46,1
direct-rank-c0.05,evaluation,2026,253,16,38 29 7 46 19 26 37 22 11 21 34 28 17 44 31 30 23 4 1 35,38 29 7 46 19 26,1
direct-rank-c0.05,evaluation,2026,254,2,46 29 38 7 19 17 37 26 11 34 23 12 31 21 30 4 44 8 42 27,46 29 38 7 19 17,1
direct-rank-c0.05,evaluation,2026,255,44,29 38 17 46 7 19 37 11 12 34 21 23 30 2 31 4 40 14 13 9,29 38 17 46 7 19,1
direct-rank-c0.05,evaluation,2026,256,1,38 29 17 46 44 7 19 23 14 37 26 12 13 30 31 4 34 21 9 1,38 29 17 46 44 7,1
direct-rank-c0.05,evaluation,2026,257,7,17 38 1 29 19 46 23 26 14 13 24 22 12 11 34 30 21 44 31 4,17 38 1 29 19 46,1
direct-rank-c0.05,evaluation,2026,258,46,7 29 17 38 19 46 26 14 23 4 1 9 22 12 37 13 34 24 21 30,7 29 17 38 19 46,0
direct-rank-c0.05,evaluation,2026,259,22,46 17 29 26 38 14 7 9 4 22 37 13 1 24 34 11 44 19 12 39,46 17 29 26 38 14,1
direct-rank-c0.05,evaluation,2026,260,20,22 29 26 17 38 46 14 13 9 7 37 23 4 1 41 24 34 44 19 39,22 29 26 17 38 46,1
direct-rank-c0.05,evaluation,2026,261,24,17 29 38 46 19 37 14 22 9 13 39 7 23 4 41 24 34 10 1 26,17 29 38 46 19 37,1
direct-rank-c0.05,evaluation,2026,262,30,17 38 24 26 9 19 37 14 22 7 29 13 4 41 39 23 10 11 1 27,17 38 24 26 9 19,1
direct-rank-c0.05,evaluation,2026,263,9,17 29 9 26 19 37 14 13 30 46 41 39 38 24 11 4 1 43 23 27,17 29 9 26 19 37,0
direct-rank-c0.05,evaluation,2026,264,21,9 17 29 38 26 19 14 37 46 22 35 41 7 1 11 23 42 27 39 43,9 17 29 38 26 19,1
direct-rank-c0.05,evaluation,2026,265,49,17 26 29 21 9 38 13 14 35 19 37 39 46 44 41 1 11 23 43 27,17 26 29 21 9 38,1
direct-rank-c0.05,evaluation,2026,266,8,17 29 38 13 9 14 39 22 49 19 35 37 6 11 41 43 42 7 1 26,17 29 38 13 9 14,1
direct-rank-c0.2,validation,2026,147,13,25 17 46 22 40 1 38 7 48 12 18 21 24 15 20 10 2 23 35 14,25 17 46 22 40 1,1
direct-rank-c0.2,validation,2026,148,48,25 17 20 22 46 1 24 40 7 5 38 48 12 21 15 32 19 14 23 35,25 17 20 22 46 1,1
direct-rank-c0.2,validation,2026,149,27,20 17 25 22 40 46 1 24 7 38 5 48 10 8 12 21 15 18 14 19,20 17 25 22 40 46,1
direct-rank-c0.2,validation,2026,150,9,24 17 1 25 20 46 22 7 40 5 38 48 23 8 10 12 21 15 14 35,24 17 1 25 20 46,1
direct-rank-c0.2,validation,2026,151,31,46 20 24 17 1 25 10 40 5 7 38 22 45 6 8 12 21 9 15 14,46 20 24 17 1 25,1
direct-rank-c0.2,validation,2026,152,45,17 46 25 24 1 22 8 10 20 40 7 5 34 44 38 2 12 32 19 45,17 46 25 24 1 22,1
direct-rank-c0.2,validation,2026,153,41,17 1 46 24 20 25 8 22 10 15 45 7 21 5 40 2 26 12 32 38,17 1 46 24 20 25,1
direct-rank-c0.2,validation,2026,154,41,46 17 1 24 25 20 8 2 26 34 32 10 22 7 21 44 5 15 12 35,46 17 1 24 25 20,1
direct-rank-c0.2,validation,2026,155,7,1 46 26 24 17 25 20 8 2 22 32 40 38 7 21 10 44 33 15 35,1 46 26 24 17 25,1
direct-rank-c0.2,validation,2026,156,1,1 25 26 46 24 17 32 20 8 2 22 34 18 5 7 10 44 36 15 33,1 25 26 46 24 17,0
direct-rank-c0.2,validation,2026,157,40,32 25 26 17 8 46 2 20 1 21 24 22 18 5 38 35 34 14 36 15,32 25 26 17 8 46,1
direct-rank-c0.2,validation,2026,158,16,32 18 26 46 2 20 8 24 21 25 22 17 40 5 38 35 36 15 12 1,32 18 26 46 2 20,1
direct-rank-c0.2,validation,2026,159,39,24 32 18 17 26 25 8 20 46 2 22 10 21 5 35 36 38 15 34 19,24 32 18 17 26 25,1
direct-rank-c0.2,validation,2026,160,2,32 24 18 26 8 20 2 25 22 10 5 35 21 36 38 45 15 44 14 6,32 24 18 26 8 20,1
direct-rank-c0.2,validation,2026,161,8,20 32 24 18 22 25 44 4 2 46 19 17 8 10 26 35 21 36 38 15,20 32 24 18 22 25,1
direct-rank-c0.2,validation,2026,162,32,20 24 18 22 32 8 26 44 25 15 4 29 17 10 35 38 19 45 14 2,20 24 18 22 32 8,0
direct-rank-c0.2,validation,2026,163,37,20 44 32 24 22 18 36 46 1 30 25 17 4 29 19 26 45 8 34 15,20 44 32 24 22 18,1
direct-rank-c0.2,validation,2026,164,21,20 24 22 18 44 1 30 46 32 25 26 36 17 4 29 45 19 6 34 15,20 24 22 18 44 1,1
direct-rank-c0.2,validation,2026,165,3,20 24 1 18 22 34 25 30 32 44 17 36 26 29 45 46 6 33 19 28,20 24 1 18 22 34,1
direct-rank-c0.2,validation,2026,166,6,20 46 24 30 22 34 4 25 18 32 44 1 36 29 26 6 17 19 28 15,20 46 24 30 22 34,1
direct-rank-c0.2,validation,2026,167,19,46 20 30 6 22 34 24 25 18 32 1 26 29 44 31 36 19 47 45 38,46 20 30 6 22 34,1
direct-rank-c0.2,validation,2026,168,15,46 20 25 31 1 10 22 34 30 26 17 18 4 19 28 24 44 29 15 36,46 20 25 31 1 10,1
direct-rank-c0.2,validation,2026,169,24,1 25 46 20 31 15 10 34 30 17 18 26 4 22 48 28 44 29 36 43,1 25 46 20 31 15,1
direct-rank-c0.2,validation,2026,170,3,46 20 17 25 4 31 24 28 1 18 10 34 12 26 22 11 44 29 43 30,46 20 17 25 4 31,1
direct-rank-c0.2,validation,2026,171,28,1 30 20 46 17 25 26 22 31 29 28 44 16 4 18 12 11 43 8 3,1 30 20 46 17 25,1
direct-rank-c0.2,validation,2026,172,44,20 46 1 28 25 26 30 29 22 17 34 31 18 16 44 4 12 36 33 19,20 46 1 28 25 26,1
direct-rank-c0.2,validation,2026,173,26,46 20 26 31 1 25 30 33 29 17 22 44 23 24 16 4 40 36 18 32,46 20 26 31 1 25,0
direct-rank-c0.2,validation,2026,174,41,46 20 26 1 31 33 30 16 37 17 40 22 8 28 29 23 7 4 34 24,46 20 26 1 31 33,1
direct-rank-c0.2,validation,2026,175,26,46 16 20 1 40 30 4 33 17 31 12 37 23 41 7 19 11 44 22 29,46 16 20 1 40 30,1
direct-rank-c0.2,validation,2026,176,10,46 1 16 20 40 30 4 11 17 31 12 8 33 23 7 29 26 34 44 37,46 1 16 20 40 30,1
direct-rank-c0.2,validation,2026,177,14,46 1 4 20 28 16 40 29 7 17 10 25 30 33 12 11 23 8 31 42,46 1 4 20 28 16,1
direct-rank-c0.2,validation,2026,178,18,1 46 4 20 7 11 23 30 16 28 40 17 31 33 12 42 8 25 3 36,1 46 4 20 7 11,1
direct-rank-c0.2,validation,2026,179,15,1 46 11 20 40 4 7 33 16 17 30 23 12 5 28 21 42 19 25 15,1 46 11 20 40 4,1
direct-rank-c0.2,validation,2026,180,21,1 46 40 11 17 7 22 30 33 20 16 44 8 4 23 15 24 12 37 42,1 46 40 11 17 7,1
direct-rank-c0.2,validation,2026,181,19,46 1 11 40 20 17 7 33 16 8 30 23 6 22 12 24 34 3 21 37,46 1 11 40 20 17,1
direct-rank-c0.2,validation,2026,182,41,46 1 40 11 30 20 24 7 31 33 38 37 16 23 8 12 49 17 3 22,46 1 40 11 30 20,1
direct-rank-c0.2,validation,2026,183,24,46 40 1 11 8 37 34 24 20 30 7 17 42 28 31 38 23 33 12 45,46 40 1 11 8 37,1
direct-rank-c0.2,validation,2026,184,1,46 40 24 1 11 16 39 8 45 20 7 34 31 30 17 42 37 6 28 12,46 40 24 1 11 16,0
direct-rank-c0.2,validation,2026,185,36,46 40 1 37 8 42 11 34 3 39 23 45 16 28 30 12 20 7 17 6,46 40 1 37 8 42,1
direct-rank-c0.2,validation,2026,186,23,46 11 40 7 20 8 28 42 37 1 34 12 39 30 3 23 16 45 36 25,46 11 40 7 20 8,1
direct-rank-c0.2,validation,2026,187,1,30 46 40 7 11 8 28 1 23 20 12 42 34 39 38 45 31 37 33 41,30 46 40 7 11 8,1
direct-rank-c0.2,validation,2026,188,16,1 40 30 46 7 8 28 20 42 5 11 34 2 39 29 33 45 44 16 38,1 40 30 46 7 8,1
direct-rank-c0.2,validation,2026,189,15,46 40 30 7 8 28 16 44 22 20 34 11 42 2 31 17 39 27 33 45,46 40 30 7 8 28,1
direct-rank-c0.2,validation,2026,190,16,40 46 30 7 11 31 8 1 39 44 28 26 22 6 42 2 34 5 33 27,40 46 30 7 11 31,1
direct-rank-c0.2,validation,2026,191,29,40 30 7 31 46 11 2 39 44 10 8 28 38 45 20 6 42 34 49 22,40 30 7 31 46 11,1
direct-rank-c0.2,validation,2026,192,25,46 30 40 7 6 8 31 11 2 29 34 44 28 10 38 37 45 17 49 20,46 30 40 7 6 8,1
direct-rank-c0.2,validation,2026,193,9,39 40 46 30 31 11 7 8 2 6 34 28 44 19 10 26 49 17 38 22,39 40 46 30 31 11,1
direct-rank-c0.2,validation,2026,194,26,30 46 8 39 37 40 9 31 6 2 34 7 28 11 44 42 24 19 17 1,30 46 8 39 37 40,1
direct-rank-c0.2,validation,2026,195,25,11 46 40 8 39 2 37 44 24 31 49 45 30 6 20 7 28 42 1 26,11 46 40 8 39 2,1
direct-rank-c0.2,validation,2026,196,39,30 11 40 34 8 44 37 31 21 24 46 6 2 20 45 15 7 22 28 49,30 11 40 34 8 44,1
direct-rank-c0.2,validation,2026,197,8,30 46 39 11 40 6 34 8 44 22 9 31 23 17 2 7 45 42 21 49,30 46 39 11 40 6,1
direct-rank-c0.2,validation,2026,198,7,6 22 8 31 9 30 23 46 37 24 34 44 41 17 2 11 42 1 27 40,6 22 8 31 9 30,1
direct-rank-c0.2,validation,2026,199,36,30 44 6 22 1 31 38 40 28 9 7 23 46 5 37 34 42 2 10 41,30 44 6 22 1 31,1
direct-rank-c0.2,validation,2026,200,39,6 30 38 1 31 44 37 22 15 28 9 20 23 46 36 12 34 40 24 2,6 30 38 1 31 44,1
direct-rank-c0.2,validation,2026,201,32,38 37 30 1 6 31 42 44 22 15 17 28 9 23 45 12 40 49 2 24,38 37 30 1 6 31,1
direct-rank-c0.2,validation,2026,202,40,37 30 6 1 16 29 44 22 15 24 43 5 9 23 17 42 31 32 2 12,37 30 6 1 16 29,1
direct-rank-c0.2,validation,2026,203,25,37 30 1 31 44 6 38 16 29 22 28 19 24 9 43 5 23 40 17 27,37 30 1 31 44 6,1
direct-rank-c0.2,validation,2026,204,5,30 1 29 45 9 37 2 38 49 15 22 16 28 24 19 6 23 44 43 5,30 1 29 45 9 37,1
direct-rank-c0.2,validation,2026,205,3,30 37 1 29 22 44 45 9 15 2 31 38 5 49 16 41 24 6 23 19,30 37 1 29 22 44,1
direct-rank-c0.2,validation,2026,206,47,37 9 26 1 30 22 44 23 2 45 19 29 15 31 49 38 46 16 3 41,37 9 26 1 30 22,1
direct-rank-c0.2,evaluation,2026,207,31,30 19 26 37 1 10 41 9 24 44 23 22 45 29 46 2 39 16 15 6,30 19 26 37 1 10,1
direct-rank-c0.2,evaluation,2026,208,19,30 37 19 10 41 24 22 1 29 45 9 31 14 46 49 16 23 44 15 6,30 37 19 10 41 24,0
direct-rank-c0.2,evaluation,2026,209,8,30 14 41 37 27 6 24 2 4 10 22 9 18 34 43 49 44 16 48 8,30 14 41 37 27 6,1
direct-rank-c0.2,evaluation,2026,210,49,30 48 49 41 37 27 45 24 2 4 42 6 18 10 34 43 14 9 8 38,30 48 49 41 37 27,0
direct-rank-c0.2,evaluation,2026,211,1,45 24 30 29 43 22 41 14 38 46 49 4 27 2 6 21 1 34 10 5,45 24 30 29 43 22,1
direct-rank-c0.2,evaluation,2026,212,6,46 45 19 24 30 43 29 41 22 42 14 48 4 38 27 2 10 20 18 21,46 45 19 24 30 43,1
direct-rank-c0.2,evaluation,2026,213,35,45 38 41 46 30 21 24 29 22 42 4 14 2 48 19 15 10 20 18 37,45 38 41 46 30 21,1
direct-rank-c0.2,evaluation,2026,214,4,45 24 41 38 19 46 30 43 21 29 27 37 4 44 14 48 2 20 10 18,45 24 41 38 19 46,1
direct-rank-c0.2,evaluation,2026,215,14,45 41 24 19 46 10 21 4 37 11 14 12 22 5 48 26 2 18 44 42,45 41 24 19 46 10,1
direct-rank-c0.2,evaluation,2026,216,37,45 24 41 46 10 29 21 12 17 28 37 43 14 2 11 26 48 22 5 44,45 24 41 46 10 29,1
direct-rank-c0.2,evaluation,2026,217,26,24 11 37 46 10 45 3 21 30 12 19 28 29 49 41 2 17 43 26 48,24 11 37 46 10 45,1
direct-rank-c0.2,evaluation,2026,218,17,45 41 24 46 26 10 3 21 44 28 19 23 31 49 29 2 9 18 17 37,45 41 24 46 26 10,1
direct-rank-c0.2,evaluation,2026,219,43,45 28 24 41 48 3 10 7 19 21 44 11 49 40 17 31 29 35 23 34,45 28 24 41 48 3,1
direct-rank-c0.2,evaluation,2026,220,48,21 45 44 28 24 23 46 48 3 10 19 2 49 40 35 5 11 9 26 15,21 45 44 28 24 23,1
direct-rank-c0.2,evaluation,2026,221,1,48 21 44 45 40 28 24 23 15 46 3 49 10 41 37 16 42 19 17 2,48 21 44 45 40 28,1
direct-rank-c0.2,evaluation,2026,222,26,21 37 45 40 44 23 15 3 49 10 41 42 28 24 17 16 29 2 19 5,21 37 45 40 44 23,1
direct-rank-c0.2,evaluation,2026,223,23,21 28 24 40 16 37 44 19 45 23 15 39 3 10 48 46 41 42 17 29,21 28 24 40 16 37,1
direct-rank-c0.2,evaluation,2026,224,9,15 9 37 40 23 16 28 19 24 5 39 3 48 45 35 12 10 49 17 21,15 9 37 40 23 16,0
direct-rank-c0.2,evaluation,2026,225,1,9 15 21 40 44 37 28 12 24 5 45 29 31 16 39 48 19 46 43 3,9 15 21 40 44 37,1
direct-rank-c0.2,evaluation,2026,226,17,15 40 37 28 21 30 44 12 24 11 5 13 45 1 9 16 19 29 48 3,15 40 37 28 21 30,1
direct-rank-c0.2,evaluation,2026,227,16,44 45 37 40 15 28 30 19 21 12 5 39 13 17 24 10 16 41 9 32,44 45 37 40 15 28,1
direct-rank-c0.2,evaluation,2026,228,23,11 12 30 44 45 37 15 40 21 42 16 28 5 39 19 41 9 32 35 10,11 12 30 44 45 37,1
direct-rank-c0.2,evaluation,2026,229,38,11 13 30 12 44 15 23 37 40 45 42 46 5 28 7 39 21 19 31 41,11 13 30 12 44 15,1
direct-rank-c0.2,evaluation,2026,230,16,30 12 44 31 37 41 40 22 15 46 28 38 45 39 11 42 21 19 5 9,30 12 44 31 37 41,1
direct-rank-c0.2,evaluation,2026,231,20,12 39 15 30 11 44 13 37 31 41 7 40 22 45 16 42 21 25 46 19,12 39 15 30 11 44,1
direct-rank-c0.2,evaluation,2026,232,42,12 30 15 28 39 44 37 41 40 22 48 24 31 7 45 32 42 21 46 9,12 30 15 28 39 44,1
direct-rank-c0.2,evaluation,2026,233,7,39 12 40 30 28 44 15 37 41 11 42 27 22 24 48 14 31 32 7 13,39 12 40 30 28 44,1
direct-rank-c0.2,evaluation,2026,234,39,39 12 44 40 30 28 15 21 27 22 37 46 43 48 24 7 32 11 38 14,39 12 44 40 30 28,0
direct-rank-c0.2,evaluation,2026,235,32,39 44 12 40 41 5 28 36 21 15 22 30 24 18 43 32 48 27 45 9,39 44 12 40 41 5,1
direct-rank-c0.2,evaluation,2026,236,11,19 30 40 25 12 37 41 5 15 36 28 44 32 34 39 22 24 38 27 43,19 30 40 25 12 37,1
direct-rank-c0.2,evaluation,2026,237,12,44 19 27 38 30 12 25 40 21 41 5 36 37 15 28 11 22 1 39 34,44 19 27 38 30 12,0
direct-rank-c0.2,evaluation,2026,238,17,31 24 44 19 27 12 21 1 15 38 9 5 40 39 30 29 37 43 28 42,31 24 44 19 27 12,1
direct-rank-c0.2,evaluation,2026,239,5,19 38 31 29 24 36 27 41 25 18 1 15 5 39 8 30 9 40 37 43,19 38 31 29 24 36,1
direct-rank-c0.2,evaluation,2026,240,27,38 19 15 31 29 8 27 36 41 24 44 5 18 25 13 1 21 33 30 9,38 19 15 31 29 8,1
direct-rank-c0.2,evaluation,2026,241,49,19 15 38 27 1 31 8 16 41 24 43 36 29 25 39 9 3 44 40 18,19 15 38 27 1 31,1
direct-rank-c0.2,evaluation,2026,242,9,1 8 19 15 38 31 39 16 23 28 13 24 49 36 25 43 3 9 2 11,1 8 19 15 38 31,1
direct-rank-c0.2,evaluation,2026,243,21,1 8 19 38 15 39 9 16 24 31 28 41 10 36 45 25 3 6 23 40,1 8 19 38 15 39,1
direct-rank-c0.2,evaluation,2026,244,46,8 1 31 19 38 41 15 29 13 18 39 16 28 10 36 5 3 25 49 6,8 1 31 19 38 41,1
direct-rank-c0.2,evaluation,2026,245,18,19 8 1 39 31 24 25 38 41 15 46 13 18 16 29 7 4 10 28 3,19 8 1 39 31 24,1
direct-rank-c0.2,evaluation,2026,246,30,19 1 8 3 39 40 18 31 15 24 25 41 16 38 29 7 32 28 10 4,19 1 8 3 39 40,1
direct-rank-c0.2,evaluation,2026,247,40,8 19 38 39 1 3 40 15 31 26 25 30 37 41 16 11 7 29 28 4,8 19 38 39 1 3,1
direct-rank-c0.2,evaluation,2026,248,20,1 19 26 41 25 8 40 39 16 6 15 36 10 14 32 31 24 37 18 38,1 19 26 41 25 8,1
direct-rank-c0.2,evaluation,2026,249,23,1 41 25 19 8 16 3 15 4 6 39 26 36 7 32 20 31 10 40 44,1 41 25 19 8 16,1
direct-rank-c0.2,evaluation,2026,250,14,39 1 25 19 7 8 16 15 6 23 3 4 41 47 32 49 36 31 10 26,39 1 25 19 7 8,1
direct-rank-c0.2,evaluation,2026,251,30,26 1 41 25 19 36 8 7 16 15 14 3 4 6 32 28 37 31 44 39,26 1 41 25 19 36,1
direct-rank-c0.2,evaluation,2026,252,22,1 41 26 37 7 19 39 36 8 25 16 15 47 49 21 3 4 32 44 28,1 41 26 37 7 19,1
direct-rank-c0.2,evaluation,2026,253,16,26 1 8 25 7 19 32 37 16 15 36 39 41 35 47 21 49 3 31 4,26 1 8 25 7 19,1
direct-rank-c0.2,evaluation,2026,254,2,26 1 8 25 41 16 19 7 21 37 15 36 32 39 48 47 24 31 4 3,26 1 8 25 41 16,1
direct-rank-c0.2,evaluation,2026,255,44,1 15 8 25 26 7 19 21 3 37 28 5 32 17 39 36 41 9 2 24,1 15 8 25 26 7,1
direct-rank-c0.2,evaluation,2026,256,1,1 26 44 15 8 25 16 21 19 3 37 32 17 23 28 7 5 35 14 41,1 26 44 15 8 25,0
direct-rank-c0.2,evaluation,2026,257,7,1 16 26 23 44 32 17 21 14 25 2 8 19 24 5 39 36 40 20 18,1 16 26 23 44 32,1
direct-rank-c0.2,evaluation,2026,258,46,1 7 16 3 26 23 9 40 32 17 21 25 14 15 44 2 19 24 4 5,1 7 16 3 26 23,1
direct-rank-c0.2,evaluation,2026,259,22,1 46 16 26 14 7 23 32 8 17 25 21 9 2 40 44 15 39 27 49,1 46 16 26 14 7,1
direct-rank-c0.2,evaluation,2026,260,20,1 26 23 21 22 16 14 3 7 32 17 46 25 2 8 9 40 44 20 41,1 26 23 21 22 16,1
direct-rank-c0.2,evaluation,2026,261,24,1 16 23 20 17 26 21 14 3 32 7 19 36 46 22 37 8 30 9 49,1 16 23 20 17 26,1
direct-rank-c0.2,evaluation,2026,262,30,1 26 24 16 32 23 17 14 21 20 9 3 7 19 8 44 37 36 30 22,1 26 24 16 32 23,1
direct-rank-c0.2,evaluation,2026,263,9,1 26 16 30 23 14 17 24 25 21 41 9 32 20 3 48 29 8 43 37,1 26 16 30 23 14,1
direct-rank-c0.2,evaluation,2026,264,21,1 9 16 26 23 14 20 17 41 32 24 21 7 25 15 30 48 18 49 42,1 9 16 26 23 14,1
direct-rank-c0.2,evaluation,2026,265,49,16 1 26 21 14 9 17 20 23 41 2 32 42 15 18 4 7 49 35 28,16 1 26 21 14 9,1
direct-rank-c0.2,evaluation,2026,266,8,16 1 49 14 9 20 17 41 32 26 21 24 39 2 42 10 18 31 15 4,16 1 49 14 9 20,1
listwise-mlp-8,validation,2026,147,13,42 5 24 46 23 17 44 1 7 49 40 48 20 22 30 25 16 26 39 38,42 5 24 46 23 17,1
listwise-mlp-8,validation,2026,148,48,24 5 23 13 17 46 1 44 7 40 49 48 22 25 20 10 38 42 18 12,24 5 23 13 17 46,1
listwise-mlp-8,validation,2026,149,27,48 24 23 5 17 46 1 44 7 20 22 25 49 38 42 12 40 8 26 30,48 24 23 5 17 46,1
listwise-mlp-8,validation,2026,150,9,48 1 20 27 24 5 44 17 46 7 23 25 30 45 22 49 26 8 12 38,48 1 20 27 24 5,1
listwise-mlp-8,validation,2026,151,31,9 46 48 1 5 17 44 24 25 22 7 20 42 23 49 26 8 10 38 12,9 46 48 1 5 17,1
listwise-mlp-8,validation,2026,152,45,17 46 5 1 48 24 31 20 7 44 9 25 8 42 23 22 49 26 10 2,17 46 5 1 48 24,1
listwise-mlp-8,validation,2026,153,41,45 1 17 46 44 5 24 48 7 9 8 26 20 25 34 49 10 2 12 22,45 1 17 46 44 5,1
listwise-mlp-8,validation,2026,154,41,41 46 1 5 17 24 48 26 45 7 9 8 2 20 25 40 10 32 22 44,41 46 1 5 17 24,0
listwise-mlp-8,validation,2026,155,7,41 46 26 24 1 17 5 48 7 45 8 2 20 9 25 22 34 44 42 32,41 46 26 24 1 17,1
listwise-mlp-8,validation,2026,156,1,7 46 1 26 24 17 25 48 5 45 8 2 20 32 9 22 40 41 44 21,7 46 1 26 24 17,0
listwise-mlp-8,validation,2026,157,40,1 24 7 26 46 17 25 20 5 8 2 45 48 32 22 41 44 49 18 9,1 24 7 26 46 17,1
listwise-mlp-8,validation,2026,158,16,40 1 17 24 25 46 26 7 45 5 20 2 48 18 32 22 8 10 31 41,40 1 17 24 25 46,1
listwise-mlp-8,validation,2026,159,39,1 16 24 26 46 40 5 20 17 7 45 18 32 8 48 22 2 25 41 44,1 16 24 26 46 40,1
listwise-mlp-8,validation,2026,160,2,39 1 24 20 46 26 17 45 5 40 44 18 32 41 22 8 2 30 7 25,39 1 24 20 46 26,1
listwise-mlp-8,validation,2026,161,8,2 1 24 26 44 45 20 46 22 16 30 8 18 40 32 29 39 5 25 17,2 1 24 26 44 45,1
listwise-mlp-8,validation,2026,162,32,8 24 20 46 2 1 44 45 22 40 41 7 18 39 5 26 17 32 49 19,8 24 20 46 2 1,1
listwise-mlp-8,validation,2026,163,37,32 1 24 2 44 20 26 41 8 22 7 45 46 18 16 5 30 17 33 39,32 1 24 2 44 20,1
listwise-mlp-8,validation,2026,164,21,37 1 32 8 20 2 7 24 22 44 41 46 45 33 18 40 16 30 5 17,37 1 32 8 20 2,1
listwise-mlp-8,validation,2026,165,3,21 1 32 46 20 2 37 24 45 8 22 16 30 5 17 44 7 4 18 6,21 1 32 46 20 2,1
listwise-mlp-8,validation,2026,166,6,1 3 32 37 46 20 2 30 21 24 22 45 16 40 44 8 17 6 5 26,1 3 32 37 46 20,1
listwise-mlp-8,validation,2026,167,19,6 1 32 20 46 37 16 21 30 40 22 45 8 31 44 24 4 3 2 26,6 1 32 20 46 37,1
listwise-mlp-8,validation,2026,168,15,19 6 46 37 32 16 1 30 31 3 22 45 40 17 25 8 26 11 44 20,19 6 46 37 32 16,1
listwise-mlp-8,validation,2026,169,24,15 1 37 32 6 46 30 19 31 16 45 40 33 17 3 25 48 8 11 44,15 1 37 32 6 46,1
listwise-mlp-8,validation,2026,170,3,24 46 37 32 6 1 17 31 30 19 8 16 20 3 15 25 44 40 22 26,24 46 37 32 6 1,1
listwise-mlp-8,validation,2026,171,28,3 1 46 16 6 32 20 31 17 26 37 24 19 30 29 8 15 45 25 48,3 1 46 16 6 32,1
listwise-mlp-8,validation,2026,172,44,28 46 1 16 24 3 19 31 40 37 32 26 30 17 29 6 20 15 45 33,28 46 1 16 24 3,1
listwise-mlp-8,validation,2026,173,26,44 28 1 16 37 19 3 46 26 24 33 30 17 6 29 20 31 32 40 8,44 28 1 16 37 19,1
listwise-mlp-8,validation,2026,174,41,26 16 1 44 19 40 6 46 3 28 24 33 30 17 20 31 29 7 41 37,26 16 1 44 19 40,1
listwise-mlp-8,validation,2026,175,26,41 26 28 46 1 3 44 24 16 30 17 19 20 8 40 33 4 6 7 15,41 26 28 46 1 3,0
listwise-mlp-8,validation,2026,176,10,26 1 46 28 44 30 41 19 3 16 24 7 40 17 11 4 20 6 29 12,26 1 46 28 44 30,1
listwise-mlp-8,validation,2026,177,14,10 1 26 46 28 44 41 30 3 4 40 24 16 31 15 20 17 11 33 6,10 1 26 46 28 44,1
listwise-mlp-8,validation,2026,178,18,1 14 46 44 26 28 3 41 4 16 24 10 40 11 20 17 7 23 19 30,1 14 46 44 26 28,1
listwise-mlp-8,validation,2026,179,15,18 1 26 46 44 3 28 40 11 41 16 24 17 20 7 4 10 33 30 31,18 1 26 46 44 3,1
listwise-mlp-8,validation,2026,180,21,15 1 26 40 11 3 46 44 41 28 16 10 7 37 33 30 8 6 24 31,15 1 26 40 11 3,1
listwise-mlp-8,validation,2026,181,19,21 1 46 40 26 30 37 16 41 28 10 44 15 7 20 33 3 11 8 24,21 1 46 40 26 30,1
listwise-mlp-8,validation,2026,182,41,19 1 46 40 26 16 44 24 7 6 33 15 21 41 3 11 28 8 30 20,19 1 46 40 26 16,1
listwise-mlp-8,validation,2026,183,24,41 46 40 1 26 24 28 8 7 11 37 16 23 33 15 30 45 19 31 20,41 46 40 1 26 24,0
listwise-mlp-8,validation,2026,184,1,24 46 40 1 41 37 16 26 19 8 11 7 42 28 3 30 31 23 20 12,24 46 40 1 41 37,0
listwise-mlp-8,validation,2026,185,36,1 40 24 46 41 11 8 26 19 16 21 7 28 37 30 20 12 44 33 15,1 40 24 46 41 11,1
listwise-mlp-8,validation,2026,186,23,1 36 40 7 41 24 30 46 8 28 19 16 11 26 12 21 37 15 33 10,1 36 40 7 41 24,1
listwise-mlp-8,validation,2026,187,1,23 1 40 7 46 8 24 30 28 19 41 15 26 16 36 21 11 33 38 39,23 1 40 7 46 8,0
listwise-mlp-8,validation,2026,188,16,1 40 7 46 23 8 30 19 24 28 41 21 36 15 16 33 44 2 39 6,1 40 7 46 23 8,1
listwise-mlp-8,validation,2026,189,15,16 1 40 46 7 19 30 8 24 28 41 44 15 21 26 23 38 31 33 39,16 1 40 46 7 19,1
listwise-mlp-8,validation,2026,190,16,15 1 40 16 7 46 30 8 24 31 26 41 28 39 19 44 6 11 21 23,15 1 40 16 7 46,0
listwise-mlp-8,validation,2026,191,29,16 1 40 46 19 7 30 24 15 8 31 39 28 2 37 44 11 41 6 23,16 1 40 46 19 7,1
listwise-mlp-8,validation,2026,192,25,29 1 40 7 16 30 15 8 6 24 46 31 19 39 28 2 44 41 11 26,29 1 40 7 16 30,1
listwise-mlp-8,validation,2026,193,9,25 1 40 15 30 7 16 8 31 46 39 6 28 44 2 24 11 45 29 23,25 1 40 15 30 7,1
listwise-mlp-8,validation,2026,194,26,9 1 15 40 46 30 16 23 7 31 29 28 6 44 11 45 37 2 39 25,9 1 15 40 46 30,1
listwise-mlp-8,validation,2026,195,25,26 1 30 15 40 9 44 46 16 7 23 31 24 11 6 37 28 39 8 19,26 1 30 15 40 9,1
listwise-mlp-8,validation,2026,196,39,25 30 40 1 9 46 44 15 16 7 23 31 37 24 39 6 28 26 19 11,25 30 40 1 9 46,1
listwise-mlp-8,validation,2026,197,8,39 30 1 40 6 44 9 24 16 7 31 37 19 46 29 15 11 26 25 8,39 30 1 40 6 44,1
listwise-mlp-8,validation,2026,198,7,8 30 1 19 6 39 9 16 44 40 31 46 22 15 29 7 24 37 25 45,8 30 1 19 6 39,1
listwise-mlp-8,validation,2026,199,36,7 1 30 8 6 39 9 15 19 38 31 46 22 16 29 37 45 44 24 25,7 1 30 8 6 39,1
listwise-mlp-8,validation,2026,200,39,36 1 7 30 38 6 39 45 19 9 8 46 31 37 16 15 29 24 25 22,36 1 7 30 38 6,1
listwise-mlp-8,validation,2026,201,32,39 1 7 30 19 37 46 29 9 8 31 6 15 36 38 45 24 22 44 25,39 1 7 30 19 37,1
listwise-mlp-8,validation,2026,202,40,32 1 19 30 39 7 37 9 6 8 45 15 16 46 26 24 38 36 44 23,32 1 19 30 39 7,1
listwise-mlp-8,validation,2026,203,25,40 1 30 39 7 37 19 9 45 44 8 6 15 16 24 26 36 29 23 22,40 1 30 39 7 37,1
listwise-mlp-8,validation,2026,204,5,25 1 30 37 7 19 45 26 44 29 39 8 9 24 40 16 22 36 23 38,25 1 30 37 7 19,1
listwise-mlp-8,validation,2026,205,3,5 30 1 19 37 45 29 7 22 9 25 39 24 44 15 26 16 8 40 38,5 30 1 19 37 45,1
listwise-mlp-8,validation,2026,206,47,3 30 1 19 9 37 45 39 5 46 22 23 24 26 44 15 29 16 8 38,3 30 1 19 9 37,1
listwise-mlp-8,evaluation,2026,207,31,19 1 37 47 30 24 45 9 46 23 3 41 5 26 44 29 22 39 16 8,19 1 37 47 30 24,1
listwise-mlp-8,evaluation,2026,208,19,31 19 30 1 37 24 45 9 46 26 44 41 23 29 39 40 22 16 7 3,31 19 30 1 37 24,0
listwise-mlp-8,evaluation,2026,209,8,19 30 24 37 1 45 41 39 9 29 31 23 16 3 46 40 10 5 15 25,19 30 24 37 1 45,1
listwise-mlp-8,evaluation,2026,210,49,19 8 30 45 37 24 1 39 15 41 5 29 38 46 3 44 9 23 25 31,19 8 30 45 37 24,1
listwise-mlp-8,evaluation,2026,211,1,49 19 45 24 1 37 30 46 29 8 5 41 15 38 9 3 23 40 25 44,49 19 45 24 1 37,0
listwise-mlp-8,evaluation,2026,212,6,1 19 45 37 24 46 30 38 5 49 25 29 31 9 41 3 8 23 39 44,1 19 45 37 24 46,1
listwise-mlp-8,evaluation,2026,213,35,19 6 1 45 46 37 30 24 25 5 41 49 29 38 31 3 44 21 23 39,19 6 1 45 46 37,1
listwise-mlp-8,evaluation,2026,214,4,19 35 1 45 24 37 30 5 46 31 41 44 38 25 29 49 3 6 12 21,19 35 1 45 24 37,1
listwise-mlp-8,evaluation,2026,215,14,4 19 1 45 37 46 24 38 31 30 41 3 49 29 35 44 26 12 5 21,4 19 1 45 37 46,1
listwise-mlp-8,evaluation,2026,216,37,19 14 1 45 37 46 24 38 30 12 31 49 44 11 26 5 4 41 39 21,19 14 1 45 37 46,0
listwise-mlp-8,evaluation,2026,217,26,37 19 45 1 24 46 49 31 44 3 12 30 26 4 35 40 14 39 6 21,37 19 45 1 24 46,1
listwise-mlp-8,evaluation,2026,218,17,26 37 19 1 45 24 46 30 49 40 44 11 3 12 35 4 39 23 21 14,26 37 19 1 45 24,1
listwise-mlp-8,evaluation,2026,219,43,17 37 26 19 1 45 24 40 49 35 23 46 44 30 3 28 39 4 21 48,17 37 26 19 1 45,1
listwise-mlp-8,evaluation,2026,220,48,43 37 19 26 1 17 24 44 40 45 49 39 35 21 7 3 30 31 28 15,43 37 19 26 1 17,1
listwise-mlp-8,evaluation,2026,221,1,48 37 26 19 1 17 40 44 24 39 45 15 35 21 30 3 43 28 23 49,48 37 26 19 1 17,0
listwise-mlp-8,evaluation,2026,222,26,1 37 48 26 40 17 19 45 15 44 21 35 30 24 3 39 28 46 23 49,1 37 48 26 40 17,0
listwise-mlp-8,evaluation,2026,223,23,26 37 19 40 17 1 48 39 44 15 21 35 45 3 23 43 30 38 12 49,26 37 19 40 17 1,1
listwise-mlp-8,evaluation,2026,224,9,23 37 26 19 1 40 17 15 48 44 39 9 38 12 21 5 43 3 30 7,23 37 26 19 1 40,1
listwise-mlp-8,evaluation,2026,225,1,9 37 26 19 23 40 48 1 17 15 12 39 5 31 44 3 30 43 38 7,9 37 26 19 23 40,1
listwise-mlp-8,evaluation,2026,226,17,1 37 26 19 9 40 48 23 17 15 38 12 30 44 5 3 7 43 28 24,1 37 26 19 9 40,1
listwise-mlp-8,evaluation,2026,227,16,17 1 26 37 40 9 44 48 19 38 23 12 30 15 45 39 5 11 29 43,17 1 26 37 40 9,1
listwise-mlp-8,evaluation,2026,228,23,16 37 1 26 17 12 9 23 40 30 7 19 44 15 48 39 38 31 5 29,16 37 1 26 17 12,1
listwise-mlp-8,evaluation,2026,229,38,23 1 26 37 9 17 40 38 12 16 30 44 19 15 39 29 7 5 11 43,23 1 26 37 9 17,1
listwise-mlp-8,evaluation,2026,230,16,38 1 23 37 9 7 40 26 12 30 16 44 19 17 15 39 11 13 31 41,38 1 23 37 9 7,1
listwise-mlp-8,evaluation,2026,231,20,16 38 39 12 37 1 23 9 26 40 30 44 19 7 17 31 15 11 41 25,16 38 39 12 37 1,1
listwise-mlp-8,evaluation,2026,232,42,20 38 23 39 37 12 1 9 30 44 40 26 16 7 11 19 17 13 15 48,20 38 23 39 37 12,1
listwise-mlp-8,evaluation,2026,233,7,42 38 37 12 40 1 23 39 9 44 7 16 30 26 19 17 11 48 41 31,42 38 37 12 40 1,1
listwise-mlp-8,evaluation,2026,234,39,7 38 1 40 39 37 12 9 23 44 42 16 30 19 26 48 41 15 43 27,7 38 1 40 39 37,0
listwise-mlp-8,evaluation,2026,235,32,39 38 1 7 40 19 23 44 16 9 42 12 30 37 48 26 8 15 25 43,39 38 1 7 40 19,1
listwise-mlp-8,evaluation,2026,236,11,32 38 39 7 1 40 19 23 16 44 42 9 27 26 12 48 15 8 37 29,32 38 39 7 1 40,1
listwise-mlp-8,evaluation,2026,237,12,11 38 39 1 7 19 23 32 40 16 29 26 42 44 12 8 43 15 27 9,11 38 39 1 7 19,1
listwise-mlp-8,evaluation,2026,238,17,12 38 39 7 1 11 23 19 29 32 31 16 40 41 25 8 24 15 43 27,12 38 39 7 1 11,1
listwise-mlp-8,evaluation,2026,239,5,38 17 39 12 1 19 7 29 11 31 32 8 16 23 44 18 15 24 27 43,38 17 39 12 1 19,1
listwise-mlp-8,evaluation,2026,240,27,38 5 7 12 1 11 19 39 29 16 8 31 32 15 13 17 18 27 40 42,38 5 7 12 1 11,1
listwise-mlp-8,evaluation,2026,241,49,27 38 1 12 19 11 39 7 29 8 31 32 26 5 16 13 18 15 23 25,27 38 1 12 19 11,1
listwise-mlp-8,evaluation,2026,242,9,49 38 27 1 11 19 39 7 29 12 8 31 23 5 32 13 16 18 15 26,49 38 27 1 11 19,1
listwise-mlp-8,evaluation,2026,243,21,38 9 11 1 29 7 19 39 12 27 8 49 31 13 5 23 46 18 15 26,38 9 11 1 29 7,1
listwise-mlp-8,evaluation,2026,244,46,38 21 11 1 29 49 19 39 7 27 8 12 18 5 9 23 46 31 17 41,38 21 11 1 29 49,1
listwise-mlp-8,evaluation,2026,245,18,46 38 11 19 1 7 49 8 29 39 27 18 5 25 17 21 23 4 9 41,46 38 11 19 1 7,1
listwise-mlp-8,evaluation,2026,246,30,18 38 7 11 46 19 1 49 27 8 29 21 39 26 23 25 4 41 17 5,18 38 7 11 46 19,1
listwise-mlp-8,evaluation,2026,247,40,30 18 7 38 46 27 49 19 1 26 8 29 11 21 17 39 25 9 4 12,30 18 7 38 46 27,1
listwise-mlp-8,evaluation,2026,248,20,40 38 46 18 26 7 27 49 29 8 17 21 25 39 1 19 30 9 11 41,40 38 46 18 26 7,1
listwise-mlp-8,evaluation,2026,249,23,20 7 18 26 38 21 27 49 8 25 19 1 14 46 17 29 39 40 11 30,20 7 18 26 38 21,1
listwise-mlp-8,evaluation,2026,250,14,23 7 18 26 38 21 17 25 19 46 29 1 8 49 40 11 14 27 30 41,23 7 18 26 38 21,1
listwise-mlp-8,evaluation,2026,251,30,14 7 23 18 26 21 17 38 1 19 46 8 49 40 25 11 30 37 39 29,14 7 23 18 26 21,1
listwise-mlp-8,evaluation,2026,252,22,30 7 21 14 26 23 1 38 18 19 17 29 8 46 25 40 41 11 49 9,30 7 21 14 26 23,1
listwise-mlp-8,evaluation,2026,253,16,22 26 7 21 23 1 29 14 30 19 17 46 38 18 41 40 8 16 35 25,22 26 7 21 23 1,1
listwise-mlp-8,evaluation,2026,254,2,16 26 7 23 46 17 14 29 19 30 21 1 18 38 22 40 8 49 37 35,16 26 7 23 46 17,1
listwise-mlp-8,evaluation,2026,255,44,2 26 17 7 14 23 29 16 46 21 1 30 40 19 38 9 22 18 37 35,2 26 17 7 14 23,1
listwise-mlp-8,evaluation,2026,256,1,44 14 23 17 26 7 29 1 46 22 30 21 2 40 38 9 16 19 39 11,44 14 23 17 26 7,1
listwise-mlp-8,evaluation,2026,257,7,1 17 14 23 26 7 29 46 22 44 9 19 21 2 40 30 16 38 37 24,1 17 14 23 26 7,0
listwise-mlp-8,evaluation,2026,258,46,7 1 17 14 26 23 46 29 22 44 19 21 16 9 2 30 38 4 39 8,7 1 17 14 26 23,1
listwise-mlp-8,evaluation,2026,259,22,46 14 17 1 26 7 23 22 9 44 2 29 19 30 16 21 4 39 49 25,46 14 17 1 26 7,1
listwise-mlp-8,evaluation,2026,260,20,22 26 14 17 1 46 7 29 9 23 44 19 2 41 38 4 21 16 25 30,22 26 14 17 1 46,1
listwise-mlp-8,evaluation,2026,261,24,20 17 26 22 1 46 14 7 29 9 23 44 39 37 19 41 16 38 21 4,20 17 26 22 1 46,1
listwise-mlp-8,evaluation,2026,262,30,24 17 22 1 26 46 14 9 7 29 20 23 37 19 44 25 41 21 16 6,24 17 22 1 26 46,1
listwise-mlp-8,evaluation,2026,263,9,30 17 26 1 22 14 24 9 7 46 41 23 19 37 44 21 16 20 39 29,30 17 26 1 22 14,1
listwise-mlp-8,evaluation,2026,264,21,9 17 26 1 14 22 24 7 46 44 23 19 35 21 30 41 29 6 13 20,9 17 26 1 14 22,1
listwise-mlp-8,evaluation,2026,265,49,21 9 26 17 1 22 14 24 6 35 7 46 44 23 39 29 41 19 16 20,21 9 26 17 1 22,1
listwise-mlp-8,evaluation,2026,266,8,49 9 26 1 22 17 14 21 6 46 39 7 24 23 35 29 41 19 44 16,49 9 26 1 22 17,1
listwise-mlp-16,validation,2026,147,13,42 5 24 46 23 17 1 44 20 7 48 40 49 22 30 25 16 26 39 38,42 5 24 46 23 17,1
listwise-mlp-16,validation,2026,148,48,24 13 5 23 17 46 1 40 44 7 48 49 22 25 20 10 18 42 38 29,24 13 5 23 17 46,1
listwise-mlp-16,validation,2026,149,27,48 24 23 5 17 46 1 20 44 7 22 25 49 38 42 12 26 8 40 39,48 24 23 5 17 46,1
listwise-mlp-16,validation,2026,150,9,48 27 20 1 24 5 44 17 46 7 23 25 45 30 22 26 49 8 12 42,48 27 20 1 24 5,1
listwise-mlp-16,validation,2026,151,31,9 46 48 1 5 17 25 44 24 22 7 20 42 23 26 8 49 10 12 38,9 46 48 1 5 17,1
listwise-mlp-16,validation,2026,152,45,17 46 31 5 1 24 48 20 9 7 44 25 42 8 23 22 26 15 2 49,17 46 31 5 1 24,1
listwise-mlp-16,validation,2026,153,41,45 1 17 46 44 5 24 48 7 9 26 8 20 25 34 2 10 49 22 12,45 1 17 46 44 5,1
listwise-mlp-16,validation,2026,154,41,41 1 46 5 17 24 48 26 45 7 9 8 2 20 25 40 22 10 44 33,41 1 46 5 17 24,0
listwise-mlp-16,validation,2026,155,7,41 46 1 26 24 17 5 48 7 45 20 8 2 9 25 34 22 44 42 39,41 46 1 26 24 17,1
listwise-mlp-16,validation,2026,156,1,7 46 1 24 26 17 25 5 48 45 8 2 20 40 9 32 22 44 21 18,7 46 1 24 26 17,0
listwise-mlp-16,validation,2026,157,40,1 24 46 26 7 17 20 25 5 2 8 45 48 32 22 44 31 18 49 9,1 24 46 26 7 17,1
listwise-mlp-16,validation,2026,158,16,40 1 17 25 24 46 26 45 5 20 7 2 31 48 18 32 22 10 8 44,40 1 17 25 24 46,1
listwise-mlp-16,validation,2026,159,39,1 16 24 26 46 40 5 20 45 17 18 7 32 22 48 8 2 25 44 49,1 16 24 26 46 40,1
listwise-mlp-16,validation,2026,160,2,39 1 20 46 24 17 26 45 5 40 44 18 32 22 41 8 2 30 16 25,39 1 20 46 24 17,1
listwise-mlp-16,validation,2026,161,8,2 1 24 26 44 45 20 46 16 22 29 30 8 40 39 18 32 5 17 25,2 1 24 26 44 45,1
listwise-mlp-16,validation,2026,162,32,8 46 24 1 2 20 44 45 22 40 18 41 39 7 5 26 17 32 19 49,8 46 24 1 2 20,1
listwise-mlp-16,validation,2026,163,37,32 1 24 2 44 26 20 8 41 22 46 7 45 18 16 5 30 17 33 39,32 1 24 2 44 26,1
listwise-mlp-16,validation,2026,164,21,37 1 32 8 20 7 2 24 46 22 41 44 33 45 18 40 16 5 17 30,37 1 32 8 20 7,1
listwise-mlp-16,validation,2026,165,3,21 1 46 32 2 20 37 24 45 8 16 22 4 30 17 5 7 44 6 18,21 1 46 32 2 20,1
listwise-mlp-16,validation,2026,166,6,1 3 32 37 46 2 20 30 21 24 45 16 22 40 44 17 8 6 5 26,1 3 32 37 46 2,1
listwise-mlp-16,validation,2026,167,19,6 1 32 20 46 37 21 16 30 40 22 45 4 8 31 3 44 24 2 26,6 1 32 20 46 37,1
listwise-mlp-16,validation,2026,168,15,19 6 46 37 32 1 16 3 30 31 40 22 45 11 17 26 8 7 25 2,19 6 46 37 32 1,1
listwise-mlp-16,validation,2026,169,24,15 1 37 6 46 32 30 19 31 40 33 16 11 45 17 3 8 48 26 25,15 1 37 6 46 32,1
listwise-mlp-16,validation,2026,170,3,24 46 37 1 6 32 30 17 31 19 8 40 16 3 15 20 44 26 22 25,24 46 37 1 6 32,1
listwise-mlp-16,validation,2026,171,28,3 46 1 16 6 32 20 31 17 26 24 37 19 30 29 15 8 45 43 48,3 46 1 16 6 32,1
listwise-mlp-16,validation,2026,172,44,28 46 1 16 24 3 31 19 40 26 37 32 30 17 29 6 33 15 20 45,28 46 1 16 24 3,1
listwise-mlp-16,validation,2026,173,26,44 28 1 37 16 46 19 3 26 24 33 30 6 17 29 20 31 32 40 8,44 28 1 37 16 46,1
listwise-mlp-16,validation,2026,174,41,26 16 44 1 40 19 6 46 28 3 24 33 30 17 20 31 29 7 37 41,26 16 44 1 40 19,1
listwise-mlp-16,validation,2026,175,26,41 28 26 46 1 44 3 24 16 30 8 40 33 20 17 19 6 4 15 7,41 28 26 46 1 44,0
listwise-mlp-16,validation,2026,176,10,26 28 1 46 30 44 19 41 3 16 7 24 40 11 17 4 20 6 29 33,26 28 1 46 30 44,1
listwise-mlp-16,validation,2026,177,14,10 1 46 26 28 44 30 41 40 3 4 31 24 16 15 20 17 11 33 6,10 1 46 26 28 44,1
listwise-mlp-16,validation,2026,178,18,1 14 44 46 28 26 3 4 41 40 16 24 10 11 19 20 17 23 7 30,1 14 44 46 28 26,1
listwise-mlp-16,validation,2026,179,15,18 46 1 44 26 28 40 3 11 16 41 17 24 20 30 4 7 10 33 31,18 46 1 44 26 28,1
listwise-mlp-16,validation,2026,180,21,15 1 26 11 40 3 46 44 28 16 10 41 6 37 30 7 33 31 8 24,15 1 26 11 40 3,1
listwise-mlp-16,validation,2026,181,19,21 1 40 46 30 37 26 28 16 10 41 44 15 7 33 20 8 11 3 49,21 1 40 46 30 37,1
listwise-mlp-16,validation,2026,182,41,19 1 46 40 26 16 6 44 24 15 33 7 21 28 11 30 3 8 31 41,19 1 46 40 26 16,1
listwise-mlp-16,validation,2026,183,24,41 46 40 1 24 26 28 8 11 15 16 23 7 37 30 33 45 31 19 42,41 46 40 1 24 26,0
listwise-mlp-16,validation,2026,184,1,24 46 40 1 37 41 16 26 19 11 8 42 7 31 28 30 23 3 12 20,24 46 40 1 37 41,0
listwise-mlp-16,validation,2026,185,36,1 24 40 46 41 11 8 26 19 30 16 37 28 21 7 44 20 12 33 31,1 24 40 46 41 11,1
listwise-mlp-16,validation,2026,186,23,1 36 40 7 30 41 24 46 8 28 19 16 11 26 12 37 15 31 21 33,1 36 40 7 30 41,1
listwise-mlp-16,validation,2026,187,1,23 1 40 7 46 30 8 24 28 19 41 15 36 26 16 11 17 21 31 33,23 1 40 7 46 30,0
listwise-mlp-16,validation,2026,188,16,1 40 23 7 46 30 8 24 19 28 36 41 15 21 16 33 44 6 39 38,1 40 23 7 46 30,1
listwise-mlp-16,validation,2026,189,15,16 1 40 46 7 30 19 8 24 28 41 44 23 15 21 38 26 31 33 6,16 1 40 46 7 30,1
listwise-mlp-16,validation,2026,190,16,15 1 40 16 7 30 46 8 24 31 39 28 41 6 44 26 19 11 23 37,15 1 40 16 7 30,0
listwise-mlp-16,validation,2026,191,29,16 1 40 46 19 7 30 24 15 37 31 39 8 2 28 44 11 6 41 23,16 1 40 46 19 7,1
listwise-mlp-16,validation,2026,192,25,29 1 40 7 16 30 8 15 6 24 39 31 19 46 2 28 44 11 41 23,29 1 40 7 16 30,1
listwise-mlp-16,validation,2026,193,9,25 1 40 30 15 7 8 16 31 39 45 2 46 44 6 28 11 29 24 23,25 1 40 30 15 7,1
listwise-mlp-16,validation,2026,194,26,9 1 40 15 30 46 16 29 7 23 45 31 11 37 44 2 6 28 25 39,9 1 40 15 30 46,1
listwise-mlp-16,validation,2026,195,25,26 1 30 9 40 15 44 46 16 7 37 23 31 6 11 24 39 28 8 21,26 1 30 9 40 15,1
listwise-mlp-16,validation,2026,196,39,25 30 9 40 1 46 44 37 23 39 7 31 16 6 15 24 19 28 26 11,25 30 9 40 1 46,1
listwise-mlp-16,validation,2026,197,8,39 30 40 1 6 44 37 9 7 24 31 16 19 46 29 11 45 8 25 15,39 30 40 1 6 44,1
listwise-mlp-16,validation,2026,198,7,8 30 19 39 1 6 9 44 40 31 16 46 22 37 29 7 45 24 38 15,8 30 19 39 1 6,1
listwise-mlp-16,validation,2026,199,36,7 30 1 8 39 6 9 19 15 31 38 37 45 46 22 29 16 24 44 25,7 30 1 8 39 6,1
listwise-mlp-16,validation,2026,200,39,36 7 1 30 45 38 39 19 6 9 8 37 46 31 29 16 15 24 22 25,36 7 1 30 45 38,1
listwise-mlp-16,validation,2026,201,32,39 1 30 7 19 37 46 29 9 8 31 6 45 36 15 24 38 22 44 23,39 1 30 7 19 37,1
listwise-mlp-16,validation,2026,202,40,32 19 1 30 39 7 37 9 45 6 8 46 38 24 15 16 36 26 44 28,32 19 1 30 39 7,1
listwise-mlp-16,validation,2026,203,25,40 30 1 37 39 7 19 45 9 44 6 8 15 24 16 26 29 36 22 23,40 30 1 37 39 7,1
listwise-mlp-16,validation,2026,204,5,25 30 1 37 7 19 45 44 26 29 9 39 8 24 40 22 46 23 16 38,25 30 1 37 7 19,1
listwise-mlp-16,validation,2026,205,3,5 30 1 19 45 37 29 7 9 22 24 39 44 25 26 8 16 40 46 15,5 30 1 19 45 37,1
listwise-mlp-16,validation,2026,206,47,3 30 1 19 37 9 45 5 39 46 22 23 24 44 26 29 15 38 8 16,3 30 1 19 37 9,1
listwise-mlp-16,evaluation,2026,207,31,19 47 37 1 30 45 24 9 3 5 46 23 41 44 26 29 22 16 10 39,19 47 37 1 30 45,1
listwise-mlp-16,evaluation,2026,208,19,31 19 30 37 1 45 24 9 26 44 46 41 23 29 40 39 3 22 16 5,31 19 30 37 1 45,0
listwise-mlp-16,evaluation,2026,209,8,19 30 24 37 1 45 41 31 9 23 29 39 3 16 40 46 5 10 7 15,19 30 24 37 1 45,1
listwise-mlp-16,evaluation,2026,210,49,8 19 30 45 37 24 1 39 5 15 41 44 29 3 46 38 9 23 31 40,8 19 30 45 37 24,1
listwise-mlp-16,evaluation,2026,211,1,49 19 45 37 24 1 30 29 46 8 15 5 41 9 38 3 40 23 44 31,49 19 45 37 24 1,0
listwise-mlp-16,evaluation,2026,212,6,1 19 45 37 24 46 30 49 38 5 9 31 29 3 41 8 39 25 23 44,1 19 45 37 24 46,1
listwise-mlp-16,evaluation,2026,213,35,19 6 1 45 37 46 30 24 41 5 25 49 3 29 31 38 44 21 39 23,19 6 1 45 37 46,1
listwise-mlp-16,evaluation,2026,214,4,35 19 45 1 24 37 5 30 46 41 31 44 49 38 29 3 6 12 25 21,35 19 45 1 24 37,1
listwise-mlp-16,evaluation,2026,215,14,4 19 45 1 37 24 38 46 31 30 41 49 35 3 29 44 12 26 6 5,4 19 45 1 37 24,1
listwise-mlp-16,evaluation,2026,216,37,19 14 1 45 37 38 24 46 30 49 44 12 4 5 11 41 31 26 39 21,19 14 1 45 37 38,0
listwise-mlp-16,evaluation,2026,217,26,37 19 45 1 24 46 49 44 31 3 12 30 26 14 4 35 40 41 39 6,37 19 45 1 24 46,1
listwise-mlp-16,evaluation,2026,218,17,26 37 19 1 24 45 30 49 46 40 44 12 11 3 35 4 14 39 23 21,26 37 19 1 24 45,1
listwise-mlp-16,evaluation,2026,219,43,17 37 26 19 1 45 24 40 49 23 35 46 44 30 3 39 28 21 4 48,17 37 26 19 1 45,1
listwise-mlp-16,evaluation,2026,220,48,43 37 19 26 1 17 24 44 40 45 49 39 35 21 7 31 3 30 15 41,43 37 19 26 1 17,1
listwise-mlp-16,evaluation,2026,221,1,48 37 26 19 1 17 40 44 24 39 45 15 21 35 43 30 3 28 49 23,48 37 26 19 1 17,0
listwise-mlp-16,evaluation,2026,222,26,1 37 48 26 17 19 40 15 45 44 21 30 24 35 28 3 46 39 23 49,1 37 48 26 17 19,0
listwise-mlp-16,evaluation,2026,223,23,26 37 19 40 17 1 48 44 39 15 21 35 45 3 38 43 30 23 49 12,26 37 19 40 17 1,1
listwise-mlp-16,evaluation,2026,224,9,23 37 26 19 1 40 15 48 17 44 38 39 9 21 12 5 43 3 30 7,23 37 26 19 1 40,1
listwise-mlp-16,evaluation,2026,225,1,9 37 26 19 23 40 48 1 17 15 12 39 31 44 5 3 30 38 43 7,9 37 26 19 23 40,1
listwise-mlp-16,evaluation,2026,226,17,1 37 19 26 9 40 48 23 17 38 15 12 30 44 7 5 3 43 28 24,1 37 19 26 9 40,1
listwise-mlp-16,evaluation,2026,227,16,17 1 26 37 9 40 38 48 44 23 19 12 15 30 39 45 29 11 5 43,17 1 26 37 9 40,1
listwise-mlp-16,evaluation,2026,228,23,16 37 17 26 1 9 12 23 7 40 30 44 19 15 48 38 39 31 29 5,16 37 17 26 1 9,1
listwise-mlp-16,evaluation,2026,229,38,23 37 26 1 9 38 17 16 40 12 44 30 29 19 15 7 39 5 11 43,23 37 26 1 9 38,0
listwise-mlp-16,evaluation,2026,230,16,38 7 37 23 1 9 16 40 12 30 44 26 15 19 11 39 17 13 41 48,38 7 37 23 1 9,1
listwise-mlp-16,evaluation,2026,231,20,16 38 39 12 37 23 1 9 26 7 40 30 44 19 17 31 41 15 11 25,16 38 39 12 37 23,1
listwise-mlp-16,evaluation,2026,232,42,20 38 39 23 37 12 1 9 44 30 7 40 11 26 13 16 19 17 15 48,20 38 39 23 37 12,1
listwise-mlp-16,evaluation,2026,233,7,42 38 37 12 40 1 39 23 9 7 44 16 19 26 30 29 11 48 41 17,42 38 37 12 40 1,1
listwise-mlp-16,evaluation,2026,234,39,7 38 1 40 39 9 37 12 23 42 44 16 30 19 26 48 41 15 43 27,7 38 1 40 39 9,0
listwise-mlp-16,evaluation,2026,235,32,39 38 7 1 40 19 23 9 42 44 16 12 30 37 48 25 8 15 26 29,39 38 7 1 40 19,1
listwise-mlp-16,evaluation,2026,236,11,32 38 39 7 40 1 19 23 44 16 42 9 27 26 29 12 48 15 8 13,32 38 39 7 40 1,1
listwise-mlp-16,evaluation,2026,237,12,11 38 39 1 7 19 32 23 40 16 26 29 42 44 8 15 12 43 9 13,11 38 39 1 7 19,1
listwise-mlp-16,evaluation,2026,238,17,12 38 39 7 1 11 19 23 29 32 31 16 40 41 25 8 15 24 43 27,12 38 39 7 1 11,1
listwise-mlp-16,evaluation,2026,239,5,38 17 39 12 7 19 1 29 11 32 31 8 16 23 44 18 15 24 27 43,38 17 39 12 7 19,1
listwise-mlp-16,evaluation,2026,240,27,5 38 7 12 19 11 39 1 29 8 16 31 32 15 17 13 18 27 40 43,5 38 7 12 19 11,1
listwise-mlp-16,evaluation,2026,241,49,27 38 19 12 39 7 11 1 29 8 31 5 26 32 13 18 16 15 23 25,27 38 19 12 39 7,1
listwise-mlp-16,evaluation,2026,242,9,49 38 27 1 11 19 7 39 29 12 8 31 5 23 32 13 18 41 16 15,49 38 27 1 11 19,1
listwise-mlp-16,evaluation,2026,243,21,9 38 29 11 1 7 19 39 27 12 49 8 31 13 5 18 46 23 15 26,9 38 29 11 1 7,1
listwise-mlp-16,evaluation,2026,244,46,21 38 11 1 29 49 19 7 39 27 8 12 18 5 9 46 23 17 41 31,21 38 11 1 29 49,1
listwise-mlp-16,evaluation,2026,245,18,46 38 11 7 19 1 49 8 29 39 27 18 21 5 25 17 9 4 41 23,46 38 11 7 19 1,1
listwise-mlp-16,evaluation,2026,246,30,18 38 7 46 11 19 1 49 27 8 29 21 39 26 25 23 41 4 17 5,18 38 7 46 11 19,1
listwise-mlp-16,evaluation,2026,247,40,30 18 7 38 46 19 49 27 1 8 29 26 21 11 39 17 25 9 4 41,30 18 7 38 46 19,1
listwise-mlp-16,evaluation,2026,248,20,40 46 18 38 7 26 29 27 49 8 21 25 17 39 9 19 30 1 14 41,40 46 18 38 7 26,1
listwise-mlp-16,evaluation,2026,249,23,20 7 26 18 38 27 21 49 8 14 25 46 17 19 29 39 1 40 41 30,20 7 26 18 38 27,1
listwise-mlp-16,evaluation,2026,250,14,23 7 26 18 38 21 17 29 25 46 19 8 1 49 40 14 11 41 27 30,23 7 26 18 38 21,1
listwise-mlp-16,evaluation,2026,251,30,14 7 18 23 26 17 21 38 46 19 1 8 49 40 25 11 39 37 30 29,14 7 18 23 26 17,1
listwise-mlp-16,evaluation,2026,252,22,30 7 14 26 21 23 1 18 38 19 29 17 8 25 46 40 41 49 11 9,30 7 14 26 21 23,1
listwise-mlp-16,evaluation,2026,253,16,22 26 7 21 14 23 1 29 19 30 17 46 41 18 38 40 8 35 16 25,22 26 7 21 14 23,1
listwise-mlp-16,evaluation,2026,254,2,16 26 7 23 17 46 14 29 19 21 1 30 18 22 38 40 49 8 35 25,16 26 7 23 17 46,1
listwise-mlp-16,evaluation,2026,255,44,2 26 7 17 14 23 29 16 46 21 1 19 40 30 9 22 38 35 18 37,2 26 7 17 14 23,1
listwise-mlp-16,evaluation,2026,256,1,44 14 26 23 17 1 29 7 22 46 2 21 30 9 40 38 16 39 19 11,44 14 26 23 17 1,0
listwise-mlp-16,evaluation,2026,257,7,1 17 14 26 23 7 9 29 22 44 46 21 19 2 40 30 16 37 38 24,1 17 14 26 23 7,0
listwise-mlp-16,evaluation,2026,258,46,7 1 17 14 26 23 46 29 22 44 19 9 21 16 2 30 39 4 8 38,7 1 17 14 26 23,1
listwise-mlp-16,evaluation,2026,259,22,46 14 17 1 26 7 23 22 9 44 2 19 29 21 16 30 4 39 35 49,46 14 17 1 26 7,1
listwise-mlp-16,evaluation,2026,260,20,22 26 14 17 1 46 7 29 9 23 44 19 2 41 4 38 21 16 25 49,22 26 14 17 1 46,1
listwise-mlp-16,evaluation,2026,261,24,20 17 26 22 1 46 14 7 9 29 23 44 39 37 19 16 41 4 21 38,20 17 26 22 1 46,1
listwise-mlp-16,evaluation,2026,262,30,24 17 22 26 1 14 46 9 7 29 20 23 6 25 37 19 41 16 44 21,24 17 22 26 1 14,1
listwise-mlp-16,evaluation,2026,263,9,30 17 26 1 22 24 14 9 7 41 46 23 19 37 44 16 21 6 20 39,30 17 26 1 22 24,1
listwise-mlp-16,evaluation,2026,264,21,9 17 26 1 14 24 22 7 44 46 23 19 35 6 21 41 25 13 30 29,9 17 26 1 14 24,1
listwise-mlp-16,evaluation,2026,265,49,21 9 26 17 1 22 14 24 6 35 7 46 44 39 23 41 29 19 16 20,21 9 26 17 1 22,1
listwise-mlp-16,evaluation,2026,266,8,49 9 26 1 22 14 17 6 39 21 46 7 24 23 35 29 41 44 19 16,49 9 26 1 22 14,1
previous-normal-six,validation,2026,147,13,30 19 20 16 5 11 49 21 47 42 15 26 45 3 29 4 6 25 41 35,30 19 20 16 5 11,1
previous-normal-six,validation,2026,148,48,29 6 10 31 40 18 49 21 47 42 15 26 45 30 3 19 4 25 41 35,29 6 10 31 40 18,1
previous-normal-six,validation,2026,149,27,4 23 31 28 24 27 49 21 47 42 15 26 45 30 3 29 19 6 25 41,4 23 31 28 24 27,0
previous-normal-six,validation,2026,150,9,45 30 4 20 44 28 49 21 47 42 15 26 3 29 19 6 25 41 35 38,45 30 4 20 44 28,1
previous-normal-six,validation,2026,151,31,19 4 25 44 22 11 49 21 47 42 15 26 45 30 3 29 6 41 35 38,19 4 25 44 22 11,1
previous-normal-six,validation,2026,152,45,42 15 29 41 20 27 49 21 47 26 45 30 3 19 4 6 25 35 38 46,42 15 29 41 20 27,1
previous-normal-six,validation,2026,153,41,47 16 44 1 36 34 49 21 42 15 26 45 30 3 29 19 4 6 25 41,47 16 44 1 36 34,1
previous-normal-six,validation,2026,154,41,6 38 1 33 28 40 49 21 47 42 15 26 45 30 3 29 19 4 25 41,6 38 1 33 28 40,1
previous-normal-six,validation,2026,155,7,42 46 23 31 28 34 49 21 47 15 26 45 30 3 29 19 4 6 25 41,42 46 23 31 28 34,1
previous-normal-six,validation,2026,156,1,21 47 46 13 37 40 49 42 15 26 45 30 3 29 19 4 6 25 41 35,21 47 46 13 37 40,1
previous-normal-six,validation,2026,157,40,3 12 31 16 37 11 49 21 47 42 15 26 45 30 29 19 4 6 25 41,3 12 31 16 37 11,1
previous-normal-six,validation,2026,158,16,25 43 10 31 11 17 49 21 47 42 15 26 45 30 3 29 19 4 6 41,25 43 10 31 11 17,1
previous-normal-six,validation,2026,159,39,3 12 43 23 48 1 49 21 47 42 15 26 45 30 29 19 4 6 25 41,3 12 43 23 48 1,1
previous-normal-six,validation,2026,160,2,4 46 20 12 28 17 49 21 47 42 15 26 45 30 3 29 19 6 25 41,4 46 20 12 28 17,1
previous-normal-six,validation,2026,161,8,26 30 29 8 16 1 49 21 47 42 15 45 3 19 4 6 25 41 35 38,26 30 29 8 16 1,0
previous-normal-six,validation,2026,162,32,42 19 46 36 40 34 49 21 47 15 26 45 30 3 29 4 6 25 41 35,42 19 46 36 40 34,1
previous-normal-six,validation,2026,163,37,26 41 23 33 24 7 49 21 47 42 15 45 30 3 29 19 4 6 25 35,26 41 23 33 24 7,1
previous-normal-six,validation,2026,164,21,41 8 10 33 39 7 49 21 47 42 15 26 45 30 3 29 19 4 6 25,41 8 10 33 39 7,1
previous-normal-six,validation,2026,165,3,3 4 38 46 12 2 49 21 47 42 15 26 45 30 29 19 6 25 41 35,3 4 38 46 12 2,0
previous-normal-six,validation,2026,166,6,49 47 2 1 11 9 21 42 15 26 45 30 3 29 19 4 6 25 41 35,49 47 2 1 11 9,1
previous-normal-six,validation,2026,167,19,21 15 4 20 1 28 49 47 42 26 45 30 3 29 19 6 25 41 35 38,21 15 4 20 1 28,1
previous-normal-six,validation,2026,168,15,3 23 40 11 39 7 49 21 47 42 15 26 45 30 29 19 4 6 25 41,3 23 40 11 39 7,1
previous-normal-six,validation,2026,169,24,33 5 40 24 27 11 49 21 47 42 15 26 45 30 3 29 19 4 6 25,33 5 40 24 27 11,0
previous-normal-six,validation,2026,170,3,30 8 44 37 40 22 49 21 47 42 15 26 45 3 29 19 4 6 25 41,30 8 44 37 40 22,1
previous-normal-six,validation,2026,171,28,6 38 46 20 27 34 49 21 47 42 15 26 45 30 3 29 19 4 25 41,6 38 46 20 27 34,1
previous-normal-six,validation,2026,172,44,42 38 46 31 40 24 49 21 47 15 26 45 30 3 29 19 4 6 25 41,42 38 46 31 40 24,1
previous-normal-six,validation,2026,173,26,42 45 8 37 28 34 49 21 47 15 26 30 3 29 19 4 6 25 41 35,42 45 8 37 28 34,1
previous-normal-six,validation,2026,174,41,19 6 13 16 40 39 49 21 47 42 15 26 45 30 3 29 4 25 41 35,19 6 13 16 40 39,1
previous-normal-six,validation,2026,175,26,21 15 8 13 28 34 49 47 42 26 45 30 3 29 19 4 6 25 41 35,21 15 8 13 28 34,1
previous-normal-six,validation,2026,176,10,30 29 19 25 28 7 49 21 47 42 15 26 45 3 4 6 41 35 38 46,30 29 19 25 28 7,1
previous-normal-six,validation,2026,177,14,15 30 38 2 31 36 49 21 47 42 26 45 3 29 19 4 6 25 41 35,15 30 38 2 31 36,1
previous-normal-six,validation,2026,178,18,21 19 2 44 1 5 49 47 42 15 26 45 30 3 29 4 6 25 41 35,21 19 2 44 1 5,1
previous-normal-six,validation,2026,179,15,26 46 31 44 22 17 49 21 47 42 15 45 30 3 29 19 4 6 25 41,26 46 31 44 22 17,1
previous-normal-six,validation,2026,180,21,26 6 10 31 11 9 49 21 47 42 15 45 30 3 29 19 4 25 41 35,26 6 10 31 11 9,1
previous-normal-six,validation,2026,181,19,49 30 19 10 37 14 21 47 42 15 26 45 3 29 4 6 25 41 35 38,49 30 19 10 37 14,0
previous-normal-six,validation,2026,182,41,47 15 29 6 34 17 49 21 42 26 45 30 3 19 4 25 41 35 38 46,47 15 29 6 34 17,1
previous-normal-six,validation,2026,183,24,15 45 23 24 39 9 49 21 47 42 26 30 3 29 19 4 6 25 41 35,15 45 23 24 39 9,0
previous-normal-six,validation,2026,184,1,42 3 46 23 37 9 49 21 47 15 26 45 30 29 19 4 6 25 41 35,42 3 46 23 37 9,1
previous-normal-six,validation,2026,185,36,25 20 44 36 24 11 49 21 47 42 15 26 45 30 3 29 19 4 6 41,25 20 44 36 24 11,0
previous-normal-six,validation,2026,186,23,30 41 35 12 18 9 49 21 47 42 15 26 45 3 29 19 4 6 25 38,30 41 35 12 18 9,1
previous-normal-six,validation,2026,187,1,29 38 1 5 22 17 49 21 47 42 15 26 45 30 3 19 4 6 25 41,29 38 1 5 22 17,0
previous-normal-six,validation,2026,188,16,38 12 23 36 22 27 49 21 47 42 15 26 45 30 3 29 19 4 6 25,38 12 23 36 22 27,1
previous-normal-six,validation,2026,189,15,19 38 10 1 5 14 49 21 47 42 15 26 45 30 3 29 4 6 25 41,19 38 10 1 5 14,1
previous-normal-six,validation,2026,190,16,45 38 20 12 43 37 49 21 47 42 15 26 30 3 29 19 4 6 25 41,45 38 20 12 43 37,1
previous-normal-six,validation,2026,191,29,29 19 46 48 37 14 49 21 47 42 15 26 45 30 3 4 6 25 41 35,29 19 46 48 37 14,0
previous-normal-six,validation,2026,192,25,26 19 43 16 24 39 49 21 47 42 15 45 30 3 29 4 6 25 41 35,26 19 43 16 24 39,1
previous-normal-six,validation,2026,193,9,45 30 8 37 1 27 49 21 47 42 15 26 3 29 19 4 6 25 41 35,45 30 8 37 1 27,1
previous-normal-six,validation,2026,194,26,49 45 29 25 2 11 21 47 42 15 26 30 3 19 4 6 41 35 38 46,49 45 29 25 2 11,1
previous-normal-six,validation,2026,195,25,21 15 30 4 22 34 49 47 42 26 45 3 29 19 6 25 41 35 38 46,21 15 30 4 22 34,1
previous-normal-six,validation,2026,196,39,19 4 46 23 39 9 49 21 47 42 15 26 45 30 3 29 6 25 41 35,19 4 46 23 39 9,0
previous-normal-six,validation,2026,197,8,3 19 41 10 37 24 49 21 47 42 15 26 45 30 29 4 6 25 35 38,3 19 41 10 37 24,1
previous-normal-six,validation,2026,198,7,30 19 44 48 28 40 49 21 47 42 15 26 45 3 29 4 6 25 41 35,30 19 44 48 28 40,1
previous-normal-six,validation,2026,199,36,21 45 35 12 48 24 49 47 42 15 26 30 3 29 19 4 6 25 41 38,21 45 35 12 48 24,1
previous-normal-six,validation,2026,200,39,49 42 45 38 5 17 21 47 15 26 30 3 29 19 4 6 25 41 35 46,49 42 45 38 5 17,1
previous-normal-six,validation,2026,201,32,29 35 46 32 43 5 49 21 47 42 15 26 45 30 3 19 4 6 25 41,29 35 46 32 43 5,0
previous-normal-six,validation,2026,202,40,19 25 38 46 31 28 49 21 47 42 15 26 45 30 3 29 4 6 41 35,19 25 38 46 31 28,1
previous-normal-six,validation,2026,203,25,21 47 15 45 25 13 49 42 26 30 3 29 19 4 6 41 35 38 46 8,21 47 15 45 25 13,0
previous-normal-six,validation,2026,204,5,3 12 31 44 37 11 49 21 47 42 15 26 45 30 29 19 4 6 25 41,3 12 31 44 37 11,1
previous-normal-six,validation,2026,205,3,26 12 10 11 7 17 49 21 47 42 15 45 30 3 29 19 4 6 25 41,26 12 10 11 7 17,1
previous-normal-six,validation,2026,206,47,30 12 28 11 39 17 49 21 47 42 15 26 45 3 29 19 4 6 25 41,30 12 28 11 39 17,1
previous-normal-six,evaluation,2026,207,31,49 3 35 37 40 9 21 47 42 15 26 45 30 29 19 4 6 25 41 38,49 3 35 37 40 9,1
previous-normal-six,evaluation,2026,208,19,26 13 23 44 40 9 49 21 47 42 15 45 30 3 29 19 4 6 25 41,26 13 23 44 40 9,1
previous-normal-six,evaluation,2026,209,8,35 23 48 28 40 7 49 21 47 42 15 26 45 30 3 29 19 4 6 25,35 23 48 28 40 7,1
previous-normal-six,evaluation,2026,210,49,21 44 5 22 14 39 49 47 42 15 26 45 30 3 29 19 4 6 25 41,21 44 5 22 14 39,1
previous-normal-six,evaluation,2026,211,1,42 15 48 37 40 17 49 21 47 26 45 30 3 29 19 4 6 25 41 35,42 15 48 37 40 17,1
previous-normal-six,evaluation,2026,212,6,38 8 12 13 37 39 49 21 47 42 15 26 45 30 3 29 19 4 6 25,38 8 12 13 37 39,1
previous-normal-six,evaluation,2026,213,35,19 32 43 16 27 39 49 21 47 42 15 26 45 30 3 29 4 6 25 41,19 32 43 16 27 39,1
previous-normal-six,evaluation,2026,214,4,15 12 1 5 22 9 49 21 47 42 26 45 30 3 29 19 4 6 25 41,15 12 1 5 22 9,1
previous-normal-six,evaluation,2026,215,14,30 29 38 43 31 27 49 21 47 42 15 26 45 3 19 4 6 25 41 35,30 29 38 43 31 27,1
previous-normal-six,evaluation,2026,216,37,30 19 38 13 1 11 49 21 47 42 15 26 45 3 29 4 6 25 41 35,30 19 38 13 1 11,1
previous-normal-six,evaluation,2026,217,26,45 41 32 44 36 18 49 21 47 42 15 26 30 3 29 19 4 6 25 35,45 41 32 44 36 18,1
previous-normal-six,evaluation,2026,218,17,42 30 12 11 34 7 49 21 47 15 26 45 3 29 19 4 6 25 41 35,42 30 12 11 34 7,1
previous-normal-six,evaluation,2026,219,43,47 38 46 13 2 23 49 21 42 15 26 45 30 3 29 19 4 6 25 41,47 38 46 13 2 23,1
previous-normal-six,evaluation,2026,220,48,29 41 8 31 22 7 49 21 47 42 15 26 45 30 3 19 4 6 25 35,29 41 8 31 22 7,1
previous-normal-six,evaluation,2026,221,1,4 25 38 12 27 39 49 21 47 42 15 26 45 30 3 29 19 6 41 35,4 25 38 12 27 39,1
previous-normal-six,evaluation,2026,222,26,46 48 28 24 14 18 49 21 47 42 15 26 45 30 3 29 19 4 6 25,46 48 28 24 14 18,1
previous-normal-six,evaluation,2026,223,23,49 47 38 27 14 18 21 42 15 26 45 30 3 29 19 4 6 25 41 35,49 47 38 27 14 18,1
previous-normal-six,evaluation,2026,224,9,21 29 38 43 44 1 49 47 42 15 26 45 30 3 19 4 6 25 41 35,21 29 38 43 44 1,1
previous-normal-six,evaluation,2026,225,1,49 19 25 8 36 18 21 47 42 15 26 45 30 3 29 4 6 41 35 38,49 19 25 8 36 18,1
previous-normal-six,evaluation,2026,226,17,19 38 10 27 34 7 49 21 47 42 15 26 45 30 3 29 4 6 25 41,19 38 10 27 34 7,1
previous-normal-six,evaluation,2026,227,16,29 4 38 1 33 11 49 21 47 42 15 26 45 30 3 19 6 25 41 35,29 4 38 1 33 11,1
previous-normal-six,evaluation,2026,228,23,29 13 23 31 24 7 49 21 47 42 15 26 45 30 3 19 4 6 25 41,29 13 23 31 24 7,0
previous-normal-six,evaluation,2026,229,38,26 29 6 38 8 18 49 21 47 42 15 45 30 3 19 4 25 41 35 46,26 29 6 38 8 18,0
previous-normal-six,evaluation,2026,230,16,15 13 16 33 11 7 49 21 47 42 26 45 30 3 29 19 4 6 25 41,15 13 16 33 11 7,0
previous-normal-six,evaluation,2026,231,20,49 47 26 10 28 14 21 42 15 45 30 3 29 19 4 6 25 41 35 38,49 47 26 10 28 14,1
previous-normal-six,evaluation,2026,232,42,46 8 13 23 11 39 49 21 47 42 15 26 45 30 3 29 19 4 6 25,46 8 13 23 11 39,1
previous-normal-six,evaluation,2026,233,7,29 4 46 20 10 17 49 21 47 42 15 26 45 30 3 19 6 25 41 35,29 4 46 20 10 17,1
previous-normal-six,evaluation,2026,234,39,49 4 41 5 18 34 21 47 42 15 26 45 30 3 29 19 6 25 35 38,49 4 41 5 18 34,1
previous-normal-six,evaluation,2026,235,32,30 19 25 37 7 17 49 21 47 42 15 26 45 3 29 4 6 41 35 38,30 19 25 37 7 17,1
previous-normal-six,evaluation,2026,236,11,21 26 35 44 27 17 49 47 42 15 45 30 3 29 19 4 6 25 41 38,21 26 35 44 27 17,1
previous-normal-six,evaluation,2026,237,12,42 26 35 14 9 17 49 21 47 15 45 30 3 29 19 4 6 25 41 38,42 26 35 14 9 17,1
previous-normal-six,evaluation,2026,238,17,47 6 25 41 36 14 49 21 42 15 26 45 30 3 29 19 4 35 38 46,47 6 25 41 36 14,1
previous-normal-six,evaluation,2026,239,5,21 4 35 23 44 7 49 47 42 15 26 45 30 3 29 19 6 25 41 38,21 4 35 23 44 7,1
previous-normal-six,evaluation,2026,240,27,47 43 22 34 7 17 49 21 42 15 26 45 30 3 29 19 4 6 25 41,47 43 22 34 7 17,1
previous-normal-six,evaluation,2026,241,49,26 2 37 28 22 34 49 21 47 42 15 45 30 3 29 19 4 6 25 41,26 2 37 28 22 34,1
previous-normal-six,evaluation,2026,242,9,21 42 45 29 41 27 49 47 15 26 30 3 19 4 6 25 35 38 46 8,21 42 45 29 41 27,1
previous-normal-six,evaluation,2026,243,21,29 35 46 32 13 31 49 21 47 42 15 26 45 30 3 19 4 6 25 41,29 35 46 32 13 31,1
previous-normal-six,evaluation,2026,244,46,42 46 12 24 9 17 49 21 47 15 26 45 30 3 29 19 4 6 25 41,42 46 12 24 9 17,0
previous-normal-six,evaluation,2026,245,18,3 33 40 14 9 17 49 21 47 42 15 26 45 30 29 19 4 6 25 41,3 33 40 14 9 17,1
previous-normal-six,evaluation,2026,246,30,38 13 2 23 22 14 49 21 47 42 15 26 45 30 3 29 19 4 6 25,38 13 2 23 22 14,1
previous-normal-six,evaluation,2026,247,40,19 20 10 1 22 24 49 21 47 42 15 26 45 30 3 29 4 6 25 41,19 20 10 1 22 24,1
previous-normal-six,evaluation,2026,248,20,3 29 4 46 43 9 49 21 47 42 15 26 45 30 19 6 25 41 35 38,3 29 4 46 43 9,1
previous-normal-six,evaluation,2026,249,23,49 26 43 27 14 39 21 47 42 15 45 30 3 29 19 4 6 25 41 35,49 26 43 27 14 39,1
previous-normal-six,evaluation,2026,250,14,26 29 41 13 36 22 49 21 47 42 15 45 30 3 19 4 6 25 35 38,26 29 41 13 36 22,1
previous-normal-six,evaluation,2026,251,30,47 6 10 37 39 17 49 21 42 15 26 45 30 3 29 19 4 25 41 35,47 6 10 37 39 17,1
previous-normal-six,evaluation,2026,252,22,45 6 25 8 11 9 49 21 47 42 15 26 30 3 29 19 4 41 35 38,45 6 25 8 11 9,1
previous-normal-six,evaluation,2026,253,16,6 41 13 43 48 33 49 21 47 42 15 26 45 30 3 29 19 4 25 35,6 41 13 43 48 33,1
previous-normal-six,evaluation,2026,254,2,49 15 35 13 28 5 21 47 42 26 45 30 3 29 19 4 6 25 41 38,49 15 35 13 28 5,1
previous-normal-six,evaluation,2026,255,44,26 6 35 10 16 44 49 21 47 42 15 45 30 3 29 19 4 25 41 38,26 6 35 10 16 44,0
previous-normal-six,evaluation,2026,256,1,47 6 36 22 11 39 49 21 42 15 26 45 30 3 29 19 4 25 41 35,47 6 36 22 11 39,1
previous-normal-six,evaluation,2026,257,7,15 3 37 40 7 9 49 21 47 42 26 45 30 29 19 4 6 25 41 35,15 3 37 40 7 9,0
previous-normal-six,evaluation,2026,258,46,47 45 46 8 27 39 49 21 42 15 26 30 3 29 19 4 6 25 41 35,47 45 46 8 27 39,0
previous-normal-six,evaluation,2026,259,22,21 3 19 35 23 5 49 47 42 15 26 45 30 29 4 6 25 41 38 46,21 3 19 35 23 5,1
previous-normal-six,evaluation,2026,260,20,49 30 19 43 33 36 21 47 42 15 26 45 3 29 4 6 25 41 35 38,49 30 19 43 33 36,1
previous-normal-six,evaluation,2026,261,24,26 6 25 32 44 48 49 21 47 42 15 45 30 3 29 19 4 41 35 38,26 6 25 32 44 48,1
previous-normal-six,evaluation,2026,262,30,47 29 6 25 46 43 49 21 42 15 26 45 30 3 19 4 41 35 38 8,47 29 6 25 46 43,1
previous-normal-six,evaluation,2026,263,9,47 38 33 36 22 7 49 21 42 15 26 45 30 3 29 19 4 6 25 41,47 38 33 36 22 7,1
previous-normal-six,evaluation,2026,264,21,3 13 2 44 28 24 49 21 47 42 15 26 45 30 29 19 4 6 25 41,3 13 2 44 28 24,1
previous-normal-six,evaluation,2026,265,49,6 8 10 31 22 24 49 21 47 42 15 26 45 30 3 29 19 4 25 41,6 8 10 31 22 24,1
previous-normal-six,evaluation,2026,266,8,26 46 23 44 5 40 49 21 47 42 15 45 30 3 29 19 4 6 25 41,26 46 23 44 5 40,1
previous-last-six,validation,2026,147,13,42 30 19 20 16 5 49 21 47 15 26 45 3 29 4 6 25 41 35 38,42 30 19 20 16 5,1
previous-last-six,validation,2026,148,48,6 13 10 31 40 18 49 21 47 42 15 26 45 30 3 29 19 4 25 41,6 13 10 31 40 18,1
previous-last-six,validation,2026,149,27,4 23 31 48 24 27 49 21 47 42 15 26 45 30 3 29 19 6 25 41,4 23 31 48 24 27,0
previous-last-six,validation,2026,150,9,45 30 4 20 44 27 49 21 47 42 15 26 3 29 19 6 25 41 35 38,45 30 4 20 44 27,1
previous-last-six,validation,2026,151,31,19 4 25 44 22 9 49 21 47 42 15 26 45 30 3 29 6 41 35 38,19 4 25 44 22 9,1
previous-last-six,validation,2026,152,45,42 15 29 41 20 31 49 21 47 26 45 30 3 19 4 6 25 35 38 46,42 15 29 41 20 31,1
previous-last-six,validation,2026,153,41,47 45 16 44 1 36 49 21 42 15 26 30 3 29 19 4 6 25 41 35,47 45 16 44 1 36,1
previous-last-six,validation,2026,154,41,6 41 38 33 28 40 49 21 47 42 15 26 45 30 3 29 19 4 25 35,6 41 38 33 28 40,0
previous-last-six,validation,2026,155,7,42 41 23 31 28 34 49 21 47 15 26 45 30 3 29 19 4 6 25 35,42 41 23 31 28 34,1
previous-last-six,validation,2026,156,1,47 46 13 37 40 7 49 21 42 15 26 45 30 3 29 19 4 6 25 41,47 46 13 37 40 7,1
previous-last-six,validation,2026,157,40,3 12 16 37 1 11 49 21 47 42 15 26 45 30 29 19 4 6 25 41,3 12 16 37 1 11,1
previous-last-six,validation,2026,158,16,25 10 31 40 11 17 49 21 47 42 15 26 45 30 3 29 19 4 6 41,25 10 31 40 11 17,1
previous-last-six,validation,2026,159,39,3 12 23 16 48 1 49 21 47 42 15 26 45 30 29 19 4 6 25 41,3 12 23 16 48 1,1
previous-last-six,validation,2026,160,2,4 46 20 28 39 17 49 21 47 42 15 26 45 30 3 29 19 6 25 41,4 46 20 28 39 17,1
previous-last-six,validation,2026,161,8,26 30 29 2 16 1 49 21 47 42 15 45 3 19 4 6 25 41 35 38,26 30 29 2 16 1,1
previous-last-six,validation,2026,162,32,42 19 46 8 40 34 49 21 47 15 26 45 30 3 29 4 6 25 41 35,42 19 46 8 40 34,1
previous-last-six,validation,2026,163,37,26 41 32 33 24 7 49 21 47 42 15 45 30 3 29 19 4 6 25 35,26 41 32 33 24 7,1
previous-last-six,validation,2026,164,21,41 8 10 37 33 7 49 21 47 42 15 26 45 30 3 29 19 4 6 25,41 8 10 37 33 7,1
previous-last-six,validation,2026,165,3,21 3 4 38 12 2 49 47 42 15 26 45 30 29 19 6 25 41 35 46,21 3 4 38 12 2,0
previous-last-six,validation,2026,166,6,49 47 3 2 1 9 21 42 15 26 45 30 29 19 4 6 25 41 35 38,49 47 3 2 1 9,1
previous-last-six,validation,2026,167,19,21 15 4 6 1 28 49 47 42 26 45 30 3 29 19 25 41 35 38 46,21 15 4 6 1 28,1
previous-last-six,validation,2026,168,15,3 19 40 11 39 7 49 21 47 42 15 26 45 30 29 4 6 25 41 35,3 19 40 11 39 7,1
previous-last-six,validation,2026,169,24,15 33 5 40 24 11 49 21 47 42 26 45 30 3 29 19 4 6 25 41,15 33 5 40 24 11,0
previous-last-six,validation,2026,170,3,30 8 37 40 22 24 49 21 47 42 15 26 45 3 29 19 4 6 25 41,30 8 37 40 22 24,1
previous-last-six,validation,2026,171,28,3 6 38 46 20 34 49 21 47 42 15 26 45 30 29 19 4 25 41 35,3 6 38 46 20 34,1
previous-last-six,validation,2026,172,44,42 38 46 31 28 40 49 21 47 15 26 45 30 3 29 19 4 6 25 41,42 38 46 31 28 40,1
previous-last-six,validation,2026,173,26,42 45 8 44 37 34 49 21 47 15 26 30 3 29 19 4 6 25 41 35,42 45 8 44 37 34,1
previous-last-six,validation,2026,174,41,26 19 6 13 16 40 49 21 47 42 15 45 30 3 29 4 25 41 35 38,26 19 6 13 16 40,1
previous-last-six,validation,2026,175,26,21 41 8 13 28 34 49 47 42 15 26 45 30 3 29 19 4 6 25 35,21 41 8 13 28 34,1
previous-last-six,validation,2026,176,10,26 30 29 19 25 28 49 21 47 42 15 45 3 4 6 41 35 38 46 8,26 30 29 19 25 28,1
previous-last-six,validation,2026,177,14,15 38 2 10 31 36 49 21 47 42 26 45 30 3 29 19 4 6 25 41,15 38 2 10 31 36,1
previous-last-six,validation,2026,178,18,21 2 44 1 5 14 49 47 42 15 26 45 30 3 29 19 4 6 25 41,21 2 44 1 5 14,1
previous-last-six,validation,2026,179,15,46 31 44 22 18 17 49 21 47 42 15 26 45 30 3 29 19 4 6 25,46 31 44 22 18 17,1
previous-last-six,validation,2026,180,21,15 26 6 31 11 9 49 21 47 42 45 30 3 29 19 4 25 41 35 38,15 26 6 31 11 9,1
previous-last-six,validation,2026,181,19,49 21 30 19 10 37 47 42 15 26 45 3 29 4 6 25 41 35 38 46,49 21 30 19 10 37,0
previous-last-six,validation,2026,182,41,47 15 29 19 6 34 49 21 42 26 45 30 3 4 25 41 35 38 46 8,47 15 29 19 6 34,1
previous-last-six,validation,2026,183,24,45 41 23 24 39 9 49 21 47 42 15 26 30 3 29 19 4 6 25 35,45 41 23 24 39 9,0
previous-last-six,validation,2026,184,1,42 3 46 37 24 9 49 21 47 15 26 45 30 29 19 4 6 25 41 35,42 3 46 37 24 9,1
previous-last-six,validation,2026,185,36,25 20 1 36 24 11 49 21 47 42 15 26 45 30 3 29 19 4 6 41,25 20 1 36 24 11,0
previous-last-six,validation,2026,186,23,30 41 35 12 36 9 49 21 47 42 15 26 45 3 29 19 4 6 25 38,30 41 35 12 36 9,1
previous-last-six,validation,2026,187,1,29 38 23 1 5 22 49 21 47 42 15 26 45 30 3 19 4 6 25 41,29 38 23 1 5 22,0
previous-last-six,validation,2026,188,16,38 12 1 36 22 27 49 21 47 42 15 26 45 30 3 29 19 4 6 25,38 12 1 36 22 27,1
previous-last-six,validation,2026,189,15,19 10 16 1 5 14 49 21 47 42 15 26 45 30 3 29 4 6 25 41,19 10 16 1 5 14,1
previous-last-six,validation,2026,190,16,15 38 20 12 43 37 49 21 47 42 26 45 30 3 29 19 4 6 25 41,15 38 20 12 43 37,1
previous-last-six,validation,2026,191,29,29 19 16 48 37 14 49 21 47 42 15 26 45 30 3 4 6 25 41 35,29 19 16 48 37 14,0
previous-last-six,validation,2026,192,25,26 29 43 16 24 39 49 21 47 42 15 45 30 3 19 4 6 25 41 35,26 29 43 16 24 39,1
previous-last-six,validation,2026,193,9,45 30 25 8 37 1 49 21 47 42 15 26 3 29 19 4 6 41 35 38,45 30 25 8 37 1,1
previous-last-six,validation,2026,194,26,49 45 29 25 11 9 21 47 42 15 26 30 3 19 4 6 41 35 38 46,49 45 29 25 11 9,1
previous-last-six,validation,2026,195,25,21 15 26 4 22 34 49 47 42 45 30 3 29 19 6 25 41 35 38 46,21 15 26 4 22 34,1
previous-last-six,validation,2026,196,39,19 4 25 23 39 9 49 21 47 42 15 26 45 30 3 29 6 41 35 38,19 4 25 23 39 9,0
previous-last-six,validation,2026,197,8,19 41 10 37 24 39 49 21 47 42 15 26 45 30 3 29 4 6 25 35,19 41 10 37 24 39,1
previous-last-six,validation,2026,198,7,30 19 8 44 48 28 49 21 47 42 15 26 45 3 29 4 6 25 41 35,30 19 8 44 48 28,1
previous-last-six,validation,2026,199,36,21 45 35 12 24 7 49 47 42 15 26 30 3 29 19 4 6 25 41 38,21 45 35 12 24 7,1
previous-last-six,validation,2026,200,39,49 42 45 38 5 36 21 47 15 26 30 3 29 19 4 6 25 41 35 46,49 42 45 38 5 36,1
previous-last-six,validation,2026,201,32,29 35 46 32 5 39 49 21 47 42 15 26 45 30 3 19 4 6 25 41,29 35 46 32 5 39,0
previous-last-six,validation,2026,202,40,19 25 38 32 31 28 49 21 47 42 15 26 45 30 3 29 4 6 41 35,19 25 38 32 31 28,1
previous-last-six,validation,2026,203,25,47 15 45 25 13 40 49 21 42 26 30 3 29 19 4 6 41 35 38 46,47 15 45 25 13 40,0
previous-last-six,validation,2026,204,5,3 25 31 44 37 11 49 21 47 42 15 26 45 30 29 19 4 6 41 35,3 25 31 44 37 11,1
previous-last-six,validation,2026,205,3,26 12 10 5 7 17 49 21 47 42 15 45 30 3 29 19 4 6 25 41,26 12 10 5 7 17,1
previous-last-six,validation,2026,206,47,3 12 28 11 39 17 49 21 47 42 15 26 45 30 29 19 4 6 25 41,3 12 28 11 39 17,1
previous-last-six,evaluation,2026,207,31,49 47 3 35 37 40 21 42 15 26 45 30 29 19 4 6 25 41 38 46,49 47 3 35 37 40,1
previous-last-six,evaluation,2026,208,19,26 13 23 31 44 40 49 21 47 42 15 45 30 3 29 19 4 6 25 41,26 13 23 31 44 40,1
previous-last-six,evaluation,2026,209,8,19 35 23 48 28 40 49 21 47 42 15 26 45 30 3 29 4 6 25 41,19 35 23 48 28 40,1
previous-last-six,evaluation,2026,210,49,21 8 5 22 14 39 49 47 42 15 26 45 30 3 29 19 4 6 25 41,21 8 5 22 14 39,1
previous-last-six,evaluation,2026,211,1,49 42 15 48 37 17 21 47 26 45 30 3 29 19 4 6 25 41 35 38,49 42 15 48 37 17,1
previous-last-six,evaluation,2026,212,6,38 8 12 37 1 39 49 21 47 42 15 26 45 30 3 29 19 4 6 25,38 8 12 37 1 39,1
previous-last-six,evaluation,2026,213,35,19 6 32 16 27 39 49 21 47 42 15 26 45 30 3 29 4 25 41 35,19 6 32 16 27 39,1
previous-last-six,evaluation,2026,214,4,15 35 12 1 5 22 49 21 47 42 26 45 30 3 29 19 4 6 25 41,15 35 12 1 5 22,1
previous-last-six,evaluation,2026,215,14,30 4 38 43 31 27 49 21 47 42 15 26 45 3 29 19 6 25 41 35,30 4 38 43 31 27,1
previous-last-six,evaluation,2026,216,37,30 38 13 1 14 11 49 21 47 42 15 26 45 3 29 19 4 6 25 41,30 38 13 1 14 11,1
previous-last-six,evaluation,2026,217,26,45 41 32 44 37 36 49 21 47 42 15 26 30 3 29 19 4 6 25 35,45 41 32 44 37 36,1
previous-last-six,evaluation,2026,218,17,42 26 30 12 11 7 49 21 47 15 45 3 29 19 4 6 25 41 35 38,42 26 30 12 11 7,1
previous-last-six,evaluation,2026,219,43,47 38 46 13 23 17 49 21 42 15 26 45 30 3 29 19 4 6 25 41,47 38 46 13 23 17,1
previous-last-six,evaluation,2026,220,48,29 41 8 43 22 7 49 21 47 42 15 26 45 30 3 19 4 6 25 35,29 41 8 43 22 7,1
previous-last-six,evaluation,2026,221,1,4 25 38 12 48 39 49 21 47 42 15 26 45 30 3 29 19 6 41 35,4 25 38 12 48 39,1
previous-last-six,evaluation,2026,222,26,46 48 1 28 14 18 49 21 47 42 15 26 45 30 3 29 19 4 6 25,46 48 1 28 14 18,1
previous-last-six,evaluation,2026,223,23,47 26 38 27 14 18 49 21 42 15 45 30 3 29 19 4 6 25 41 35,47 26 38 27 14 18,1
previous-last-six,evaluation,2026,224,9,29 38 43 23 44 1 49 21 47 42 15 26 45 30 3 19 4 6 25 41,29 38 43 23 44 1,1
previous-last-six,evaluation,2026,225,1,49 19 8 36 18 9 21 47 42 15 26 45 30 3 29 4 6 25 41 35,49 19 8 36 18 9,1
previous-last-six,evaluation,2026,226,17,19 38 10 1 27 34 49 21 47 42 15 26 45 30 3 29 4 6 25 41,19 38 10 1 27 34,1
previous-last-six,evaluation,2026,227,16,29 4 38 33 11 17 49 21 47 42 15 26 45 30 3 19 6 25 41 35,29 4 38 33 11 17,1
previous-last-six,evaluation,2026,228,23,29 13 31 16 24 7 49 21 47 42 15 26 45 30 3 19 4 6 25 41,29 13 31 16 24 7,1
previous-last-six,evaluation,2026,229,38,26 29 6 8 23 18 49 21 47 42 15 45 30 3 19 4 25 41 35 38,26 29 6 8 23 18,1
previous-last-six,evaluation,2026,230,16,15 38 13 16 33 7 49 21 47 42 26 45 30 3 29 19 4 6 25 41,15 38 13 16 33 7,0
previous-last-six,evaluation,2026,231,20,49 47 26 10 16 14 21 42 15 45 30 3 29 19 4 6 25 41 35 38,49 47 26 10 16 14,1
previous-last-six,evaluation,2026,232,42,46 8 20 13 23 11 49 21 47 42 15 26 45 30 3 29 19 4 6 25,46 8 20 13 23 11,1
previous-last-six,evaluation,2026,233,7,42 4 46 20 10 17 49 21 47 15 26 45 30 3 29 19 6 25 41 35,42 4 46 20 10 17,1
previous-last-six,evaluation,2026,234,39,49 4 41 5 34 7 21 47 42 15 26 45 30 3 29 19 6 25 35 38,49 4 41 5 34 7,1
previous-last-six,evaluation,2026,235,32,30 19 37 39 7 17 49 21 47 42 15 26 45 3 29 4 6 25 41 35,30 19 37 39 7 17,1
previous-last-six,evaluation,2026,236,11,21 26 35 32 44 17 49 47 42 15 45 30 3 29 19 4 6 25 41 38,21 26 35 32 44 17,1
previous-last-six,evaluation,2026,237,12,42 35 14 11 9 17 49 21 47 15 26 45 30 3 29 19 4 6 25 41,42 35 14 11 9 17,1
previous-last-six,evaluation,2026,238,17,6 25 41 12 36 14 49 21 47 42 15 26 45 30 3 29 19 4 35 38,6 25 41 12 36 14,1
previous-last-six,evaluation,2026,239,5,21 4 23 44 7 17 49 47 42 15 26 45 30 3 29 19 6 25 41 35,21 4 23 44 7 17,1
previous-last-six,evaluation,2026,240,27,43 5 22 34 7 17 49 21 47 42 15 26 45 30 3 29 19 4 6 25,43 5 22 34 7 17,1
previous-last-six,evaluation,2026,241,49,26 37 28 22 27 34 49 21 47 42 15 45 30 3 29 19 4 6 25 41,26 37 28 22 27 34,1
previous-last-six,evaluation,2026,242,9,49 21 42 45 41 27 47 15 26 30 3 29 19 4 6 25 35 38 46 8,49 21 42 45 41 27,1
previous-last-six,evaluation,2026,243,21,35 46 32 13 31 9 49 21 47 42 15 26 45 30 3 29 19 4 6 25,35 46 32 13 31 9,1
previous-last-six,evaluation,2026,244,46,21 46 12 24 9 17 49 47 42 15 26 45 30 3 29 19 4 6 25 41,21 46 12 24 9 17,0
previous-last-six,evaluation,2026,245,18,3 46 33 40 14 17 49 21 47 42 15 26 45 30 29 19 4 6 25 41,3 46 33 40 14 17,1
previous-last-six,evaluation,2026,246,30,38 13 2 23 14 18 49 21 47 42 15 26 45 30 3 29 19 4 6 25,38 13 2 23 14 18,1
previous-last-six,evaluation,2026,247,40,30 19 20 10 1 24 49 21 47 42 15 26 45 3 29 4 6 25 41 35,30 19 20 10 1 24,1
previous-last-six,evaluation,2026,248,20,29 4 46 43 40 9 49 21 47 42 15 26 45 30 3 19 6 25 41 35,29 4 46 43 40 9,1
previous-last-six,evaluation,2026,249,23,49 26 20 27 14 39 21 47 42 15 45 30 3 29 19 4 6 25 41 35,49 26 20 27 14 39,1
previous-last-six,evaluation,2026,250,14,26 29 13 23 36 22 49 21 47 42 15 45 30 3 19 4 6 25 41 35,26 29 13 23 36 22,1
previous-last-six,evaluation,2026,251,30,47 6 37 14 39 17 49 21 42 15 26 45 30 3 29 19 4 25 41 35,47 6 37 14 39 17,1
previous-last-six,evaluation,2026,252,22,45 30 6 25 8 11 49 21 47 42 15 26 3 29 19 4 41 35 38 46,45 30 6 25 8 11,1
previous-last-six,evaluation,2026,253,16,6 41 13 43 48 22 49 21 47 42 15 26 45 30 3 29 19 4 25 35,6 41 13 43 48 22,1
previous-last-six,evaluation,2026,254,2,49 15 35 13 16 28 21 47 42 26 45 30 3 29 19 4 6 25 41 38,49 15 35 13 16 28,1
previous-last-six,evaluation,2026,255,44,6 35 2 10 16 44 49 21 47 42 15 26 45 30 3 29 19 4 25 41,6 35 2 10 16 44,0
previous-last-six,evaluation,2026,256,1,47 6 44 22 11 39 49 21 42 15 26 45 30 3 29 19 4 25 41 35,47 6 44 22 11 39,1
previous-last-six,evaluation,2026,257,7,15 3 37 1 7 9 49 21 47 42 26 45 30 29 19 4 6 25 41 35,15 3 37 1 7 9,0
previous-last-six,evaluation,2026,258,46,47 45 46 27 39 7 49 21 42 15 26 30 3 29 19 4 6 25 41 35,47 45 46 27 39 7,0
previous-last-six,evaluation,2026,259,22,21 19 35 46 23 5 49 47 42 15 26 45 30 3 29 4 6 25 41 38,21 19 35 46 23 5,1
previous-last-six,evaluation,2026,260,20,49 30 19 33 36 22 21 47 42 15 26 45 3 29 4 6 25 41 35 38,49 30 19 33 36 22,1
previous-last-six,evaluation,2026,261,24,26 6 20 32 44 48 49 21 47 42 15 45 30 3 29 19 4 25 41 35,26 6 20 32 44 48,1
previous-last-six,evaluation,2026,262,30,47 29 25 46 43 24 49 21 42 15 26 45 30 3 19 4 6 41 35 38,47 29 25 46 43 24,1
previous-last-six,evaluation,2026,263,9,47 30 33 36 22 7 49 21 42 15 26 45 3 29 19 4 6 25 41 35,47 30 33 36 22 7,1
previous-last-six,evaluation,2026,264,21,3 13 2 28 24 9 49 21 47 42 15 26 45 30 29 19 4 6 25 41,3 13 2 28 24 9,1
previous-last-six,evaluation,2026,265,49,21 6 8 31 22 24 49 47 42 15 26 45 30 3 29 19 4 25 41 35,21 6 8 31 22 24,1
previous-last-six,evaluation,2026,266,8,49 26 46 23 44 40 21 47 42 15 45 30 3 29 19 4 6 25 41 35,49 26 46 23 44 40,1
