model,split,year,period,actual,excluded6,success6
frequency-30,validation,2025,246,6,49 21 47 26 45 30,1
frequency-30,validation,2025,247,25,49 21 47 26 45 30,1
frequency-30,validation,2025,248,12,49 21 47 26 45 30,1
frequency-30,validation,2025,249,2,49 21 47 26 45 30,1
frequency-30,validation,2025,250,12,49 21 47 26 45 30,1
frequency-30,validation,2025,251,35,49 21 47 26 45 30,1
frequency-30,validation,2025,252,23,49 21 47 26 45 30,1
frequency-30,validation,2025,253,33,49 21 47 26 45 30,1
frequency-30,validation,2025,254,17,49 21 47 26 45 30,1
frequency-30,validation,2025,255,42,49 21 47 26 45 30,1
frequency-30,validation,2025,256,48,49 21 47 26 45 30,1
frequency-30,validation,2025,257,28,49 21 47 26 45 30,1
frequency-30,validation,2025,258,38,49 21 47 26 45 30,1
frequency-30,validation,2025,259,47,49 21 47 15 26 45,0
frequency-30,validation,2025,260,3,49 21 15 26 45 30,1
frequency-30,validation,2025,261,33,49 21 15 26 45 30,1
frequency-30,validation,2025,262,44,49 21 15 26 45 30,1
frequency-30,validation,2025,263,38,49 21 15 26 45 30,1
frequency-30,validation,2025,264,43,49 21 15 26 45 30,1
frequency-30,validation,2025,265,10,49 21 15 26 45 30,1
frequency-30,validation,2025,266,41,49 21 15 26 45 30,1
frequency-30,validation,2025,267,29,49 21 15 26 45 30,1
frequency-30,validation,2025,268,10,49 21 15 26 45 30,1
frequency-30,validation,2025,269,31,49 21 15 26 45 30,1
frequency-30,validation,2025,270,35,49 21 15 26 45 30,1
frequency-30,validation,2025,271,6,49 21 15 26 45 30,1
frequency-30,validation,2025,272,36,49 21 15 26 45 30,1
frequency-30,validation,2025,273,4,49 21 15 26 45 30,1
frequency-30,validation,2025,274,44,49 21 15 26 45 30,1
frequency-30,validation,2025,275,45,49 21 15 26 45 30,0
frequency-30,validation,2025,276,9,49 21 15 26 30 19,1
frequency-30,validation,2025,277,16,49 21 15 26 30 19,1
frequency-30,validation,2025,278,28,49 21 15 26 30 19,1
frequency-30,validation,2025,279,27,49 21 15 26 30 19,1
frequency-30,validation,2025,280,42,49 21 15 26 30 19,1
frequency-30,validation,2025,281,47,49 21 15 26 30 19,1
frequency-30,validation,2025,282,41,49 21 15 26 30 19,1
frequency-30,validation,2025,283,45,49 21 15 26 30 19,1
frequency-30,validation,2025,284,41,49 21 15 26 30 19,1
frequency-30,validation,2025,285,24,49 21 15 26 30 19,1
frequency-30,validation,2025,286,3,49 21 15 26 30 19,1
frequency-30,validation,2025,287,34,49 21 15 26 30 19,1
frequency-30,validation,2025,288,14,49 21 15 26 30 19,1
frequency-30,validation,2025,289,42,49 21 15 26 30 19,1
frequency-30,validation,2025,290,19,49 21 15 26 30 19,0
frequency-30,validation,2025,291,44,49 21 15 26 30 25,1
frequency-30,validation,2025,292,2,49 21 15 26 30 25,1
frequency-30,validation,2025,293,47,49 21 15 26 30 25,1
frequency-30,validation,2025,294,18,49 21 15 26 30 25,1
frequency-30,validation,2025,295,5,49 21 15 26 30 25,1
frequency-30,validation,2025,296,22,49 21 15 26 30 25,1
frequency-30,validation,2025,297,44,49 21 15 26 30 25,1
frequency-30,validation,2025,298,23,49 21 15 26 30 29,1
frequency-30,validation,2025,299,49,49 21 15 26 30 29,0
frequency-30,validation,2025,300,40,21 15 26 30 29 25,1
frequency-30,validation,2025,301,5,21 15 26 30 29 25,1
frequency-30,validation,2025,302,22,21 15 26 30 29 6,1
frequency-30,validation,2025,303,15,21 15 26 30 29 6,0
frequency-30,validation,2025,304,48,21 26 30 29 4 6,1
frequency-30,validation,2025,305,42,21 26 30 29 4 6,1
frequency-30,validation,2025,306,17,21 26 30 29 4 6,1
frequency-30,validation,2025,307,20,21 26 30 29 4 6,1
frequency-30,validation,2025,308,39,21 26 30 29 4 6,1
frequency-30,validation,2025,309,6,21 26 30 29 4 6,0
frequency-30,validation,2025,310,16,21 26 30 29 4 25,1
frequency-30,validation,2025,311,37,21 26 30 29 4 25,1
frequency-30,validation,2025,312,14,21 26 30 29 4 25,1
frequency-30,validation,2025,313,38,21 26 30 29 4 25,1
frequency-30,validation,2025,314,23,21 26 45 30 29 4,1
frequency-30,validation,2025,315,4,21 26 45 30 29 4,0
frequency-30,validation,2025,316,24,21 26 45 30 29 25,1
frequency-30,validation,2025,317,18,21 26 45 30 3 29,1
frequency-30,validation,2025,318,6,21 26 45 30 3 29,1
frequency-30,validation,2025,319,45,21 26 45 30 3 29,0
frequency-30,validation,2025,320,28,21 26 30 3 29 25,1
frequency-30,validation,2025,321,23,21 26 30 3 29 19,1
frequency-30,validation,2025,322,47,21 26 30 3 29 19,1
frequency-30,validation,2025,323,9,21 26 30 3 29 19,1
frequency-30,validation,2025,324,15,21 26 30 3 29 19,1
frequency-30,validation,2025,325,4,21 26 30 3 29 19,1
frequency-30,validation,2025,326,19,21 26 30 3 29 19,0
frequency-30,validation,2025,327,37,21 26 30 3 29 25,1
frequency-30,validation,2025,328,3,21 26 30 3 29 25,0
frequency-30,validation,2025,329,17,21 26 30 29 25 41,1
frequency-30,validation,2025,330,36,49 21 26 30 29 25,1
frequency-30,validation,2025,331,26,49 21 26 30 29 25,0
frequency-30,validation,2025,332,26,49 21 30 29 25 41,1
frequency-30,validation,2025,333,6,49 21 30 29 25 41,1
frequency-30,validation,2025,334,46,49 21 30 29 25 41,1
frequency-30,validation,2025,335,44,49 21 30 29 25 41,1
frequency-30,validation,2025,336,17,49 21 42 30 29 25,1
frequency-30,validation,2025,337,9,49 21 42 30 29 25,1
frequency-30,validation,2025,338,8,49 21 42 30 29 25,1
frequency-30,validation,2025,339,48,49 21 42 30 29 25,1
frequency-30,validation,2025,340,16,49 21 42 30 29 25,1
frequency-30,validation,2025,341,6,49 21 42 30 29 25,1
frequency-30,validation,2025,342,4,49 21 42 30 29 25,1
frequency-30,validation,2025,343,38,49 21 42 30 29 25,1
frequency-30,validation,2025,344,27,49 21 42 30 29 25,1
frequency-30,validation,2025,345,24,49 21 42 30 29 25,1
frequency-30,validation,2025,346,3,49 21 42 30 29 25,1
frequency-30,validation,2025,347,13,49 21 42 30 29 25,1
frequency-30,validation,2025,348,16,49 21 42 30 29 25,1
frequency-30,validation,2025,349,22,49 21 42 30 29 25,1
frequency-30,validation,2025,350,49,49 21 42 45 30 29,0
frequency-30,validation,2025,351,4,21 42 45 30 29 25,1
frequency-30,validation,2025,352,44,21 42 45 30 29 25,1
frequency-30,validation,2025,353,1,21 47 42 45 30 29,1
frequency-30,validation,2025,354,30,21 47 42 45 30 29,0
frequency-30,validation,2025,355,8,21 47 42 15 45 29,1
frequency-30,validation,2025,356,24,21 47 42 15 45 29,1
frequency-30,validation,2025,357,49,21 47 42 15 45 29,1
frequency-30,validation,2025,358,7,21 47 42 15 45 29,1
frequency-30,validation,2025,359,11,21 47 42 15 45 29,1
frequency-30,validation,2025,360,41,21 47 42 15 45 29,1
frequency-30,validation,2025,361,24,21 47 42 15 45 29,1
frequency-30,validation,2025,362,23,21 47 42 15 45 29,1
frequency-30,validation,2025,363,26,21 47 42 15 26 45,0
frequency-30,validation,2025,364,12,21 47 42 15 45 29,1
frequency-30,validation,2025,365,26,21 47 42 15 45 29,1
frequency-30,evaluation,2026,1,29,21 47 42 15 45 29,0
frequency-30,evaluation,2026,2,22,21 47 42 15 45 19,1
frequency-30,evaluation,2026,3,9,21 47 42 15 45 19,1
frequency-30,evaluation,2026,4,45,21 47 42 15 45 19,0
frequency-30,evaluation,2026,5,43,21 47 42 15 19 25,1
frequency-30,evaluation,2026,6,13,21 47 42 15 19 25,1
frequency-30,evaluation,2026,7,41,21 47 42 15 19 6,1
frequency-30,evaluation,2026,8,21,21 47 42 15 19 6,0
frequency-30,evaluation,2026,9,28,47 42 15 19 6 25,1
frequency-30,evaluation,2026,10,27,47 42 15 19 6 25,1
frequency-30,evaluation,2026,11,11,47 42 15 19 6 25,1
frequency-30,evaluation,2026,12,11,47 42 15 3 19 6,1
frequency-30,evaluation,2026,13,1,47 42 15 3 19 6,1
frequency-30,evaluation,2026,14,26,47 42 15 3 19 6,1
frequency-30,evaluation,2026,15,31,47 42 15 3 19 6,1
frequency-30,evaluation,2026,16,6,47 42 15 3 19 6,0
frequency-30,evaluation,2026,17,32,47 42 15 3 19 4,1
frequency-30,evaluation,2026,18,39,47 42 15 3 19 4,1
frequency-30,evaluation,2026,19,46,47 42 15 3 19 4,1
frequency-30,evaluation,2026,20,12,47 42 15 30 3 19,1
frequency-30,evaluation,2026,21,42,47 42 15 30 3 19,0
frequency-30,evaluation,2026,22,18,47 15 30 3 19 4,1
frequency-30,evaluation,2026,23,47,49 47 15 30 3 19,0
frequency-30,evaluation,2026,24,28,49 15 30 3 19 4,1
frequency-30,evaluation,2026,25,37,49 15 30 3 19 4,1
frequency-30,evaluation,2026,26,19,49 15 30 3 19 4,0
frequency-30,evaluation,2026,27,45,49 15 30 3 4 25,1
frequency-30,evaluation,2026,28,3,49 15 30 3 4 25,0
frequency-30,evaluation,2026,29,1,49 15 30 4 25 35,1
frequency-30,evaluation,2026,30,41,49 15 30 4 25 35,1
frequency-30,evaluation,2026,31,26,49 15 30 4 25 35,1
frequency-30,evaluation,2026,32,6,49 15 30 29 4 25,1
frequency-30,evaluation,2026,33,41,49 15 30 29 4 25,1
frequency-30,evaluation,2026,34,19,49 15 30 29 4 25,1
frequency-30,evaluation,2026,35,27,49 15 30 29 4 25,1
frequency-30,evaluation,2026,36,1,49 15 30 29 4 25,1
frequency-30,evaluation,2026,37,43,49 15 30 29 4 25,1
frequency-30,evaluation,2026,38,42,49 15 30 29 4 25,1
frequency-30,evaluation,2026,39,11,49 21 15 30 29 4,1
frequency-30,evaluation,2026,40,28,49 21 15 30 29 4,1
frequency-30,evaluation,2026,41,36,49 21 15 30 29 4,1
frequency-30,evaluation,2026,42,16,49 21 15 30 29 4,1
frequency-30,evaluation,2026,43,13,49 21 15 30 29 4,1
frequency-30,evaluation,2026,44,19,49 21 15 30 29 4,1
frequency-30,evaluation,2026,45,1,49 21 15 30 29 4,1
frequency-30,evaluation,2026,46,3,49 21 15 30 29 4,1
frequency-30,evaluation,2026,47,39,49 21 15 30 29 4,1
frequency-30,evaluation,2026,48,24,49 21 15 30 29 4,1
frequency-30,evaluation,2026,49,13,49 21 15 30 29 4,1
frequency-30,evaluation,2026,50,23,49 21 15 30 29 4,1
frequency-30,evaluation,2026,51,1,49 21 15 30 29 4,1
frequency-30,evaluation,2026,52,38,49 21 15 30 29 4,1
frequency-30,evaluation,2026,53,15,49 21 15 30 29 4,0
frequency-30,evaluation,2026,54,48,49 21 47 30 29 4,1
frequency-30,evaluation,2026,55,14,49 21 47 30 29 4,1
frequency-30,evaluation,2026,56,48,49 21 47 30 29 4,1
frequency-30,evaluation,2026,57,23,49 21 47 30 29 4,1
frequency-30,evaluation,2026,58,31,49 21 47 45 30 29,1
frequency-30,evaluation,2026,59,10,49 21 47 45 30 29,1
frequency-30,evaluation,2026,60,9,49 21 47 45 30 29,1
frequency-30,evaluation,2026,61,29,49 21 47 45 30 29,0
frequency-30,evaluation,2026,62,24,49 21 47 26 45 30,1
frequency-30,evaluation,2026,63,28,49 21 47 26 45 30,1
frequency-30,evaluation,2026,64,18,49 21 47 26 45 30,1
frequency-30,evaluation,2026,65,5,49 21 47 26 45 30,1
frequency-30,evaluation,2026,66,37,49 21 47 26 45 30,1
frequency-30,evaluation,2026,67,5,49 21 47 26 45 30,1
frequency-30,evaluation,2026,68,23,49 21 47 26 45 30,1
frequency-30,evaluation,2026,69,24,49 21 47 42 26 45,1
frequency-30,evaluation,2026,70,25,49 21 47 42 26 45,1
frequency-30,evaluation,2026,71,48,49 21 47 42 26 45,1
frequency-30,evaluation,2026,72,46,49 21 47 42 26 45,1
frequency-30,evaluation,2026,73,34,49 21 47 42 26 45,1
frequency-30,evaluation,2026,74,10,49 21 47 42 26 45,1
frequency-30,evaluation,2026,75,33,49 21 47 42 26 45,1
frequency-30,evaluation,2026,76,2,49 21 47 42 26 45,1
frequency-30,evaluation,2026,77,29,49 21 47 42 26 45,1
frequency-30,evaluation,2026,78,46,49 21 47 42 26 45,1
frequency-30,evaluation,2026,79,35,49 21 47 42 26 45,1
frequency-30,evaluation,2026,80,3,49 21 47 42 26 45,1
frequency-30,evaluation,2026,81,17,49 21 47 42 26 45,1
frequency-30,evaluation,2026,82,27,49 21 47 42 26 45,1
frequency-30,evaluation,2026,83,5,49 21 47 42 26 45,1
frequency-30,evaluation,2026,84,16,49 21 47 42 15 26,1
frequency-30,evaluation,2026,85,19,49 21 47 42 15 26,1
frequency-30,evaluation,2026,86,12,49 21 47 42 15 26,1
frequency-30,evaluation,2026,87,26,49 21 47 42 15 26,0
frequency-30,evaluation,2026,88,27,49 21 47 42 15 45,1
frequency-30,evaluation,2026,89,49,49 21 47 42 15 45,0
frequency-30,evaluation,2026,90,36,21 47 42 15 45 30,1
frequency-30,evaluation,2026,91,37,21 47 42 15 45 30,1
frequency-30,evaluation,2026,92,6,21 47 42 15 45 30,1
frequency-30,evaluation,2026,93,40,21 47 42 15 45 30,1
frequency-30,evaluation,2026,94,17,21 47 42 15 45 30,1
frequency-30,evaluation,2026,95,35,21 47 42 15 45 30,1
frequency-30,evaluation,2026,96,43,21 47 42 15 45 30,1
frequency-30,evaluation,2026,97,11,21 47 42 15 45 30,1
frequency-30,evaluation,2026,98,17,21 47 42 15 45 30,1
frequency-30,evaluation,2026,99,12,21 47 42 15 45 30,1
frequency-30,evaluation,2026,100,33,21 47 42 15 45 30,1
frequency-30,evaluation,2026,101,39,21 47 42 15 45 30,1
frequency-30,evaluation,2026,102,20,21 47 42 15 45 30,1
frequency-30,evaluation,2026,103,6,21 47 42 15 45 30,1
frequency-30,evaluation,2026,104,1,21 47 42 15 45 30,1
frequency-30,evaluation,2026,105,28,21 47 42 15 45 30,1
frequency-30,evaluation,2026,106,22,21 47 42 15 45 30,1
frequency-30,evaluation,2026,107,49,21 47 42 15 45 30,1
frequency-30,evaluation,2026,108,45,21 47 42 15 45 30,0
frequency-30,evaluation,2026,109,16,21 47 42 15 30 29,1
frequency-30,evaluation,2026,110,30,21 47 42 15 30 29,0
frequency-30,evaluation,2026,111,1,21 47 42 15 3 29,1
frequency-30,evaluation,2026,112,9,21 47 42 15 3 29,1
frequency-30,evaluation,2026,113,2,21 47 42 15 3 29,1
frequency-30,evaluation,2026,114,30,21 47 42 15 3 29,1
frequency-30,evaluation,2026,115,4,21 47 42 15 3 29,1
frequency-30,evaluation,2026,116,22,21 47 42 15 3 29,1
frequency-30,evaluation,2026,117,16,21 47 42 15 3 29,1
frequency-30,evaluation,2026,118,8,21 47 42 15 26 3,1
frequency-30,evaluation,2026,119,11,21 47 42 15 26 3,1
frequency-30,evaluation,2026,120,6,21 47 42 15 26 3,1
frequency-30,evaluation,2026,121,44,21 47 42 15 26 3,1
frequency-30,evaluation,2026,122,1,21 47 42 15 26 3,1
frequency-30,evaluation,2026,123,46,21 47 42 15 26 3,1
frequency-30,evaluation,2026,124,39,21 47 42 15 26 3,1
frequency-30,evaluation,2026,125,31,21 47 42 15 26 3,1
frequency-30,evaluation,2026,126,49,21 47 42 15 26 3,1
frequency-30,evaluation,2026,127,45,21 47 42 15 26 3,1
frequency-30,evaluation,2026,128,37,21 47 42 15 26 3,1
frequency-30,evaluation,2026,129,41,21 47 42 15 26 3,1
frequency-30,evaluation,2026,130,29,21 47 42 15 26 3,1
frequency-30,evaluation,2026,131,7,21 47 42 15 26 3,1
frequency-30,evaluation,2026,132,30,21 47 42 15 26 3,1
frequency-30,evaluation,2026,133,7,21 47 42 15 26 3,1
frequency-30,evaluation,2026,134,37,21 47 42 15 26 3,1
frequency-30,evaluation,2026,135,30,21 47 42 15 26 3,1
frequency-30,evaluation,2026,136,48,21 47 42 15 26 3,1
frequency-30,evaluation,2026,137,26,21 47 42 15 26 3,0
frequency-30,evaluation,2026,138,49,21 47 42 15 3 19,1
frequency-30,evaluation,2026,139,24,21 47 42 15 3 19,1
frequency-30,evaluation,2026,140,16,21 47 42 15 3 19,1
frequency-30,evaluation,2026,141,33,21 47 42 15 3 19,1
frequency-30,evaluation,2026,142,23,21 47 42 15 3 19,1
frequency-30,evaluation,2026,143,44,21 47 42 15 3 19,1
frequency-30,evaluation,2026,144,43,21 47 42 15 3 19,1
frequency-30,evaluation,2026,145,5,21 47 42 15 3 19,1
frequency-30,evaluation,2026,146,42,21 47 42 15 3 19,0
frequency-30,evaluation,2026,147,13,21 47 15 3 19 4,1
frequency-30,evaluation,2026,148,48,21 47 15 3 19 4,1
frequency-30,evaluation,2026,149,27,21 47 15 3 19 4,1
frequency-30,evaluation,2026,150,9,21 47 15 3 19 4,1
frequency-30,evaluation,2026,151,31,21 47 15 3 19 4,1
frequency-30,evaluation,2026,152,45,21 47 15 3 19 4,1
frequency-30,evaluation,2026,153,41,21 47 15 3 19 4,1
frequency-30,evaluation,2026,154,41,21 47 15 3 19 4,1
frequency-30,evaluation,2026,155,7,21 47 15 3 19 4,1
frequency-30,evaluation,2026,156,1,21 47 15 3 19 4,1
frequency-30,evaluation,2026,157,40,21 47 15 3 19 4,1
frequency-30,evaluation,2026,158,16,21 47 15 3 19 4,1
frequency-30,evaluation,2026,159,39,21 47 15 3 19 4,1
frequency-30,evaluation,2026,160,2,21 47 15 3 19 4,1
frequency-30,evaluation,2026,161,8,21 47 15 3 29 19,1
frequency-30,evaluation,2026,162,32,21 47 15 3 29 19,1
frequency-30,evaluation,2026,163,37,21 47 15 3 29 19,1
frequency-30,evaluation,2026,164,21,21 47 15 3 29 19,0
frequency-30,evaluation,2026,165,3,47 15 3 29 19 4,0
frequency-30,evaluation,2026,166,6,47 15 30 29 19 4,1
frequency-30,evaluation,2026,167,19,47 15 30 29 19 4,0
frequency-30,evaluation,2026,168,15,47 15 26 30 29 4,0
frequency-30,evaluation,2026,169,24,49 47 26 30 29 4,1
frequency-30,evaluation,2026,170,3,49 47 26 30 29 4,1
frequency-30,evaluation,2026,171,28,49 47 26 30 29 4,1
frequency-30,evaluation,2026,172,44,49 47 26 30 29 4,1
frequency-30,evaluation,2026,173,26,49 47 26 30 29 4,0
frequency-30,evaluation,2026,174,41,49 47 30 29 4 25,1
frequency-30,evaluation,2026,175,26,49 47 30 29 4 25,1
frequency-30,evaluation,2026,176,10,49 47 30 29 4 25,1
frequency-30,evaluation,2026,177,14,49 47 42 30 29 4,1
frequency-30,evaluation,2026,178,18,49 47 42 30 29 4,1
frequency-30,evaluation,2026,179,15,49 47 42 30 29 4,1
frequency-30,evaluation,2026,180,21,49 47 42 30 29 4,1
frequency-30,evaluation,2026,181,19,49 47 42 30 29 4,1
frequency-30,evaluation,2026,182,41,49 47 42 30 29 4,1
frequency-30,evaluation,2026,183,24,49 47 42 45 30 29,1
frequency-30,evaluation,2026,184,1,49 47 42 45 30 29,1
frequency-30,evaluation,2026,185,36,49 47 42 45 30 29,1
frequency-30,evaluation,2026,186,23,49 47 42 45 30 29,1
frequency-30,evaluation,2026,187,1,49 47 42 45 30 29,1
frequency-30,evaluation,2026,188,16,49 47 42 45 30 29,1
frequency-30,evaluation,2026,189,15,49 47 42 45 30 29,1
frequency-30,evaluation,2026,190,16,49 47 42 45 30 29,1
frequency-30,evaluation,2026,191,29,49 47 42 45 30 29,0
frequency-30,evaluation,2026,192,25,49 47 42 45 30 4,1
frequency-30,evaluation,2026,193,9,49 47 42 45 30 4,1
frequency-30,evaluation,2026,194,26,49 47 42 45 30 4,1
frequency-30,evaluation,2026,195,25,49 47 42 45 30 4,1
frequency-30,evaluation,2026,196,39,49 47 42 45 30 4,1
frequency-30,evaluation,2026,197,8,49 47 42 45 30 4,1
frequency-30,evaluation,2026,198,7,49 47 42 45 30 4,1
frequency-30,evaluation,2026,199,36,49 47 42 45 30 4,1
frequency-30,evaluation,2026,200,39,49 47 42 45 30 4,1
frequency-30,evaluation,2026,201,32,49 47 42 45 30 3,1
frequency-30,evaluation,2026,202,40,49 47 42 45 30 3,1
frequency-30,evaluation,2026,203,25,49 47 42 45 30 3,1
frequency-30,evaluation,2026,204,5,49 47 42 45 30 3,1
frequency-30,evaluation,2026,205,3,49 47 42 45 30 3,0
frequency-30,evaluation,2026,206,47,49 47 42 45 30 4,0
frequency-30,evaluation,2026,207,31,49 42 45 30 4 6,1
frequency-30,evaluation,2026,208,19,49 42 45 30 4 6,1
frequency-30,evaluation,2026,209,8,49 42 45 30 4 6,1
frequency-30,evaluation,2026,210,49,49 42 45 30 4 6,0
frequency-30,evaluation,2026,211,1,21 42 45 30 4 6,1
frequency-30,evaluation,2026,212,6,21 42 45 30 4 6,0
frequency-30,evaluation,2026,213,35,21 42 45 30 4 41,1
frequency-30,evaluation,2026,214,4,21 42 45 30 4 41,0
frequency-30,evaluation,2026,215,14,21 42 45 30 41 38,1
frequency-30,evaluation,2026,216,37,21 42 45 30 41 38,1
frequency-30,evaluation,2026,217,26,21 42 45 30 41 38,1
frequency-30,evaluation,2026,218,17,21 42 45 30 41 38,1
frequency-30,evaluation,2026,219,43,21 42 45 30 41 38,1
frequency-30,evaluation,2026,220,48,21 42 15 45 30 41,1
frequency-30,evaluation,2026,221,1,21 42 15 45 30 41,1
frequency-30,evaluation,2026,222,26,21 42 15 45 30 29,1
frequency-30,evaluation,2026,223,23,21 42 15 45 30 29,1
frequency-30,evaluation,2026,224,9,21 42 15 45 30 29,1
frequency-30,evaluation,2026,225,1,21 42 15 45 30 29,1
frequency-30,evaluation,2026,226,17,21 42 15 45 30 29,1
frequency-30,evaluation,2026,227,16,21 42 15 45 30 29,1
frequency-30,evaluation,2026,228,23,21 42 15 45 30 29,1
frequency-30,evaluation,2026,229,38,21 42 15 45 30 29,1
frequency-30,evaluation,2026,230,16,21 42 15 45 30 29,1
frequency-30,evaluation,2026,231,20,21 42 15 45 30 29,1
frequency-30,evaluation,2026,232,42,21 42 15 45 30 29,0
frequency-30,evaluation,2026,233,7,21 15 45 30 29 41,1
frequency-30,evaluation,2026,234,39,21 15 45 30 29 25,1
frequency-30,evaluation,2026,235,32,21 15 45 30 29 25,1
frequency-30,evaluation,2026,236,11,21 15 45 30 3 29,1
frequency-30,evaluation,2026,237,12,21 47 15 45 30 3,1
frequency-30,evaluation,2026,238,17,21 47 15 45 30 3,1
frequency-30,evaluation,2026,239,5,21 47 15 45 30 3,1
frequency-30,evaluation,2026,240,27,21 47 15 45 30 3,1
frequency-30,evaluation,2026,241,49,49 21 47 15 45 30,0
frequency-30,evaluation,2026,242,9,21 47 15 45 30 3,1
frequency-30,evaluation,2026,243,21,21 47 15 45 30 3,0
frequency-30,evaluation,2026,244,46,47 15 45 30 3 29,1
frequency-30,evaluation,2026,245,18,47 15 45 30 3 29,1
frequency-30,evaluation,2026,246,30,47 15 45 30 3 29,0
frequency-30,evaluation,2026,247,40,47 15 45 3 29 19,1
frequency-30,evaluation,2026,248,20,47 15 45 3 29 19,1
frequency-30,evaluation,2026,249,23,47 15 45 3 29 19,1
frequency-30,evaluation,2026,250,14,47 15 45 3 29 19,1
frequency-30,evaluation,2026,251,30,47 15 45 3 29 19,1
frequency-30,evaluation,2026,252,22,47 15 45 3 29 19,1
frequency-30,evaluation,2026,253,16,47 15 26 45 3 29,1
frequency-30,evaluation,2026,254,2,47 15 26 45 3 29,1
frequency-30,evaluation,2026,255,44,47 15 26 45 3 29,1
frequency-30,evaluation,2026,256,1,47 15 26 45 3 29,1
frequency-30,evaluation,2026,257,7,47 15 26 45 3 29,1
frequency-30,evaluation,2026,258,46,47 15 26 45 3 29,1
frequency-30,evaluation,2026,259,22,47 15 26 45 3 29,1
frequency-30,evaluation,2026,260,20,47 15 26 45 3 29,1
frequency-30,evaluation,2026,261,24,47 15 26 45 3 29,1
frequency-30,evaluation,2026,262,30,47 15 26 45 3 29,1
frequency-30,evaluation,2026,263,9,47 42 15 26 45 3,1
frequency-30,evaluation,2026,264,21,47 42 15 26 45 3,1
frequency-30,evaluation,2026,265,49,47 42 15 26 45 3,1
frequency-30,evaluation,2026,266,8,47 42 15 26 45 3,1
logistic-l2-0.1,validation,2025,246,6,29 9 34 37 38 46,1
logistic-l2-0.1,validation,2025,247,25,16 23 1 9 26 18,1
logistic-l2-0.1,validation,2025,248,12,1 15 38 10 9 44,1
logistic-l2-0.1,validation,2025,249,2,42 34 24 16 1 39,1
logistic-l2-0.1,validation,2025,250,12,9 1 4 19 37 16,1
logistic-l2-0.1,validation,2025,251,35,34 47 33 16 1 9,1
logistic-l2-0.1,validation,2025,252,23,15 18 16 1 34 5,1
logistic-l2-0.1,validation,2025,253,33,1 35 23 16 10 43,1
logistic-l2-0.1,validation,2025,254,17,6 19 1 37 39 23,1
logistic-l2-0.1,validation,2025,255,42,19 12 1 44 29 23,1
logistic-l2-0.1,validation,2025,256,48,15 39 1 25 24 23,1
logistic-l2-0.1,validation,2025,257,28,42 9 5 1 15 36,1
logistic-l2-0.1,validation,2025,258,38,1 23 42 11 4 12,1
logistic-l2-0.1,validation,2025,259,47,1 35 25 47 17 23,0
logistic-l2-0.1,validation,2025,260,3,42 1 9 35 38 47,1
logistic-l2-0.1,validation,2025,261,33,42 12 1 23 24 28,1
logistic-l2-0.1,validation,2025,262,44,9 30 42 1 37 12,1
logistic-l2-0.1,validation,2025,263,38,12 38 9 42 33 28,0
logistic-l2-0.1,validation,2025,264,43,9 25 12 38 42 11,1
logistic-l2-0.1,validation,2025,265,10,9 42 38 25 12 1,1
logistic-l2-0.1,validation,2025,266,41,9 38 1 23 33 12,1
logistic-l2-0.1,validation,2025,267,29,1 38 23 12 43 33,1
logistic-l2-0.1,validation,2025,268,10,1 9 38 25 48 12,1
logistic-l2-0.1,validation,2025,269,31,1 9 12 48 25 38,1
logistic-l2-0.1,validation,2025,270,35,1 33 12 9 25 38,1
logistic-l2-0.1,validation,2025,271,6,1 33 38 48 5 9,1
logistic-l2-0.1,validation,2025,272,36,1 48 33 38 5 6,1
logistic-l2-0.1,validation,2025,273,4,1 48 10 3 6 5,1
logistic-l2-0.1,validation,2025,274,44,1 10 48 6 5 9,1
logistic-l2-0.1,validation,2025,275,45,1 44 10 48 5 9,1
logistic-l2-0.1,validation,2025,276,9,1 10 5 9 43 40,0
logistic-l2-0.1,validation,2025,277,16,9 10 5 1 25 44,1
logistic-l2-0.1,validation,2025,278,28,10 9 1 21 34 44,1
logistic-l2-0.1,validation,2025,279,27,9 28 21 44 34 48,1
logistic-l2-0.1,validation,2025,280,42,34 9 28 33 27 44,1
logistic-l2-0.1,validation,2025,281,47,42 34 9 39 27 1,1
logistic-l2-0.1,validation,2025,282,41,28 34 1 47 39 44,1
logistic-l2-0.1,validation,2025,283,45,41 28 9 44 34 39,1
logistic-l2-0.1,validation,2025,284,41,45 25 33 28 9 34,1
logistic-l2-0.1,validation,2025,285,24,25 1 34 33 11 9,1
logistic-l2-0.1,validation,2025,286,3,33 1 21 25 9 12,1
logistic-l2-0.1,validation,2025,287,34,37 25 33 41 1 28,1
logistic-l2-0.1,validation,2025,288,14,25 34 24 42 28 37,1
logistic-l2-0.1,validation,2025,289,42,25 42 24 41 37 1,0
logistic-l2-0.1,validation,2025,290,19,25 42 24 44 1 10,1
logistic-l2-0.1,validation,2025,291,44,25 10 24 42 44 1,0
logistic-l2-0.1,validation,2025,292,2,25 24 44 10 42 1,1
logistic-l2-0.1,validation,2025,293,47,25 24 10 44 1 5,1
logistic-l2-0.1,validation,2025,294,18,25 1 10 24 5 44,1
logistic-l2-0.1,validation,2025,295,5,25 18 1 24 44 10,1
logistic-l2-0.1,validation,2025,296,22,5 44 10 25 18 1,1
logistic-l2-0.1,validation,2025,297,44,5 18 10 44 42 25,0
logistic-l2-0.1,validation,2025,298,23,44 5 10 18 1 25,1
logistic-l2-0.1,validation,2025,299,49,5 23 44 18 10 25,1
logistic-l2-0.1,validation,2025,300,40,44 49 23 5 18 47,1
logistic-l2-0.1,validation,2025,301,5,44 40 23 18 5 49,0
logistic-l2-0.1,validation,2025,302,22,5 44 23 42 18 40,1
logistic-l2-0.1,validation,2025,303,15,44 24 23 1 10 2,1
logistic-l2-0.1,validation,2025,304,48,42 24 44 15 45 23,1
logistic-l2-0.1,validation,2025,305,42,42 24 47 45 18 41,0
logistic-l2-0.1,validation,2025,306,17,42 24 47 39 49 19,1
logistic-l2-0.1,validation,2025,307,20,42 24 17 5 44 47,1
logistic-l2-0.1,validation,2025,308,39,42 24 44 5 47 10,1
logistic-l2-0.1,validation,2025,309,6,42 39 5 44 23 15,1
logistic-l2-0.1,validation,2025,310,16,42 5 6 39 44 15,1
logistic-l2-0.1,validation,2025,311,37,42 5 16 39 44 24,1
logistic-l2-0.1,validation,2025,312,14,42 37 44 16 39 5,1
logistic-l2-0.1,validation,2025,313,38,42 39 14 37 44 16,1
logistic-l2-0.1,validation,2025,314,23,38 42 39 37 14 16,1
logistic-l2-0.1,validation,2025,315,4,23 38 39 42 37 14,1
logistic-l2-0.1,validation,2025,316,24,23 4 38 14 39 37,1
logistic-l2-0.1,validation,2025,317,18,23 24 14 38 16 37,1
logistic-l2-0.1,validation,2025,318,6,18 23 14 16 24 38,1
logistic-l2-0.1,validation,2025,319,45,6 23 18 16 24 42,1
logistic-l2-0.1,validation,2025,320,28,23 6 45 18 44 24,1
logistic-l2-0.1,validation,2025,321,23,6 18 28 23 45 37,0
logistic-l2-0.1,validation,2025,322,47,23 6 18 22 20 24,1
logistic-l2-0.1,validation,2025,323,9,6 47 23 24 18 22,1
logistic-l2-0.1,validation,2025,324,15,6 23 28 20 9 29,1
logistic-l2-0.1,validation,2025,325,4,28 6 15 29 20 10,1
logistic-l2-0.1,validation,2025,326,19,17 28 29 6 49 33,1
logistic-l2-0.1,validation,2025,327,37,23 28 6 4 33 46,1
logistic-l2-0.1,validation,2025,328,3,31 28 22 23 33 46,1
logistic-l2-0.1,validation,2025,329,17,28 34 22 15 31 33,1
logistic-l2-0.1,validation,2025,330,36,28 17 37 19 46 15,1
logistic-l2-0.1,validation,2025,331,26,37 6 17 28 19 4,1
logistic-l2-0.1,validation,2025,332,26,37 22 17 47 4 19,1
logistic-l2-0.1,validation,2025,333,6,19 44 23 45 37 4,1
logistic-l2-0.1,validation,2025,334,46,37 31 11 44 19 22,1
logistic-l2-0.1,validation,2025,335,44,37 33 1 49 6 44,0
logistic-l2-0.1,validation,2025,336,17,46 37 31 3 13 34,1
logistic-l2-0.1,validation,2025,337,9,13 6 15 42 20 37,1
logistic-l2-0.1,validation,2025,338,8,13 44 42 24 32 14,1
logistic-l2-0.1,validation,2025,339,48,10 34 15 25 41 44,1
logistic-l2-0.1,validation,2025,340,16,24 36 6 44 31 22,1
logistic-l2-0.1,validation,2025,341,6,10 22 15 17 24 44,1
logistic-l2-0.1,validation,2025,342,4,34 35 10 42 31 13,1
logistic-l2-0.1,validation,2025,343,38,15 24 34 10 41 31,1
logistic-l2-0.1,validation,2025,344,27,35 41 46 34 15 10,1
logistic-l2-0.1,validation,2025,345,24,10 42 11 15 34 40,1
logistic-l2-0.1,validation,2025,346,3,11 41 10 32 42 15,1
logistic-l2-0.1,validation,2025,347,13,11 34 10 40 41 46,1
logistic-l2-0.1,validation,2025,348,16,24 11 34 8 41 28,1
logistic-l2-0.1,validation,2025,349,22,34 11 22 31 24 21,0
logistic-l2-0.1,validation,2025,350,49,11 34 46 40 10 24,1
logistic-l2-0.1,validation,2025,351,4,11 46 34 40 22 24,1
logistic-l2-0.1,validation,2025,352,44,11 46 40 10 34 35,1
logistic-l2-0.1,validation,2025,353,1,11 10 46 40 26 21,1
logistic-l2-0.1,validation,2025,354,30,11 26 46 10 40 16,1
logistic-l2-0.1,validation,2025,355,8,11 26 46 15 16 21,1
logistic-l2-0.1,validation,2025,356,24,15 26 28 11 46 30,1
logistic-l2-0.1,validation,2025,357,49,11 15 26 8 28 40,1
logistic-l2-0.1,validation,2025,358,7,11 15 35 13 2 43,1
logistic-l2-0.1,validation,2025,359,11,35 11 26 43 42 15,0
logistic-l2-0.1,validation,2025,360,41,6 42 38 26 16 15,1
logistic-l2-0.1,validation,2025,361,24,6 15 44 12 26 43,1
logistic-l2-0.1,validation,2025,362,23,2 38 30 6 43 15,1
logistic-l2-0.1,validation,2025,363,26,6 30 11 8 37 45,1
logistic-l2-0.1,validation,2025,364,12,15 13 23 21 9 4,1
logistic-l2-0.1,validation,2025,365,26,11 43 2 22 6 28,1
logistic-l2-0.1,evaluation,2026,1,29,33 29 20 49 10 2,0
logistic-l2-0.1,evaluation,2026,2,22,43 11 33 27 6 42,1
logistic-l2-0.1,evaluation,2026,3,9,27 11 4 33 23 43,1
logistic-l2-0.1,evaluation,2026,4,45,30 7 44 11 33 15,1
logistic-l2-0.1,evaluation,2026,5,43,49 7 22 29 19 30,1
logistic-l2-0.1,evaluation,2026,6,13,49 13 22 29 43 24,0
logistic-l2-0.1,evaluation,2026,7,41,13 49 29 45 22 23,1
logistic-l2-0.1,evaluation,2026,8,21,29 41 1 12 13 49,1
logistic-l2-0.1,evaluation,2026,9,28,41 24 1 12 49 14,1
logistic-l2-0.1,evaluation,2026,10,27,41 24 1 14 9 13,1
logistic-l2-0.1,evaluation,2026,11,11,27 41 13 9 1 29,1
logistic-l2-0.1,evaluation,2026,12,11,27 41 14 1 9 47,1
logistic-l2-0.1,evaluation,2026,13,1,14 1 47 27 12 9,0
logistic-l2-0.1,evaluation,2026,14,26,14 1 47 12 18 41,1
logistic-l2-0.1,evaluation,2026,15,31,14 1 47 32 34 18,1
logistic-l2-0.1,evaluation,2026,16,6,14 1 47 41 16 18,1
logistic-l2-0.1,evaluation,2026,17,32,1 14 47 16 32 3,0
logistic-l2-0.1,evaluation,2026,18,39,1 14 47 32 16 27,1
logistic-l2-0.1,evaluation,2026,19,46,1 26 32 14 39 47,1
logistic-l2-0.1,evaluation,2026,20,12,26 1 32 39 14 27,1
logistic-l2-0.1,evaluation,2026,21,42,26 1 39 32 12 46,1
logistic-l2-0.1,evaluation,2026,22,18,1 26 32 12 39 46,1
logistic-l2-0.1,evaluation,2026,23,47,26 1 12 32 18 6,1
logistic-l2-0.1,evaluation,2026,24,28,26 12 32 47 1 39,1
logistic-l2-0.1,evaluation,2026,25,37,28 12 47 26 32 18,1
logistic-l2-0.1,evaluation,2026,26,19,28 12 26 47 32 18,1
logistic-l2-0.1,evaluation,2026,27,45,28 12 26 47 32 18,1
logistic-l2-0.1,evaluation,2026,28,3,28 12 26 47 1 39,1
logistic-l2-0.1,evaluation,2026,29,1,3 12 28 26 45 18,1
logistic-l2-0.1,evaluation,2026,30,41,1 28 3 45 37 12,1
logistic-l2-0.1,evaluation,2026,31,26,1 41 28 3 45 37,1
logistic-l2-0.1,evaluation,2026,32,6,26 1 41 28 45 19,1
logistic-l2-0.1,evaluation,2026,33,41,1 28 41 26 3 45,0
logistic-l2-0.1,evaluation,2026,34,19,41 1 28 3 37 26,1
logistic-l2-0.1,evaluation,2026,35,27,1 41 3 19 35 26,1
logistic-l2-0.1,evaluation,2026,36,1,19 41 3 1 32 27,0
logistic-l2-0.1,evaluation,2026,37,43,20 44 11 10 48 39,1
logistic-l2-0.1,evaluation,2026,38,42,44 39 34 45 13 42,0
logistic-l2-0.1,evaluation,2026,39,11,20 34 44 11 10 6,0
logistic-l2-0.1,evaluation,2026,40,28,2 14 5 21 43 35,1
logistic-l2-0.1,evaluation,2026,41,36,27 5 14 25 29 2,1
logistic-l2-0.1,evaluation,2026,42,16,27 44 8 2 36 20,1
logistic-l2-0.1,evaluation,2026,43,13,11 19 44 20 38 27,1
logistic-l2-0.1,evaluation,2026,44,19,42 11 40 27 33 35,1
logistic-l2-0.1,evaluation,2026,45,1,17 39 38 48 20 47,1
logistic-l2-0.1,evaluation,2026,46,3,20 38 10 22 44 34,1
logistic-l2-0.1,evaluation,2026,47,39,20 22 10 39 44 33,0
logistic-l2-0.1,evaluation,2026,48,24,10 20 15 33 34 35,1
logistic-l2-0.1,evaluation,2026,49,13,20 10 38 33 35 40,1
logistic-l2-0.1,evaluation,2026,50,23,20 10 33 34 35 40,1
logistic-l2-0.1,evaluation,2026,51,1,10 20 33 34 35 40,1
logistic-l2-0.1,evaluation,2026,52,38,10 20 38 40 44 33,0
logistic-l2-0.1,evaluation,2026,53,15,34 10 20 33 7 25,1
logistic-l2-0.1,evaluation,2026,54,48,34 25 5 10 2 20,1
logistic-l2-0.1,evaluation,2026,55,14,34 10 20 25 5 33,1
logistic-l2-0.1,evaluation,2026,56,48,10 34 15 8 44 11,1
logistic-l2-0.1,evaluation,2026,57,23,20 46 44 22 11 33,1
logistic-l2-0.1,evaluation,2026,58,31,20 46 44 11 10 22,1
logistic-l2-0.1,evaluation,2026,59,10,46 11 44 22 8 10,0
logistic-l2-0.1,evaluation,2026,60,9,22 11 46 8 42 44,1
logistic-l2-0.1,evaluation,2026,61,29,22 11 44 46 8 42,1
logistic-l2-0.1,evaluation,2026,62,24,42 11 44 22 6 47,1
logistic-l2-0.1,evaluation,2026,63,28,44 22 11 15 42 20,1
logistic-l2-0.1,evaluation,2026,64,18,22 42 15 44 11 20,1
logistic-l2-0.1,evaluation,2026,65,5,11 42 44 20 22 46,1
logistic-l2-0.1,evaluation,2026,66,37,11 42 46 20 13 44,1
logistic-l2-0.1,evaluation,2026,67,5,11 42 10 13 6 46,1
logistic-l2-0.1,evaluation,2026,68,23,11 42 6 46 13 40,1
logistic-l2-0.1,evaluation,2026,69,24,42 11 38 46 40 20,1
logistic-l2-0.1,evaluation,2026,70,25,42 11 40 46 20 22,1
logistic-l2-0.1,evaluation,2026,71,48,40 42 11 38 20 46,1
logistic-l2-0.1,evaluation,2026,72,46,40 42 46 44 38 11,0
logistic-l2-0.1,evaluation,2026,73,34,42 40 44 46 11 38,1
logistic-l2-0.1,evaluation,2026,74,10,11 42 46 40 38 6,1
logistic-l2-0.1,evaluation,2026,75,33,40 11 42 46 6 44,1
logistic-l2-0.1,evaluation,2026,76,2,11 46 40 26 42 6,1
logistic-l2-0.1,evaluation,2026,77,29,11 24 46 13 40 42,1
logistic-l2-0.1,evaluation,2026,78,46,11 46 6 13 37 39,0
logistic-l2-0.1,evaluation,2026,79,35,11 26 13 6 28 42,1
logistic-l2-0.1,evaluation,2026,80,3,11 24 26 13 1 6,1
logistic-l2-0.1,evaluation,2026,81,17,26 11 24 46 6 13,1
logistic-l2-0.1,evaluation,2026,82,27,11 24 26 13 23 1,1
logistic-l2-0.1,evaluation,2026,83,5,11 24 1 46 26 23,1
logistic-l2-0.1,evaluation,2026,84,16,11 1 26 46 44 24,1
logistic-l2-0.1,evaluation,2026,85,19,24 1 46 26 2 6,1
logistic-l2-0.1,evaluation,2026,86,12,24 6 46 2 33 1,1
logistic-l2-0.1,evaluation,2026,87,26,24 46 26 12 2 41,0
logistic-l2-0.1,evaluation,2026,88,27,26 46 24 33 12 19,1
logistic-l2-0.1,evaluation,2026,89,49,24 2 46 33 8 17,1
logistic-l2-0.1,evaluation,2026,90,36,24 49 46 26 2 17,1
logistic-l2-0.1,evaluation,2026,91,37,24 36 46 49 26 27,1
logistic-l2-0.1,evaluation,2026,92,6,37 49 27 26 19 46,1
logistic-l2-0.1,evaluation,2026,93,40,6 37 26 27 36 49,1
logistic-l2-0.1,evaluation,2026,94,17,6 37 27 26 46 36,1
logistic-l2-0.1,evaluation,2026,95,35,17 27 6 37 26 19,1
logistic-l2-0.1,evaluation,2026,96,43,26 17 6 27 37 35,1
logistic-l2-0.1,evaluation,2026,97,11,17 26 6 27 46 36,1
logistic-l2-0.1,evaluation,2026,98,17,17 26 46 11 36 37,0
logistic-l2-0.1,evaluation,2026,99,12,17 46 26 24 37 36,1
logistic-l2-0.1,evaluation,2026,100,33,17 12 46 26 37 24,1
logistic-l2-0.1,evaluation,2026,101,39,17 24 33 46 26 48,1
logistic-l2-0.1,evaluation,2026,102,20,17 12 39 46 26 24,1
logistic-l2-0.1,evaluation,2026,103,6,17 12 20 26 39 43,1
logistic-l2-0.1,evaluation,2026,104,1,17 39 3 6 12 43,1
logistic-l2-0.1,evaluation,2026,105,28,1 17 12 39 6 35,1
logistic-l2-0.1,evaluation,2026,106,22,28 17 39 20 1 12,1
logistic-l2-0.1,evaluation,2026,107,49,17 1 28 22 39 6,1
logistic-l2-0.1,evaluation,2026,108,45,17 49 1 28 39 12,1
logistic-l2-0.1,evaluation,2026,109,16,1 28 49 6 45 17,1
logistic-l2-0.1,evaluation,2026,110,30,1 6 16 20 17 39,1
logistic-l2-0.1,evaluation,2026,111,1,1 6 17 28 16 39,0
logistic-l2-0.1,evaluation,2026,112,9,1 20 6 17 49 28,1
logistic-l2-0.1,evaluation,2026,113,2,1 6 17 30 49 24,1
logistic-l2-0.1,evaluation,2026,114,30,1 17 49 2 19 22,1
logistic-l2-0.1,evaluation,2026,115,4,1 17 30 19 6 49,1
logistic-l2-0.1,evaluation,2026,116,22,1 17 30 6 49 24,1
logistic-l2-0.1,evaluation,2026,117,16,1 17 46 48 10 22,1
logistic-l2-0.1,evaluation,2026,118,8,17 46 1 19 48 16,1
logistic-l2-0.1,evaluation,2026,119,11,1 17 8 19 46 16,1
logistic-l2-0.1,evaluation,2026,120,6,1 17 46 19 16 8,1
logistic-l2-0.1,evaluation,2026,121,44,46 1 48 19 6 22,1
logistic-l2-0.1,evaluation,2026,122,1,48 1 6 19 16 22,0
logistic-l2-0.1,evaluation,2026,123,46,48 22 1 45 46 16,0
logistic-l2-0.1,evaluation,2026,124,39,46 1 22 16 45 48,1
logistic-l2-0.1,evaluation,2026,125,31,39 1 16 22 46 48,1
logistic-l2-0.1,evaluation,2026,126,49,46 22 1 39 45 48,1
logistic-l2-0.1,evaluation,2026,127,45,49 46 1 39 22 16,1
logistic-l2-0.1,evaluation,2026,128,37,45 1 49 39 6 46,1
logistic-l2-0.1,evaluation,2026,129,41,1 45 46 39 49 6,1
logistic-l2-0.1,evaluation,2026,130,29,45 1 46 39 41 49,1
logistic-l2-0.1,evaluation,2026,131,7,45 1 46 39 29 49,1
logistic-l2-0.1,evaluation,2026,132,30,1 49 7 29 45 37,1
logistic-l2-0.1,evaluation,2026,133,7,30 49 29 37 39 1,1
logistic-l2-0.1,evaluation,2026,134,37,37 1 49 30 31 28,0
logistic-l2-0.1,evaluation,2026,135,30,37 1 49 16 24 30,0
logistic-l2-0.1,evaluation,2026,136,48,28 17 1 24 35 13,1
logistic-l2-0.1,evaluation,2026,137,26,28 1 17 24 12 13,1
logistic-l2-0.1,evaluation,2026,138,49,28 37 5 16 13 6,1
logistic-l2-0.1,evaluation,2026,139,24,6 28 13 37 49 27,1
logistic-l2-0.1,evaluation,2026,140,16,28 37 31 13 4 27,1
logistic-l2-0.1,evaluation,2026,141,33,16 28 37 43 31 27,1
logistic-l2-0.1,evaluation,2026,142,23,33 37 16 31 28 43,1
logistic-l2-0.1,evaluation,2026,143,44,23 37 33 26 16 30,1
logistic-l2-0.1,evaluation,2026,144,43,33 37 44 16 23 31,1
logistic-l2-0.1,evaluation,2026,145,5,43 49 33 44 16 23,1
logistic-l2-0.1,evaluation,2026,146,42,5 43 44 49 16 23,1
logistic-l2-0.1,evaluation,2026,147,13,16 5 42 49 44 23,1
logistic-l2-0.1,evaluation,2026,148,48,44 49 24 5 23 13,1
logistic-l2-0.1,evaluation,2026,149,27,48 24 23 44 5 42,1
logistic-l2-0.1,evaluation,2026,150,9,48 44 5 42 27 33,1
logistic-l2-0.1,evaluation,2026,151,31,44 48 5 9 42 24,1
logistic-l2-0.1,evaluation,2026,152,45,48 44 46 24 5 42,1
logistic-l2-0.1,evaluation,2026,153,41,45 48 44 5 46 24,1
logistic-l2-0.1,evaluation,2026,154,41,41 48 45 5 24 7,0
logistic-l2-0.1,evaluation,2026,155,7,46 48 26 24 45 41,1
logistic-l2-0.1,evaluation,2026,156,1,46 48 41 7 45 24,1
logistic-l2-0.1,evaluation,2026,157,40,41 48 7 1 45 17,1
logistic-l2-0.1,evaluation,2026,158,16,7 48 41 9 45 1,1
logistic-l2-0.1,evaluation,2026,159,39,7 41 45 1 8 9,1
logistic-l2-0.1,evaluation,2026,160,2,7 41 45 39 1 17,1
logistic-l2-0.1,evaluation,2026,161,8,1 41 7 2 16 45,1
logistic-l2-0.1,evaluation,2026,162,32,41 7 2 8 45 39,1
logistic-l2-0.1,evaluation,2026,163,37,41 7 16 1 2 8,1
logistic-l2-0.1,evaluation,2026,164,21,8 41 32 7 1 39,1
logistic-l2-0.1,evaluation,2026,165,3,2 1 16 32 8 37,1
logistic-l2-0.1,evaluation,2026,166,6,32 16 37 21 1 40,1
logistic-l2-0.1,evaluation,2026,167,19,16 6 32 3 8 21,1
logistic-l2-0.1,evaluation,2026,168,15,16 19 6 32 3 8,1
logistic-l2-0.1,evaluation,2026,169,24,6 15 19 37 3 8,1
logistic-l2-0.1,evaluation,2026,170,3,6 24 19 15 32 3,0
logistic-l2-0.1,evaluation,2026,171,28,3 37 19 32 24 15,1
logistic-l2-0.1,evaluation,2026,172,44,3 28 6 37 19 32,1
logistic-l2-0.1,evaluation,2026,173,26,3 44 6 19 24 37,1
logistic-l2-0.1,evaluation,2026,174,41,3 26 44 28 6 24,1
logistic-l2-0.1,evaluation,2026,175,26,41 3 44 28 6 26,0
logistic-l2-0.1,evaluation,2026,176,10,28 26 41 6 3 44,1
logistic-l2-0.1,evaluation,2026,177,14,28 26 41 3 44 40,1
logistic-l2-0.1,evaluation,2026,178,18,28 44 41 26 40 24,1
logistic-l2-0.1,evaluation,2026,179,15,44 28 26 41 31 40,1
logistic-l2-0.1,evaluation,2026,180,21,26 28 15 31 6 44,1
logistic-l2-0.1,evaluation,2026,181,19,26 28 21 41 37 15,1
logistic-l2-0.1,evaluation,2026,182,41,26 19 41 21 44 16,0
logistic-l2-0.1,evaluation,2026,183,24,41 19 26 6 15 30,1
logistic-l2-0.1,evaluation,2026,184,1,41 19 26 15 30 31,1
logistic-l2-0.1,evaluation,2026,185,36,1 41 19 37 9 26,1
logistic-l2-0.1,evaluation,2026,186,23,1 36 24 15 19 37,1
logistic-l2-0.1,evaluation,2026,187,1,41 23 24 36 19 15,1
logistic-l2-0.1,evaluation,2026,188,16,1 41 49 6 9 37,1
logistic-l2-0.1,evaluation,2026,189,15,16 36 23 41 9 15,0
logistic-l2-0.1,evaluation,2026,190,16,9 16 27 13 36 49,0
logistic-l2-0.1,evaluation,2026,191,29,9 12 27 38 13 5,1
logistic-l2-0.1,evaluation,2026,192,25,9 13 27 2 33 49,1
logistic-l2-0.1,evaluation,2026,193,9,9 2 13 49 16 6,0
logistic-l2-0.1,evaluation,2026,194,26,9 16 1 37 6 15,1
logistic-l2-0.1,evaluation,2026,195,25,9 37 13 27 16 31,1
logistic-l2-0.1,evaluation,2026,196,39,37 13 27 30 31 6,1
logistic-l2-0.1,evaluation,2026,197,8,13 6 31 33 27 35,1
logistic-l2-0.1,evaluation,2026,198,7,13 6 27 31 33 35,1
logistic-l2-0.1,evaluation,2026,199,36,37 9 13 29 27 14,1
logistic-l2-0.1,evaluation,2026,200,39,37 9 19 29 30 39,0
logistic-l2-0.1,evaluation,2026,201,32,37 13 45 30 19 27,1
logistic-l2-0.1,evaluation,2026,202,40,37 30 45 9 5 29,1
logistic-l2-0.1,evaluation,2026,203,25,9 19 37 30 29 49,1
logistic-l2-0.1,evaluation,2026,204,5,9 30 14 49 2 27,1
logistic-l2-0.1,evaluation,2026,205,3,9 49 30 16 14 2,1
logistic-l2-0.1,evaluation,2026,206,47,9 16 14 2 1 49,1
logistic-l2-0.1,evaluation,2026,207,31,1 16 19 41 24 45,1
logistic-l2-0.1,evaluation,2026,208,19,16 1 41 19 39 24,0
logistic-l2-0.1,evaluation,2026,209,8,16 41 36 39 1 6,1
logistic-l2-0.1,evaluation,2026,210,49,8 41 16 37 36 9,1
logistic-l2-0.1,evaluation,2026,211,1,49 19 8 25 16 41,1
logistic-l2-0.1,evaluation,2026,212,6,3 47 35 49 5 9,1
logistic-l2-0.1,evaluation,2026,213,35,37 12 3 5 35 49,0
logistic-l2-0.1,evaluation,2026,214,4,35 19 39 37 49 3,1
logistic-l2-0.1,evaluation,2026,215,14,19 39 1 35 37 12,1
logistic-l2-0.1,evaluation,2026,216,37,19 39 1 37 40 14,0
logistic-l2-0.1,evaluation,2026,217,26,37 19 1 8 14 35,1
logistic-l2-0.1,evaluation,2026,218,17,37 19 26 1 35 8,1
logistic-l2-0.1,evaluation,2026,219,43,37 17 26 1 8 35,1
logistic-l2-0.1,evaluation,2026,220,48,26 37 43 1 17 49,1
logistic-l2-0.1,evaluation,2026,221,1,26 48 37 1 17 43,0
logistic-l2-0.1,evaluation,2026,222,26,1 26 37 17 48 43,0
logistic-l2-0.1,evaluation,2026,223,23,26 48 17 38 4 35,1
logistic-l2-0.1,evaluation,2026,224,9,23 43 26 48 1 14,1
logistic-l2-0.1,evaluation,2026,225,1,9 14 1 43 48 23,0
logistic-l2-0.1,evaluation,2026,226,17,38 27 18 47 12 43,1
logistic-l2-0.1,evaluation,2026,227,16,38 4 18 27 29 11,1
logistic-l2-0.1,evaluation,2026,228,23,38 29 13 31 7 27,1
logistic-l2-0.1,evaluation,2026,229,38,38 18 27 29 12 11,0
logistic-l2-0.1,evaluation,2026,230,16,35 47 14 32 49 6,1
logistic-l2-0.1,evaluation,2026,231,20,35 22 20 34 2 12,0
logistic-l2-0.1,evaluation,2026,232,42,47 49 18 14 27 29,1
logistic-l2-0.1,evaluation,2026,233,7,11 13 38 7 8 49,0
logistic-l2-0.1,evaluation,2026,234,39,7 35 47 14 13 11,1
logistic-l2-0.1,evaluation,2026,235,32,35 4 47 49 14 6,1
logistic-l2-0.1,evaluation,2026,236,11,38 4 29 11 49 7,0
logistic-l2-0.1,evaluation,2026,237,12,1 11 23 48 49 4,1
logistic-l2-0.1,evaluation,2026,238,17,17 26 1 16 35 23,0
logistic-l2-0.1,evaluation,2026,239,5,17 16 1 32 48 20,1
logistic-l2-0.1,evaluation,2026,240,27,5 1 16 32 17 20,1
logistic-l2-0.1,evaluation,2026,241,49,1 17 16 27 32 5,1
logistic-l2-0.1,evaluation,2026,242,9,17 16 49 1 23 5,1
logistic-l2-0.1,evaluation,2026,243,21,9 17 16 1 23 49,1
logistic-l2-0.1,evaluation,2026,244,46,9 17 1 5 16 11,1
logistic-l2-0.1,evaluation,2026,245,18,16 5 1 49 32 39,1
logistic-l2-0.1,evaluation,2026,246,30,16 1 9 18 5 17,1
logistic-l2-0.1,evaluation,2026,247,40,9 16 17 30 26 18,1
logistic-l2-0.1,evaluation,2026,248,20,17 16 40 9 18 1,1
logistic-l2-0.1,evaluation,2026,249,23,20 9 16 1 18 40,1
logistic-l2-0.1,evaluation,2026,250,14,23 20 9 16 18 40,1
logistic-l2-0.1,evaluation,2026,251,30,23 20 16 40 18 9,1
logistic-l2-0.1,evaluation,2026,252,22,30 23 16 20 9 32,1
logistic-l2-0.1,evaluation,2026,253,16,16 23 30 20 32 18,0
logistic-l2-0.1,evaluation,2026,254,2,16 30 23 20 14 40,1
logistic-l2-0.1,evaluation,2026,255,44,16 23 30 2 20 14,1
logistic-l2-0.1,evaluation,2026,256,1,16 23 30 44 14 20,1
logistic-l2-0.1,evaluation,2026,257,7,16 1 23 30 20 14,1
logistic-l2-0.1,evaluation,2026,258,46,7 16 20 23 30 1,1
logistic-l2-0.1,evaluation,2026,259,22,16 1 46 2 7 30,1
logistic-l2-0.1,evaluation,2026,260,20,16 22 1 2 20 32,0
logistic-l2-0.1,evaluation,2026,261,24,20 16 1 22 7 2,1
logistic-l2-0.1,evaluation,2026,262,30,20 24 22 16 1 7,1
logistic-l2-0.1,evaluation,2026,263,9,30 16 20 1 24 44,1
logistic-l2-0.1,evaluation,2026,264,21,9 20 1 30 7 22,1
logistic-l2-0.1,evaluation,2026,265,49,21 20 7 30 1 9,1
logistic-l2-0.1,evaluation,2026,266,8,49 20 24 21 7 1,1
direct-rank-c0.05,validation,2025,246,6,9 22 7 49 48 43,1
direct-rank-c0.05,validation,2025,247,25,9 22 43 29 7 48,1
direct-rank-c0.05,validation,2025,248,12,9 22 26 16 48 7,1
direct-rank-c0.05,validation,2025,249,2,16 9 23 22 26 29,1
direct-rank-c0.05,validation,2025,250,12,27 9 22 16 26 7,1
direct-rank-c0.05,validation,2025,251,35,9 19 27 16 26 7,1
direct-rank-c0.05,validation,2025,252,23,9 19 26 16 7 27,1
direct-rank-c0.05,validation,2025,253,33,19 27 16 48 9 3,1
direct-rank-c0.05,validation,2025,254,17,49 1 43 19 9 10,1
direct-rank-c0.05,validation,2025,255,42,19 1 43 10 26 48,1
direct-rank-c0.05,validation,2025,256,48,19 27 1 43 10 26,1
direct-rank-c0.05,validation,2025,257,28,19 10 27 49 43 3,1
direct-rank-c0.05,validation,2025,258,38,19 9 49 5 27 20,1
direct-rank-c0.05,validation,2025,259,47,19 5 9 49 11 36,1
direct-rank-c0.05,validation,2025,260,3,19 5 1 49 11 35,1
direct-rank-c0.05,validation,2025,261,33,19 9 5 45 30 1,1
direct-rank-c0.05,validation,2025,262,44,19 11 45 49 1 9,1
direct-rank-c0.05,validation,2025,263,38,9 30 11 19 45 21,1
direct-rank-c0.05,validation,2025,264,43,9 11 16 30 45 21,1
direct-rank-c0.05,validation,2025,265,10,9 30 11 16 45 25,1
direct-rank-c0.05,validation,2025,266,41,9 30 11 16 19 26,1
direct-rank-c0.05,validation,2025,267,29,9 30 16 1 19 34,1
direct-rank-c0.05,validation,2025,268,10,1 26 9 16 30 19,1
direct-rank-c0.05,validation,2025,269,31,9 40 16 30 19 26,1
direct-rank-c0.05,validation,2025,270,35,9 1 40 16 5 27,1
direct-rank-c0.05,validation,2025,271,6,1 16 9 27 19 40,1
direct-rank-c0.05,validation,2025,272,36,1 5 19 40 26 16,1
direct-rank-c0.05,validation,2025,273,4,5 1 48 27 19 40,1
direct-rank-c0.05,validation,2025,274,44,1 5 21 27 40 9,1
direct-rank-c0.05,validation,2025,275,45,1 5 34 21 27 9,1
direct-rank-c0.05,validation,2025,276,9,1 40 19 5 39 27,1
direct-rank-c0.05,validation,2025,277,16,5 19 21 1 40 39,1
direct-rank-c0.05,validation,2025,278,28,21 34 5 19 22 1,1
direct-rank-c0.05,validation,2025,279,27,21 19 22 34 5 46,1
direct-rank-c0.05,validation,2025,280,42,34 21 22 5 19 11,1
direct-rank-c0.05,validation,2025,281,47,34 21 39 22 19 1,1
direct-rank-c0.05,validation,2025,282,41,34 21 39 22 19 1,1
direct-rank-c0.05,validation,2025,283,45,34 39 21 37 22 19,1
direct-rank-c0.05,validation,2025,284,41,39 34 25 21 30 37,1
direct-rank-c0.05,validation,2025,285,24,21 34 25 30 37 39,1
direct-rank-c0.05,validation,2025,286,3,21 30 13 34 33 37,1
direct-rank-c0.05,validation,2025,287,34,37 21 30 33 39 49,1
direct-rank-c0.05,validation,2025,288,14,25 37 21 30 39 49,1
direct-rank-c0.05,validation,2025,289,42,49 37 21 25 30 13,1
direct-rank-c0.05,validation,2025,290,19,49 21 25 37 13 40,1
direct-rank-c0.05,validation,2025,291,44,21 49 25 37 13 8,1
direct-rank-c0.05,validation,2025,292,2,25 21 5 49 40 17,1
direct-rank-c0.05,validation,2025,293,47,25 5 21 49 40 17,1
direct-rank-c0.05,validation,2025,294,18,25 40 5 49 37 17,1
direct-rank-c0.05,validation,2025,295,5,25 40 5 37 17 1,0
direct-rank-c0.05,validation,2025,296,22,40 25 10 17 49 8,1
direct-rank-c0.05,validation,2025,297,44,40 10 4 25 17 8,1
direct-rank-c0.05,validation,2025,298,23,17 10 4 40 25 49,1
direct-rank-c0.05,validation,2025,299,49,10 11 17 4 40 25,1
direct-rank-c0.05,validation,2025,300,40,10 11 37 25 40 20,0
direct-rank-c0.05,validation,2025,301,5,35 10 31 11 37 20,1
direct-rank-c0.05,validation,2025,302,22,39 35 31 11 37 17,1
direct-rank-c0.05,validation,2025,303,15,39 35 11 38 20 17,1
direct-rank-c0.05,validation,2025,304,48,39 29 35 38 17 33,1
direct-rank-c0.05,validation,2025,305,42,29 31 17 39 33 35,1
direct-rank-c0.05,validation,2025,306,17,39 31 17 29 35 37,0
direct-rank-c0.05,validation,2025,307,20,39 29 33 35 31 11,1
direct-rank-c0.05,validation,2025,308,39,39 10 29 7 35 33,0
direct-rank-c0.05,validation,2025,309,6,29 10 24 4 7 38,1
direct-rank-c0.05,validation,2025,310,16,29 10 45 24 27 38,1
direct-rank-c0.05,validation,2025,311,37,29 7 4 45 27 10,1
direct-rank-c0.05,validation,2025,312,14,29 4 10 27 7 1,1
direct-rank-c0.05,validation,2025,313,38,4 7 10 29 32 24,1
direct-rank-c0.05,validation,2025,314,23,4 7 1 10 32 45,1
direct-rank-c0.05,validation,2025,315,4,4 10 7 1 29 49,0
direct-rank-c0.05,validation,2025,316,24,29 7 10 32 1 4,1
direct-rank-c0.05,validation,2025,317,18,7 1 32 29 10 4,1
direct-rank-c0.05,validation,2025,318,6,29 7 49 4 32 43,1
direct-rank-c0.05,validation,2025,319,45,32 29 10 3 4 7,1
direct-rank-c0.05,validation,2025,320,28,10 32 7 29 3 26,1
direct-rank-c0.05,validation,2025,321,23,29 32 3 26 10 7,1
direct-rank-c0.05,validation,2025,322,47,29 20 7 3 26 32,1
direct-rank-c0.05,validation,2025,323,9,20 7 29 10 26 8,1
direct-rank-c0.05,validation,2025,324,15,7 20 29 26 34 8,1
direct-rank-c0.05,validation,2025,325,4,29 7 46 20 34 19,1
direct-rank-c0.05,validation,2025,326,19,29 7 46 10 31 30,1
direct-rank-c0.05,validation,2025,327,37,29 7 30 10 32 34,1
direct-rank-c0.05,validation,2025,328,3,46 33 29 7 31 30,1
direct-rank-c0.05,validation,2025,329,17,31 33 29 46 21 7,1
direct-rank-c0.05,validation,2025,330,36,31 33 34 7 29 8,1
direct-rank-c0.05,validation,2025,331,26,46 13 31 29 33 34,1
direct-rank-c0.05,validation,2025,332,26,46 31 13 29 33 32,1
direct-rank-c0.05,validation,2025,333,6,46 31 13 22 21 32,1
direct-rank-c0.05,validation,2025,334,46,13 22 46 21 30 8,0
direct-rank-c0.05,validation,2025,335,44,13 31 11 21 32 8,1
direct-rank-c0.05,validation,2025,336,17,11 21 32 13 8 22,1
direct-rank-c0.05,validation,2025,337,9,31 13 21 32 8 22,1
direct-rank-c0.05,validation,2025,338,8,13 31 8 20 11 30,0
direct-rank-c0.05,validation,2025,339,48,13 32 31 20 11 30,1
direct-rank-c0.05,validation,2025,340,16,13 32 20 11 30 21,1
direct-rank-c0.05,validation,2025,341,6,13 31 32 30 21 20,1
direct-rank-c0.05,validation,2025,342,4,13 31 32 30 22 10,1
direct-rank-c0.05,validation,2025,343,38,13 31 34 32 7 35,1
direct-rank-c0.05,validation,2025,344,27,13 31 34 32 7 15,1
direct-rank-c0.05,validation,2025,345,24,13 31 34 7 32 41,1
direct-rank-c0.05,validation,2025,346,3,13 7 10 34 42 21,1
direct-rank-c0.05,validation,2025,347,13,32 41 13 7 21 22,0
direct-rank-c0.05,validation,2025,348,16,11 34 41 40 7 32,1
direct-rank-c0.05,validation,2025,349,22,11 40 41 32 30 7,1
direct-rank-c0.05,validation,2025,350,49,34 21 41 11 32 30,1
direct-rank-c0.05,validation,2025,351,4,11 34 21 40 41 32,1
direct-rank-c0.05,validation,2025,352,44,11 21 40 41 34 35,1
direct-rank-c0.05,validation,2025,353,1,11 40 21 12 35 32,1
direct-rank-c0.05,validation,2025,354,30,11 40 21 12 30 32,0
direct-rank-c0.05,validation,2025,355,8,11 34 12 32 31 40,1
direct-rank-c0.05,validation,2025,356,24,11 21 34 31 40 12,1
direct-rank-c0.05,validation,2025,357,49,15 21 11 28 12 35,1
direct-rank-c0.05,validation,2025,358,7,11 15 21 40 28 12,1
direct-rank-c0.05,validation,2025,359,11,11 15 2 40 21 12,0
direct-rank-c0.05,validation,2025,360,41,35 15 43 2 12 21,1
direct-rank-c0.05,validation,2025,361,24,43 35 15 2 21 12,1
direct-rank-c0.05,validation,2025,362,23,15 43 35 12 26 21,1
direct-rank-c0.05,validation,2025,363,26,15 43 35 12 2 26,0
direct-rank-c0.05,validation,2025,364,12,43 12 35 2 33 30,0
direct-rank-c0.05,validation,2025,365,26,43 15 35 11 2 21,1
direct-rank-c0.05,evaluation,2026,1,29,43 11 2 15 35 21,1
direct-rank-c0.05,evaluation,2026,2,22,43 2 33 11 15 35,1
direct-rank-c0.05,evaluation,2026,3,9,43 33 11 15 42 2,1
direct-rank-c0.05,evaluation,2026,4,45,11 33 15 43 2 20,1
direct-rank-c0.05,evaluation,2026,5,43,15 33 43 11 2 21,0
direct-rank-c0.05,evaluation,2026,6,13,33 15 11 35 2 20,1
direct-rank-c0.05,evaluation,2026,7,41,15 33 11 35 21 20,1
direct-rank-c0.05,evaluation,2026,8,21,15 21 35 33 20 46,0
direct-rank-c0.05,evaluation,2026,9,28,15 35 33 36 20 46,1
direct-rank-c0.05,evaluation,2026,10,27,15 36 35 33 19 20,1
direct-rank-c0.05,evaluation,2026,11,11,15 36 35 7 19 33,1
direct-rank-c0.05,evaluation,2026,12,11,36 35 15 19 7 46,1
direct-rank-c0.05,evaluation,2026,13,1,15 36 35 7 19 32,1
direct-rank-c0.05,evaluation,2026,14,26,36 35 15 20 19 33,1
direct-rank-c0.05,evaluation,2026,15,31,15 19 20 36 25 32,1
direct-rank-c0.05,evaluation,2026,16,6,15 32 25 5 33 35,1
direct-rank-c0.05,evaluation,2026,17,32,33 32 25 10 20 15,0
direct-rank-c0.05,evaluation,2026,18,39,33 38 20 10 25 48,1
direct-rank-c0.05,evaluation,2026,19,46,33 38 20 18 48 10,1
direct-rank-c0.05,evaluation,2026,20,12,33 25 15 38 30 20,1
direct-rank-c0.05,evaluation,2026,21,42,33 25 15 20 40 10,1
direct-rank-c0.05,evaluation,2026,22,18,33 25 20 40 15 31,1
direct-rank-c0.05,evaluation,2026,23,47,33 25 10 40 15 31,1
direct-rank-c0.05,evaluation,2026,24,28,33 10 25 31 20 7,1
direct-rank-c0.05,evaluation,2026,25,37,33 10 25 31 20 7,1
direct-rank-c0.05,evaluation,2026,26,19,25 33 10 15 7 40,1
direct-rank-c0.05,evaluation,2026,27,45,10 25 33 7 15 14,1
direct-rank-c0.05,evaluation,2026,28,3,25 10 14 7 33 34,1
direct-rank-c0.05,evaluation,2026,29,1,10 25 14 7 33 34,1
direct-rank-c0.05,evaluation,2026,30,41,10 14 25 33 34 47,1
direct-rank-c0.05,evaluation,2026,31,26,10 25 18 33 34 47,1
direct-rank-c0.05,evaluation,2026,32,6,10 25 18 47 35 34,1
direct-rank-c0.05,evaluation,2026,33,41,10 25 5 47 35 34,1
direct-rank-c0.05,evaluation,2026,34,19,10 25 5 35 34 14,1
direct-rank-c0.05,evaluation,2026,35,27,10 14 5 25 33 35,1
direct-rank-c0.05,evaluation,2026,36,1,35 10 5 25 33 34,1
direct-rank-c0.05,evaluation,2026,37,43,5 10 35 25 47 33,1
direct-rank-c0.05,evaluation,2026,38,42,5 35 25 20 47 33,1
direct-rank-c0.05,evaluation,2026,39,11,5 35 44 25 20 33,1
direct-rank-c0.05,evaluation,2026,40,28,20 34 35 44 25 5,1
direct-rank-c0.05,evaluation,2026,41,36,20 10 34 44 25 5,1
direct-rank-c0.05,evaluation,2026,42,16,20 34 10 44 33 40,1
direct-rank-c0.05,evaluation,2026,43,13,20 44 34 8 2 40,1
direct-rank-c0.05,evaluation,2026,44,19,20 44 34 40 2 10,1
direct-rank-c0.05,evaluation,2026,45,1,20 44 40 34 33 2,1
direct-rank-c0.05,evaluation,2026,46,3,20 40 34 17 44 48,1
direct-rank-c0.05,evaluation,2026,47,39,20 40 34 38 17 2,1
direct-rank-c0.05,evaluation,2026,48,24,20 40 38 17 2 34,1
direct-rank-c0.05,evaluation,2026,49,13,20 35 38 40 17 2,1
direct-rank-c0.05,evaluation,2026,50,23,38 35 40 20 46 17,1
direct-rank-c0.05,evaluation,2026,51,1,38 35 20 40 22 17,1
direct-rank-c0.05,evaluation,2026,52,38,38 20 35 40 22 33,0
direct-rank-c0.05,evaluation,2026,53,15,20 33 40 10 38 22,1
direct-rank-c0.05,evaluation,2026,54,48,40 14 20 35 46 10,1
direct-rank-c0.05,evaluation,2026,55,14,40 20 35 14 33 46,0
direct-rank-c0.05,evaluation,2026,56,48,40 33 35 46 10 44,1
direct-rank-c0.05,evaluation,2026,57,23,40 33 35 20 46 44,1
direct-rank-c0.05,evaluation,2026,58,31,10 33 20 35 44 46,1
direct-rank-c0.05,evaluation,2026,59,10,10 40 30 35 44 20,0
direct-rank-c0.05,evaluation,2026,60,9,40 20 33 30 35 44,1
direct-rank-c0.05,evaluation,2026,61,29,40 20 33 35 30 21,1
direct-rank-c0.05,evaluation,2026,62,24,40 20 33 34 35 21,1
direct-rank-c0.05,evaluation,2026,63,28,40 20 33 34 21 30,1
direct-rank-c0.05,evaluation,2026,64,18,40 20 34 35 46 33,1
direct-rank-c0.05,evaluation,2026,65,5,40 20 34 46 35 33,1
direct-rank-c0.05,evaluation,2026,66,37,40 34 2 20 44 46,1
direct-rank-c0.05,evaluation,2026,67,5,40 34 2 33 20 46,1
direct-rank-c0.05,evaluation,2026,68,23,40 2 20 44 33 46,1
direct-rank-c0.05,evaluation,2026,69,24,40 2 44 20 46 33,1
direct-rank-c0.05,evaluation,2026,70,25,2 40 46 44 20 17,1
direct-rank-c0.05,evaluation,2026,71,48,2 44 40 46 20 8,1
direct-rank-c0.05,evaluation,2026,72,46,2 40 44 17 20 34,1
direct-rank-c0.05,evaluation,2026,73,34,2 44 40 17 8 34,0
direct-rank-c0.05,evaluation,2026,74,10,44 2 8 40 17 20,1
direct-rank-c0.05,evaluation,2026,75,33,44 2 33 17 8 20,0
direct-rank-c0.05,evaluation,2026,76,2,44 2 40 8 30 20,0
direct-rank-c0.05,evaluation,2026,77,29,44 40 8 20 30 17,1
direct-rank-c0.05,evaluation,2026,78,46,44 20 40 8 7 17,1
direct-rank-c0.05,evaluation,2026,79,35,44 20 40 30 7 8,1
direct-rank-c0.05,evaluation,2026,80,3,44 8 17 30 40 20,1
direct-rank-c0.05,evaluation,2026,81,17,20 44 8 40 30 17,0
direct-rank-c0.05,evaluation,2026,82,27,20 44 8 40 30 7,1
direct-rank-c0.05,evaluation,2026,83,5,20 44 8 40 7 30,1
direct-rank-c0.05,evaluation,2026,84,16,20 44 33 40 49 6,1
direct-rank-c0.05,evaluation,2026,85,19,8 20 30 44 36 33,1
direct-rank-c0.05,evaluation,2026,86,12,8 20 30 44 2 36,1
direct-rank-c0.05,evaluation,2026,87,26,20 8 30 44 6 33,1
direct-rank-c0.05,evaluation,2026,88,27,20 8 36 44 6 33,1
direct-rank-c0.05,evaluation,2026,89,49,20 36 44 8 6 15,1
direct-rank-c0.05,evaluation,2026,90,36,20 36 8 30 17 15,0
direct-rank-c0.05,evaluation,2026,91,37,44 20 30 8 15 21,1
direct-rank-c0.05,evaluation,2026,92,6,20 44 8 30 21 6,0
direct-rank-c0.05,evaluation,2026,93,40,20 8 44 17 30 7,1
direct-rank-c0.05,evaluation,2026,94,17,20 8 44 42 17 7,0
direct-rank-c0.05,evaluation,2026,95,35,20 8 44 42 47 30,1
direct-rank-c0.05,evaluation,2026,96,43,20 8 44 42 47 30,1
direct-rank-c0.05,evaluation,2026,97,11,8 20 44 38 42 21,1
direct-rank-c0.05,evaluation,2026,98,17,20 38 8 42 15 44,1
direct-rank-c0.05,evaluation,2026,99,12,44 20 8 38 42 15,1
direct-rank-c0.05,evaluation,2026,100,33,8 20 44 38 42 15,1
direct-rank-c0.05,evaluation,2026,101,39,8 44 38 20 25 42,1
direct-rank-c0.05,evaluation,2026,102,20,44 38 8 25 32 4,1
direct-rank-c0.05,evaluation,2026,103,6,8 44 22 38 4 25,1
direct-rank-c0.05,evaluation,2026,104,1,8 32 44 22 38 25,1
direct-rank-c0.05,evaluation,2026,105,28,8 32 44 22 4 34,1
direct-rank-c0.05,evaluation,2026,106,22,8 22 20 4 34 30,0
direct-rank-c0.05,evaluation,2026,107,49,8 32 44 20 4 34,1
direct-rank-c0.05,evaluation,2026,108,45,32 8 20 44 4 34,1
direct-rank-c0.05,evaluation,2026,109,16,32 8 34 20 44 4,1
direct-rank-c0.05,evaluation,2026,110,30,8 32 48 34 20 44,1
direct-rank-c0.05,evaluation,2026,111,1,8 20 34 44 32 46,1
direct-rank-c0.05,evaluation,2026,112,9,8 44 38 32 20 46,1
direct-rank-c0.05,evaluation,2026,113,2,8 38 44 34 24 32,1
direct-rank-c0.05,evaluation,2026,114,30,8 44 38 24 32 10,1
direct-rank-c0.05,evaluation,2026,115,4,8 44 38 32 10 24,1
direct-rank-c0.05,evaluation,2026,116,22,8 38 44 10 32 24,1
direct-rank-c0.05,evaluation,2026,117,16,8 10 44 38 25 7,1
direct-rank-c0.05,evaluation,2026,118,8,8 10 38 44 32 7,0
direct-rank-c0.05,evaluation,2026,119,11,7 10 46 38 8 44,1
direct-rank-c0.05,evaluation,2026,120,6,46 38 10 32 7 44,1
direct-rank-c0.05,evaluation,2026,121,44,46 38 32 10 7 44,0
direct-rank-c0.05,evaluation,2026,122,1,7 46 32 38 10 15,1
direct-rank-c0.05,evaluation,2026,123,46,46 32 7 48 38 21,0
direct-rank-c0.05,evaluation,2026,124,39,7 25 18 48 38 45,1
direct-rank-c0.05,evaluation,2026,125,31,7 46 18 48 38 21,1
direct-rank-c0.05,evaluation,2026,126,49,7 38 46 18 22 48,1
direct-rank-c0.05,evaluation,2026,127,45,7 38 18 46 32 10,1
direct-rank-c0.05,evaluation,2026,128,37,7 38 18 32 10 3,1
direct-rank-c0.05,evaluation,2026,129,41,7 38 18 10 25 42,1
direct-rank-c0.05,evaluation,2026,130,29,7 25 17 21 42 10,1
direct-rank-c0.05,evaluation,2026,131,7,7 25 17 21 10 42,0
direct-rank-c0.05,evaluation,2026,132,30,25 21 7 40 17 32,1
direct-rank-c0.05,evaluation,2026,133,7,25 7 21 40 17 42,0
direct-rank-c0.05,evaluation,2026,134,37,25 38 21 32 40 26,1
direct-rank-c0.05,evaluation,2026,135,30,25 40 21 38 32 26,1
direct-rank-c0.05,evaluation,2026,136,48,25 40 20 21 32 38,1
direct-rank-c0.05,evaluation,2026,137,26,25 40 21 14 20 32,1
direct-rank-c0.05,evaluation,2026,138,49,20 25 32 40 21 38,1
direct-rank-c0.05,evaluation,2026,139,24,20 38 32 25 21 40,1
direct-rank-c0.05,evaluation,2026,140,16,20 32 38 21 25 40,1
direct-rank-c0.05,evaluation,2026,141,33,20 32 38 21 40 42,1
direct-rank-c0.05,evaluation,2026,142,23,20 38 42 32 21 40,1
direct-rank-c0.05,evaluation,2026,143,44,32 20 42 38 21 34,1
direct-rank-c0.05,evaluation,2026,144,43,32 20 21 42 38 15,1
direct-rank-c0.05,evaluation,2026,145,5,32 20 21 42 18 38,1
direct-rank-c0.05,evaluation,2026,146,42,32 21 42 20 15 38,0
direct-rank-c0.05,evaluation,2026,147,13,32 18 21 20 25 34,1
direct-rank-c0.05,evaluation,2026,148,48,32 20 21 18 25 38,1
direct-rank-c0.05,evaluation,2026,149,27,32 18 21 25 20 40,1
direct-rank-c0.05,evaluation,2026,150,9,32 18 21 25 20 34,1
direct-rank-c0.05,evaluation,2026,151,31,32 18 20 21 25 40,1
direct-rank-c0.05,evaluation,2026,152,45,32 25 18 20 21 19,1
direct-rank-c0.05,evaluation,2026,153,41,20 32 25 18 21 19,1
direct-rank-c0.05,evaluation,2026,154,41,20 25 32 15 21 18,1
direct-rank-c0.05,evaluation,2026,155,7,20 25 32 38 15 40,1
direct-rank-c0.05,evaluation,2026,156,1,20 25 34 38 15 40,1
direct-rank-c0.05,evaluation,2026,157,40,40 20 21 25 38 34,0
direct-rank-c0.05,evaluation,2026,158,16,25 38 21 15 20 32,1
direct-rank-c0.05,evaluation,2026,159,39,25 38 15 21 32 20,1
direct-rank-c0.05,evaluation,2026,160,2,25 21 38 15 32 20,1
direct-rank-c0.05,evaluation,2026,161,8,25 21 20 38 15 32,1
direct-rank-c0.05,evaluation,2026,162,32,32 21 38 25 15 20,0
direct-rank-c0.05,evaluation,2026,163,37,21 38 34 25 47 15,1
direct-rank-c0.05,evaluation,2026,164,21,21 34 25 47 38 15,0
direct-rank-c0.05,evaluation,2026,165,3,10 47 25 3 15 20,0
direct-rank-c0.05,evaluation,2026,166,6,38 18 15 10 25 20,1
direct-rank-c0.05,evaluation,2026,167,19,38 18 10 25 47 14,1
direct-rank-c0.05,evaluation,2026,168,15,14 38 15 18 47 25,0
direct-rank-c0.05,evaluation,2026,169,24,38 20 18 47 4 25,1
direct-rank-c0.05,evaluation,2026,170,3,38 18 47 20 25 14,1
direct-rank-c0.05,evaluation,2026,171,28,25 18 47 14 4 10,1
direct-rank-c0.05,evaluation,2026,172,44,25 18 20 14 47 10,1
direct-rank-c0.05,evaluation,2026,173,26,38 25 18 20 14 46,1
direct-rank-c0.05,evaluation,2026,174,41,38 25 34 18 20 46,1
direct-rank-c0.05,evaluation,2026,175,26,38 25 18 20 10 14,1
direct-rank-c0.05,evaluation,2026,176,10,34 38 18 20 10 14,0
direct-rank-c0.05,evaluation,2026,177,14,34 46 25 20 38 18,1
direct-rank-c0.05,evaluation,2026,178,18,34 38 46 20 25 18,0
direct-rank-c0.05,evaluation,2026,179,15,34 46 38 20 25 40,1
direct-rank-c0.05,evaluation,2026,180,21,46 38 34 20 25 42,1
direct-rank-c0.05,evaluation,2026,181,19,46 34 38 25 20 42,1
direct-rank-c0.05,evaluation,2026,182,41,46 34 38 25 31 20,1
direct-rank-c0.05,evaluation,2026,183,24,46 34 38 31 25 17,1
direct-rank-c0.05,evaluation,2026,184,1,34 46 38 31 25 17,1
direct-rank-c0.05,evaluation,2026,185,36,46 34 38 17 31 23,1
direct-rank-c0.05,evaluation,2026,186,23,46 34 38 25 20 11,1
direct-rank-c0.05,evaluation,2026,187,1,46 34 25 20 11 17,1
direct-rank-c0.05,evaluation,2026,188,16,46 17 38 34 20 25,1
direct-rank-c0.05,evaluation,2026,189,15,46 38 34 20 22 17,1
direct-rank-c0.05,evaluation,2026,190,16,38 46 34 25 22 17,1
direct-rank-c0.05,evaluation,2026,191,29,38 46 20 34 12 25,1
direct-rank-c0.05,evaluation,2026,192,25,38 46 20 12 25 22,0
direct-rank-c0.05,evaluation,2026,193,9,38 46 20 12 22 34,1
direct-rank-c0.05,evaluation,2026,194,26,38 46 20 40 12 22,1
direct-rank-c0.05,evaluation,2026,195,25,38 46 20 40 45 11,1
direct-rank-c0.05,evaluation,2026,196,39,38 46 22 34 20 40,1
direct-rank-c0.05,evaluation,2026,197,8,38 46 34 22 40 20,1
direct-rank-c0.05,evaluation,2026,198,7,46 38 34 20 22 45,1
direct-rank-c0.05,evaluation,2026,199,36,46 38 19 34 30 40,1
direct-rank-c0.05,evaluation,2026,200,39,46 19 34 38 30 40,1
direct-rank-c0.05,evaluation,2026,201,32,38 19 45 46 34 30,1
direct-rank-c0.05,evaluation,2026,202,40,46 45 38 30 34 17,1
direct-rank-c0.05,evaluation,2026,203,25,46 38 19 17 34 5,1
direct-rank-c0.05,evaluation,2026,204,5,46 38 19 45 17 5,0
direct-rank-c0.05,evaluation,2026,205,3,46 38 19 45 20 12,1
direct-rank-c0.05,evaluation,2026,206,47,38 46 12 19 45 17,1
direct-rank-c0.05,evaluation,2026,207,31,38 12 46 17 11 45,1
direct-rank-c0.05,evaluation,2026,208,19,38 12 46 17 11 45,1
direct-rank-c0.05,evaluation,2026,209,8,12 38 46 17 11 45,1
direct-rank-c0.05,evaluation,2026,210,49,12 46 38 11 17 35,1
direct-rank-c0.05,evaluation,2026,211,1,12 38 46 11 17 35,1
direct-rank-c0.05,evaluation,2026,212,6,17 12 11 46 35 45,1
direct-rank-c0.05,evaluation,2026,213,35,12 17 38 11 37 46,1
direct-rank-c0.05,evaluation,2026,214,4,38 12 17 46 11 37,1
direct-rank-c0.05,evaluation,2026,215,14,12 46 17 38 22 37,1
direct-rank-c0.05,evaluation,2026,216,37,12 38 46 17 22 37,0
direct-rank-c0.05,evaluation,2026,217,26,38 12 46 22 17 20,1
direct-rank-c0.05,evaluation,2026,218,17,38 46 22 17 20 12,0
direct-rank-c0.05,evaluation,2026,219,43,12 22 11 20 38 30,1
direct-rank-c0.05,evaluation,2026,220,48,38 12 11 46 20 30,1
direct-rank-c0.05,evaluation,2026,221,1,11 46 38 22 12 20,1
direct-rank-c0.05,evaluation,2026,222,26,38 12 11 22 30 20,1
direct-rank-c0.05,evaluation,2026,223,23,12 11 46 38 22 30,1
direct-rank-c0.05,evaluation,2026,224,9,46 12 11 38 22 30,1
direct-rank-c0.05,evaluation,2026,225,1,38 46 12 11 30 22,1
direct-rank-c0.05,evaluation,2026,226,17,46 12 11 38 22 20,1
direct-rank-c0.05,evaluation,2026,227,16,46 12 38 34 22 20,1
direct-rank-c0.05,evaluation,2026,228,23,38 46 12 11 22 34,1
direct-rank-c0.05,evaluation,2026,229,38,12 46 11 38 22 34,0
direct-rank-c0.05,evaluation,2026,230,16,46 12 20 22 34 30,1
direct-rank-c0.05,evaluation,2026,231,20,46 12 20 11 22 34,0
direct-rank-c0.05,evaluation,2026,232,42,12 22 30 34 29 44,1
direct-rank-c0.05,evaluation,2026,233,7,11 12 30 38 22 46,1
direct-rank-c0.05,evaluation,2026,234,39,46 11 12 30 29 38,1
direct-rank-c0.05,evaluation,2026,235,32,11 46 12 29 38 28,1
direct-rank-c0.05,evaluation,2026,236,11,46 11 12 30 29 38,0
direct-rank-c0.05,evaluation,2026,237,12,46 30 29 12 38 13,0
direct-rank-c0.05,evaluation,2026,238,17,46 30 29 38 13 34,1
direct-rank-c0.05,evaluation,2026,239,5,46 30 29 13 34 38,1
direct-rank-c0.05,evaluation,2026,240,27,46 30 29 13 27 28,0
direct-rank-c0.05,evaluation,2026,241,49,46 29 38 30 19 13,1
direct-rank-c0.05,evaluation,2026,242,9,46 38 30 19 34 28,1
direct-rank-c0.05,evaluation,2026,243,21,38 30 29 34 19 28,1
direct-rank-c0.05,evaluation,2026,244,46,29 38 30 34 46 19,0
direct-rank-c0.05,evaluation,2026,245,18,29 30 38 19 28 34,1
direct-rank-c0.05,evaluation,2026,246,30,29 30 28 34 44 19,0
direct-rank-c0.05,evaluation,2026,247,40,29 38 34 28 13 44,1
direct-rank-c0.05,evaluation,2026,248,20,38 13 22 34 28 44,1
direct-rank-c0.05,evaluation,2026,249,23,29 38 22 13 34 46,1
direct-rank-c0.05,evaluation,2026,250,14,38 34 46 19 29 14,0
direct-rank-c0.05,evaluation,2026,251,30,29 38 34 13 28 22,1
direct-rank-c0.05,evaluation,2026,252,22,29 38 34 13 22 28,0
direct-rank-c0.05,evaluation,2026,253,16,29 38 19 28 34 37,1
direct-rank-c0.05,evaluation,2026,254,2,29 38 19 46 34 37,1
direct-rank-c0.05,evaluation,2026,255,44,29 38 19 13 37 46,1
direct-rank-c0.05,evaluation,2026,256,1,29 38 19 13 37 34,1
direct-rank-c0.05,evaluation,2026,257,7,29 38 19 13 34 46,1
direct-rank-c0.05,evaluation,2026,258,46,29 38 19 13 34 28,1
direct-rank-c0.05,evaluation,2026,259,22,29 38 13 34 37 28,1
direct-rank-c0.05,evaluation,2026,260,20,38 29 13 34 37 28,1
direct-rank-c0.05,evaluation,2026,261,24,38 29 13 19 37 34,1
direct-rank-c0.05,evaluation,2026,262,30,38 13 19 37 34 45,1
direct-rank-c0.05,evaluation,2026,263,9,13 29 19 37 34 45,1
direct-rank-c0.05,evaluation,2026,264,21,38 29 37 19 45 34,1
direct-rank-c0.05,evaluation,2026,265,49,38 29 13 37 19 45,1
direct-rank-c0.05,evaluation,2026,266,8,38 29 13 37 19 45,1
direct-rank-c0.2,validation,2025,246,6,22 49 48 3 12 6,0
direct-rank-c0.2,validation,2025,247,25,22 48 49 3 19 35,1
direct-rank-c0.2,validation,2025,248,12,22 48 19 26 35 12,0
direct-rank-c0.2,validation,2025,249,2,26 22 19 48 14 35,1
direct-rank-c0.2,validation,2025,250,12,26 22 14 35 19 33,1
direct-rank-c0.2,validation,2025,251,35,19 26 14 22 21 48,1
direct-rank-c0.2,validation,2025,252,23,26 19 14 33 48 3,1
direct-rank-c0.2,validation,2025,253,33,19 26 14 3 48 27,1
direct-rank-c0.2,validation,2025,254,17,19 26 14 3 48 49,1
direct-rank-c0.2,validation,2025,255,42,19 26 14 3 48 49,1
direct-rank-c0.2,validation,2025,256,48,19 26 3 48 49 27,0
direct-rank-c0.2,validation,2025,257,28,19 10 3 20 26 27,1
direct-rank-c0.2,validation,2025,258,38,19 20 26 49 5 27,1
direct-rank-c0.2,validation,2025,259,47,19 21 5 49 36 10,1
direct-rank-c0.2,validation,2025,260,3,19 21 5 26 49 3,0
direct-rank-c0.2,validation,2025,261,33,19 21 45 5 30 26,1
direct-rank-c0.2,validation,2025,262,44,19 21 45 26 49 30,1
direct-rank-c0.2,validation,2025,263,38,30 9 45 21 19 26,1
direct-rank-c0.2,validation,2025,264,43,9 21 16 30 45 26,1
direct-rank-c0.2,validation,2025,265,10,9 21 30 45 16 26,1
direct-rank-c0.2,validation,2025,266,41,9 30 16 26 45 21,1
direct-rank-c0.2,validation,2025,267,29,30 16 26 9 34 1,1
direct-rank-c0.2,validation,2025,268,10,26 16 30 34 9 1,1
direct-rank-c0.2,validation,2025,269,31,9 16 40 30 26 34,1
direct-rank-c0.2,validation,2025,270,35,40 16 26 9 34 5,1
direct-rank-c0.2,validation,2025,271,6,16 26 40 34 9 19,1
direct-rank-c0.2,validation,2025,272,36,5 1 26 40 16 19,1
direct-rank-c0.2,validation,2025,273,4,5 48 40 1 26 19,1
direct-rank-c0.2,validation,2025,274,44,1 5 21 40 26 19,1
direct-rank-c0.2,validation,2025,275,45,1 5 21 34 26 40,1
direct-rank-c0.2,validation,2025,276,9,40 5 21 19 1 26,1
direct-rank-c0.2,validation,2025,277,16,5 21 19 34 40 2,1
direct-rank-c0.2,validation,2025,278,28,21 34 22 5 19 39,1
direct-rank-c0.2,validation,2025,279,27,21 22 34 19 5 2,1
direct-rank-c0.2,validation,2025,280,42,34 21 22 5 19 41,1
direct-rank-c0.2,validation,2025,281,47,34 21 22 39 19 41,1
direct-rank-c0.2,validation,2025,282,41,21 34 22 39 19 30,1
direct-rank-c0.2,validation,2025,283,45,34 21 39 22 37 19,1
direct-rank-c0.2,validation,2025,284,41,39 34 21 30 25 37,1
direct-rank-c0.2,validation,2025,285,24,21 30 34 39 25 37,1
direct-rank-c0.2,validation,2025,286,3,21 30 34 13 39 37,1
direct-rank-c0.2,validation,2025,287,34,30 21 37 39 49 26,1
direct-rank-c0.2,validation,2025,288,14,30 21 26 37 32 49,1
direct-rank-c0.2,validation,2025,289,42,49 30 21 37 32 26,1
direct-rank-c0.2,validation,2025,290,19,49 21 32 13 30 40,1
direct-rank-c0.2,validation,2025,291,44,49 21 13 30 8 2,1
direct-rank-c0.2,validation,2025,292,2,49 21 2 40 17 25,0
direct-rank-c0.2,validation,2025,293,47,49 21 5 25 40 17,1
direct-rank-c0.2,validation,2025,294,18,40 49 5 25 17 21,1
direct-rank-c0.2,validation,2025,295,5,40 5 25 49 17 37,0
direct-rank-c0.2,validation,2025,296,22,17 40 30 22 49 20,0
direct-rank-c0.2,validation,2025,297,44,32 40 20 30 17 26,1
direct-rank-c0.2,validation,2025,298,23,17 32 20 30 26 8,1
direct-rank-c0.2,validation,2025,299,49,17 32 30 26 7 40,1
direct-rank-c0.2,validation,2025,300,40,32 17 20 30 26 7,1
direct-rank-c0.2,validation,2025,301,5,7 31 20 30 32 21,1
direct-rank-c0.2,validation,2025,302,22,32 31 7 20 30 26,1
direct-rank-c0.2,validation,2025,303,15,32 20 17 30 26 31,1
direct-rank-c0.2,validation,2025,304,48,32 17 30 26 20 7,1
direct-rank-c0.2,validation,2025,305,42,32 7 30 17 20 26,1
direct-rank-c0.2,validation,2025,306,17,32 30 7 17 20 26,0
direct-rank-c0.2,validation,2025,307,20,32 20 30 26 39 29,0
direct-rank-c0.2,validation,2025,308,39,39 32 7 29 31 33,0
direct-rank-c0.2,validation,2025,309,6,32 30 31 7 29 26,1
direct-rank-c0.2,validation,2025,310,16,32 30 26 29 31 7,1
direct-rank-c0.2,validation,2025,311,37,32 30 7 26 31 21,1
direct-rank-c0.2,validation,2025,312,14,30 32 26 31 7 21,1
direct-rank-c0.2,validation,2025,313,38,32 30 7 26 31 21,1
direct-rank-c0.2,validation,2025,314,23,32 30 7 26 21 31,1
direct-rank-c0.2,validation,2025,315,4,32 30 7 21 31 8,1
direct-rank-c0.2,validation,2025,316,24,32 30 7 21 26 31,1
direct-rank-c0.2,validation,2025,317,18,32 30 21 7 26 3,1
direct-rank-c0.2,validation,2025,318,6,30 32 7 26 31 21,1
direct-rank-c0.2,validation,2025,319,45,32 3 30 36 31 8,1
direct-rank-c0.2,validation,2025,320,28,32 30 3 26 36 8,1
direct-rank-c0.2,validation,2025,321,23,32 30 3 26 8 31,1
direct-rank-c0.2,validation,2025,322,47,30 32 3 26 31 21,1
direct-rank-c0.2,validation,2025,323,9,30 32 26 8 3 21,1
direct-rank-c0.2,validation,2025,324,15,30 32 26 8 21 31,1
direct-rank-c0.2,validation,2025,325,4,32 8 30 7 21 26,1
direct-rank-c0.2,validation,2025,326,19,30 32 31 7 21 26,1
direct-rank-c0.2,validation,2025,327,37,30 32 26 13 7 21,1
direct-rank-c0.2,validation,2025,328,3,30 7 26 32 31 36,1
direct-rank-c0.2,validation,2025,329,17,31 30 32 21 26 13,1
direct-rank-c0.2,validation,2025,330,36,30 31 32 36 13 26,0
direct-rank-c0.2,validation,2025,331,26,13 31 46 8 30 32,1
direct-rank-c0.2,validation,2025,332,26,13 31 46 32 30 21,1
direct-rank-c0.2,validation,2025,333,6,13 31 30 32 8 21,1
direct-rank-c0.2,validation,2025,334,46,31 13 30 8 32 21,1
direct-rank-c0.2,validation,2025,335,44,13 31 8 11 32 21,1
direct-rank-c0.2,validation,2025,336,17,13 31 8 11 32 21,1
direct-rank-c0.2,validation,2025,337,9,13 31 8 32 21 30,1
direct-rank-c0.2,validation,2025,338,8,13 32 8 31 30 41,0
direct-rank-c0.2,validation,2025,339,48,13 32 41 35 31 42,1
direct-rank-c0.2,validation,2025,340,16,13 32 41 31 35 30,1
direct-rank-c0.2,validation,2025,341,6,13 41 31 32 42 35,1
direct-rank-c0.2,validation,2025,342,4,13 41 31 35 32 30,1
direct-rank-c0.2,validation,2025,343,38,41 13 35 31 14 32,1
direct-rank-c0.2,validation,2025,344,27,41 35 13 14 32 42,1
direct-rank-c0.2,validation,2025,345,24,41 13 42 35 7 14,1
direct-rank-c0.2,validation,2025,346,3,41 42 32 14 7 12,1
direct-rank-c0.2,validation,2025,347,13,41 32 14 11 7 12,1
direct-rank-c0.2,validation,2025,348,16,41 11 40 7 12 32,1
direct-rank-c0.2,validation,2025,349,22,41 11 40 7 12 32,1
direct-rank-c0.2,validation,2025,350,49,41 7 12 14 32 30,1
direct-rank-c0.2,validation,2025,351,4,41 7 11 12 14 32,1
direct-rank-c0.2,validation,2025,352,44,41 7 14 32 12 40,1
direct-rank-c0.2,validation,2025,353,1,12 7 11 14 40 32,1
direct-rank-c0.2,validation,2025,354,30,12 7 14 11 2 40,1
direct-rank-c0.2,validation,2025,355,8,11 12 26 32 7 2,1
direct-rank-c0.2,validation,2025,356,24,15 12 21 26 11 2,1
direct-rank-c0.2,validation,2025,357,49,15 28 12 21 43 2,1
direct-rank-c0.2,validation,2025,358,7,15 11 2 43 12 21,1
direct-rank-c0.2,validation,2025,359,11,15 43 11 35 2 40,0
direct-rank-c0.2,validation,2025,360,41,43 2 15 35 12 18,1
direct-rank-c0.2,validation,2025,361,24,43 12 15 2 18 14,1
direct-rank-c0.2,validation,2025,362,23,43 2 12 15 18 14,1
direct-rank-c0.2,validation,2025,363,26,43 12 14 2 18 36,1
direct-rank-c0.2,validation,2025,364,12,43 12 14 2 18 36,0
direct-rank-c0.2,validation,2025,365,26,14 18 32 43 36 2,1
direct-rank-c0.2,evaluation,2026,1,29,14 18 43 32 36 2,1
direct-rank-c0.2,evaluation,2026,2,22,14 18 32 2 43 20,1
direct-rank-c0.2,evaluation,2026,3,9,14 18 32 43 20 36,1
direct-rank-c0.2,evaluation,2026,4,45,14 32 18 25 5 36,1
direct-rank-c0.2,evaluation,2026,5,43,14 32 18 25 5 20,1
direct-rank-c0.2,evaluation,2026,6,13,14 32 18 5 25 47,1
direct-rank-c0.2,evaluation,2026,7,41,14 32 5 18 25 47,1
direct-rank-c0.2,evaluation,2026,8,21,14 32 5 18 25 47,1
direct-rank-c0.2,evaluation,2026,9,28,14 32 18 25 47 48,1
direct-rank-c0.2,evaluation,2026,10,27,14 32 27 47 5 25,0
direct-rank-c0.2,evaluation,2026,11,11,14 32 5 47 25 18,1
direct-rank-c0.2,evaluation,2026,12,11,14 25 47 32 18 19,1
direct-rank-c0.2,evaluation,2026,13,1,14 32 47 5 18 19,1
direct-rank-c0.2,evaluation,2026,14,26,14 32 47 18 34 5,1
direct-rank-c0.2,evaluation,2026,15,31,14 32 47 18 34 5,1
direct-rank-c0.2,evaluation,2026,16,6,14 32 47 18 34 5,1
direct-rank-c0.2,evaluation,2026,17,32,14 32 47 18 5 25,0
direct-rank-c0.2,evaluation,2026,18,39,14 47 25 5 16 39,0
direct-rank-c0.2,evaluation,2026,19,46,14 47 16 3 18 5,1
direct-rank-c0.2,evaluation,2026,20,12,14 47 16 3 5 18,1
direct-rank-c0.2,evaluation,2026,21,42,16 14 3 5 18 48,1
direct-rank-c0.2,evaluation,2026,22,18,14 16 3 5 18 4,0
direct-rank-c0.2,evaluation,2026,23,47,16 14 3 5 47 4,0
direct-rank-c0.2,evaluation,2026,24,28,16 14 3 5 4 1,1
direct-rank-c0.2,evaluation,2026,25,37,16 14 3 5 4 1,1
direct-rank-c0.2,evaluation,2026,26,19,16 3 5 4 1 48,1
direct-rank-c0.2,evaluation,2026,27,45,16 3 5 4 14 2,1
direct-rank-c0.2,evaluation,2026,28,3,3 5 4 23 14 1,0
direct-rank-c0.2,evaluation,2026,29,1,5 4 23 14 16 48,1
direct-rank-c0.2,evaluation,2026,30,41,23 14 16 48 2 40,1
direct-rank-c0.2,evaluation,2026,31,26,23 16 14 48 2 5,1
direct-rank-c0.2,evaluation,2026,32,6,23 14 16 48 2 4,1
direct-rank-c0.2,evaluation,2026,33,41,14 16 48 4 2 5,1
direct-rank-c0.2,evaluation,2026,34,19,16 48 23 4 2 5,1
direct-rank-c0.2,evaluation,2026,35,27,16 14 48 4 2 5,1
direct-rank-c0.2,evaluation,2026,36,1,16 14 48 4 5 2,1
direct-rank-c0.2,evaluation,2026,37,43,16 14 4 9 23 2,1
direct-rank-c0.2,evaluation,2026,38,42,16 14 2 4 5 23,1
direct-rank-c0.2,evaluation,2026,39,11,16 14 2 5 21 4,1
direct-rank-c0.2,evaluation,2026,40,28,16 14 2 21 5 36,1
direct-rank-c0.2,evaluation,2026,41,36,16 14 2 21 23 5,1
direct-rank-c0.2,evaluation,2026,42,16,14 16 5 21 23 9,0
direct-rank-c0.2,evaluation,2026,43,13,14 25 5 2 40 35,1
direct-rank-c0.2,evaluation,2026,44,19,14 25 5 2 48 21,1
direct-rank-c0.2,evaluation,2026,45,1,14 25 5 2 40 21,1
direct-rank-c0.2,evaluation,2026,46,3,14 25 5 2 40 21,1
direct-rank-c0.2,evaluation,2026,47,39,14 25 5 2 40 21,1
direct-rank-c0.2,evaluation,2026,48,24,14 25 5 2 21 32,1
direct-rank-c0.2,evaluation,2026,49,13,14 5 25 2 21 48,1
direct-rank-c0.2,evaluation,2026,50,23,14 5 2 25 21 48,1
direct-rank-c0.2,evaluation,2026,51,1,14 5 2 25 21 48,1
direct-rank-c0.2,evaluation,2026,52,38,25 5 2 21 14 48,1
direct-rank-c0.2,evaluation,2026,53,15,5 25 2 21 14 48,1
direct-rank-c0.2,evaluation,2026,54,48,5 25 2 14 21 48,0
direct-rank-c0.2,evaluation,2026,55,14,5 25 2 21 14 7,0
direct-rank-c0.2,evaluation,2026,56,48,25 5 2 34 7 4,1
direct-rank-c0.2,evaluation,2026,57,23,25 5 2 34 4 29,1
direct-rank-c0.2,evaluation,2026,58,31,25 5 2 4 35 47,1
direct-rank-c0.2,evaluation,2026,59,10,25 5 2 4 35 34,1
direct-rank-c0.2,evaluation,2026,60,9,25 5 2 4 34 47,1
direct-rank-c0.2,evaluation,2026,61,29,25 2 4 47 35 18,1
direct-rank-c0.2,evaluation,2026,62,24,4 5 47 35 7 18,1
direct-rank-c0.2,evaluation,2026,63,28,4 5 25 2 47 7,1
direct-rank-c0.2,evaluation,2026,64,18,4 5 25 18 47 7,0
direct-rank-c0.2,evaluation,2026,65,5,33 20 35 5 25 47,0
direct-rank-c0.2,evaluation,2026,66,37,20 35 22 40 44 46,1
direct-rank-c0.2,evaluation,2026,67,5,35 40 22 33 46 20,1
direct-rank-c0.2,evaluation,2026,68,23,40 20 35 22 33 46,1
direct-rank-c0.2,evaluation,2026,69,24,40 20 35 33 22 42,1
direct-rank-c0.2,evaluation,2026,70,25,40 20 35 33 46 22,1
direct-rank-c0.2,evaluation,2026,71,48,40 20 33 35 42 22,1
direct-rank-c0.2,evaluation,2026,72,46,40 20 46 33 35 22,0
direct-rank-c0.2,evaluation,2026,73,34,40 20 35 33 11 22,1
direct-rank-c0.2,evaluation,2026,74,10,40 20 11 35 22 42,1
direct-rank-c0.2,evaluation,2026,75,33,40 20 11 35 44 22,1
direct-rank-c0.2,evaluation,2026,76,2,40 11 35 42 44 8,1
direct-rank-c0.2,evaluation,2026,77,29,11 40 44 20 6 35,1
direct-rank-c0.2,evaluation,2026,78,46,11 40 6 44 20 35,1
direct-rank-c0.2,evaluation,2026,79,35,11 40 6 44 20 42,1
direct-rank-c0.2,evaluation,2026,80,3,11 44 40 42 8 26,1
direct-rank-c0.2,evaluation,2026,81,17,11 44 40 6 20 8,1
direct-rank-c0.2,evaluation,2026,82,27,44 11 40 8 6 30,1
direct-rank-c0.2,evaluation,2026,83,5,44 11 38 40 6 8,1
direct-rank-c0.2,evaluation,2026,84,16,44 11 38 6 40 20,1
direct-rank-c0.2,evaluation,2026,85,19,44 38 6 11 40 42,1
direct-rank-c0.2,evaluation,2026,86,12,44 38 11 40 8 42,1
direct-rank-c0.2,evaluation,2026,87,26,44 38 11 40 8 6,1
direct-rank-c0.2,evaluation,2026,88,27,44 38 11 8 6 20,1
direct-rank-c0.2,evaluation,2026,89,49,44 8 38 11 20 40,1
direct-rank-c0.2,evaluation,2026,90,36,38 11 40 8 20 6,1
direct-rank-c0.2,evaluation,2026,91,37,38 11 40 44 6 45,1
direct-rank-c0.2,evaluation,2026,92,6,38 44 11 40 6 45,0
direct-rank-c0.2,evaluation,2026,93,40,44 40 30 45 11 20,0
direct-rank-c0.2,evaluation,2026,94,17,44 8 20 30 7 38,1
direct-rank-c0.2,evaluation,2026,95,35,20 44 8 30 7 41,1
direct-rank-c0.2,evaluation,2026,96,43,20 44 8 30 7 41,1
direct-rank-c0.2,evaluation,2026,97,11,20 8 44 30 7 41,1
direct-rank-c0.2,evaluation,2026,98,17,20 7 30 41 8 44,1
direct-rank-c0.2,evaluation,2026,99,12,20 7 44 30 41 42,1
direct-rank-c0.2,evaluation,2026,100,33,20 44 7 8 30 41,1
direct-rank-c0.2,evaluation,2026,101,39,20 44 8 7 30 42,1
direct-rank-c0.2,evaluation,2026,102,20,44 20 7 42 8 30,0
direct-rank-c0.2,evaluation,2026,103,6,42 44 7 30 41 8,1
direct-rank-c0.2,evaluation,2026,104,1,42 44 41 8 7 38,1
direct-rank-c0.2,evaluation,2026,105,28,42 44 8 41 38 7,1
direct-rank-c0.2,evaluation,2026,106,22,38 42 8 21 41 7,1
direct-rank-c0.2,evaluation,2026,107,49,38 42 8 25 21 7,1
direct-rank-c0.2,evaluation,2026,108,45,8 38 42 44 25 21,1
direct-rank-c0.2,evaluation,2026,109,16,8 38 42 44 25 21,1
direct-rank-c0.2,evaluation,2026,110,30,42 44 25 21 47 15,1
direct-rank-c0.2,evaluation,2026,111,1,42 8 44 25 21 47,1
direct-rank-c0.2,evaluation,2026,112,9,8 42 44 25 47 46,1
direct-rank-c0.2,evaluation,2026,113,2,8 42 46 47 32 25,1
direct-rank-c0.2,evaluation,2026,114,30,8 47 46 25 38 44,1
direct-rank-c0.2,evaluation,2026,115,4,8 47 46 44 38 34,1
direct-rank-c0.2,evaluation,2026,116,22,46 44 38 32 24 47,1
direct-rank-c0.2,evaluation,2026,117,16,8 44 32 42 47 38,1
direct-rank-c0.2,evaluation,2026,118,8,8 44 32 42 38 24,0
direct-rank-c0.2,evaluation,2026,119,11,47 44 34 18 13 26,1
direct-rank-c0.2,evaluation,2026,120,6,47 24 44 34 13 26,1
direct-rank-c0.2,evaluation,2026,121,44,47 44 34 3 26 13,0
direct-rank-c0.2,evaluation,2026,122,1,3 13 5 27 47 26,1
direct-rank-c0.2,evaluation,2026,123,46,3 13 5 27 26 47,1
direct-rank-c0.2,evaluation,2026,124,39,3 13 5 27 26 19,1
direct-rank-c0.2,evaluation,2026,125,31,3 41 13 27 26 19,1
direct-rank-c0.2,evaluation,2026,126,49,3 41 13 26 27 24,1
direct-rank-c0.2,evaluation,2026,127,45,41 27 26 13 29 24,1
direct-rank-c0.2,evaluation,2026,128,37,41 24 26 13 36 34,1
direct-rank-c0.2,evaluation,2026,129,41,41 26 24 13 36 34,0
direct-rank-c0.2,evaluation,2026,130,29,48 24 19 38 10 36,1
direct-rank-c0.2,evaluation,2026,131,7,48 24 19 38 36 33,1
direct-rank-c0.2,evaluation,2026,132,30,48 24 19 38 36 33,1
direct-rank-c0.2,evaluation,2026,133,7,24 19 38 33 23 17,1
direct-rank-c0.2,evaluation,2026,134,37,24 48 19 17 33 10,1
direct-rank-c0.2,evaluation,2026,135,30,17 48 10 19 33 36,1
direct-rank-c0.2,evaluation,2026,136,48,17 48 10 19 38 33,0
direct-rank-c0.2,evaluation,2026,137,26,10 19 33 38 36 28,1
direct-rank-c0.2,evaluation,2026,138,49,10 17 33 38 3 36,1
direct-rank-c0.2,evaluation,2026,139,24,10 17 33 3 36 23,1
direct-rank-c0.2,evaluation,2026,140,16,17 10 33 3 23 28,1
direct-rank-c0.2,evaluation,2026,141,33,17 33 25 23 3 5,0
direct-rank-c0.2,evaluation,2026,142,23,25 38 46 40 10 17,1
direct-rank-c0.2,evaluation,2026,143,44,17 25 46 38 20 40,1
direct-rank-c0.2,evaluation,2026,144,43,17 25 46 38 20 1,1
direct-rank-c0.2,evaluation,2026,145,5,46 17 25 20 38 40,1
direct-rank-c0.2,evaluation,2026,146,42,46 17 20 40 38 10,1
direct-rank-c0.2,evaluation,2026,147,13,17 46 25 40 38 22,1
direct-rank-c0.2,evaluation,2026,148,48,17 25 20 46 38 22,1
direct-rank-c0.2,evaluation,2026,149,27,17 25 20 46 38 22,1
direct-rank-c0.2,evaluation,2026,150,9,17 25 46 1 38 20,1
direct-rank-c0.2,evaluation,2026,151,31,17 20 46 1 38 10,1
direct-rank-c0.2,evaluation,2026,152,45,17 25 46 8 10 32,1
direct-rank-c0.2,evaluation,2026,153,41,17 25 20 46 8 10,1
direct-rank-c0.2,evaluation,2026,154,41,46 17 25 20 32 8,1
direct-rank-c0.2,evaluation,2026,155,7,1 17 25 20 8 46,1
direct-rank-c0.2,evaluation,2026,156,1,25 1 17 20 46 32,0
direct-rank-c0.2,evaluation,2026,157,40,17 25 8 32 2 46,1
direct-rank-c0.2,evaluation,2026,158,16,8 32 2 46 18 20,1
direct-rank-c0.2,evaluation,2026,159,39,8 32 46 2 17 24,1
direct-rank-c0.2,evaluation,2026,160,2,8 32 2 18 25 24,0
direct-rank-c0.2,evaluation,2026,161,8,25 46 32 20 17 18,1
direct-rank-c0.2,evaluation,2026,162,32,20 25 32 18 22 17,0
direct-rank-c0.2,evaluation,2026,163,37,20 46 17 25 22 18,1
direct-rank-c0.2,evaluation,2026,164,21,20 46 17 25 22 18,1
direct-rank-c0.2,evaluation,2026,165,3,20 17 25 22 46 24,1
direct-rank-c0.2,evaluation,2026,166,6,46 20 17 25 30 22,1
direct-rank-c0.2,evaluation,2026,167,19,46 25 17 30 22 20,1
direct-rank-c0.2,evaluation,2026,168,15,46 25 17 20 1 22,1
direct-rank-c0.2,evaluation,2026,169,24,46 25 17 1 20 30,1
direct-rank-c0.2,evaluation,2026,170,3,46 17 25 20 1 26,1
direct-rank-c0.2,evaluation,2026,171,28,17 46 1 25 30 26,1
direct-rank-c0.2,evaluation,2026,172,44,46 1 17 20 25 26,1
direct-rank-c0.2,evaluation,2026,173,26,46 20 17 1 26 25,0
direct-rank-c0.2,evaluation,2026,174,41,46 1 20 17 30 33,1
direct-rank-c0.2,evaluation,2026,175,26,46 1 20 17 30 40,1
direct-rank-c0.2,evaluation,2026,176,10,46 1 17 20 40 30,1
direct-rank-c0.2,evaluation,2026,177,14,46 1 17 20 30 40,1
direct-rank-c0.2,evaluation,2026,178,18,46 30 17 1 20 40,1
direct-rank-c0.2,evaluation,2026,179,15,1 30 46 20 40 16,1
direct-rank-c0.2,evaluation,2026,180,21,46 1 30 17 40 20,1
direct-rank-c0.2,evaluation,2026,181,19,46 1 17 40 20 30,1
direct-rank-c0.2,evaluation,2026,182,41,46 1 30 40 20 16,1
direct-rank-c0.2,evaluation,2026,183,24,46 1 30 40 20 17,1
direct-rank-c0.2,evaluation,2026,184,1,46 1 30 40 20 17,0
direct-rank-c0.2,evaluation,2026,185,36,30 49 16 45 46 40,1
direct-rank-c0.2,evaluation,2026,186,23,7 49 16 45 30 46,1
direct-rank-c0.2,evaluation,2026,187,1,30 7 49 16 45 46,1
direct-rank-c0.2,evaluation,2026,188,16,30 7 40 49 16 45,0
direct-rank-c0.2,evaluation,2026,189,15,30 40 7 46 49 45,1
direct-rank-c0.2,evaluation,2026,190,16,30 40 7 46 39 11,1
direct-rank-c0.2,evaluation,2026,191,29,30 40 7 39 11 45,1
direct-rank-c0.2,evaluation,2026,192,25,30 7 40 46 45 11,1
direct-rank-c0.2,evaluation,2026,193,9,40 7 30 46 39 11,1
direct-rank-c0.2,evaluation,2026,194,26,30 7 46 40 39 37,1
direct-rank-c0.2,evaluation,2026,195,25,30 7 46 45 39 40,1
direct-rank-c0.2,evaluation,2026,196,39,30 7 45 37 40 11,1
direct-rank-c0.2,evaluation,2026,197,8,30 7 45 46 6 40,1
direct-rank-c0.2,evaluation,2026,198,7,30 7 1 46 22 45,0
direct-rank-c0.2,evaluation,2026,199,36,30 1 37 6 22 46,1
direct-rank-c0.2,evaluation,2026,200,39,30 1 37 6 46 31,1
direct-rank-c0.2,evaluation,2026,201,32,30 37 1 45 19 6,1
direct-rank-c0.2,evaluation,2026,202,40,30 37 1 45 6 22,1
direct-rank-c0.2,evaluation,2026,203,25,30 1 37 44 6 19,1
direct-rank-c0.2,evaluation,2026,204,5,30 45 1 19 46 22,1
direct-rank-c0.2,evaluation,2026,205,3,30 45 37 1 22 19,1
direct-rank-c0.2,evaluation,2026,206,47,30 45 37 19 1 46,1
direct-rank-c0.2,evaluation,2026,207,31,30 45 19 1 37 46,1
direct-rank-c0.2,evaluation,2026,208,19,30 37 45 19 46 1,0
direct-rank-c0.2,evaluation,2026,209,8,30 41 37 16 1 45,1
direct-rank-c0.2,evaluation,2026,210,49,30 41 37 1 45 24,1
direct-rank-c0.2,evaluation,2026,211,1,41 30 1 45 24 16,0
direct-rank-c0.2,evaluation,2026,212,6,30 45 37 44 41 46,1
direct-rank-c0.2,evaluation,2026,213,35,37 41 30 44 45 48,1
direct-rank-c0.2,evaluation,2026,214,4,37 41 30 44 24 45,1
direct-rank-c0.2,evaluation,2026,215,14,37 41 45 44 24 48,1
direct-rank-c0.2,evaluation,2026,216,37,37 41 45 44 24 48,0
direct-rank-c0.2,evaluation,2026,217,26,41 24 26 16 7 3,0
direct-rank-c0.2,evaluation,2026,218,17,41 33 24 2 3 10,1
direct-rank-c0.2,evaluation,2026,219,43,41 33 24 16 10 3,1
direct-rank-c0.2,evaluation,2026,220,48,33 24 16 21 41 3,1
direct-rank-c0.2,evaluation,2026,221,1,16 24 33 41 49 3,1
direct-rank-c0.2,evaluation,2026,222,26,16 33 41 49 3 21,1
direct-rank-c0.2,evaluation,2026,223,23,16 33 41 6 3 21,1
direct-rank-c0.2,evaluation,2026,224,9,16 33 41 15 6 3,1
direct-rank-c0.2,evaluation,2026,225,1,16 41 33 6 15 3,1
direct-rank-c0.2,evaluation,2026,226,17,16 41 33 6 15 3,1
direct-rank-c0.2,evaluation,2026,227,16,16 41 6 3 15 37,0
direct-rank-c0.2,evaluation,2026,228,23,26 16 41 37 3 6,1
direct-rank-c0.2,evaluation,2026,229,38,16 41 3 15 26 1,1
direct-rank-c0.2,evaluation,2026,230,16,41 26 3 1 9 37,1
direct-rank-c0.2,evaluation,2026,231,20,41 3 16 37 1 9,1
direct-rank-c0.2,evaluation,2026,232,42,41 16 3 1 48 37,1
direct-rank-c0.2,evaluation,2026,233,7,41 16 3 26 1 48,1
direct-rank-c0.2,evaluation,2026,234,39,16 1 3 26 37 48,1
direct-rank-c0.2,evaluation,2026,235,32,16 1 26 3 9 48,1
direct-rank-c0.2,evaluation,2026,236,11,1 16 3 9 48 41,1
direct-rank-c0.2,evaluation,2026,237,12,1 16 3 32 41 39,1
direct-rank-c0.2,evaluation,2026,238,17,1 16 3 32 24 23,1
direct-rank-c0.2,evaluation,2026,239,5,1 16 3 32 24 39,1
direct-rank-c0.2,evaluation,2026,240,27,1 16 3 32 15 39,1
direct-rank-c0.2,evaluation,2026,241,49,1 16 3 32 15 39,1
direct-rank-c0.2,evaluation,2026,242,9,1 16 3 39 32 15,1
direct-rank-c0.2,evaluation,2026,243,21,1 16 3 39 15 8,1
direct-rank-c0.2,evaluation,2026,244,46,1 16 39 3 15 5,1
direct-rank-c0.2,evaluation,2026,245,18,1 16 39 15 5 8,1
direct-rank-c0.2,evaluation,2026,246,30,1 16 39 15 26 19,1
direct-rank-c0.2,evaluation,2026,247,40,16 39 26 1 15 8,1
direct-rank-c0.2,evaluation,2026,248,20,16 1 39 26 15 8,1
direct-rank-c0.2,evaluation,2026,249,23,16 1 15 8 41 25,1
direct-rank-c0.2,evaluation,2026,250,14,16 1 15 8 25 39,1
direct-rank-c0.2,evaluation,2026,251,30,16 1 15 8 25 23,1
direct-rank-c0.2,evaluation,2026,252,22,16 1 15 23 7 41,1
direct-rank-c0.2,evaluation,2026,253,16,16 1 15 32 23 7,0
direct-rank-c0.2,evaluation,2026,254,2,1 16 21 7 32 19,1
direct-rank-c0.2,evaluation,2026,255,44,1 40 21 7 19 32,1
direct-rank-c0.2,evaluation,2026,256,1,1 23 40 21 19 32,0
direct-rank-c0.2,evaluation,2026,257,7,1 23 30 19 2 38,1
direct-rank-c0.2,evaluation,2026,258,46,1 23 30 19 16 38,1
direct-rank-c0.2,evaluation,2026,259,22,1 30 38 2 14 16,1
direct-rank-c0.2,evaluation,2026,260,20,1 38 2 14 16 18,1
direct-rank-c0.2,evaluation,2026,261,24,1 38 24 16 12 31,0
direct-rank-c0.2,evaluation,2026,262,30,1 20 24 16 18 2,1
direct-rank-c0.2,evaluation,2026,263,9,1 20 24 16 18 2,1
direct-rank-c0.2,evaluation,2026,264,21,1 20 18 16 30 12,1
direct-rank-c0.2,evaluation,2026,265,49,1 20 16 18 30 12,1
direct-rank-c0.2,evaluation,2026,266,8,1 20 16 18 30 21,1
listwise-mlp-8,validation,2025,246,6,34 46 9 29 43 16,1
listwise-mlp-8,validation,2025,247,25,16 23 1 26 9 46,1
listwise-mlp-8,validation,2025,248,12,1 10 16 9 46 23,1
listwise-mlp-8,validation,2025,249,2,34 16 23 24 9 1,1
listwise-mlp-8,validation,2025,250,12,1 9 19 16 43 23,1
listwise-mlp-8,validation,2025,251,35,34 47 16 1 23 33,1
listwise-mlp-8,validation,2025,252,23,16 18 34 5 15 23,0
listwise-mlp-8,validation,2025,253,33,43 1 16 10 35 49,1
listwise-mlp-8,validation,2025,254,17,19 6 16 23 9 2,1
listwise-mlp-8,validation,2025,255,42,19 44 29 23 27 2,1
listwise-mlp-8,validation,2025,256,48,25 23 15 2 16 1,1
listwise-mlp-8,validation,2025,257,28,9 42 23 45 5 2,1
listwise-mlp-8,validation,2025,258,38,23 1 16 2 4 33,1
listwise-mlp-8,validation,2025,259,47,1 35 47 23 25 17,0
listwise-mlp-8,validation,2025,260,3,42 9 45 23 35 8,1
listwise-mlp-8,validation,2025,261,33,23 42 47 44 9 35,1
listwise-mlp-8,validation,2025,262,44,9 30 23 34 42 16,1
listwise-mlp-8,validation,2025,263,38,33 38 16 9 42 28,0
listwise-mlp-8,validation,2025,264,43,25 9 42 47 43 48,0
listwise-mlp-8,validation,2025,265,10,47 33 38 9 42 23,1
listwise-mlp-8,validation,2025,266,41,38 34 9 44 1 48,1
listwise-mlp-8,validation,2025,267,29,1 38 47 43 33 26,1
listwise-mlp-8,validation,2025,268,10,38 9 47 33 25 48,1
listwise-mlp-8,validation,2025,269,31,1 38 33 47 5 39,1
listwise-mlp-8,validation,2025,270,35,33 38 44 1 9 34,1
listwise-mlp-8,validation,2025,271,6,38 33 10 5 1 44,1
listwise-mlp-8,validation,2025,272,36,44 38 27 9 48 1,1
listwise-mlp-8,validation,2025,273,4,10 1 38 29 21 23,1
listwise-mlp-8,validation,2025,274,44,34 10 43 2 19 1,1
listwise-mlp-8,validation,2025,275,45,10 19 1 40 39 41,1
listwise-mlp-8,validation,2025,276,9,5 21 34 10 1 44,1
listwise-mlp-8,validation,2025,277,16,21 34 25 10 44 5,1
listwise-mlp-8,validation,2025,278,28,33 21 10 34 44 31,1
listwise-mlp-8,validation,2025,279,27,34 33 4 21 44 39,1
listwise-mlp-8,validation,2025,280,42,39 34 44 30 21 1,1
listwise-mlp-8,validation,2025,281,47,44 28 21 34 36 39,1
listwise-mlp-8,validation,2025,282,41,21 34 28 44 36 39,1
listwise-mlp-8,validation,2025,283,45,33 25 4 30 34 28,1
listwise-mlp-8,validation,2025,284,41,21 28 44 34 39 47,1
listwise-mlp-8,validation,2025,285,24,21 28 38 45 34 25,1
listwise-mlp-8,validation,2025,286,3,28 41 25 37 21 33,1
listwise-mlp-8,validation,2025,287,34,25 28 42 41 16 33,1
listwise-mlp-8,validation,2025,288,14,42 28 41 25 10 47,1
listwise-mlp-8,validation,2025,289,42,47 41 42 2 44 8,0
listwise-mlp-8,validation,2025,290,19,44 41 10 24 21 25,1
listwise-mlp-8,validation,2025,291,44,25 2 41 40 34 21,1
listwise-mlp-8,validation,2025,292,2,25 24 41 10 21 2,0
listwise-mlp-8,validation,2025,293,47,10 40 25 41 24 44,1
listwise-mlp-8,validation,2025,294,18,2 10 41 25 44 18,0
listwise-mlp-8,validation,2025,295,5,10 2 25 44 14 42,1
listwise-mlp-8,validation,2025,296,22,42 18 2 10 4 44,1
listwise-mlp-8,validation,2025,297,44,2 10 5 17 44 42,0
listwise-mlp-8,validation,2025,298,23,2 10 18 41 42 24,1
listwise-mlp-8,validation,2025,299,49,10 2 44 35 18 49,0
listwise-mlp-8,validation,2025,300,40,2 10 35 18 44 31,1
listwise-mlp-8,validation,2025,301,5,44 39 2 10 18 24,1
listwise-mlp-8,validation,2025,302,22,10 41 2 38 18 47,1
listwise-mlp-8,validation,2025,303,15,42 18 49 29 45 39,1
listwise-mlp-8,validation,2025,304,48,18 31 39 44 2 22,1
listwise-mlp-8,validation,2025,305,42,39 47 44 49 5 42,0
listwise-mlp-8,validation,2025,306,17,29 24 33 39 45 44,1
listwise-mlp-8,validation,2025,307,20,10 42 38 39 44 4,1
listwise-mlp-8,validation,2025,308,39,29 42 24 4 39 49,0
listwise-mlp-8,validation,2025,309,6,42 45 40 17 29 24,1
listwise-mlp-8,validation,2025,310,16,4 42 32 17 29 7,1
listwise-mlp-8,validation,2025,311,37,4 10 17 42 24 47,1
listwise-mlp-8,validation,2025,312,14,4 42 39 6 2 7,1
listwise-mlp-8,validation,2025,313,38,47 42 4 24 17 35,1
listwise-mlp-8,validation,2025,314,23,39 10 4 42 29 49,1
listwise-mlp-8,validation,2025,315,4,29 4 38 42 17 44,0
listwise-mlp-8,validation,2025,316,24,4 17 39 10 20 14,1
listwise-mlp-8,validation,2025,317,18,4 29 20 17 39 14,1
listwise-mlp-8,validation,2025,318,6,4 6 10 39 32 14,0
listwise-mlp-8,validation,2025,319,45,4 20 38 7 29 22,1
listwise-mlp-8,validation,2025,320,28,29 4 17 22 31 38,1
listwise-mlp-8,validation,2025,321,23,20 4 29 7 38 6,1
listwise-mlp-8,validation,2025,322,47,29 10 38 4 24 14,1
listwise-mlp-8,validation,2025,323,9,29 6 17 38 20 33,1
listwise-mlp-8,validation,2025,324,15,29 28 4 46 19 6,1
listwise-mlp-8,validation,2025,325,4,28 31 29 6 10 4,0
listwise-mlp-8,validation,2025,326,19,17 29 33 6 28 49,1
listwise-mlp-8,validation,2025,327,37,33 31 46 6 4 28,1
listwise-mlp-8,validation,2025,328,3,31 22 28 29 6 47,1
listwise-mlp-8,validation,2025,329,17,28 22 34 31 29 13,1
listwise-mlp-8,validation,2025,330,36,28 46 13 19 47 44,1
listwise-mlp-8,validation,2025,331,26,6 37 17 47 46 4,1
listwise-mlp-8,validation,2025,332,26,22 47 17 2 46 4,1
listwise-mlp-8,validation,2025,333,6,19 44 4 17 8 46,1
listwise-mlp-8,validation,2025,334,46,31 37 4 17 22 44,1
listwise-mlp-8,validation,2025,335,44,33 4 17 29 6 44,0
listwise-mlp-8,validation,2025,336,17,46 31 13 3 6 22,1
listwise-mlp-8,validation,2025,337,9,6 13 44 20 46 37,1
listwise-mlp-8,validation,2025,338,8,44 13 17 6 46 32,1
listwise-mlp-8,validation,2025,339,48,6 17 44 13 26 46,1
listwise-mlp-8,validation,2025,340,16,31 6 36 44 22 17,1
listwise-mlp-8,validation,2025,341,6,22 17 44 6 15 10,0
listwise-mlp-8,validation,2025,342,4,34 44 42 35 31 13,1
listwise-mlp-8,validation,2025,343,38,17 15 6 8 41 31,1
listwise-mlp-8,validation,2025,344,27,41 46 28 17 35 15,1
listwise-mlp-8,validation,2025,345,24,42 17 10 15 6 13,1
listwise-mlp-8,validation,2025,346,3,41 17 6 42 11 15,1
listwise-mlp-8,validation,2025,347,13,11 34 41 46 22 24,1
listwise-mlp-8,validation,2025,348,16,28 24 8 41 22 15,1
listwise-mlp-8,validation,2025,349,22,34 22 31 28 41 24,0
listwise-mlp-8,validation,2025,350,49,11 46 28 41 34 40,1
listwise-mlp-8,validation,2025,351,4,22 42 35 11 41 34,1
listwise-mlp-8,validation,2025,352,44,11 3 15 16 41 22,1
listwise-mlp-8,validation,2025,353,1,26 11 22 10 41 3,1
listwise-mlp-8,validation,2025,354,30,16 26 11 22 3 46,1
listwise-mlp-8,validation,2025,355,8,15 11 22 16 3 26,1
listwise-mlp-8,validation,2025,356,24,15 22 16 28 26 44,1
listwise-mlp-8,validation,2025,357,49,11 13 22 16 15 8,1
listwise-mlp-8,validation,2025,358,7,15 16 22 41 24 35,1
listwise-mlp-8,validation,2025,359,11,26 35 22 42 15 11,0
listwise-mlp-8,validation,2025,360,41,42 6 15 26 35 16,1
listwise-mlp-8,validation,2025,361,24,15 6 44 26 42 11,1
listwise-mlp-8,validation,2025,362,23,11 30 15 26 6 41,1
listwise-mlp-8,validation,2025,363,26,6 11 30 8 15 24,1
listwise-mlp-8,validation,2025,364,12,15 23 11 24 41 6,1
listwise-mlp-8,validation,2025,365,26,11 15 24 6 43 28,1
listwise-mlp-8,evaluation,2026,1,29,11 24 6 15 16 41,1
listwise-mlp-8,evaluation,2026,2,22,11 26 42 43 23 24,1
listwise-mlp-8,evaluation,2026,3,9,11 15 26 23 6 7,1
listwise-mlp-8,evaluation,2026,4,45,15 26 42 11 23 30,1
listwise-mlp-8,evaluation,2026,5,43,26 15 22 23 7 9,1
listwise-mlp-8,evaluation,2026,6,13,26 23 15 9 11 20,1
listwise-mlp-8,evaluation,2026,7,41,15 26 9 23 6 11,1
listwise-mlp-8,evaluation,2026,8,21,15 26 9 45 44 28,1
listwise-mlp-8,evaluation,2026,9,28,26 45 15 9 43 36,1
listwise-mlp-8,evaluation,2026,10,27,26 22 15 6 9 7,1
listwise-mlp-8,evaluation,2026,11,11,15 9 22 11 30 43,0
listwise-mlp-8,evaluation,2026,12,11,15 7 22 9 48 5,1
listwise-mlp-8,evaluation,2026,13,1,45 41 15 9 26 6,1
listwise-mlp-8,evaluation,2026,14,26,6 27 11 19 45 15,1
listwise-mlp-8,evaluation,2026,15,31,43 13 11 6 15 41,1
listwise-mlp-8,evaluation,2026,16,6,15 11 6 41 26 30,0
listwise-mlp-8,evaluation,2026,17,32,26 48 11 38 41 27,1
listwise-mlp-8,evaluation,2026,18,39,6 11 26 33 27 44,1
listwise-mlp-8,evaluation,2026,19,46,6 11 15 26 27 43,1
listwise-mlp-8,evaluation,2026,20,12,11 6 26 27 7 38,1
listwise-mlp-8,evaluation,2026,21,42,11 26 6 15 37 9,1
listwise-mlp-8,evaluation,2026,22,18,26 6 33 12 45 7,1
listwise-mlp-8,evaluation,2026,23,47,6 26 12 37 30 42,1
listwise-mlp-8,evaluation,2026,24,28,6 31 12 18 38 26,1
listwise-mlp-8,evaluation,2026,25,37,15 44 12 45 25 6,1
listwise-mlp-8,evaluation,2026,26,19,6 18 12 9 46 14,1
listwise-mlp-8,evaluation,2026,27,45,37 42 44 18 47 24,1
listwise-mlp-8,evaluation,2026,28,3,18 46 47 12 37 42,1
listwise-mlp-8,evaluation,2026,29,1,47 18 45 28 37 49,1
listwise-mlp-8,evaluation,2026,30,41,18 47 37 45 3 12,1
listwise-mlp-8,evaluation,2026,31,26,47 18 3 6 45 37,1
listwise-mlp-8,evaluation,2026,32,6,18 47 19 5 25 37,1
listwise-mlp-8,evaluation,2026,33,41,47 23 45 17 41 18,0
listwise-mlp-8,evaluation,2026,34,19,14 6 45 41 37 19,0
listwise-mlp-8,evaluation,2026,35,27,41 45 6 23 38 37,1
listwise-mlp-8,evaluation,2026,36,1,41 19 47 6 26 44,1
listwise-mlp-8,evaluation,2026,37,43,39 41 11 44 45 27,1
listwise-mlp-8,evaluation,2026,38,42,39 41 44 1 6 47,1
listwise-mlp-8,evaluation,2026,39,11,6 41 1 20 26 47,1
listwise-mlp-8,evaluation,2026,40,28,41 20 26 19 6 8,1
listwise-mlp-8,evaluation,2026,41,36,27 6 11 41 26 19,1
listwise-mlp-8,evaluation,2026,42,16,27 44 8 41 6 11,1
listwise-mlp-8,evaluation,2026,43,13,19 27 1 38 44 18,1
listwise-mlp-8,evaluation,2026,44,19,27 42 44 1 19 47,0
listwise-mlp-8,evaluation,2026,45,1,27 47 39 38 17 44,1
listwise-mlp-8,evaluation,2026,46,3,42 38 27 20 44 11,1
listwise-mlp-8,evaluation,2026,47,39,39 20 13 9 36 42,0
listwise-mlp-8,evaluation,2026,48,24,42 47 1 46 40 38,1
listwise-mlp-8,evaluation,2026,49,13,38 46 39 16 1 8,1
listwise-mlp-8,evaluation,2026,50,23,39 1 47 38 49 27,1
listwise-mlp-8,evaluation,2026,51,1,13 39 1 38 44 47,0
listwise-mlp-8,evaluation,2026,52,38,38 39 13 44 42 40,0
listwise-mlp-8,evaluation,2026,53,15,13 1 39 14 40 46,1
listwise-mlp-8,evaluation,2026,54,48,1 39 38 13 17 3,1
listwise-mlp-8,evaluation,2026,55,14,1 13 39 38 49 32,1
listwise-mlp-8,evaluation,2026,56,48,39 1 13 38 3 20,1
listwise-mlp-8,evaluation,2026,57,23,1 38 39 13 9 14,1
listwise-mlp-8,evaluation,2026,58,31,1 38 40 13 14 29,1
listwise-mlp-8,evaluation,2026,59,10,38 13 40 1 20 14,1
listwise-mlp-8,evaluation,2026,60,9,1 38 14 29 48 23,1
listwise-mlp-8,evaluation,2026,61,29,1 40 38 14 48 39,1
listwise-mlp-8,evaluation,2026,62,24,17 48 38 40 14 46,1
listwise-mlp-8,evaluation,2026,63,28,29 48 49 46 9 40,1
listwise-mlp-8,evaluation,2026,64,18,48 29 26 31 9 40,1
listwise-mlp-8,evaluation,2026,65,5,40 29 44 9 2 34,1
listwise-mlp-8,evaluation,2026,66,37,29 2 40 17 24 9,1
listwise-mlp-8,evaluation,2026,67,5,2 29 24 28 40 44,1
listwise-mlp-8,evaluation,2026,68,23,1 29 9 40 2 26,1
listwise-mlp-8,evaluation,2026,69,24,2 1 29 26 38 49,1
listwise-mlp-8,evaluation,2026,70,25,2 1 29 23 8 40,1
listwise-mlp-8,evaluation,2026,71,48,23 17 2 24 1 29,1
listwise-mlp-8,evaluation,2026,72,46,24 2 44 5 1 23,1
listwise-mlp-8,evaluation,2026,73,34,1 28 44 2 23 24,1
listwise-mlp-8,evaluation,2026,74,10,1 23 2 24 36 26,1
listwise-mlp-8,evaluation,2026,75,33,24 1 25 23 12 49,1
listwise-mlp-8,evaluation,2026,76,2,1 26 23 24 41 2,0
listwise-mlp-8,evaluation,2026,77,29,24 1 12 41 23 25,1
listwise-mlp-8,evaluation,2026,78,46,25 1 24 23 30 32,1
listwise-mlp-8,evaluation,2026,79,35,24 1 2 10 25 41,1
listwise-mlp-8,evaluation,2026,80,3,1 25 41 34 49 24,1
listwise-mlp-8,evaluation,2026,81,17,1 41 21 17 2 48,0
listwise-mlp-8,evaluation,2026,82,27,41 1 2 29 12 26,1
listwise-mlp-8,evaluation,2026,83,5,41 1 33 21 2 29,1
listwise-mlp-8,evaluation,2026,84,16,1 41 2 26 24 46,1
listwise-mlp-8,evaluation,2026,85,19,2 24 41 1 26 5,1
listwise-mlp-8,evaluation,2026,86,12,2 1 41 27 29 26,1
listwise-mlp-8,evaluation,2026,87,26,24 36 1 26 41 29,0
listwise-mlp-8,evaluation,2026,88,27,1 2 17 21 24 41,1
listwise-mlp-8,evaluation,2026,89,49,1 12 24 41 26 5,1
listwise-mlp-8,evaluation,2026,90,36,26 5 1 21 41 27,1
listwise-mlp-8,evaluation,2026,91,37,17 26 1 41 24 27,1
listwise-mlp-8,evaluation,2026,92,6,5 24 26 1 36 27,1
listwise-mlp-8,evaluation,2026,93,40,26 1 36 5 24 2,1
listwise-mlp-8,evaluation,2026,94,17,26 1 24 36 12 41,1
listwise-mlp-8,evaluation,2026,95,35,26 1 36 24 25 12,1
listwise-mlp-8,evaluation,2026,96,43,26 1 21 36 48 12,1
listwise-mlp-8,evaluation,2026,97,11,26 25 1 37 5 17,1
listwise-mlp-8,evaluation,2026,98,17,26 17 8 1 25 36,0
listwise-mlp-8,evaluation,2026,99,12,8 24 17 25 26 37,1
listwise-mlp-8,evaluation,2026,100,33,17 28 32 25 37 1,1
listwise-mlp-8,evaluation,2026,101,39,32 24 48 17 4 25,1
listwise-mlp-8,evaluation,2026,102,20,12 17 1 8 43 26,1
listwise-mlp-8,evaluation,2026,103,6,32 3 17 43 26 48,1
listwise-mlp-8,evaluation,2026,104,1,3 17 4 39 1 32,0
listwise-mlp-8,evaluation,2026,105,28,3 39 48 17 20 32,1
listwise-mlp-8,evaluation,2026,106,22,17 32 3 39 1 43,1
listwise-mlp-8,evaluation,2026,107,49,48 3 17 46 11 28,1
listwise-mlp-8,evaluation,2026,108,45,3 17 1 48 28 39,1
listwise-mlp-8,evaluation,2026,109,16,48 3 6 1 28 39,1
listwise-mlp-8,evaluation,2026,110,30,48 3 1 39 24 28,1
listwise-mlp-8,evaluation,2026,111,1,3 1 39 48 19 28,0
listwise-mlp-8,evaluation,2026,112,9,1 48 3 24 28 6,1
listwise-mlp-8,evaluation,2026,113,2,1 19 48 30 28 3,1
listwise-mlp-8,evaluation,2026,114,30,1 48 32 49 28 19,1
listwise-mlp-8,evaluation,2026,115,4,1 45 48 19 28 16,1
listwise-mlp-8,evaluation,2026,116,22,48 16 1 30 19 43,1
listwise-mlp-8,evaluation,2026,117,16,48 16 10 1 15 30,0
listwise-mlp-8,evaluation,2026,118,8,19 45 48 30 1 16,1
listwise-mlp-8,evaluation,2026,119,11,16 22 1 19 48 46,1
listwise-mlp-8,evaluation,2026,120,6,30 22 1 48 32 19,1
listwise-mlp-8,evaluation,2026,121,44,48 1 16 7 22 24,1
listwise-mlp-8,evaluation,2026,122,1,48 16 45 22 19 6,1
listwise-mlp-8,evaluation,2026,123,46,22 45 48 15 16 18,1
listwise-mlp-8,evaluation,2026,124,39,48 16 22 1 45 23,1
listwise-mlp-8,evaluation,2026,125,31,22 46 48 16 45 1,1
listwise-mlp-8,evaluation,2026,126,49,22 16 48 19 46 39,1
listwise-mlp-8,evaluation,2026,127,45,1 3 45 46 48 10,0
listwise-mlp-8,evaluation,2026,128,37,3 7 48 45 22 49,1
listwise-mlp-8,evaluation,2026,129,41,45 7 46 48 39 1,1
listwise-mlp-8,evaluation,2026,130,29,7 45 48 39 1 6,1
listwise-mlp-8,evaluation,2026,131,7,45 7 39 1 25 46,0
listwise-mlp-8,evaluation,2026,132,30,1 45 7 25 39 46,1
listwise-mlp-8,evaluation,2026,133,7,7 39 45 48 49 46,0
listwise-mlp-8,evaluation,2026,134,37,7 45 1 23 49 19,1
listwise-mlp-8,evaluation,2026,135,30,7 45 40 49 30 25,0
listwise-mlp-8,evaluation,2026,136,48,7 45 25 37 35 9,1
listwise-mlp-8,evaluation,2026,137,26,7 45 30 1 25 37,1
listwise-mlp-8,evaluation,2026,138,49,7 30 24 37 25 19,1
listwise-mlp-8,evaluation,2026,139,24,7 24 30 22 25 38,0
listwise-mlp-8,evaluation,2026,140,16,7 30 1 48 45 23,1
listwise-mlp-8,evaluation,2026,141,33,7 24 30 46 1 49,1
listwise-mlp-8,evaluation,2026,142,23,7 30 24 16 48 49,1
listwise-mlp-8,evaluation,2026,143,44,7 24 45 49 16 15,1
listwise-mlp-8,evaluation,2026,144,43,24 18 16 48 49 26,1
listwise-mlp-8,evaluation,2026,145,5,26 24 33 48 16 23,1
listwise-mlp-8,evaluation,2026,146,42,18 24 48 23 16 32,1
listwise-mlp-8,evaluation,2026,147,13,5 16 24 23 20 49,1
listwise-mlp-8,evaluation,2026,148,48,18 23 24 49 5 22,1
listwise-mlp-8,evaluation,2026,149,27,23 24 18 5 31 16,1
listwise-mlp-8,evaluation,2026,150,9,23 5 44 18 20 48,1
listwise-mlp-8,evaluation,2026,151,31,44 5 23 22 18 11,1
listwise-mlp-8,evaluation,2026,152,45,27 5 44 23 42 20,1
listwise-mlp-8,evaluation,2026,153,41,44 5 31 9 27 48,1
listwise-mlp-8,evaluation,2026,154,41,5 31 1 9 27 48,1
listwise-mlp-8,evaluation,2026,155,7,31 5 42 27 28 9,1
listwise-mlp-8,evaluation,2026,156,1,31 27 9 13 40 41,1
listwise-mlp-8,evaluation,2026,157,40,31 27 11 41 9 45,1
listwise-mlp-8,evaluation,2026,158,16,31 11 41 27 9 1,1
listwise-mlp-8,evaluation,2026,159,39,1 31 41 9 27 40,1
listwise-mlp-8,evaluation,2026,160,2,31 41 1 28 9 12,1
listwise-mlp-8,evaluation,2026,161,8,1 16 31 41 40 45,1
listwise-mlp-8,evaluation,2026,162,32,1 40 16 46 41 34,1
listwise-mlp-8,evaluation,2026,163,37,41 1 16 40 31 23,1
listwise-mlp-8,evaluation,2026,164,21,16 41 1 31 7 40,1
listwise-mlp-8,evaluation,2026,165,3,16 37 1 12 46 2,1
listwise-mlp-8,evaluation,2026,166,6,1 16 2 37 11 31,1
listwise-mlp-8,evaluation,2026,167,19,16 1 4 28 37 2,1
listwise-mlp-8,evaluation,2026,168,15,16 3 39 11 37 2,1
listwise-mlp-8,evaluation,2026,169,24,11 33 2 37 40 6,1
listwise-mlp-8,evaluation,2026,170,3,37 2 40 8 6 11,1
listwise-mlp-8,evaluation,2026,171,28,6 37 11 27 3 33,1
listwise-mlp-8,evaluation,2026,172,44,40 3 37 31 11 24,1
listwise-mlp-8,evaluation,2026,173,26,37 28 3 11 6 40,1
listwise-mlp-8,evaluation,2026,174,41,6 40 3 28 11 16,1
listwise-mlp-8,evaluation,2026,175,26,28 3 11 6 40 44,1
listwise-mlp-8,evaluation,2026,176,10,28 19 6 40 11 30,1
listwise-mlp-8,evaluation,2026,177,14,28 40 31 30 3 41,1
listwise-mlp-8,evaluation,2026,178,18,28 44 40 41 26 1,1
listwise-mlp-8,evaluation,2026,179,15,28 44 26 31 41 40,1
listwise-mlp-8,evaluation,2026,180,21,26 28 31 41 6 11,1
listwise-mlp-8,evaluation,2026,181,19,28 26 41 37 30 31,1
listwise-mlp-8,evaluation,2026,182,41,26 6 15 41 28 44,0
listwise-mlp-8,evaluation,2026,183,24,26 15 19 41 31 28,1
listwise-mlp-8,evaluation,2026,184,1,41 37 19 26 31 9,1
listwise-mlp-8,evaluation,2026,185,36,19 11 26 41 24 31,1
listwise-mlp-8,evaluation,2026,186,23,41 9 30 1 15 31,1
listwise-mlp-8,evaluation,2026,187,1,1 19 15 41 24 9,0
listwise-mlp-8,evaluation,2026,188,16,23 1 36 41 15 9,1
listwise-mlp-8,evaluation,2026,189,15,1 19 41 15 9 24,0
listwise-mlp-8,evaluation,2026,190,16,1 41 37 24 23 38,1
listwise-mlp-8,evaluation,2026,191,29,1 19 37 41 23 24,1
listwise-mlp-8,evaluation,2026,192,25,1 24 16 41 23 9,1
listwise-mlp-8,evaluation,2026,193,9,1 37 16 30 9 15,0
listwise-mlp-8,evaluation,2026,194,26,1 16 29 37 15 38,1
listwise-mlp-8,evaluation,2026,195,25,1 16 9 30 15 37,1
listwise-mlp-8,evaluation,2026,196,39,16 1 9 37 23 19,1
listwise-mlp-8,evaluation,2026,197,8,37 16 19 1 9 29,1
listwise-mlp-8,evaluation,2026,198,7,16 30 37 19 9 29,1
listwise-mlp-8,evaluation,2026,199,36,37 16 9 29 30 15,1
listwise-mlp-8,evaluation,2026,200,39,16 9 29 37 45 39,0
listwise-mlp-8,evaluation,2026,201,32,29 9 39 26 37 30,1
listwise-mlp-8,evaluation,2026,202,40,9 39 25 19 30 37,1
listwise-mlp-8,evaluation,2026,203,25,39 9 25 45 26 30,0
listwise-mlp-8,evaluation,2026,204,5,39 30 37 26 19 36,1
listwise-mlp-8,evaluation,2026,205,3,39 25 30 19 36 45,1
listwise-mlp-8,evaluation,2026,206,47,39 12 30 36 19 5,1
listwise-mlp-8,evaluation,2026,207,31,37 5 39 3 45 19,1
listwise-mlp-8,evaluation,2026,208,19,9 39 45 5 37 25,1
listwise-mlp-8,evaluation,2026,209,8,39 5 37 25 36 3,1
listwise-mlp-8,evaluation,2026,210,49,39 19 5 37 25 3,1
listwise-mlp-8,evaluation,2026,211,1,37 19 3 25 40 12,1
listwise-mlp-8,evaluation,2026,212,6,37 12 3 39 19 25,1
listwise-mlp-8,evaluation,2026,213,35,37 19 39 3 12 5,1
listwise-mlp-8,evaluation,2026,214,4,5 12 37 19 39 49,1
listwise-mlp-8,evaluation,2026,215,14,19 37 39 35 49 3,1
listwise-mlp-8,evaluation,2026,216,37,19 1 37 49 38 39,0
listwise-mlp-8,evaluation,2026,217,26,19 37 39 49 8 35,1
listwise-mlp-8,evaluation,2026,218,17,37 19 39 49 12 35,1
listwise-mlp-8,evaluation,2026,219,43,37 39 49 26 13 8,1
listwise-mlp-8,evaluation,2026,220,48,37 49 39 26 35 1,1
listwise-mlp-8,evaluation,2026,221,1,39 37 26 43 12 1,0
listwise-mlp-8,evaluation,2026,222,26,48 37 35 43 26 30,0
listwise-mlp-8,evaluation,2026,223,23,14 37 35 38 26 48,1
listwise-mlp-8,evaluation,2026,224,9,26 43 38 48 37 1,1
listwise-mlp-8,evaluation,2026,225,1,26 48 37 14 18 38,1
listwise-mlp-8,evaluation,2026,226,17,26 48 38 37 7 27,1
listwise-mlp-8,evaluation,2026,227,16,1 26 48 38 43 12,1
listwise-mlp-8,evaluation,2026,228,23,7 1 17 48 29 23,0
listwise-mlp-8,evaluation,2026,229,38,1 29 38 26 18 48,0
listwise-mlp-8,evaluation,2026,230,16,7 1 48 13 23 16,0
listwise-mlp-8,evaluation,2026,231,20,26 1 38 23 7 9,1
listwise-mlp-8,evaluation,2026,232,42,23 13 38 16 26 1,1
listwise-mlp-8,evaluation,2026,233,7,38 16 23 1 7 29,0
listwise-mlp-8,evaluation,2026,234,39,16 38 7 1 23 9,1
listwise-mlp-8,evaluation,2026,235,32,7 16 38 1 23 17,1
listwise-mlp-8,evaluation,2026,236,11,16 7 23 38 17 13,1
listwise-mlp-8,evaluation,2026,237,12,16 7 23 26 38 39,1
listwise-mlp-8,evaluation,2026,238,17,7 16 14 39 38 23,1
listwise-mlp-8,evaluation,2026,239,5,7 16 39 38 32 17,1
listwise-mlp-8,evaluation,2026,240,27,7 17 16 39 32 14,1
listwise-mlp-8,evaluation,2026,241,49,7 17 39 32 26 41,1
listwise-mlp-8,evaluation,2026,242,9,7 17 27 41 32 42,1
listwise-mlp-8,evaluation,2026,243,21,7 17 32 49 27 29,1
listwise-mlp-8,evaluation,2026,244,46,17 7 27 26 9 49,1
listwise-mlp-8,evaluation,2026,245,18,17 9 26 14 7 21,1
listwise-mlp-8,evaluation,2026,246,30,17 14 7 26 49 18,1
listwise-mlp-8,evaluation,2026,247,40,17 18 7 49 21 9,1
listwise-mlp-8,evaluation,2026,248,20,17 9 18 21 49 46,1
listwise-mlp-8,evaluation,2026,249,23,27 18 14 49 9 26,1
listwise-mlp-8,evaluation,2026,250,14,26 18 9 29 21 14,0
listwise-mlp-8,evaluation,2026,251,30,18 14 9 17 21 49,1
listwise-mlp-8,evaluation,2026,252,22,9 14 18 26 23 21,1
listwise-mlp-8,evaluation,2026,253,16,14 18 23 26 41 21,1
listwise-mlp-8,evaluation,2026,254,2,14 18 26 13 23 16,1
listwise-mlp-8,evaluation,2026,255,44,26 14 16 6 23 22,1
listwise-mlp-8,evaluation,2026,256,1,14 6 22 26 16 23,1
listwise-mlp-8,evaluation,2026,257,7,14 16 26 23 6 20,1
listwise-mlp-8,evaluation,2026,258,46,14 16 26 6 22 20,1
listwise-mlp-8,evaluation,2026,259,22,14 16 6 22 26 23,0
listwise-mlp-8,evaluation,2026,260,20,14 16 6 22 17 26,1
listwise-mlp-8,evaluation,2026,261,24,22 6 16 26 17 1,1
listwise-mlp-8,evaluation,2026,262,30,22 6 16 46 20 1,1
listwise-mlp-8,evaluation,2026,263,9,22 16 7 6 47 26,1
listwise-mlp-8,evaluation,2026,264,21,6 44 22 26 3 1,1
listwise-mlp-8,evaluation,2026,265,49,22 6 9 24 1 26,1
listwise-mlp-8,evaluation,2026,266,8,9 22 46 26 6 1,1
listwise-mlp-16,validation,2025,246,6,46 34 9 29 43 16,1
listwise-mlp-16,validation,2025,247,25,16 23 1 26 9 46,1
listwise-mlp-16,validation,2025,248,12,1 10 16 9 46 23,1
listwise-mlp-16,validation,2025,249,2,34 16 24 23 9 1,1
listwise-mlp-16,validation,2025,250,12,1 9 19 16 43 23,1
listwise-mlp-16,validation,2025,251,35,34 47 16 1 23 33,1
listwise-mlp-16,validation,2025,252,23,16 18 34 5 15 23,0
listwise-mlp-16,validation,2025,253,33,43 1 16 10 35 49,1
listwise-mlp-16,validation,2025,254,17,19 6 16 23 9 2,1
listwise-mlp-16,validation,2025,255,42,19 44 29 23 27 2,1
listwise-mlp-16,validation,2025,256,48,25 23 15 2 16 1,1
listwise-mlp-16,validation,2025,257,28,42 9 23 45 5 2,1
listwise-mlp-16,validation,2025,258,38,23 1 16 2 4 33,1
listwise-mlp-16,validation,2025,259,47,1 35 47 23 25 17,0
listwise-mlp-16,validation,2025,260,3,42 9 45 23 35 8,1
listwise-mlp-16,validation,2025,261,33,23 42 47 44 9 35,1
listwise-mlp-16,validation,2025,262,44,9 30 23 42 34 16,1
listwise-mlp-16,validation,2025,263,38,33 38 16 9 42 28,0
listwise-mlp-16,validation,2025,264,43,25 9 42 47 43 48,0
listwise-mlp-16,validation,2025,265,10,47 33 38 9 42 23,1
listwise-mlp-16,validation,2025,266,41,38 34 9 44 1 48,1
listwise-mlp-16,validation,2025,267,29,1 38 47 43 33 26,1
listwise-mlp-16,validation,2025,268,10,38 9 47 33 25 48,1
listwise-mlp-16,validation,2025,269,31,1 38 33 47 5 39,1
listwise-mlp-16,validation,2025,270,35,33 38 44 1 9 34,1
listwise-mlp-16,validation,2025,271,6,38 33 10 5 1 44,1
listwise-mlp-16,validation,2025,272,36,44 38 27 9 48 1,1
listwise-mlp-16,validation,2025,273,4,10 1 38 29 21 23,1
listwise-mlp-16,validation,2025,274,44,34 10 43 2 1 19,1
listwise-mlp-16,validation,2025,275,45,10 19 1 40 39 41,1
listwise-mlp-16,validation,2025,276,9,5 21 34 10 1 44,1
listwise-mlp-16,validation,2025,277,16,21 34 25 10 44 5,1
listwise-mlp-16,validation,2025,278,28,33 21 10 34 44 31,1
listwise-mlp-16,validation,2025,279,27,34 33 4 21 44 39,1
listwise-mlp-16,validation,2025,280,42,39 34 44 30 21 1,1
listwise-mlp-16,validation,2025,281,47,44 28 21 34 36 39,1
listwise-mlp-16,validation,2025,282,41,21 34 28 44 39 36,1
listwise-mlp-16,validation,2025,283,45,33 25 4 30 34 28,1
listwise-mlp-16,validation,2025,284,41,21 28 44 34 39 47,1
listwise-mlp-16,validation,2025,285,24,21 28 38 45 34 25,1
listwise-mlp-16,validation,2025,286,3,28 41 25 37 21 45,1
listwise-mlp-16,validation,2025,287,34,25 28 42 41 16 33,1
listwise-mlp-16,validation,2025,288,14,42 28 41 25 10 47,1
listwise-mlp-16,validation,2025,289,42,47 41 42 2 44 8,0
listwise-mlp-16,validation,2025,290,19,44 10 41 24 25 21,1
listwise-mlp-16,validation,2025,291,44,25 2 41 40 34 21,1
listwise-mlp-16,validation,2025,292,2,25 24 41 10 21 2,0
listwise-mlp-16,validation,2025,293,47,10 40 25 41 24 44,1
listwise-mlp-16,validation,2025,294,18,10 2 41 25 44 18,0
listwise-mlp-16,validation,2025,295,5,10 2 25 44 14 42,1
listwise-mlp-16,validation,2025,296,22,42 18 2 10 4 44,1
listwise-mlp-16,validation,2025,297,44,2 10 5 44 17 42,0
listwise-mlp-16,validation,2025,298,23,2 10 18 41 44 42,1
listwise-mlp-16,validation,2025,299,49,10 2 44 35 18 49,0
listwise-mlp-16,validation,2025,300,40,2 10 44 35 18 31,1
listwise-mlp-16,validation,2025,301,5,44 39 2 10 18 24,1
listwise-mlp-16,validation,2025,302,22,10 41 2 38 18 47,1
listwise-mlp-16,validation,2025,303,15,42 18 49 29 45 44,1
listwise-mlp-16,validation,2025,304,48,18 31 39 44 2 22,1
listwise-mlp-16,validation,2025,305,42,39 47 44 5 49 42,0
listwise-mlp-16,validation,2025,306,17,29 24 33 39 45 44,1
listwise-mlp-16,validation,2025,307,20,10 42 38 39 44 4,1
listwise-mlp-16,validation,2025,308,39,29 42 24 4 39 49,0
listwise-mlp-16,validation,2025,309,6,42 45 40 17 29 24,1
listwise-mlp-16,validation,2025,310,16,4 42 17 32 29 7,1
listwise-mlp-16,validation,2025,311,37,4 10 17 42 24 47,1
listwise-mlp-16,validation,2025,312,14,4 42 39 6 2 24,1
listwise-mlp-16,validation,2025,313,38,42 47 4 24 17 35,1
listwise-mlp-16,validation,2025,314,23,39 10 4 42 29 49,1
listwise-mlp-16,validation,2025,315,4,29 4 38 42 17 44,0
listwise-mlp-16,validation,2025,316,24,4 17 39 10 20 14,1
listwise-mlp-16,validation,2025,317,18,4 29 20 17 39 14,1
listwise-mlp-16,validation,2025,318,6,4 6 10 39 32 14,0
listwise-mlp-16,validation,2025,319,45,4 20 38 7 29 22,1
listwise-mlp-16,validation,2025,320,28,29 4 17 22 31 38,1
listwise-mlp-16,validation,2025,321,23,20 4 29 7 38 6,1
listwise-mlp-16,validation,2025,322,47,29 10 38 4 24 14,1
listwise-mlp-16,validation,2025,323,9,29 6 17 38 20 33,1
listwise-mlp-16,validation,2025,324,15,29 28 4 46 19 6,1
listwise-mlp-16,validation,2025,325,4,28 31 29 6 10 4,0
listwise-mlp-16,validation,2025,326,19,17 29 33 6 28 49,1
listwise-mlp-16,validation,2025,327,37,33 31 46 6 4 28,1
listwise-mlp-16,validation,2025,328,3,31 22 28 29 6 47,1
listwise-mlp-16,validation,2025,329,17,28 22 34 29 31 13,1
listwise-mlp-16,validation,2025,330,36,28 46 13 19 47 44,1
listwise-mlp-16,validation,2025,331,26,6 37 17 47 46 4,1
listwise-mlp-16,validation,2025,332,26,22 47 17 2 46 4,1
listwise-mlp-16,validation,2025,333,6,19 44 4 17 46 8,1
listwise-mlp-16,validation,2025,334,46,31 37 4 17 22 44,1
listwise-mlp-16,validation,2025,335,44,33 4 17 29 6 44,0
listwise-mlp-16,validation,2025,336,17,46 31 13 3 6 37,1
listwise-mlp-16,validation,2025,337,9,6 13 44 20 46 37,1
listwise-mlp-16,validation,2025,338,8,44 13 17 6 46 32,1
listwise-mlp-16,validation,2025,339,48,6 17 44 13 26 46,1
listwise-mlp-16,validation,2025,340,16,31 6 36 44 22 17,1
listwise-mlp-16,validation,2025,341,6,22 17 44 6 15 10,0
listwise-mlp-16,validation,2025,342,4,34 44 42 35 31 46,1
listwise-mlp-16,validation,2025,343,38,17 15 6 8 41 31,1
listwise-mlp-16,validation,2025,344,27,41 46 28 17 35 44,1
listwise-mlp-16,validation,2025,345,24,42 17 10 15 6 13,1
listwise-mlp-16,validation,2025,346,3,41 17 6 42 11 15,1
listwise-mlp-16,validation,2025,347,13,11 34 41 46 22 24,1
listwise-mlp-16,validation,2025,348,16,28 24 8 41 22 15,1
listwise-mlp-16,validation,2025,349,22,34 22 31 28 41 24,0
listwise-mlp-16,validation,2025,350,49,11 46 28 41 34 40,1
listwise-mlp-16,validation,2025,351,4,22 42 35 11 41 34,1
listwise-mlp-16,validation,2025,352,44,11 3 15 16 41 22,1
listwise-mlp-16,validation,2025,353,1,26 11 22 10 41 3,1
listwise-mlp-16,validation,2025,354,30,16 26 11 22 3 46,1
listwise-mlp-16,validation,2025,355,8,15 11 22 16 3 4,1
listwise-mlp-16,validation,2025,356,24,15 22 16 28 26 44,1
listwise-mlp-16,validation,2025,357,49,11 13 22 16 15 8,1
listwise-mlp-16,validation,2025,358,7,15 16 22 41 24 35,1
listwise-mlp-16,validation,2025,359,11,26 35 22 42 15 11,0
listwise-mlp-16,validation,2025,360,41,42 6 15 26 35 16,1
listwise-mlp-16,validation,2025,361,24,15 6 44 26 42 11,1
listwise-mlp-16,validation,2025,362,23,11 30 15 26 6 41,1
listwise-mlp-16,validation,2025,363,26,6 11 30 8 15 24,1
listwise-mlp-16,validation,2025,364,12,15 24 23 11 41 6,1
listwise-mlp-16,validation,2025,365,26,11 24 15 6 43 28,1
listwise-mlp-16,evaluation,2026,1,29,11 24 6 15 16 41,1
listwise-mlp-16,evaluation,2026,2,22,11 26 42 43 24 23,1
listwise-mlp-16,evaluation,2026,3,9,11 15 26 23 6 7,1
listwise-mlp-16,evaluation,2026,4,45,15 26 42 11 23 30,1
listwise-mlp-16,evaluation,2026,5,43,26 15 22 23 7 9,1
listwise-mlp-16,evaluation,2026,6,13,26 23 15 9 11 20,1
listwise-mlp-16,evaluation,2026,7,41,15 26 9 23 6 11,1
listwise-mlp-16,evaluation,2026,8,21,15 26 9 45 44 28,1
listwise-mlp-16,evaluation,2026,9,28,26 45 15 9 43 36,1
listwise-mlp-16,evaluation,2026,10,27,26 22 15 6 9 7,1
listwise-mlp-16,evaluation,2026,11,11,15 22 9 11 30 43,0
listwise-mlp-16,evaluation,2026,12,11,15 7 22 9 48 5,1
listwise-mlp-16,evaluation,2026,13,1,45 41 15 9 26 6,1
listwise-mlp-16,evaluation,2026,14,26,6 11 27 19 45 15,1
listwise-mlp-16,evaluation,2026,15,31,43 13 11 6 15 41,1
listwise-mlp-16,evaluation,2026,16,6,15 11 6 41 26 30,0
listwise-mlp-16,evaluation,2026,17,32,26 48 11 38 41 27,1
listwise-mlp-16,evaluation,2026,18,39,6 11 26 33 27 44,1
listwise-mlp-16,evaluation,2026,19,46,6 11 15 26 27 43,1
listwise-mlp-16,evaluation,2026,20,12,11 6 26 27 7 38,1
listwise-mlp-16,evaluation,2026,21,42,11 26 6 15 37 9,1
listwise-mlp-16,evaluation,2026,22,18,26 6 33 12 45 7,1
listwise-mlp-16,evaluation,2026,23,47,6 26 12 37 42 30,1
listwise-mlp-16,evaluation,2026,24,28,6 31 12 18 38 26,1
listwise-mlp-16,evaluation,2026,25,37,15 44 12 45 25 6,1
listwise-mlp-16,evaluation,2026,26,19,6 18 12 9 46 47,1
listwise-mlp-16,evaluation,2026,27,45,37 42 44 18 47 24,1
listwise-mlp-16,evaluation,2026,28,3,18 46 47 12 37 42,1
listwise-mlp-16,evaluation,2026,29,1,47 18 45 28 37 49,1
listwise-mlp-16,evaluation,2026,30,41,18 47 37 45 3 12,1
listwise-mlp-16,evaluation,2026,31,26,47 18 3 45 6 37,1
listwise-mlp-16,evaluation,2026,32,6,18 47 19 5 25 37,1
listwise-mlp-16,evaluation,2026,33,41,47 23 45 17 41 18,0
listwise-mlp-16,evaluation,2026,34,19,14 6 45 41 37 11,1
listwise-mlp-16,evaluation,2026,35,27,41 45 6 23 38 37,1
listwise-mlp-16,evaluation,2026,36,1,41 19 47 6 26 44,1
listwise-mlp-16,evaluation,2026,37,43,39 41 11 44 45 26,1
listwise-mlp-16,evaluation,2026,38,42,39 41 44 1 6 47,1
listwise-mlp-16,evaluation,2026,39,11,6 41 1 20 26 47,1
listwise-mlp-16,evaluation,2026,40,28,41 20 26 6 19 1,1
listwise-mlp-16,evaluation,2026,41,36,27 6 11 26 41 19,1
listwise-mlp-16,evaluation,2026,42,16,27 44 8 41 6 11,1
listwise-mlp-16,evaluation,2026,43,13,19 27 1 38 44 18,1
listwise-mlp-16,evaluation,2026,44,19,27 42 44 1 19 11,0
listwise-mlp-16,evaluation,2026,45,1,27 47 39 38 17 44,1
listwise-mlp-16,evaluation,2026,46,3,42 38 27 20 11 44,1
listwise-mlp-16,evaluation,2026,47,39,39 20 13 9 42 36,0
listwise-mlp-16,evaluation,2026,48,24,42 47 1 46 40 38,1
listwise-mlp-16,evaluation,2026,49,13,38 46 39 16 1 8,1
listwise-mlp-16,evaluation,2026,50,23,39 1 47 38 49 27,1
listwise-mlp-16,evaluation,2026,51,1,13 39 1 38 44 47,0
listwise-mlp-16,evaluation,2026,52,38,38 39 13 44 42 40,0
listwise-mlp-16,evaluation,2026,53,15,13 1 39 14 40 46,1
listwise-mlp-16,evaluation,2026,54,48,1 39 38 13 17 3,1
listwise-mlp-16,evaluation,2026,55,14,1 13 39 38 49 32,1
listwise-mlp-16,evaluation,2026,56,48,39 1 13 38 3 20,1
listwise-mlp-16,evaluation,2026,57,23,1 38 39 13 9 14,1
listwise-mlp-16,evaluation,2026,58,31,1 38 40 13 14 29,1
listwise-mlp-16,evaluation,2026,59,10,38 13 40 1 20 14,1
listwise-mlp-16,evaluation,2026,60,9,1 38 14 29 48 23,1
listwise-mlp-16,evaluation,2026,61,29,1 40 38 14 48 39,1
listwise-mlp-16,evaluation,2026,62,24,17 48 38 40 14 46,1
listwise-mlp-16,evaluation,2026,63,28,29 48 49 46 9 40,1
listwise-mlp-16,evaluation,2026,64,18,48 29 26 31 9 40,1
listwise-mlp-16,evaluation,2026,65,5,40 29 44 9 2 34,1
listwise-mlp-16,evaluation,2026,66,37,29 2 40 17 24 9,1
listwise-mlp-16,evaluation,2026,67,5,2 29 24 28 40 44,1
listwise-mlp-16,evaluation,2026,68,23,1 29 9 40 2 6,1
listwise-mlp-16,evaluation,2026,69,24,2 1 29 26 38 49,1
listwise-mlp-16,evaluation,2026,70,25,2 1 29 23 8 40,1
listwise-mlp-16,evaluation,2026,71,48,23 17 2 24 1 29,1
listwise-mlp-16,evaluation,2026,72,46,24 44 2 5 1 23,1
listwise-mlp-16,evaluation,2026,73,34,1 28 44 2 23 24,1
listwise-mlp-16,evaluation,2026,74,10,1 23 2 24 36 26,1
listwise-mlp-16,evaluation,2026,75,33,24 1 25 23 12 49,1
listwise-mlp-16,evaluation,2026,76,2,1 26 23 24 41 2,0
listwise-mlp-16,evaluation,2026,77,29,24 1 12 41 23 25,1
listwise-mlp-16,evaluation,2026,78,46,25 1 24 23 30 32,1
listwise-mlp-16,evaluation,2026,79,35,24 1 2 10 25 41,1
listwise-mlp-16,evaluation,2026,80,3,1 25 41 34 49 24,1
listwise-mlp-16,evaluation,2026,81,17,1 41 21 17 48 2,0
listwise-mlp-16,evaluation,2026,82,27,41 1 2 29 12 26,1
listwise-mlp-16,evaluation,2026,83,5,41 1 33 21 2 29,1
listwise-mlp-16,evaluation,2026,84,16,1 41 2 26 24 46,1
listwise-mlp-16,evaluation,2026,85,19,2 24 41 1 26 5,1
listwise-mlp-16,evaluation,2026,86,12,2 1 41 29 27 26,1
listwise-mlp-16,evaluation,2026,87,26,24 36 1 26 41 29,0
listwise-mlp-16,evaluation,2026,88,27,1 2 17 21 24 41,1
listwise-mlp-16,evaluation,2026,89,49,1 12 24 41 26 5,1
listwise-mlp-16,evaluation,2026,90,36,26 5 1 21 41 27,1
listwise-mlp-16,evaluation,2026,91,37,17 26 1 41 24 27,1
listwise-mlp-16,evaluation,2026,92,6,5 24 26 1 36 27,1
listwise-mlp-16,evaluation,2026,93,40,26 36 1 5 24 2,1
listwise-mlp-16,evaluation,2026,94,17,26 1 24 36 12 41,1
listwise-mlp-16,evaluation,2026,95,35,26 1 36 24 25 12,1
listwise-mlp-16,evaluation,2026,96,43,26 1 21 36 48 12,1
listwise-mlp-16,evaluation,2026,97,11,26 25 1 37 5 17,1
listwise-mlp-16,evaluation,2026,98,17,26 17 8 1 25 36,0
listwise-mlp-16,evaluation,2026,99,12,8 24 17 25 26 37,1
listwise-mlp-16,evaluation,2026,100,33,17 28 32 25 37 1,1
listwise-mlp-16,evaluation,2026,101,39,32 24 48 17 4 25,1
listwise-mlp-16,evaluation,2026,102,20,12 17 1 8 43 26,1
listwise-mlp-16,evaluation,2026,103,6,32 3 17 43 26 48,1
listwise-mlp-16,evaluation,2026,104,1,3 17 4 39 1 32,0
listwise-mlp-16,evaluation,2026,105,28,3 39 48 17 20 32,1
listwise-mlp-16,evaluation,2026,106,22,17 32 3 39 1 43,1
listwise-mlp-16,evaluation,2026,107,49,48 3 17 46 11 28,1
listwise-mlp-16,evaluation,2026,108,45,17 3 1 48 28 39,1
listwise-mlp-16,evaluation,2026,109,16,48 3 6 1 28 39,1
listwise-mlp-16,evaluation,2026,110,30,48 3 1 39 24 28,1
listwise-mlp-16,evaluation,2026,111,1,3 1 39 48 19 28,0
listwise-mlp-16,evaluation,2026,112,9,1 48 3 24 28 6,1
listwise-mlp-16,evaluation,2026,113,2,1 19 48 30 28 3,1
listwise-mlp-16,evaluation,2026,114,30,1 48 32 49 28 19,1
listwise-mlp-16,evaluation,2026,115,4,1 45 48 19 28 16,1
listwise-mlp-16,evaluation,2026,116,22,48 16 1 30 19 43,1
listwise-mlp-16,evaluation,2026,117,16,48 16 10 1 15 30,0
listwise-mlp-16,evaluation,2026,118,8,19 45 48 30 1 16,1
listwise-mlp-16,evaluation,2026,119,11,16 22 1 19 48 46,1
listwise-mlp-16,evaluation,2026,120,6,30 22 1 48 32 19,1
listwise-mlp-16,evaluation,2026,121,44,48 1 16 7 22 24,1
listwise-mlp-16,evaluation,2026,122,1,48 16 45 22 19 6,1
listwise-mlp-16,evaluation,2026,123,46,22 45 48 15 16 18,1
listwise-mlp-16,evaluation,2026,124,39,48 16 22 1 45 23,1
listwise-mlp-16,evaluation,2026,125,31,22 46 48 16 45 1,1
listwise-mlp-16,evaluation,2026,126,49,22 16 48 19 46 39,1
listwise-mlp-16,evaluation,2026,127,45,1 3 45 46 48 10,0
listwise-mlp-16,evaluation,2026,128,37,3 7 48 45 22 49,1
listwise-mlp-16,evaluation,2026,129,41,45 7 46 48 39 1,1
listwise-mlp-16,evaluation,2026,130,29,7 45 48 39 1 6,1
listwise-mlp-16,evaluation,2026,131,7,45 39 7 1 25 46,0
listwise-mlp-16,evaluation,2026,132,30,1 45 7 25 39 46,1
listwise-mlp-16,evaluation,2026,133,7,7 39 45 48 49 46,0
listwise-mlp-16,evaluation,2026,134,37,7 45 1 23 49 30,1
listwise-mlp-16,evaluation,2026,135,30,7 45 40 49 30 25,0
listwise-mlp-16,evaluation,2026,136,48,7 45 25 37 30 35,1
listwise-mlp-16,evaluation,2026,137,26,7 45 30 1 25 37,1
listwise-mlp-16,evaluation,2026,138,49,7 30 24 37 25 48,1
listwise-mlp-16,evaluation,2026,139,24,7 24 30 22 25 38,0
listwise-mlp-16,evaluation,2026,140,16,7 30 1 48 45 23,1
listwise-mlp-16,evaluation,2026,141,33,7 24 30 46 1 49,1
listwise-mlp-16,evaluation,2026,142,23,7 30 24 16 48 49,1
listwise-mlp-16,evaluation,2026,143,44,7 24 45 49 16 48,1
listwise-mlp-16,evaluation,2026,144,43,24 18 16 48 49 26,1
listwise-mlp-16,evaluation,2026,145,5,26 24 33 48 16 23,1
listwise-mlp-16,evaluation,2026,146,42,18 24 48 23 16 32,1
listwise-mlp-16,evaluation,2026,147,13,5 16 24 23 20 49,1
listwise-mlp-16,evaluation,2026,148,48,18 23 24 49 5 22,1
listwise-mlp-16,evaluation,2026,149,27,23 24 18 5 31 16,1
listwise-mlp-16,evaluation,2026,150,9,23 5 44 18 48 20,1
listwise-mlp-16,evaluation,2026,151,31,44 5 23 22 18 25,1
listwise-mlp-16,evaluation,2026,152,45,27 5 44 23 42 20,1
listwise-mlp-16,evaluation,2026,153,41,44 5 31 9 27 48,1
listwise-mlp-16,evaluation,2026,154,41,5 31 1 9 27 48,1
listwise-mlp-16,evaluation,2026,155,7,31 5 42 27 28 9,1
listwise-mlp-16,evaluation,2026,156,1,27 31 9 13 41 40,1
listwise-mlp-16,evaluation,2026,157,40,31 27 41 11 9 45,1
listwise-mlp-16,evaluation,2026,158,16,31 11 41 9 27 1,1
listwise-mlp-16,evaluation,2026,159,39,1 31 41 9 27 40,1
listwise-mlp-16,evaluation,2026,160,2,31 41 1 28 9 12,1
listwise-mlp-16,evaluation,2026,161,8,1 16 31 41 40 45,1
listwise-mlp-16,evaluation,2026,162,32,1 40 16 46 41 34,1
listwise-mlp-16,evaluation,2026,163,37,41 1 16 40 31 23,1
listwise-mlp-16,evaluation,2026,164,21,16 41 1 7 31 40,1
listwise-mlp-16,evaluation,2026,165,3,16 37 1 46 12 2,1
listwise-mlp-16,evaluation,2026,166,6,1 16 2 37 11 31,1
listwise-mlp-16,evaluation,2026,167,19,16 1 4 28 37 2,1
listwise-mlp-16,evaluation,2026,168,15,16 3 39 11 37 2,1
listwise-mlp-16,evaluation,2026,169,24,11 33 2 37 40 6,1
listwise-mlp-16,evaluation,2026,170,3,37 2 40 8 6 11,1
listwise-mlp-16,evaluation,2026,171,28,6 37 11 27 3 33,1
listwise-mlp-16,evaluation,2026,172,44,40 3 37 31 11 24,1
listwise-mlp-16,evaluation,2026,173,26,37 28 3 11 6 40,1
listwise-mlp-16,evaluation,2026,174,41,6 40 3 28 11 16,1
listwise-mlp-16,evaluation,2026,175,26,28 3 11 6 40 44,1
listwise-mlp-16,evaluation,2026,176,10,28 19 6 40 11 30,1
listwise-mlp-16,evaluation,2026,177,14,28 40 31 30 3 41,1
listwise-mlp-16,evaluation,2026,178,18,28 44 40 41 26 1,1
listwise-mlp-16,evaluation,2026,179,15,28 44 26 31 41 40,1
listwise-mlp-16,evaluation,2026,180,21,26 28 31 41 6 11,1
listwise-mlp-16,evaluation,2026,181,19,28 26 41 37 30 31,1
listwise-mlp-16,evaluation,2026,182,41,26 6 41 15 28 44,0
listwise-mlp-16,evaluation,2026,183,24,26 15 19 41 31 28,1
listwise-mlp-16,evaluation,2026,184,1,41 37 19 26 31 15,1
listwise-mlp-16,evaluation,2026,185,36,19 26 11 41 24 31,1
listwise-mlp-16,evaluation,2026,186,23,41 9 30 1 15 31,1
listwise-mlp-16,evaluation,2026,187,1,1 19 15 41 24 9,0
listwise-mlp-16,evaluation,2026,188,16,23 1 41 36 15 9,1
listwise-mlp-16,evaluation,2026,189,15,1 19 41 15 9 24,0
listwise-mlp-16,evaluation,2026,190,16,1 41 37 24 23 38,1
listwise-mlp-16,evaluation,2026,191,29,1 19 37 41 23 24,1
listwise-mlp-16,evaluation,2026,192,25,1 24 16 41 23 9,1
listwise-mlp-16,evaluation,2026,193,9,1 37 16 30 9 15,0
listwise-mlp-16,evaluation,2026,194,26,1 16 29 15 37 9,1
listwise-mlp-16,evaluation,2026,195,25,1 16 9 30 15 37,1
listwise-mlp-16,evaluation,2026,196,39,16 1 9 23 37 19,1
listwise-mlp-16,evaluation,2026,197,8,37 16 19 1 9 29,1
listwise-mlp-16,evaluation,2026,198,7,16 30 37 19 9 29,1
listwise-mlp-16,evaluation,2026,199,36,37 16 9 29 30 15,1
listwise-mlp-16,evaluation,2026,200,39,16 9 29 37 45 39,0
listwise-mlp-16,evaluation,2026,201,32,29 9 39 26 37 30,1
listwise-mlp-16,evaluation,2026,202,40,9 39 25 19 30 37,1
listwise-mlp-16,evaluation,2026,203,25,39 9 25 45 26 30,0
listwise-mlp-16,evaluation,2026,204,5,39 30 37 26 19 36,1
listwise-mlp-16,evaluation,2026,205,3,39 25 30 19 36 45,1
listwise-mlp-16,evaluation,2026,206,47,39 12 30 36 19 5,1
listwise-mlp-16,evaluation,2026,207,31,37 5 39 3 45 19,1
listwise-mlp-16,evaluation,2026,208,19,9 39 45 5 37 25,1
listwise-mlp-16,evaluation,2026,209,8,39 5 37 25 36 3,1
listwise-mlp-16,evaluation,2026,210,49,39 19 5 37 25 3,1
listwise-mlp-16,evaluation,2026,211,1,37 19 3 25 40 12,1
listwise-mlp-16,evaluation,2026,212,6,37 12 3 39 19 25,1
listwise-mlp-16,evaluation,2026,213,35,37 19 39 3 12 5,1
listwise-mlp-16,evaluation,2026,214,4,5 12 37 19 39 49,1
listwise-mlp-16,evaluation,2026,215,14,19 37 39 35 49 3,1
listwise-mlp-16,evaluation,2026,216,37,19 1 37 49 38 39,0
listwise-mlp-16,evaluation,2026,217,26,19 37 39 49 8 35,1
listwise-mlp-16,evaluation,2026,218,17,37 19 39 49 12 35,1
listwise-mlp-16,evaluation,2026,219,43,37 39 49 26 8 13,1
listwise-mlp-16,evaluation,2026,220,48,37 49 39 26 1 35,1
listwise-mlp-16,evaluation,2026,221,1,39 37 26 43 12 1,0
listwise-mlp-16,evaluation,2026,222,26,48 37 35 43 26 30,0
listwise-mlp-16,evaluation,2026,223,23,14 37 35 38 26 48,1
listwise-mlp-16,evaluation,2026,224,9,26 43 38 37 48 1,1
listwise-mlp-16,evaluation,2026,225,1,26 48 37 14 18 38,1
listwise-mlp-16,evaluation,2026,226,17,26 48 38 37 7 27,1
listwise-mlp-16,evaluation,2026,227,16,1 26 48 38 43 17,1
listwise-mlp-16,evaluation,2026,228,23,7 1 17 48 29 23,0
listwise-mlp-16,evaluation,2026,229,38,1 29 38 26 18 48,0
listwise-mlp-16,evaluation,2026,230,16,1 7 48 13 23 16,0
listwise-mlp-16,evaluation,2026,231,20,26 1 38 23 7 9,1
listwise-mlp-16,evaluation,2026,232,42,23 13 38 16 26 1,1
listwise-mlp-16,evaluation,2026,233,7,38 16 23 1 7 29,0
listwise-mlp-16,evaluation,2026,234,39,16 38 7 1 23 9,1
listwise-mlp-16,evaluation,2026,235,32,7 16 38 1 23 17,1
listwise-mlp-16,evaluation,2026,236,11,16 7 23 38 17 13,1
listwise-mlp-16,evaluation,2026,237,12,16 7 23 26 38 39,1
listwise-mlp-16,evaluation,2026,238,17,7 16 14 39 38 23,1
listwise-mlp-16,evaluation,2026,239,5,7 16 39 38 32 17,1
listwise-mlp-16,evaluation,2026,240,27,7 17 16 39 32 14,1
listwise-mlp-16,evaluation,2026,241,49,7 17 39 32 26 41,1
listwise-mlp-16,evaluation,2026,242,9,7 17 27 41 32 42,1
listwise-mlp-16,evaluation,2026,243,21,7 17 32 49 27 29,1
listwise-mlp-16,evaluation,2026,244,46,17 7 27 26 9 49,1
listwise-mlp-16,evaluation,2026,245,18,17 9 26 14 7 21,1
listwise-mlp-16,evaluation,2026,246,30,17 14 7 26 49 18,1
listwise-mlp-16,evaluation,2026,247,40,17 18 7 49 21 9,1
listwise-mlp-16,evaluation,2026,248,20,17 9 18 21 49 46,1
listwise-mlp-16,evaluation,2026,249,23,27 18 14 49 9 26,1
listwise-mlp-16,evaluation,2026,250,14,26 18 9 29 21 14,0
listwise-mlp-16,evaluation,2026,251,30,18 14 9 17 21 49,1
listwise-mlp-16,evaluation,2026,252,22,9 14 18 26 23 21,1
listwise-mlp-16,evaluation,2026,253,16,14 18 23 26 21 41,1
listwise-mlp-16,evaluation,2026,254,2,14 18 26 13 16 23,1
listwise-mlp-16,evaluation,2026,255,44,26 14 16 6 23 22,1
listwise-mlp-16,evaluation,2026,256,1,14 6 22 26 16 23,1
listwise-mlp-16,evaluation,2026,257,7,14 16 26 23 6 20,1
listwise-mlp-16,evaluation,2026,258,46,14 16 26 6 22 20,1
listwise-mlp-16,evaluation,2026,259,22,14 16 6 22 23 26,0
listwise-mlp-16,evaluation,2026,260,20,14 16 6 22 17 26,1
listwise-mlp-16,evaluation,2026,261,24,22 6 16 26 1 17,1
listwise-mlp-16,evaluation,2026,262,30,22 6 16 46 20 1,1
listwise-mlp-16,evaluation,2026,263,9,22 16 7 6 47 26,1
listwise-mlp-16,evaluation,2026,264,21,6 44 22 26 1 3,1
listwise-mlp-16,evaluation,2026,265,49,22 6 9 24 1 26,1
listwise-mlp-16,evaluation,2026,266,8,9 22 46 26 6 1,1
previous-normal-six,validation,2025,246,6,29 19 38 37 14 34,1
previous-normal-six,validation,2025,247,25,26 23 16 1 14 18,1
previous-normal-six,validation,2025,248,12,15 3 38 10 44 1,1
previous-normal-six,validation,2025,249,2,42 20 24 27 34 39,1
previous-normal-six,validation,2025,250,12,19 4 48 37 1 9,1
previous-normal-six,validation,2025,251,35,47 3 35 33 11 34,0
previous-normal-six,validation,2025,252,23,15 6 12 5 36 18,1
previous-normal-six,validation,2025,253,33,49 35 43 10 1 40,1
previous-normal-six,validation,2025,254,17,30 19 6 8 37 39,1
previous-normal-six,validation,2025,255,42,29 19 12 32 44 27,1
previous-normal-six,validation,2025,256,48,21 15 25 20 24 39,1
previous-normal-six,validation,2025,257,28,42 45 5 36 11 9,1
previous-normal-six,validation,2025,258,38,21 30 4 23 1 11,1
previous-normal-six,validation,2025,259,47,47 26 25 35 1 17,0
previous-normal-six,validation,2025,260,3,42 45 30 38 8 9,1
previous-normal-six,validation,2025,261,33,12 44 28 40 24 11,1
previous-normal-six,validation,2025,262,44,30 46 16 37 34 9,1
previous-normal-six,validation,2025,263,38,38 12 16 33 28 27,0
previous-normal-six,validation,2025,264,43,3 25 20 43 48 39,0
previous-normal-six,validation,2025,265,10,47 19 6 32 23 33,1
previous-normal-six,validation,2025,266,41,6 23 44 48 1 34,1
previous-normal-six,validation,2025,267,29,26 13 43 1 40 18,1
previous-normal-six,validation,2025,268,10,25 48 5 40 7 9,1
previous-normal-six,validation,2025,269,31,45 31 1 5 27 39,0
previous-normal-six,validation,2025,270,35,21 38 46 2 33 17,1
previous-normal-six,validation,2025,271,6,3 46 10 31 5 11,1
previous-normal-six,validation,2025,272,36,3 8 44 48 27 9,1
previous-normal-six,validation,2025,273,4,21 29 4 41 10 1,0
previous-normal-six,validation,2025,274,44,49 19 2 43 22 34,1
previous-normal-six,validation,2025,275,45,19 41 20 40 22 39,1
previous-normal-six,validation,2025,276,9,21 47 25 28 5 34,1
previous-normal-six,validation,2025,277,16,21 25 13 16 22 34,0
previous-normal-six,validation,2025,278,28,41 46 48 37 33 11,1
previous-normal-six,validation,2025,279,27,45 4 33 18 34 39,1
previous-normal-six,validation,2025,280,42,42 26 30 37 1 39,0
previous-normal-six,validation,2025,281,47,49 35 32 44 28 36,1
previous-normal-six,validation,2025,282,41,13 23 10 37 36 7,1
previous-normal-six,validation,2025,283,45,30 4 25 38 12 33,1
previous-normal-six,validation,2025,284,41,21 29 35 8 24 18,1
previous-normal-six,validation,2025,285,24,49 21 6 38 12 13,1
previous-normal-six,validation,2025,286,3,15 25 41 46 37 28,1
previous-normal-six,validation,2025,287,34,42 15 25 16 24 27,1
previous-normal-six,validation,2025,288,14,49 42 10 5 36 40,1
previous-normal-six,validation,2025,289,42,47 8 2 44 1 17,1
previous-normal-six,validation,2025,290,19,4 35 23 10 44 24,1
previous-normal-six,validation,2025,291,44,25 2 5 40 18 17,1
previous-normal-six,validation,2025,292,2,30 6 25 43 10 24,1
previous-normal-six,validation,2025,293,47,4 10 31 37 28 40,1
previous-normal-six,validation,2025,294,18,46 20 1 14 18 11,0
previous-normal-six,validation,2025,295,5,35 38 8 10 14 11,1
previous-normal-six,validation,2025,296,22,42 45 4 38 33 18,1
previous-normal-six,validation,2025,297,44,49 29 23 31 5 17,1
previous-normal-six,validation,2025,298,23,19 41 43 1 24 11,1
previous-normal-six,validation,2025,299,49,49 35 20 37 22 39,0
previous-normal-six,validation,2025,300,40,19 35 13 31 33 39,1
previous-normal-six,validation,2025,301,5,26 29 32 24 39 17,1
previous-normal-six,validation,2025,302,22,47 45 41 38 10 9,1
previous-normal-six,validation,2025,303,15,42 45 29 6 27 7,1
previous-normal-six,validation,2025,304,48,47 2 31 36 27 18,1
previous-normal-six,validation,2025,305,42,47 19 12 43 34 39,1
previous-normal-six,validation,2025,306,17,45 29 33 24 27 11,1
previous-normal-six,validation,2025,307,20,4 38 10 22 7 9,1
previous-normal-six,validation,2025,308,39,21 29 4 44 1 24,1
previous-normal-six,validation,2025,309,6,45 46 48 1 40 14,1
previous-normal-six,validation,2025,310,16,49 4 32 13 16 7,0
previous-normal-six,validation,2025,311,37,49 4 43 10 9 17,1
previous-normal-six,validation,2025,312,14,4 6 32 2 39 7,1
previous-normal-six,validation,2025,313,38,47 3 35 46 1 18,1
previous-normal-six,validation,2025,314,23,49 3 29 10 22 39,1
previous-normal-six,validation,2025,315,4,26 29 19 38 44 37,1
previous-normal-six,validation,2025,316,24,15 19 8 20 43 37,1
previous-normal-six,validation,2025,317,18,42 29 25 20 40 17,1
previous-normal-six,validation,2025,318,6,3 6 32 10 1 5,0
previous-normal-six,validation,2025,319,45,26 30 46 20 22 7,1
previous-normal-six,validation,2025,320,28,21 29 31 16 22 17,1
previous-normal-six,validation,2025,321,23,20 48 33 40 34 7,1
previous-normal-six,validation,2025,322,47,25 8 10 28 24 34,1
previous-normal-six,validation,2025,323,9,29 6 46 33 34 17,1
previous-normal-six,validation,2025,324,15,29 19 46 48 28 36,1
previous-normal-six,validation,2025,325,4,49 30 38 10 31 28,1
previous-normal-six,validation,2025,326,19,49 12 2 33 5 17,1
previous-normal-six,validation,2025,327,37,4 46 23 31 33 11,1
previous-normal-six,validation,2025,328,3,21 13 31 44 22 9,1
previous-normal-six,validation,2025,329,17,15 8 13 28 22 34,1
previous-normal-six,validation,2025,330,36,45 19 46 13 44 37,1
previous-normal-six,validation,2025,331,26,6 20 32 37 1 11,1
previous-normal-six,validation,2025,332,26,21 47 42 2 22 24,1
previous-normal-six,validation,2025,333,6,45 30 19 8 23 44,1
previous-normal-six,validation,2025,334,46,43 31 37 36 27 11,1
previous-normal-six,validation,2025,335,44,49 29 41 35 1 33,1
previous-normal-six,validation,2025,336,17,3 35 46 13 31 34,1
previous-normal-six,validation,2025,337,9,42 15 6 20 13 10,1
previous-normal-six,validation,2025,338,8,42 32 13 44 24 14,1
previous-normal-six,validation,2025,339,48,15 25 41 10 48 34,0
previous-normal-six,validation,2025,340,16,31 36 40 22 24 39,1
previous-normal-six,validation,2025,341,6,15 45 10 28 22 17,1
previous-normal-six,validation,2025,342,4,42 35 12 5 34 7,1
previous-normal-six,validation,2025,343,38,15 19 41 8 24 17,1
previous-normal-six,validation,2025,344,27,45 41 35 46 28 11,1
previous-normal-six,validation,2025,345,24,21 47 42 10 40 11,1
previous-normal-six,validation,2025,346,3,3 41 32 23 11 9,0
previous-normal-six,validation,2025,347,13,26 46 20 40 11 34,1
previous-normal-six,validation,2025,348,16,26 30 8 37 28 24,1
previous-normal-six,validation,2025,349,22,21 26 31 44 22 34,0
previous-normal-six,validation,2025,350,49,4 46 33 40 11 39,1
previous-normal-six,validation,2025,351,4,47 42 35 16 22 7,1
previous-normal-six,validation,2025,352,44,15 3 12 10 16 11,1
previous-normal-six,validation,2025,353,1,26 29 25 2 10 9,1
previous-normal-six,validation,2025,354,30,26 6 38 46 16 48,1
previous-normal-six,validation,2025,355,8,21 15 4 48 28 5,1
previous-normal-six,validation,2025,356,24,15 30 6 43 28 9,1
previous-normal-six,validation,2025,357,49,3 8 13 36 40 11,1
previous-normal-six,validation,2025,358,7,41 35 13 2 43 24,1
previous-normal-six,validation,2025,359,11,42 26 35 43 22 18,1
previous-normal-six,validation,2025,360,41,42 45 6 38 23 37,1
previous-normal-six,validation,2025,361,24,15 6 12 44 27 39,1
previous-normal-six,validation,2025,362,23,30 38 20 2 33 11,1
previous-normal-six,validation,2025,363,26,45 30 6 8 37 11,1
previous-normal-six,validation,2025,364,12,21 15 4 13 23 9,1
previous-normal-six,validation,2025,365,26,2 43 31 28 22 11,1
previous-normal-six,evaluation,2026,1,29,49 29 20 10 16 33,0
previous-normal-six,evaluation,2026,2,22,42 8 43 33 27 11,1
previous-normal-six,evaluation,2026,3,9,15 3 4 48 11 7,1
previous-normal-six,evaluation,2026,4,45,42 15 30 44 7 17,1
previous-normal-six,evaluation,2026,5,43,49 19 35 36 22 7,1
previous-normal-six,evaluation,2026,6,13,19 46 20 13 36 17,0
previous-normal-six,evaluation,2026,7,41,21 15 6 41 35 46,0
previous-normal-six,evaluation,2026,8,21,15 45 44 28 40 34,1
previous-normal-six,evaluation,2026,9,28,45 29 19 5 36 39,1
previous-normal-six,evaluation,2026,10,27,49 6 22 18 7 17,1
previous-normal-six,evaluation,2026,11,11,49 30 38 23 24 11,0
previous-normal-six,evaluation,2026,12,11,15 32 10 48 5 7,1
previous-normal-six,evaluation,2026,13,1,26 45 25 41 20 33,1
previous-normal-six,evaluation,2026,14,26,19 6 44 37 27 9,1
previous-normal-six,evaluation,2026,15,31,38 8 12 13 43 31,0
previous-normal-six,evaluation,2026,16,6,15 30 8 20 10 33,1
previous-normal-six,evaluation,2026,17,32,26 38 12 48 40 34,1
previous-normal-six,evaluation,2026,18,39,41 2 31 44 33 18,1
previous-normal-six,evaluation,2026,19,46,42 15 25 43 31 40,1
previous-normal-six,evaluation,2026,20,12,42 45 19 25 22 7,1
previous-normal-six,evaluation,2026,21,42,47 37 24 14 11 9,1
previous-normal-six,evaluation,2026,22,18,47 45 10 33 24 7,1
previous-normal-six,evaluation,2026,23,47,30 46 8 20 37 39,1
previous-normal-six,evaluation,2026,24,28,29 6 38 31 36 18,1
previous-normal-six,evaluation,2026,25,37,15 45 25 23 10 44,1
previous-normal-six,evaluation,2026,26,19,6 41 46 10 14 9,1
previous-normal-six,evaluation,2026,27,45,42 13 44 37 24 34,1
previous-normal-six,evaluation,2026,28,3,49 46 10 16 18 11,1
previous-normal-six,evaluation,2026,29,1,49 47 32 28 39 17,1
previous-normal-six,evaluation,2026,30,41,47 3 4 8 5 18,1
previous-normal-six,evaluation,2026,31,26,47 3 4 6 35 1,1
previous-normal-six,evaluation,2026,32,6,19 25 38 5 11 7,1
previous-normal-six,evaluation,2026,33,41,20 23 10 11 39 17,1
previous-normal-six,evaluation,2026,34,19,46 8 33 22 14 11,1
previous-normal-six,evaluation,2026,35,27,45 30 35 38 23 24,1
previous-normal-six,evaluation,2026,36,1,47 19 41 32 44 36,1
previous-normal-six,evaluation,2026,37,43,20 44 48 27 11 39,1
previous-normal-six,evaluation,2026,38,42,42 45 13 44 34 39,0
previous-normal-six,evaluation,2026,39,11,49 6 20 12 40 34,1
previous-normal-six,evaluation,2026,40,28,29 4 8 20 10 31,1
previous-normal-six,evaluation,2026,41,36,49 29 6 46 27 11,1
previous-normal-six,evaluation,2026,42,16,8 32 2 44 27 17,1
previous-normal-six,evaluation,2026,43,13,19 38 1 22 18 17,1
previous-normal-six,evaluation,2026,44,19,42 3 35 33 40 9,1
previous-normal-six,evaluation,2026,45,1,47 38 46 48 39 17,1
previous-normal-six,evaluation,2026,46,3,42 38 20 13 22 27,1
previous-normal-six,evaluation,2026,47,39,20 13 36 22 39 9,0
previous-normal-six,evaluation,2026,48,24,47 42 35 46 23 40,1
previous-normal-six,evaluation,2026,49,13,29 38 46 8 32 16,1
previous-normal-six,evaluation,2026,50,23,49 42 12 31 28 22,1
previous-normal-six,evaluation,2026,51,1,30 13 10 44 37 33,1
previous-normal-six,evaluation,2026,52,38,42 6 38 44 40 14,0
previous-normal-six,evaluation,2026,53,15,15 35 46 13 40 14,0
previous-normal-six,evaluation,2026,54,48,41 12 16 33 18 17,1
previous-normal-six,evaluation,2026,55,14,49 30 19 32 37 11,1
previous-normal-six,evaluation,2026,56,48,21 20 31 28 39 9,1
previous-normal-six,evaluation,2026,57,23,26 45 6 10 7 9,1
previous-normal-six,evaluation,2026,58,31,21 26 30 29 40 34,1
previous-normal-six,evaluation,2026,59,10,21 38 20 13 33 40,1
previous-normal-six,evaluation,2026,60,9,29 19 12 43 28 24,1
previous-normal-six,evaluation,2026,61,29,1 5 40 27 34 39,1
previous-normal-six,evaluation,2026,62,24,25 46 8 2 37 17,1
previous-normal-six,evaluation,2026,63,28,49 42 29 6 35 46,1
previous-normal-six,evaluation,2026,64,18,26 2 31 44 37 36,1
previous-normal-six,evaluation,2026,65,5,8 2 23 44 40 34,1
previous-normal-six,evaluation,2026,66,37,45 38 2 33 24 17,1
previous-normal-six,evaluation,2026,67,5,20 2 44 28 36 24,1
previous-normal-six,evaluation,2026,68,23,15 26 30 6 1 9,1
previous-normal-six,evaluation,2026,69,24,49 21 26 38 2 1,1
previous-normal-six,evaluation,2026,70,25,8 23 10 16 36 34,1
previous-normal-six,evaluation,2026,71,48,47 41 23 10 7 17,1
previous-normal-six,evaluation,2026,72,46,30 25 41 8 44 5,1
previous-normal-six,evaluation,2026,73,34,42 25 12 44 1 28,1
previous-normal-six,evaluation,2026,74,10,29 1 33 36 14 7,1
previous-normal-six,evaluation,2026,75,33,49 25 12 32 31 24,1
previous-normal-six,evaluation,2026,76,2,26 19 41 20 22 27,1
previous-normal-six,evaluation,2026,77,29,3 41 12 22 24 7,1
previous-normal-six,evaluation,2026,78,46,30 25 46 32 37 39,0
previous-normal-six,evaluation,2026,79,35,8 2 10 33 18 17,1
previous-normal-six,evaluation,2026,80,3,49 4 6 20 43 34,1
previous-normal-six,evaluation,2026,81,17,21 42 48 18 9 17,0
previous-normal-six,evaluation,2026,82,27,15 4 41 35 36 14,1
previous-normal-six,evaluation,2026,83,5,21 3 25 41 37 33,1
previous-normal-six,evaluation,2026,84,16,30 46 8 23 1 36,1
previous-normal-six,evaluation,2026,85,19,20 2 31 5 24 7,1
previous-normal-six,evaluation,2026,86,12,6 20 13 33 27 14,1
previous-normal-six,evaluation,2026,87,26,15 26 36 24 14 34,0
previous-normal-six,evaluation,2026,88,27,21 47 29 2 1 17,1
previous-normal-six,evaluation,2026,89,49,42 46 12 10 16 18,1
previous-normal-six,evaluation,2026,90,36,21 26 44 5 22 34,1
previous-normal-six,evaluation,2026,91,37,29 8 20 48 37 17,0
previous-normal-six,evaluation,2026,92,6,42 8 32 5 24 17,1
previous-normal-six,evaluation,2026,93,40,47 42 19 25 38 46,1
previous-normal-six,evaluation,2026,94,17,47 26 4 13 48 18,1
previous-normal-six,evaluation,2026,95,35,4 25 38 43 16 28,1
previous-normal-six,evaluation,2026,96,43,21 15 38 48 1 39,1
previous-normal-six,evaluation,2026,97,11,15 26 25 35 37 5,1
previous-normal-six,evaluation,2026,98,17,26 29 46 8 44 28,1
previous-normal-six,evaluation,2026,99,12,49 3 8 32 24 14,1
previous-normal-six,evaluation,2026,100,33,32 10 28 22 18 17,1
previous-normal-six,evaluation,2026,101,39,45 3 4 32 48 24,1
previous-normal-six,evaluation,2026,102,20,8 20 12 2 22 34,0
previous-normal-six,evaluation,2026,103,6,47 3 46 32 36 39,1
previous-normal-six,evaluation,2026,104,1,30 3 4 1 34 39,0
previous-normal-six,evaluation,2026,105,28,49 45 3 20 48 39,1
previous-normal-six,evaluation,2026,106,22,19 32 44 36 11 17,1
previous-normal-six,evaluation,2026,107,49,46 31 48 5 40 11,1
previous-normal-six,evaluation,2026,108,45,6 41 35 43 10 34,1
previous-normal-six,evaluation,2026,109,16,26 30 6 48 40 14,1
previous-normal-six,evaluation,2026,110,30,19 38 8 43 24 7,1
previous-normal-six,evaluation,2026,111,1,45 3 29 19 43 40,1
previous-normal-six,evaluation,2026,112,9,21 41 38 23 33 24,1
previous-normal-six,evaluation,2026,113,2,15 30 19 10 44 7,1
previous-normal-six,evaluation,2026,114,30,49 42 15 32 22 17,1
previous-normal-six,evaluation,2026,115,4,45 25 41 10 1 36,1
previous-normal-six,evaluation,2026,116,22,21 29 25 8 16 7,1
previous-normal-six,evaluation,2026,117,16,15 46 10 16 48 33,0
previous-normal-six,evaluation,2026,118,8,45 19 46 2 33 7,1
previous-normal-six,evaluation,2026,119,11,49 38 46 37 40 22,1
previous-normal-six,evaluation,2026,120,6,30 38 32 40 22 18,1
previous-normal-six,evaluation,2026,121,44,20 23 48 24 18 7,1
previous-normal-six,evaluation,2026,122,1,21 45 6 35 20 48,1
previous-normal-six,evaluation,2026,123,46,15 45 25 23 22 18,1
previous-normal-six,evaluation,2026,124,39,49 42 23 44 39 17,0
previous-normal-six,evaluation,2026,125,31,46 12 10 5 22 17,1
previous-normal-six,evaluation,2026,126,49,30 19 38 16 39 7,1
previous-normal-six,evaluation,2026,127,45,15 3 10 1 5 9,1
previous-normal-six,evaluation,2026,128,37,3 29 8 27 14 7,1
previous-normal-six,evaluation,2026,129,41,42 45 25 46 2 7,1
previous-normal-six,evaluation,2026,130,29,21 25 40 34 7 17,1
previous-normal-six,evaluation,2026,131,7,26 25 41 5 11 9,1
previous-normal-six,evaluation,2026,132,30,21 25 12 32 1 40,1
previous-normal-six,evaluation,2026,133,7,35 20 44 48 11 39,1
previous-normal-six,evaluation,2026,134,37,26 38 23 44 1 14,1
previous-normal-six,evaluation,2026,135,30,49 46 44 40 22 24,1
previous-normal-six,evaluation,2026,136,48,47 35 8 20 18 9,1
previous-normal-six,evaluation,2026,137,26,15 12 1 24 14 17,1
previous-normal-six,evaluation,2026,138,49,19 20 32 5 24 7,1
previous-normal-six,evaluation,2026,139,24,6 38 46 20 22 24,0
previous-normal-six,evaluation,2026,140,16,45 30 41 48 1 36,1
previous-normal-six,evaluation,2026,141,33,42 4 46 13 10 34,1
previous-normal-six,evaluation,2026,142,23,8 32 2 43 34 17,1
previous-normal-six,evaluation,2026,143,44,21 15 26 45 35 18,1
previous-normal-six,evaluation,2026,144,43,26 32 13 2 33 18,1
previous-normal-six,evaluation,2026,145,5,47 26 29 31 33 22,1
previous-normal-six,evaluation,2026,146,42,25 32 43 37 36 18,1
previous-normal-six,evaluation,2026,147,13,30 19 20 16 5 11,1
previous-normal-six,evaluation,2026,148,48,29 6 10 31 40 18,1
previous-normal-six,evaluation,2026,149,27,4 23 31 28 24 27,0
previous-normal-six,evaluation,2026,150,9,45 30 4 20 44 28,1
previous-normal-six,evaluation,2026,151,31,19 4 25 44 22 11,1
previous-normal-six,evaluation,2026,152,45,42 15 29 41 20 27,1
previous-normal-six,evaluation,2026,153,41,47 16 44 1 36 34,1
previous-normal-six,evaluation,2026,154,41,6 38 1 33 28 40,1
previous-normal-six,evaluation,2026,155,7,42 46 23 31 28 34,1
previous-normal-six,evaluation,2026,156,1,21 47 46 13 37 40,1
previous-normal-six,evaluation,2026,157,40,3 12 31 16 37 11,1
previous-normal-six,evaluation,2026,158,16,25 43 10 31 11 17,1
previous-normal-six,evaluation,2026,159,39,3 12 43 23 48 1,1
previous-normal-six,evaluation,2026,160,2,4 46 20 12 28 17,1
previous-normal-six,evaluation,2026,161,8,26 30 29 8 16 1,0
previous-normal-six,evaluation,2026,162,32,42 19 46 36 40 34,1
previous-normal-six,evaluation,2026,163,37,26 41 23 33 24 7,1
previous-normal-six,evaluation,2026,164,21,41 8 10 33 39 7,1
previous-normal-six,evaluation,2026,165,3,3 4 38 46 12 2,0
previous-normal-six,evaluation,2026,166,6,49 47 2 1 11 9,1
previous-normal-six,evaluation,2026,167,19,21 15 4 20 1 28,1
previous-normal-six,evaluation,2026,168,15,3 23 40 11 39 7,1
previous-normal-six,evaluation,2026,169,24,33 5 40 24 27 11,0
previous-normal-six,evaluation,2026,170,3,30 8 44 37 40 22,1
previous-normal-six,evaluation,2026,171,28,6 38 46 20 27 34,1
previous-normal-six,evaluation,2026,172,44,42 38 46 31 40 24,1
previous-normal-six,evaluation,2026,173,26,42 45 8 37 28 34,1
previous-normal-six,evaluation,2026,174,41,19 6 13 16 40 39,1
previous-normal-six,evaluation,2026,175,26,21 15 8 13 28 34,1
previous-normal-six,evaluation,2026,176,10,30 29 19 25 28 7,1
previous-normal-six,evaluation,2026,177,14,15 30 38 2 31 36,1
previous-normal-six,evaluation,2026,178,18,21 19 2 44 1 5,1
previous-normal-six,evaluation,2026,179,15,26 46 31 44 22 17,1
previous-normal-six,evaluation,2026,180,21,26 6 10 31 11 9,1
previous-normal-six,evaluation,2026,181,19,49 30 19 10 37 14,0
previous-normal-six,evaluation,2026,182,41,47 15 29 6 34 17,1
previous-normal-six,evaluation,2026,183,24,15 45 23 24 39 9,0
previous-normal-six,evaluation,2026,184,1,42 3 46 23 37 9,1
previous-normal-six,evaluation,2026,185,36,25 20 44 36 24 11,0
previous-normal-six,evaluation,2026,186,23,30 41 35 12 18 9,1
previous-normal-six,evaluation,2026,187,1,29 38 1 5 22 17,0
previous-normal-six,evaluation,2026,188,16,38 12 23 36 22 27,1
previous-normal-six,evaluation,2026,189,15,19 38 10 1 5 14,1
previous-normal-six,evaluation,2026,190,16,45 38 20 12 43 37,1
previous-normal-six,evaluation,2026,191,29,29 19 46 48 37 14,0
previous-normal-six,evaluation,2026,192,25,26 19 43 16 24 39,1
previous-normal-six,evaluation,2026,193,9,45 30 8 37 1 27,1
previous-normal-six,evaluation,2026,194,26,49 45 29 25 2 11,1
previous-normal-six,evaluation,2026,195,25,21 15 30 4 22 34,1
previous-normal-six,evaluation,2026,196,39,19 4 46 23 39 9,0
previous-normal-six,evaluation,2026,197,8,3 19 41 10 37 24,1
previous-normal-six,evaluation,2026,198,7,30 19 44 48 28 40,1
previous-normal-six,evaluation,2026,199,36,21 45 35 12 48 24,1
previous-normal-six,evaluation,2026,200,39,49 42 45 38 5 17,1
previous-normal-six,evaluation,2026,201,32,29 35 46 32 43 5,0
previous-normal-six,evaluation,2026,202,40,19 25 38 46 31 28,1
previous-normal-six,evaluation,2026,203,25,21 47 15 45 25 13,0
previous-normal-six,evaluation,2026,204,5,3 12 31 44 37 11,1
previous-normal-six,evaluation,2026,205,3,26 12 10 11 7 17,1
previous-normal-six,evaluation,2026,206,47,30 12 28 11 39 17,1
previous-normal-six,evaluation,2026,207,31,49 3 35 37 40 9,1
previous-normal-six,evaluation,2026,208,19,26 13 23 44 40 9,1
previous-normal-six,evaluation,2026,209,8,35 23 48 28 40 7,1
previous-normal-six,evaluation,2026,210,49,21 44 5 22 14 39,1
previous-normal-six,evaluation,2026,211,1,42 15 48 37 40 17,1
previous-normal-six,evaluation,2026,212,6,38 8 12 13 37 39,1
previous-normal-six,evaluation,2026,213,35,19 32 43 16 27 39,1
previous-normal-six,evaluation,2026,214,4,15 12 1 5 22 9,1
previous-normal-six,evaluation,2026,215,14,30 29 38 43 31 27,1
previous-normal-six,evaluation,2026,216,37,30 19 38 13 1 11,1
previous-normal-six,evaluation,2026,217,26,45 41 32 44 36 18,1
previous-normal-six,evaluation,2026,218,17,42 30 12 11 34 7,1
previous-normal-six,evaluation,2026,219,43,47 38 46 13 2 23,1
previous-normal-six,evaluation,2026,220,48,29 41 8 31 22 7,1
previous-normal-six,evaluation,2026,221,1,4 25 38 12 27 39,1
previous-normal-six,evaluation,2026,222,26,46 48 28 24 14 18,1
previous-normal-six,evaluation,2026,223,23,49 47 38 27 14 18,1
previous-normal-six,evaluation,2026,224,9,21 29 38 43 44 1,1
previous-normal-six,evaluation,2026,225,1,49 19 25 8 36 18,1
previous-normal-six,evaluation,2026,226,17,19 38 10 27 34 7,1
previous-normal-six,evaluation,2026,227,16,29 4 38 1 33 11,1
previous-normal-six,evaluation,2026,228,23,29 13 23 31 24 7,0
previous-normal-six,evaluation,2026,229,38,26 29 6 38 8 18,0
previous-normal-six,evaluation,2026,230,16,15 13 16 33 11 7,0
previous-normal-six,evaluation,2026,231,20,49 47 26 10 28 14,1
previous-normal-six,evaluation,2026,232,42,46 8 13 23 11 39,1
previous-normal-six,evaluation,2026,233,7,29 4 46 20 10 17,1
previous-normal-six,evaluation,2026,234,39,49 4 41 5 18 34,1
previous-normal-six,evaluation,2026,235,32,30 19 25 37 7 17,1
previous-normal-six,evaluation,2026,236,11,21 26 35 44 27 17,1
previous-normal-six,evaluation,2026,237,12,42 26 35 14 9 17,1
previous-normal-six,evaluation,2026,238,17,47 6 25 41 36 14,1
previous-normal-six,evaluation,2026,239,5,21 4 35 23 44 7,1
previous-normal-six,evaluation,2026,240,27,47 43 22 34 7 17,1
previous-normal-six,evaluation,2026,241,49,26 2 37 28 22 34,1
previous-normal-six,evaluation,2026,242,9,21 42 45 29 41 27,1
previous-normal-six,evaluation,2026,243,21,29 35 46 32 13 31,1
previous-normal-six,evaluation,2026,244,46,42 46 12 24 9 17,0
previous-normal-six,evaluation,2026,245,18,3 33 40 14 9 17,1
previous-normal-six,evaluation,2026,246,30,38 13 2 23 22 14,1
previous-normal-six,evaluation,2026,247,40,19 20 10 1 22 24,1
previous-normal-six,evaluation,2026,248,20,3 29 4 46 43 9,1
previous-normal-six,evaluation,2026,249,23,49 26 43 27 14 39,1
previous-normal-six,evaluation,2026,250,14,26 29 41 13 36 22,1
previous-normal-six,evaluation,2026,251,30,47 6 10 37 39 17,1
previous-normal-six,evaluation,2026,252,22,45 6 25 8 11 9,1
previous-normal-six,evaluation,2026,253,16,6 41 13 43 48 33,1
previous-normal-six,evaluation,2026,254,2,49 15 35 13 28 5,1
previous-normal-six,evaluation,2026,255,44,26 6 35 10 16 44,0
previous-normal-six,evaluation,2026,256,1,47 6 36 22 11 39,1
previous-normal-six,evaluation,2026,257,7,15 3 37 40 7 9,0
previous-normal-six,evaluation,2026,258,46,47 45 46 8 27 39,0
previous-normal-six,evaluation,2026,259,22,21 3 19 35 23 5,1
previous-normal-six,evaluation,2026,260,20,49 30 19 43 33 36,1
previous-normal-six,evaluation,2026,261,24,26 6 25 32 44 48,1
previous-normal-six,evaluation,2026,262,30,47 29 6 25 46 43,1
previous-normal-six,evaluation,2026,263,9,47 38 33 36 22 7,1
previous-normal-six,evaluation,2026,264,21,3 13 2 44 28 24,1
previous-normal-six,evaluation,2026,265,49,6 8 10 31 22 24,1
previous-normal-six,evaluation,2026,266,8,26 46 23 44 5 40,1
previous-last-six,validation,2025,246,6,29 19 38 44 37 14,1
previous-last-six,validation,2025,247,25,26 6 23 16 1 18,1
previous-last-six,validation,2025,248,12,15 3 25 10 44 1,1
previous-last-six,validation,2025,249,2,42 20 12 24 34 39,1
previous-last-six,validation,2025,250,12,19 4 2 48 1 9,1
previous-last-six,validation,2025,251,35,3 35 12 33 11 34,0
previous-last-six,validation,2025,252,23,15 35 12 5 36 18,1
previous-last-six,validation,2025,253,33,49 35 43 23 10 40,1
previous-last-six,validation,2025,254,17,30 19 8 37 33 39,1
previous-last-six,validation,2025,255,42,29 19 12 32 44 17,1
previous-last-six,validation,2025,256,48,21 42 25 20 24 39,1
previous-last-six,validation,2025,257,28,45 48 5 36 11 9,1
previous-last-six,validation,2025,258,38,21 30 4 1 28 11,1
previous-last-six,validation,2025,259,47,47 26 25 35 38 17,0
previous-last-six,validation,2025,260,3,47 42 45 30 38 9,1
previous-last-six,validation,2025,261,33,3 12 28 40 24 11,1
previous-last-six,validation,2025,262,44,30 46 16 33 34 9,1
previous-last-six,validation,2025,263,38,38 12 44 33 28 27,0
previous-last-six,validation,2025,264,43,3 25 38 20 43 48,0
previous-last-six,validation,2025,265,10,47 19 6 32 43 33,1
previous-last-six,validation,2025,266,41,6 23 10 48 1 34,1
previous-last-six,validation,2025,267,29,26 41 13 43 40 18,1
previous-last-six,validation,2025,268,10,29 25 48 5 40 9,1
previous-last-six,validation,2025,269,31,45 10 31 1 5 27,0
previous-last-six,validation,2025,270,35,21 38 46 2 31 33,1
previous-last-six,validation,2025,271,6,3 35 46 10 31 11,1
previous-last-six,validation,2025,272,36,3 6 8 44 27 9,1
previous-last-six,validation,2025,273,4,21 29 4 41 10 36,0
previous-last-six,validation,2025,274,44,49 19 4 43 22 34,1
previous-last-six,validation,2025,275,45,19 20 44 40 22 39,1
previous-last-six,validation,2025,276,9,21 47 45 25 28 5,1
previous-last-six,validation,2025,277,16,21 25 13 22 34 9,1
previous-last-six,validation,2025,278,28,41 16 48 37 33 11,1
previous-last-six,validation,2025,279,27,45 33 28 18 34 39,1
previous-last-six,validation,2025,280,42,42 26 30 1 27 39,0
previous-last-six,validation,2025,281,47,49 42 35 32 44 28,1
previous-last-six,validation,2025,282,41,47 13 23 10 36 7,1
previous-last-six,validation,2025,283,45,30 25 41 38 12 33,1
previous-last-six,validation,2025,284,41,45 29 35 8 24 18,1
previous-last-six,validation,2025,285,24,49 6 41 38 12 13,1
previous-last-six,validation,2025,286,3,15 25 41 37 28 24,1
previous-last-six,validation,2025,287,34,42 15 3 16 24 27,1
previous-last-six,validation,2025,288,14,49 42 10 36 40 34,1
previous-last-six,validation,2025,289,42,47 8 2 1 14 17,1
previous-last-six,validation,2025,290,19,42 4 23 10 44 24,1
previous-last-six,validation,2025,291,44,19 25 2 5 18 17,1
previous-last-six,validation,2025,292,2,30 6 25 10 44 24,1
previous-last-six,validation,2025,293,47,4 2 10 37 28 40,1
previous-last-six,validation,2025,294,18,47 46 20 1 14 11,1
previous-last-six,validation,2025,295,5,35 38 8 10 14 18,1
previous-last-six,validation,2025,296,22,42 45 4 38 33 5,1
previous-last-six,validation,2025,297,44,49 29 23 5 22 17,1
previous-last-six,validation,2025,298,23,19 41 44 1 24 11,1
previous-last-six,validation,2025,299,49,49 35 20 23 37 39,0
previous-last-six,validation,2025,300,40,49 19 35 13 31 39,1
previous-last-six,validation,2025,301,5,26 29 32 40 24 39,1
previous-last-six,validation,2025,302,22,45 41 38 10 5 9,1
previous-last-six,validation,2025,303,15,42 45 29 6 22 27,1
previous-last-six,validation,2025,304,48,47 15 31 36 27 18,1
previous-last-six,validation,2025,305,42,47 19 43 48 34 39,1
previous-last-six,validation,2025,306,17,42 45 29 24 27 11,1
previous-last-six,validation,2025,307,20,4 38 22 7 9 17,1
previous-last-six,validation,2025,308,39,29 4 20 44 1 24,1
previous-last-six,validation,2025,309,6,46 48 1 40 14 39,1
previous-last-six,validation,2025,310,16,4 6 32 13 16 7,0
previous-last-six,validation,2025,311,37,4 43 10 16 9 17,1
previous-last-six,validation,2025,312,14,4 32 2 37 39 7,1
previous-last-six,validation,2025,313,38,47 3 35 1 14 18,1
previous-last-six,validation,2025,314,23,49 29 38 10 22 39,1
previous-last-six,validation,2025,315,4,26 19 38 23 44 37,1
previous-last-six,validation,2025,316,24,15 4 8 20 43 37,1
previous-last-six,validation,2025,317,18,42 29 25 40 24 17,1
previous-last-six,validation,2025,318,6,3 6 32 10 1 18,0
previous-last-six,validation,2025,319,45,30 6 46 20 22 7,1
previous-last-six,validation,2025,320,28,21 45 31 16 22 17,1
previous-last-six,validation,2025,321,23,20 48 28 40 34 7,1
previous-last-six,validation,2025,322,47,25 8 23 10 24 34,1
previous-last-six,validation,2025,323,9,47 29 6 33 34 17,1
previous-last-six,validation,2025,324,15,29 19 46 28 36 9,1
previous-last-six,validation,2025,325,4,15 30 38 10 31 28,1
previous-last-six,validation,2025,326,19,49 4 2 33 5 17,1
previous-last-six,validation,2025,327,37,19 4 46 31 33 11,1
previous-last-six,validation,2025,328,3,21 31 44 37 22 9,1
previous-last-six,validation,2025,329,17,15 3 8 13 22 34,1
previous-last-six,validation,2025,330,36,45 19 13 44 37 17,1
previous-last-six,validation,2025,331,26,6 32 37 1 36 11,1
previous-last-six,validation,2025,332,26,21 47 26 2 22 24,0
previous-last-six,validation,2025,333,6,26 45 30 19 8 23,1
previous-last-six,validation,2025,334,46,6 31 37 36 27 11,1
previous-last-six,validation,2025,335,44,49 29 41 46 1 33,1
previous-last-six,validation,2025,336,17,3 35 46 13 31 44,1
previous-last-six,validation,2025,337,9,42 15 6 13 10 17,1
previous-last-six,validation,2025,338,8,42 32 44 24 14 9,1
previous-last-six,validation,2025,339,48,15 25 8 10 48 34,0
previous-last-six,validation,2025,340,16,31 48 36 40 22 39,1
previous-last-six,validation,2025,341,6,15 10 16 28 22 17,1
previous-last-six,validation,2025,342,4,42 6 35 12 34 7,1
previous-last-six,validation,2025,343,38,15 19 4 8 24 17,1
previous-last-six,validation,2025,344,27,45 41 35 38 46 28,1
previous-last-six,validation,2025,345,24,21 47 42 10 40 27,1
previous-last-six,validation,2025,346,3,3 32 23 24 11 9,0
previous-last-six,validation,2025,347,13,26 3 46 20 40 34,1
previous-last-six,validation,2025,348,16,26 8 13 37 28 24,1
previous-last-six,validation,2025,349,22,21 26 16 44 22 34,0
previous-last-six,validation,2025,350,49,4 46 40 22 11 39,1
previous-last-six,validation,2025,351,4,49 47 42 35 16 22,1
previous-last-six,validation,2025,352,44,15 3 4 12 10 11,1
previous-last-six,validation,2025,353,1,26 29 2 10 44 9,1
previous-last-six,validation,2025,354,30,26 6 46 16 48 1,1
previous-last-six,validation,2025,355,8,15 30 4 48 28 5,1
previous-last-six,validation,2025,356,24,15 30 6 8 28 9,1
previous-last-six,validation,2025,357,49,3 8 13 36 24 11,1
previous-last-six,validation,2025,358,7,49 35 13 2 43 24,1
previous-last-six,validation,2025,359,11,42 35 43 22 18 7,1
previous-last-six,validation,2025,360,41,42 45 6 38 23 11,1
previous-last-six,validation,2025,361,24,15 6 41 12 44 39,1
previous-last-six,validation,2025,362,23,38 20 2 33 24 11,1
previous-last-six,validation,2025,363,26,30 6 8 23 37 11,1
previous-last-six,validation,2025,364,12,21 15 26 4 13 9,1
previous-last-six,validation,2025,365,26,12 2 43 28 22 11,1
previous-last-six,evaluation,2026,1,29,26 29 20 10 16 33,0
previous-last-six,evaluation,2026,2,22,42 29 8 43 33 11,1
previous-last-six,evaluation,2026,3,9,15 3 4 22 11 7,1
previous-last-six,evaluation,2026,4,45,42 15 44 7 9 17,1
previous-last-six,evaluation,2026,5,43,49 45 19 35 36 7,1
previous-last-six,evaluation,2026,6,13,19 20 13 43 36 17,0
previous-last-six,evaluation,2026,7,41,21 15 6 41 46 13,0
previous-last-six,evaluation,2026,8,21,15 45 41 44 40 34,1
previous-last-six,evaluation,2026,9,28,21 45 29 19 36 39,1
previous-last-six,evaluation,2026,10,27,49 6 28 22 18 7,1
previous-last-six,evaluation,2026,11,11,49 30 38 24 27 11,0
previous-last-six,evaluation,2026,12,11,15 10 48 5 11 7,0
previous-last-six,evaluation,2026,13,1,26 45 41 20 33 11,1
previous-last-six,evaluation,2026,14,26,19 6 44 37 1 27,1
previous-last-six,evaluation,2026,15,31,26 8 12 13 43 31,0
previous-last-six,evaluation,2026,16,6,15 30 8 20 31 33,1
previous-last-six,evaluation,2026,17,32,26 6 38 12 48 40,1
previous-last-six,evaluation,2026,18,39,41 32 2 31 33 18,1
previous-last-six,evaluation,2026,19,46,42 15 25 43 31 39,1
previous-last-six,evaluation,2026,20,12,45 19 25 46 22 7,1
previous-last-six,evaluation,2026,21,42,47 12 37 24 14 11,1
previous-last-six,evaluation,2026,22,18,42 45 10 33 24 7,1
previous-last-six,evaluation,2026,23,47,30 46 8 20 37 18,1
previous-last-six,evaluation,2026,24,28,47 29 38 31 36 18,1
previous-last-six,evaluation,2026,25,37,15 45 25 23 44 28,1
previous-last-six,evaluation,2026,26,19,6 41 10 37 14 9,1
previous-last-six,evaluation,2026,27,45,42 19 13 37 24 34,1
previous-last-six,evaluation,2026,28,3,49 45 46 10 16 18,1
previous-last-six,evaluation,2026,29,1,49 47 3 32 28 39,1
previous-last-six,evaluation,2026,30,41,3 4 8 1 5 18,1
previous-last-six,evaluation,2026,31,26,47 4 6 41 35 1,1
previous-last-six,evaluation,2026,32,6,26 19 25 5 11 7,1
previous-last-six,evaluation,2026,33,41,6 20 10 11 39 17,1
previous-last-six,evaluation,2026,34,19,41 46 8 33 22 11,1
previous-last-six,evaluation,2026,35,27,45 30 19 35 23 24,1
previous-last-six,evaluation,2026,36,1,47 19 41 44 36 27,1
previous-last-six,evaluation,2026,37,43,20 48 1 27 11 39,1
previous-last-six,evaluation,2026,38,42,42 45 13 43 44 39,0
previous-last-six,evaluation,2026,39,11,49 42 20 12 40 34,1
previous-last-six,evaluation,2026,40,28,29 4 8 20 10 11,1
previous-last-six,evaluation,2026,41,36,49 29 6 28 27 11,1
previous-last-six,evaluation,2026,42,16,8 32 44 36 27 17,1
previous-last-six,evaluation,2026,43,13,19 16 1 22 18 17,1
previous-last-six,evaluation,2026,44,19,42 3 35 13 33 40,1
previous-last-six,evaluation,2026,45,1,47 19 38 48 39 17,1
previous-last-six,evaluation,2026,46,3,42 38 13 1 22 27,1
previous-last-six,evaluation,2026,47,39,3 20 36 22 39 9,0
previous-last-six,evaluation,2026,48,24,47 42 35 46 23 39,1
previous-last-six,evaluation,2026,49,13,29 38 46 32 16 24,1
previous-last-six,evaluation,2026,50,23,49 42 12 13 31 22,1
previous-last-six,evaluation,2026,51,1,30 13 23 44 37 33,1
previous-last-six,evaluation,2026,52,38,42 6 38 44 1 14,0
previous-last-six,evaluation,2026,53,15,35 38 46 13 40 14,1
previous-last-six,evaluation,2026,54,48,15 41 12 33 18 17,1
previous-last-six,evaluation,2026,55,14,49 30 19 32 48 11,1
previous-last-six,evaluation,2026,56,48,21 20 28 14 39 9,1
previous-last-six,evaluation,2026,57,23,26 6 10 48 7 9,1
previous-last-six,evaluation,2026,58,31,26 30 29 23 40 34,1
previous-last-six,evaluation,2026,59,10,21 38 13 31 33 40,1
previous-last-six,evaluation,2026,60,9,19 12 43 10 28 24,1
previous-last-six,evaluation,2026,61,29,1 40 27 34 39 9,1
previous-last-six,evaluation,2026,62,24,29 25 8 2 37 17,1
previous-last-six,evaluation,2026,63,28,49 42 29 6 35 24,1
previous-last-six,evaluation,2026,64,18,26 2 31 44 37 28,1
previous-last-six,evaluation,2026,65,5,2 23 44 40 18 34,1
previous-last-six,evaluation,2026,66,37,45 38 33 5 24 17,1
previous-last-six,evaluation,2026,67,5,20 2 44 37 28 36,1
previous-last-six,evaluation,2026,68,23,26 30 6 1 5 9,1
previous-last-six,evaluation,2026,69,24,21 26 38 2 23 1,1
previous-last-six,evaluation,2026,70,25,8 10 16 36 24 34,1
previous-last-six,evaluation,2026,71,48,25 41 23 10 7 17,1
previous-last-six,evaluation,2026,72,46,30 25 41 8 48 5,1
previous-last-six,evaluation,2026,73,34,42 25 46 44 1 28,1
previous-last-six,evaluation,2026,74,10,29 1 33 36 14 34,1
previous-last-six,evaluation,2026,75,33,49 25 32 10 31 24,1
previous-last-six,evaluation,2026,76,2,26 41 20 33 22 27,1
previous-last-six,evaluation,2026,77,29,3 41 2 22 24 7,1
previous-last-six,evaluation,2026,78,46,30 29 25 46 32 39,0
previous-last-six,evaluation,2026,79,35,46 8 2 10 33 17,1
previous-last-six,evaluation,2026,80,3,4 6 35 20 43 34,1
previous-last-six,evaluation,2026,81,17,42 3 48 18 9 17,0
previous-last-six,evaluation,2026,82,27,15 41 35 36 14 17,1
previous-last-six,evaluation,2026,83,5,21 25 41 37 33 27,1
previous-last-six,evaluation,2026,84,16,30 8 23 1 5 36,1
previous-last-six,evaluation,2026,85,19,20 2 31 16 5 24,1
previous-last-six,evaluation,2026,86,12,19 6 20 13 33 27,1
previous-last-six,evaluation,2026,87,26,26 12 36 24 14 34,0
previous-last-six,evaluation,2026,88,27,21 47 26 29 2 1,1
previous-last-six,evaluation,2026,89,49,42 46 12 10 27 18,1
previous-last-six,evaluation,2026,90,36,49 21 44 5 22 34,1
previous-last-six,evaluation,2026,91,37,29 8 20 37 36 17,0
previous-last-six,evaluation,2026,92,6,42 32 37 5 24 17,1
previous-last-six,evaluation,2026,93,40,47 42 19 6 25 38,1
previous-last-six,evaluation,2026,94,17,47 26 4 48 40 18,1
previous-last-six,evaluation,2026,95,35,4 25 38 43 28 17,1
previous-last-six,evaluation,2026,96,43,21 35 38 48 1 39,1
previous-last-six,evaluation,2026,97,11,15 26 25 43 37 5,1
previous-last-six,evaluation,2026,98,17,26 29 46 8 44 11,1
previous-last-six,evaluation,2026,99,12,49 3 8 32 14 17,1
previous-last-six,evaluation,2026,100,33,12 32 28 22 18 17,1
previous-last-six,evaluation,2026,101,39,45 3 4 32 48 33,1
previous-last-six,evaluation,2026,102,20,8 20 12 2 34 39,0
previous-last-six,evaluation,2026,103,6,3 46 20 32 36 39,1
previous-last-six,evaluation,2026,104,1,30 3 4 6 1 39,0
previous-last-six,evaluation,2026,105,28,49 45 3 48 1 39,1
previous-last-six,evaluation,2026,106,22,19 44 28 36 11 17,1
previous-last-six,evaluation,2026,107,49,46 48 5 40 22 11,1
previous-last-six,evaluation,2026,108,45,49 6 41 43 10 34,1
previous-last-six,evaluation,2026,109,16,26 45 30 48 40 14,1
previous-last-six,evaluation,2026,110,30,19 8 43 16 24 7,1
previous-last-six,evaluation,2026,111,1,45 30 3 29 19 43,1
previous-last-six,evaluation,2026,112,9,21 41 38 23 1 33,1
previous-last-six,evaluation,2026,113,2,30 19 10 44 7 9,1
previous-last-six,evaluation,2026,114,30,49 15 32 2 22 17,1
previous-last-six,evaluation,2026,115,4,30 25 41 10 1 36,1
previous-last-six,evaluation,2026,116,22,29 4 25 8 16 7,1
previous-last-six,evaluation,2026,117,16,46 10 16 48 33 22,0
previous-last-six,evaluation,2026,118,8,19 46 2 16 33 7,1
previous-last-six,evaluation,2026,119,11,49 46 8 37 40 22,1
previous-last-six,evaluation,2026,120,6,30 32 40 22 18 11,1
previous-last-six,evaluation,2026,121,44,6 20 23 48 24 7,1
previous-last-six,evaluation,2026,122,1,21 6 35 20 44 48,1
previous-last-six,evaluation,2026,123,46,15 45 25 23 1 22,1
previous-last-six,evaluation,2026,124,39,49 42 46 23 44 17,1
previous-last-six,evaluation,2026,125,31,12 10 5 22 39 17,1
previous-last-six,evaluation,2026,126,49,30 19 38 31 39 7,1
previous-last-six,evaluation,2026,127,45,49 3 10 1 5 9,1
previous-last-six,evaluation,2026,128,37,45 3 29 8 27 7,1
previous-last-six,evaluation,2026,129,41,42 45 46 2 37 7,1
previous-last-six,evaluation,2026,130,29,21 25 41 40 7 17,1
previous-last-six,evaluation,2026,131,7,26 29 25 5 11 9,1
previous-last-six,evaluation,2026,132,30,21 25 32 1 40 7,1
previous-last-six,evaluation,2026,133,7,30 35 20 44 11 39,1
previous-last-six,evaluation,2026,134,37,26 23 44 1 14 7,1
previous-last-six,evaluation,2026,135,30,49 46 44 37 40 22,1
previous-last-six,evaluation,2026,136,48,47 30 35 20 18 9,1
previous-last-six,evaluation,2026,137,26,15 12 48 24 14 17,1
previous-last-six,evaluation,2026,138,49,26 19 20 32 5 7,1
previous-last-six,evaluation,2026,139,24,49 6 46 20 22 24,0
previous-last-six,evaluation,2026,140,16,45 30 48 1 36 24,1
previous-last-six,evaluation,2026,141,33,42 4 46 10 16 34,1
previous-last-six,evaluation,2026,142,23,8 32 2 33 34 17,1
previous-last-six,evaluation,2026,143,44,21 15 26 35 23 18,1
previous-last-six,evaluation,2026,144,43,26 32 2 44 33 18,1
previous-last-six,evaluation,2026,145,5,26 29 43 31 33 22,1
previous-last-six,evaluation,2026,146,42,25 32 43 37 5 18,1
previous-last-six,evaluation,2026,147,13,42 30 19 20 16 5,1
previous-last-six,evaluation,2026,148,48,6 13 10 31 40 18,1
previous-last-six,evaluation,2026,149,27,4 23 31 48 24 27,0
previous-last-six,evaluation,2026,150,9,45 30 4 20 44 27,1
previous-last-six,evaluation,2026,151,31,19 4 25 44 22 9,1
previous-last-six,evaluation,2026,152,45,42 15 29 41 20 31,1
previous-last-six,evaluation,2026,153,41,47 45 16 44 1 36,1
previous-last-six,evaluation,2026,154,41,6 41 38 33 28 40,0
previous-last-six,evaluation,2026,155,7,42 41 23 31 28 34,1
previous-last-six,evaluation,2026,156,1,47 46 13 37 40 7,1
previous-last-six,evaluation,2026,157,40,3 12 16 37 1 11,1
previous-last-six,evaluation,2026,158,16,25 10 31 40 11 17,1
previous-last-six,evaluation,2026,159,39,3 12 23 16 48 1,1
previous-last-six,evaluation,2026,160,2,4 46 20 28 39 17,1
previous-last-six,evaluation,2026,161,8,26 30 29 2 16 1,1
previous-last-six,evaluation,2026,162,32,42 19 46 8 40 34,1
previous-last-six,evaluation,2026,163,37,26 41 32 33 24 7,1
previous-last-six,evaluation,2026,164,21,41 8 10 37 33 7,1
previous-last-six,evaluation,2026,165,3,21 3 4 38 12 2,0
previous-last-six,evaluation,2026,166,6,49 47 3 2 1 9,1
previous-last-six,evaluation,2026,167,19,21 15 4 6 1 28,1
previous-last-six,evaluation,2026,168,15,3 19 40 11 39 7,1
previous-last-six,evaluation,2026,169,24,15 33 5 40 24 11,0
previous-last-six,evaluation,2026,170,3,30 8 37 40 22 24,1
previous-last-six,evaluation,2026,171,28,3 6 38 46 20 34,1
previous-last-six,evaluation,2026,172,44,42 38 46 31 28 40,1
previous-last-six,evaluation,2026,173,26,42 45 8 44 37 34,1
previous-last-six,evaluation,2026,174,41,26 19 6 13 16 40,1
previous-last-six,evaluation,2026,175,26,21 41 8 13 28 34,1
previous-last-six,evaluation,2026,176,10,26 30 29 19 25 28,1
previous-last-six,evaluation,2026,177,14,15 38 2 10 31 36,1
previous-last-six,evaluation,2026,178,18,21 2 44 1 5 14,1
previous-last-six,evaluation,2026,179,15,46 31 44 22 18 17,1
previous-last-six,evaluation,2026,180,21,15 26 6 31 11 9,1
previous-last-six,evaluation,2026,181,19,49 21 30 19 10 37,0
previous-last-six,evaluation,2026,182,41,47 15 29 19 6 34,1
previous-last-six,evaluation,2026,183,24,45 41 23 24 39 9,0
previous-last-six,evaluation,2026,184,1,42 3 46 37 24 9,1
previous-last-six,evaluation,2026,185,36,25 20 1 36 24 11,0
previous-last-six,evaluation,2026,186,23,30 41 35 12 36 9,1
previous-last-six,evaluation,2026,187,1,29 38 23 1 5 22,0
previous-last-six,evaluation,2026,188,16,38 12 1 36 22 27,1
previous-last-six,evaluation,2026,189,15,19 10 16 1 5 14,1
previous-last-six,evaluation,2026,190,16,15 38 20 12 43 37,1
previous-last-six,evaluation,2026,191,29,29 19 16 48 37 14,0
previous-last-six,evaluation,2026,192,25,26 29 43 16 24 39,1
previous-last-six,evaluation,2026,193,9,45 30 25 8 37 1,1
previous-last-six,evaluation,2026,194,26,49 45 29 25 11 9,1
previous-last-six,evaluation,2026,195,25,21 15 26 4 22 34,1
previous-last-six,evaluation,2026,196,39,19 4 25 23 39 9,0
previous-last-six,evaluation,2026,197,8,19 41 10 37 24 39,1
previous-last-six,evaluation,2026,198,7,30 19 8 44 48 28,1
previous-last-six,evaluation,2026,199,36,21 45 35 12 24 7,1
previous-last-six,evaluation,2026,200,39,49 42 45 38 5 36,1
previous-last-six,evaluation,2026,201,32,29 35 46 32 5 39,0
previous-last-six,evaluation,2026,202,40,19 25 38 32 31 28,1
previous-last-six,evaluation,2026,203,25,47 15 45 25 13 40,0
previous-last-six,evaluation,2026,204,5,3 25 31 44 37 11,1
previous-last-six,evaluation,2026,205,3,26 12 10 5 7 17,1
previous-last-six,evaluation,2026,206,47,3 12 28 11 39 17,1
previous-last-six,evaluation,2026,207,31,49 47 3 35 37 40,1
previous-last-six,evaluation,2026,208,19,26 13 23 31 44 40,1
previous-last-six,evaluation,2026,209,8,19 35 23 48 28 40,1
previous-last-six,evaluation,2026,210,49,21 8 5 22 14 39,1
previous-last-six,evaluation,2026,211,1,49 42 15 48 37 17,1
previous-last-six,evaluation,2026,212,6,38 8 12 37 1 39,1
previous-last-six,evaluation,2026,213,35,19 6 32 16 27 39,1
previous-last-six,evaluation,2026,214,4,15 35 12 1 5 22,1
previous-last-six,evaluation,2026,215,14,30 4 38 43 31 27,1
previous-last-six,evaluation,2026,216,37,30 38 13 1 14 11,1
previous-last-six,evaluation,2026,217,26,45 41 32 44 37 36,1
previous-last-six,evaluation,2026,218,17,42 26 30 12 11 7,1
previous-last-six,evaluation,2026,219,43,47 38 46 13 23 17,1
previous-last-six,evaluation,2026,220,48,29 41 8 43 22 7,1
previous-last-six,evaluation,2026,221,1,4 25 38 12 48 39,1
previous-last-six,evaluation,2026,222,26,46 48 1 28 14 18,1
previous-last-six,evaluation,2026,223,23,47 26 38 27 14 18,1
previous-last-six,evaluation,2026,224,9,29 38 43 23 44 1,1
previous-last-six,evaluation,2026,225,1,49 19 8 36 18 9,1
previous-last-six,evaluation,2026,226,17,19 38 10 1 27 34,1
previous-last-six,evaluation,2026,227,16,29 4 38 33 11 17,1
previous-last-six,evaluation,2026,228,23,29 13 31 16 24 7,1
previous-last-six,evaluation,2026,229,38,26 29 6 8 23 18,1
previous-last-six,evaluation,2026,230,16,15 38 13 16 33 7,0
previous-last-six,evaluation,2026,231,20,49 47 26 10 16 14,1
previous-last-six,evaluation,2026,232,42,46 8 20 13 23 11,1
previous-last-six,evaluation,2026,233,7,42 4 46 20 10 17,1
previous-last-six,evaluation,2026,234,39,49 4 41 5 34 7,1
previous-last-six,evaluation,2026,235,32,30 19 37 39 7 17,1
previous-last-six,evaluation,2026,236,11,21 26 35 32 44 17,1
previous-last-six,evaluation,2026,237,12,42 35 14 11 9 17,1
previous-last-six,evaluation,2026,238,17,6 25 41 12 36 14,1
previous-last-six,evaluation,2026,239,5,21 4 23 44 7 17,1
previous-last-six,evaluation,2026,240,27,43 5 22 34 7 17,1
previous-last-six,evaluation,2026,241,49,26 37 28 22 27 34,1
previous-last-six,evaluation,2026,242,9,49 21 42 45 41 27,1
previous-last-six,evaluation,2026,243,21,35 46 32 13 31 9,1
previous-last-six,evaluation,2026,244,46,21 46 12 24 9 17,0
previous-last-six,evaluation,2026,245,18,3 46 33 40 14 17,1
previous-last-six,evaluation,2026,246,30,38 13 2 23 14 18,1
previous-last-six,evaluation,2026,247,40,30 19 20 10 1 24,1
previous-last-six,evaluation,2026,248,20,29 4 46 43 40 9,1
previous-last-six,evaluation,2026,249,23,49 26 20 27 14 39,1
previous-last-six,evaluation,2026,250,14,26 29 13 23 36 22,1
previous-last-six,evaluation,2026,251,30,47 6 37 14 39 17,1
previous-last-six,evaluation,2026,252,22,45 30 6 25 8 11,1
previous-last-six,evaluation,2026,253,16,6 41 13 43 48 22,1
previous-last-six,evaluation,2026,254,2,49 15 35 13 16 28,1
previous-last-six,evaluation,2026,255,44,6 35 2 10 16 44,0
previous-last-six,evaluation,2026,256,1,47 6 44 22 11 39,1
previous-last-six,evaluation,2026,257,7,15 3 37 1 7 9,0
previous-last-six,evaluation,2026,258,46,47 45 46 27 39 7,0
previous-last-six,evaluation,2026,259,22,21 19 35 46 23 5,1
previous-last-six,evaluation,2026,260,20,49 30 19 33 36 22,1
previous-last-six,evaluation,2026,261,24,26 6 20 32 44 48,1
previous-last-six,evaluation,2026,262,30,47 29 25 46 43 24,1
previous-last-six,evaluation,2026,263,9,47 30 33 36 22 7,1
previous-last-six,evaluation,2026,264,21,3 13 2 28 24 9,1
previous-last-six,evaluation,2026,265,49,21 6 8 31 22 24,1
previous-last-six,evaluation,2026,266,8,49 26 46 23 44 40,1
