model,split,year,period,actual,excluded6,success6,success10
frequency-30,validation,2025,246,6,49 21 47 26 45 30,1,0
frequency-30,validation,2025,247,25,49 21 47 26 45 30,1,1
frequency-30,validation,2025,248,12,49 21 47 26 45 30,1,1
frequency-30,validation,2025,249,2,49 21 47 26 45 30,1,1
frequency-30,validation,2025,250,12,49 21 47 26 45 30,1,1
frequency-30,validation,2025,251,35,49 21 47 26 45 30,1,1
frequency-30,validation,2025,252,23,49 21 47 26 45 30,1,1
frequency-30,validation,2025,253,33,49 21 47 26 45 30,1,1
frequency-30,validation,2025,254,17,49 21 47 26 45 30,1,1
frequency-30,validation,2025,255,42,49 21 47 26 45 30,1,1
frequency-30,validation,2025,256,48,49 21 47 26 45 30,1,1
frequency-30,validation,2025,257,28,49 21 47 26 45 30,1,1
frequency-30,validation,2025,258,38,49 21 47 26 45 30,1,1
frequency-30,validation,2025,259,47,49 21 47 15 26 45,0,0
frequency-30,validation,2025,260,3,49 21 15 26 45 30,1,0
frequency-30,validation,2025,261,33,49 21 15 26 45 30,1,1
frequency-30,validation,2025,262,44,49 21 15 26 45 30,1,1
frequency-30,validation,2025,263,38,49 21 15 26 45 30,1,1
frequency-30,validation,2025,264,43,49 21 15 26 45 30,1,1
frequency-30,validation,2025,265,10,49 21 15 26 45 30,1,1
frequency-30,validation,2025,266,41,49 21 15 26 45 30,1,0
frequency-30,validation,2025,267,29,49 21 15 26 45 30,1,0
frequency-30,validation,2025,268,10,49 21 15 26 45 30,1,1
frequency-30,validation,2025,269,31,49 21 15 26 45 30,1,1
frequency-30,validation,2025,270,35,49 21 15 26 45 30,1,1
frequency-30,validation,2025,271,6,49 21 15 26 45 30,1,1
frequency-30,validation,2025,272,36,49 21 15 26 45 30,1,1
frequency-30,validation,2025,273,4,49 21 15 26 45 30,1,0
frequency-30,validation,2025,274,44,49 21 15 26 45 30,1,1
frequency-30,validation,2025,275,45,49 21 15 26 45 30,0,0
frequency-30,validation,2025,276,9,49 21 15 26 30 19,1,1
frequency-30,validation,2025,277,16,49 21 15 26 30 19,1,1
frequency-30,validation,2025,278,28,49 21 15 26 30 19,1,1
frequency-30,validation,2025,279,27,49 21 15 26 30 19,1,1
frequency-30,validation,2025,280,42,49 21 15 26 30 19,1,1
frequency-30,validation,2025,281,47,49 21 15 26 30 19,1,1
frequency-30,validation,2025,282,41,49 21 15 26 30 19,1,1
frequency-30,validation,2025,283,45,49 21 15 26 30 19,1,1
frequency-30,validation,2025,284,41,49 21 15 26 30 19,1,1
frequency-30,validation,2025,285,24,49 21 15 26 30 19,1,1
frequency-30,validation,2025,286,3,49 21 15 26 30 19,1,1
frequency-30,validation,2025,287,34,49 21 15 26 30 19,1,1
frequency-30,validation,2025,288,14,49 21 15 26 30 19,1,1
frequency-30,validation,2025,289,42,49 21 15 26 30 19,1,1
frequency-30,validation,2025,290,19,49 21 15 26 30 19,0,0
frequency-30,validation,2025,291,44,49 21 15 26 30 25,1,1
frequency-30,validation,2025,292,2,49 21 15 26 30 25,1,1
frequency-30,validation,2025,293,47,49 21 15 26 30 25,1,1
frequency-30,validation,2025,294,18,49 21 15 26 30 25,1,1
frequency-30,validation,2025,295,5,49 21 15 26 30 25,1,1
frequency-30,validation,2025,296,22,49 21 15 26 30 25,1,1
frequency-30,validation,2025,297,44,49 21 15 26 30 25,1,1
frequency-30,validation,2025,298,23,49 21 15 26 30 29,1,1
frequency-30,validation,2025,299,49,49 21 15 26 30 29,0,0
frequency-30,validation,2025,300,40,21 15 26 30 29 25,1,1
frequency-30,validation,2025,301,5,21 15 26 30 29 25,1,1
frequency-30,validation,2025,302,22,21 15 26 30 29 6,1,1
frequency-30,validation,2025,303,15,21 15 26 30 29 6,0,0
frequency-30,validation,2025,304,48,21 26 30 29 4 6,1,1
frequency-30,validation,2025,305,42,21 26 30 29 4 6,1,1
frequency-30,validation,2025,306,17,21 26 30 29 4 6,1,1
frequency-30,validation,2025,307,20,21 26 30 29 4 6,1,1
frequency-30,validation,2025,308,39,21 26 30 29 4 6,1,1
frequency-30,validation,2025,309,6,21 26 30 29 4 6,0,0
frequency-30,validation,2025,310,16,21 26 30 29 4 25,1,1
frequency-30,validation,2025,311,37,21 26 30 29 4 25,1,1
frequency-30,validation,2025,312,14,21 26 30 29 4 25,1,1
frequency-30,validation,2025,313,38,21 26 30 29 4 25,1,0
frequency-30,validation,2025,314,23,21 26 45 30 29 4,1,1
frequency-30,validation,2025,315,4,21 26 45 30 29 4,0,0
frequency-30,validation,2025,316,24,21 26 45 30 29 25,1,1
frequency-30,validation,2025,317,18,21 26 45 30 3 29,1,1
frequency-30,validation,2025,318,6,21 26 45 30 3 29,1,1
frequency-30,validation,2025,319,45,21 26 45 30 3 29,0,0
frequency-30,validation,2025,320,28,21 26 30 3 29 25,1,1
frequency-30,validation,2025,321,23,21 26 30 3 29 19,1,1
frequency-30,validation,2025,322,47,21 26 30 3 29 19,1,1
frequency-30,validation,2025,323,9,21 26 30 3 29 19,1,1
frequency-30,validation,2025,324,15,21 26 30 3 29 19,1,1
frequency-30,validation,2025,325,4,21 26 30 3 29 19,1,1
frequency-30,validation,2025,326,19,21 26 30 3 29 19,0,0
frequency-30,validation,2025,327,37,21 26 30 3 29 25,1,1
frequency-30,validation,2025,328,3,21 26 30 3 29 25,0,0
frequency-30,validation,2025,329,17,21 26 30 29 25 41,1,1
frequency-30,validation,2025,330,36,49 21 26 30 29 25,1,1
frequency-30,validation,2025,331,26,49 21 26 30 29 25,0,0
frequency-30,validation,2025,332,26,49 21 30 29 25 41,1,1
frequency-30,validation,2025,333,6,49 21 30 29 25 41,1,1
frequency-30,validation,2025,334,46,49 21 30 29 25 41,1,0
frequency-30,validation,2025,335,44,49 21 30 29 25 41,1,1
frequency-30,validation,2025,336,17,49 21 42 30 29 25,1,1
frequency-30,validation,2025,337,9,49 21 42 30 29 25,1,1
frequency-30,validation,2025,338,8,49 21 42 30 29 25,1,0
frequency-30,validation,2025,339,48,49 21 42 30 29 25,1,1
frequency-30,validation,2025,340,16,49 21 42 30 29 25,1,1
frequency-30,validation,2025,341,6,49 21 42 30 29 25,1,1
frequency-30,validation,2025,342,4,49 21 42 30 29 25,1,1
frequency-30,validation,2025,343,38,49 21 42 30 29 25,1,1
frequency-30,validation,2025,344,27,49 21 42 30 29 25,1,1
frequency-30,validation,2025,345,24,49 21 42 30 29 25,1,1
frequency-30,validation,2025,346,3,49 21 42 30 29 25,1,1
frequency-30,validation,2025,347,13,49 21 42 30 29 25,1,1
frequency-30,validation,2025,348,16,49 21 42 30 29 25,1,1
frequency-30,validation,2025,349,22,49 21 42 30 29 25,1,1
frequency-30,validation,2025,350,49,49 21 42 45 30 29,0,0
frequency-30,validation,2025,351,4,21 42 45 30 29 25,1,1
frequency-30,validation,2025,352,44,21 42 45 30 29 25,1,1
frequency-30,validation,2025,353,1,21 47 42 45 30 29,1,1
frequency-30,validation,2025,354,30,21 47 42 45 30 29,0,0
frequency-30,validation,2025,355,8,21 47 42 15 45 29,1,1
frequency-30,validation,2025,356,24,21 47 42 15 45 29,1,1
frequency-30,validation,2025,357,49,21 47 42 15 45 29,1,1
frequency-30,validation,2025,358,7,21 47 42 15 45 29,1,1
frequency-30,validation,2025,359,11,21 47 42 15 45 29,1,1
frequency-30,validation,2025,360,41,21 47 42 15 45 29,1,0
frequency-30,validation,2025,361,24,21 47 42 15 45 29,1,1
frequency-30,validation,2025,362,23,21 47 42 15 45 29,1,1
frequency-30,validation,2025,363,26,21 47 42 15 26 45,0,0
frequency-30,validation,2025,364,12,21 47 42 15 45 29,1,1
frequency-30,validation,2025,365,26,21 47 42 15 45 29,1,1
frequency-30,evaluation,2026,1,29,21 47 42 15 45 29,0,0
frequency-30,evaluation,2026,2,22,21 47 42 15 45 19,1,1
frequency-30,evaluation,2026,3,9,21 47 42 15 45 19,1,1
frequency-30,evaluation,2026,4,45,21 47 42 15 45 19,0,0
frequency-30,evaluation,2026,5,43,21 47 42 15 19 25,1,1
frequency-30,evaluation,2026,6,13,21 47 42 15 19 25,1,1
frequency-30,evaluation,2026,7,41,21 47 42 15 19 6,1,1
frequency-30,evaluation,2026,8,21,21 47 42 15 19 6,0,0
frequency-30,evaluation,2026,9,28,47 42 15 19 6 25,1,1
frequency-30,evaluation,2026,10,27,47 42 15 19 6 25,1,1
frequency-30,evaluation,2026,11,11,47 42 15 19 6 25,1,1
frequency-30,evaluation,2026,12,11,47 42 15 3 19 6,1,1
frequency-30,evaluation,2026,13,1,47 42 15 3 19 6,1,1
frequency-30,evaluation,2026,14,26,47 42 15 3 19 6,1,1
frequency-30,evaluation,2026,15,31,47 42 15 3 19 6,1,1
frequency-30,evaluation,2026,16,6,47 42 15 3 19 6,0,0
frequency-30,evaluation,2026,17,32,47 42 15 3 19 4,1,1
frequency-30,evaluation,2026,18,39,47 42 15 3 19 4,1,1
frequency-30,evaluation,2026,19,46,47 42 15 3 19 4,1,0
frequency-30,evaluation,2026,20,12,47 42 15 30 3 19,1,1
frequency-30,evaluation,2026,21,42,47 42 15 30 3 19,0,0
frequency-30,evaluation,2026,22,18,47 15 30 3 19 4,1,1
frequency-30,evaluation,2026,23,47,49 47 15 30 3 19,0,0
frequency-30,evaluation,2026,24,28,49 15 30 3 19 4,1,1
frequency-30,evaluation,2026,25,37,49 15 30 3 19 4,1,1
frequency-30,evaluation,2026,26,19,49 15 30 3 19 4,0,0
frequency-30,evaluation,2026,27,45,49 15 30 3 4 25,1,1
frequency-30,evaluation,2026,28,3,49 15 30 3 4 25,0,0
frequency-30,evaluation,2026,29,1,49 15 30 4 25 35,1,1
frequency-30,evaluation,2026,30,41,49 15 30 4 25 35,1,1
frequency-30,evaluation,2026,31,26,49 15 30 4 25 35,1,1
frequency-30,evaluation,2026,32,6,49 15 30 29 4 25,1,1
frequency-30,evaluation,2026,33,41,49 15 30 29 4 25,1,1
frequency-30,evaluation,2026,34,19,49 15 30 29 4 25,1,1
frequency-30,evaluation,2026,35,27,49 15 30 29 4 25,1,1
frequency-30,evaluation,2026,36,1,49 15 30 29 4 25,1,1
frequency-30,evaluation,2026,37,43,49 15 30 29 4 25,1,1
frequency-30,evaluation,2026,38,42,49 15 30 29 4 25,1,1
frequency-30,evaluation,2026,39,11,49 21 15 30 29 4,1,1
frequency-30,evaluation,2026,40,28,49 21 15 30 29 4,1,1
frequency-30,evaluation,2026,41,36,49 21 15 30 29 4,1,1
frequency-30,evaluation,2026,42,16,49 21 15 30 29 4,1,1
frequency-30,evaluation,2026,43,13,49 21 15 30 29 4,1,1
frequency-30,evaluation,2026,44,19,49 21 15 30 29 4,1,1
frequency-30,evaluation,2026,45,1,49 21 15 30 29 4,1,1
frequency-30,evaluation,2026,46,3,49 21 15 30 29 4,1,1
frequency-30,evaluation,2026,47,39,49 21 15 30 29 4,1,1
frequency-30,evaluation,2026,48,24,49 21 15 30 29 4,1,1
frequency-30,evaluation,2026,49,13,49 21 15 30 29 4,1,1
frequency-30,evaluation,2026,50,23,49 21 15 30 29 4,1,1
frequency-30,evaluation,2026,51,1,49 21 15 30 29 4,1,1
frequency-30,evaluation,2026,52,38,49 21 15 30 29 4,1,0
frequency-30,evaluation,2026,53,15,49 21 15 30 29 4,0,0
frequency-30,evaluation,2026,54,48,49 21 47 30 29 4,1,1
frequency-30,evaluation,2026,55,14,49 21 47 30 29 4,1,1
frequency-30,evaluation,2026,56,48,49 21 47 30 29 4,1,1
frequency-30,evaluation,2026,57,23,49 21 47 30 29 4,1,1
frequency-30,evaluation,2026,58,31,49 21 47 45 30 29,1,1
frequency-30,evaluation,2026,59,10,49 21 47 45 30 29,1,1
frequency-30,evaluation,2026,60,9,49 21 47 45 30 29,1,1
frequency-30,evaluation,2026,61,29,49 21 47 45 30 29,0,0
frequency-30,evaluation,2026,62,24,49 21 47 26 45 30,1,1
frequency-30,evaluation,2026,63,28,49 21 47 26 45 30,1,1
frequency-30,evaluation,2026,64,18,49 21 47 26 45 30,1,1
frequency-30,evaluation,2026,65,5,49 21 47 26 45 30,1,1
frequency-30,evaluation,2026,66,37,49 21 47 26 45 30,1,1
frequency-30,evaluation,2026,67,5,49 21 47 26 45 30,1,1
frequency-30,evaluation,2026,68,23,49 21 47 26 45 30,1,1
frequency-30,evaluation,2026,69,24,49 21 47 42 26 45,1,1
frequency-30,evaluation,2026,70,25,49 21 47 42 26 45,1,0
frequency-30,evaluation,2026,71,48,49 21 47 42 26 45,1,1
frequency-30,evaluation,2026,72,46,49 21 47 42 26 45,1,1
frequency-30,evaluation,2026,73,34,49 21 47 42 26 45,1,1
frequency-30,evaluation,2026,74,10,49 21 47 42 26 45,1,1
frequency-30,evaluation,2026,75,33,49 21 47 42 26 45,1,1
frequency-30,evaluation,2026,76,2,49 21 47 42 26 45,1,1
frequency-30,evaluation,2026,77,29,49 21 47 42 26 45,1,1
frequency-30,evaluation,2026,78,46,49 21 47 42 26 45,1,1
frequency-30,evaluation,2026,79,35,49 21 47 42 26 45,1,1
frequency-30,evaluation,2026,80,3,49 21 47 42 26 45,1,0
frequency-30,evaluation,2026,81,17,49 21 47 42 26 45,1,1
frequency-30,evaluation,2026,82,27,49 21 47 42 26 45,1,1
frequency-30,evaluation,2026,83,5,49 21 47 42 26 45,1,1
frequency-30,evaluation,2026,84,16,49 21 47 42 15 26,1,1
frequency-30,evaluation,2026,85,19,49 21 47 42 15 26,1,0
frequency-30,evaluation,2026,86,12,49 21 47 42 15 26,1,1
frequency-30,evaluation,2026,87,26,49 21 47 42 15 26,0,0
frequency-30,evaluation,2026,88,27,49 21 47 42 15 45,1,1
frequency-30,evaluation,2026,89,49,49 21 47 42 15 45,0,0
frequency-30,evaluation,2026,90,36,21 47 42 15 45 30,1,1
frequency-30,evaluation,2026,91,37,21 47 42 15 45 30,1,1
frequency-30,evaluation,2026,92,6,21 47 42 15 45 30,1,0
frequency-30,evaluation,2026,93,40,21 47 42 15 45 30,1,1
frequency-30,evaluation,2026,94,17,21 47 42 15 45 30,1,1
frequency-30,evaluation,2026,95,35,21 47 42 15 45 30,1,1
frequency-30,evaluation,2026,96,43,21 47 42 15 45 30,1,1
frequency-30,evaluation,2026,97,11,21 47 42 15 45 30,1,1
frequency-30,evaluation,2026,98,17,21 47 42 15 45 30,1,1
frequency-30,evaluation,2026,99,12,21 47 42 15 45 30,1,1
frequency-30,evaluation,2026,100,33,21 47 42 15 45 30,1,1
frequency-30,evaluation,2026,101,39,21 47 42 15 45 30,1,1
frequency-30,evaluation,2026,102,20,21 47 42 15 45 30,1,1
frequency-30,evaluation,2026,103,6,21 47 42 15 45 30,1,1
frequency-30,evaluation,2026,104,1,21 47 42 15 45 30,1,1
frequency-30,evaluation,2026,105,28,21 47 42 15 45 30,1,1
frequency-30,evaluation,2026,106,22,21 47 42 15 45 30,1,1
frequency-30,evaluation,2026,107,49,21 47 42 15 45 30,1,1
frequency-30,evaluation,2026,108,45,21 47 42 15 45 30,0,0
frequency-30,evaluation,2026,109,16,21 47 42 15 30 29,1,1
frequency-30,evaluation,2026,110,30,21 47 42 15 30 29,0,0
frequency-30,evaluation,2026,111,1,21 47 42 15 3 29,1,1
frequency-30,evaluation,2026,112,9,21 47 42 15 3 29,1,1
frequency-30,evaluation,2026,113,2,21 47 42 15 3 29,1,1
frequency-30,evaluation,2026,114,30,21 47 42 15 3 29,1,1
frequency-30,evaluation,2026,115,4,21 47 42 15 3 29,1,0
frequency-30,evaluation,2026,116,22,21 47 42 15 3 29,1,1
frequency-30,evaluation,2026,117,16,21 47 42 15 3 29,1,1
frequency-30,evaluation,2026,118,8,21 47 42 15 26 3,1,1
frequency-30,evaluation,2026,119,11,21 47 42 15 26 3,1,1
frequency-30,evaluation,2026,120,6,21 47 42 15 26 3,1,1
frequency-30,evaluation,2026,121,44,21 47 42 15 26 3,1,1
frequency-30,evaluation,2026,122,1,21 47 42 15 26 3,1,1
frequency-30,evaluation,2026,123,46,21 47 42 15 26 3,1,1
frequency-30,evaluation,2026,124,39,21 47 42 15 26 3,1,1
frequency-30,evaluation,2026,125,31,21 47 42 15 26 3,1,1
frequency-30,evaluation,2026,126,49,21 47 42 15 26 3,1,1
frequency-30,evaluation,2026,127,45,21 47 42 15 26 3,1,1
frequency-30,evaluation,2026,128,37,21 47 42 15 26 3,1,1
frequency-30,evaluation,2026,129,41,21 47 42 15 26 3,1,0
frequency-30,evaluation,2026,130,29,21 47 42 15 26 3,1,0
frequency-30,evaluation,2026,131,7,21 47 42 15 26 3,1,1
frequency-30,evaluation,2026,132,30,21 47 42 15 26 3,1,1
frequency-30,evaluation,2026,133,7,21 47 42 15 26 3,1,1
frequency-30,evaluation,2026,134,37,21 47 42 15 26 3,1,1
frequency-30,evaluation,2026,135,30,21 47 42 15 26 3,1,1
frequency-30,evaluation,2026,136,48,21 47 42 15 26 3,1,1
frequency-30,evaluation,2026,137,26,21 47 42 15 26 3,0,0
frequency-30,evaluation,2026,138,49,21 47 42 15 3 19,1,1
frequency-30,evaluation,2026,139,24,21 47 42 15 3 19,1,1
frequency-30,evaluation,2026,140,16,21 47 42 15 3 19,1,1
frequency-30,evaluation,2026,141,33,21 47 42 15 3 19,1,1
frequency-30,evaluation,2026,142,23,21 47 42 15 3 19,1,1
frequency-30,evaluation,2026,143,44,21 47 42 15 3 19,1,1
frequency-30,evaluation,2026,144,43,21 47 42 15 3 19,1,1
frequency-30,evaluation,2026,145,5,21 47 42 15 3 19,1,1
frequency-30,evaluation,2026,146,42,21 47 42 15 3 19,0,0
frequency-30,evaluation,2026,147,13,21 47 15 3 19 4,1,1
frequency-30,evaluation,2026,148,48,21 47 15 3 19 4,1,1
frequency-30,evaluation,2026,149,27,21 47 15 3 19 4,1,1
frequency-30,evaluation,2026,150,9,21 47 15 3 19 4,1,1
frequency-30,evaluation,2026,151,31,21 47 15 3 19 4,1,1
frequency-30,evaluation,2026,152,45,21 47 15 3 19 4,1,1
frequency-30,evaluation,2026,153,41,21 47 15 3 19 4,1,1
frequency-30,evaluation,2026,154,41,21 47 15 3 19 4,1,1
frequency-30,evaluation,2026,155,7,21 47 15 3 19 4,1,1
frequency-30,evaluation,2026,156,1,21 47 15 3 19 4,1,1
frequency-30,evaluation,2026,157,40,21 47 15 3 19 4,1,1
frequency-30,evaluation,2026,158,16,21 47 15 3 19 4,1,1
frequency-30,evaluation,2026,159,39,21 47 15 3 19 4,1,1
frequency-30,evaluation,2026,160,2,21 47 15 3 19 4,1,1
frequency-30,evaluation,2026,161,8,21 47 15 3 29 19,1,1
frequency-30,evaluation,2026,162,32,21 47 15 3 29 19,1,1
frequency-30,evaluation,2026,163,37,21 47 15 3 29 19,1,1
frequency-30,evaluation,2026,164,21,21 47 15 3 29 19,0,0
frequency-30,evaluation,2026,165,3,47 15 3 29 19 4,0,0
frequency-30,evaluation,2026,166,6,47 15 30 29 19 4,1,0
frequency-30,evaluation,2026,167,19,47 15 30 29 19 4,0,0
frequency-30,evaluation,2026,168,15,47 15 26 30 29 4,0,0
frequency-30,evaluation,2026,169,24,49 47 26 30 29 4,1,1
frequency-30,evaluation,2026,170,3,49 47 26 30 29 4,1,1
frequency-30,evaluation,2026,171,28,49 47 26 30 29 4,1,1
frequency-30,evaluation,2026,172,44,49 47 26 30 29 4,1,1
frequency-30,evaluation,2026,173,26,49 47 26 30 29 4,0,0
frequency-30,evaluation,2026,174,41,49 47 30 29 4 25,1,1
frequency-30,evaluation,2026,175,26,49 47 30 29 4 25,1,1
frequency-30,evaluation,2026,176,10,49 47 30 29 4 25,1,1
frequency-30,evaluation,2026,177,14,49 47 42 30 29 4,1,1
frequency-30,evaluation,2026,178,18,49 47 42 30 29 4,1,1
frequency-30,evaluation,2026,179,15,49 47 42 30 29 4,1,1
frequency-30,evaluation,2026,180,21,49 47 42 30 29 4,1,1
frequency-30,evaluation,2026,181,19,49 47 42 30 29 4,1,1
frequency-30,evaluation,2026,182,41,49 47 42 30 29 4,1,1
frequency-30,evaluation,2026,183,24,49 47 42 45 30 29,1,1
frequency-30,evaluation,2026,184,1,49 47 42 45 30 29,1,1
frequency-30,evaluation,2026,185,36,49 47 42 45 30 29,1,1
frequency-30,evaluation,2026,186,23,49 47 42 45 30 29,1,1
frequency-30,evaluation,2026,187,1,49 47 42 45 30 29,1,1
frequency-30,evaluation,2026,188,16,49 47 42 45 30 29,1,1
frequency-30,evaluation,2026,189,15,49 47 42 45 30 29,1,1
frequency-30,evaluation,2026,190,16,49 47 42 45 30 29,1,1
frequency-30,evaluation,2026,191,29,49 47 42 45 30 29,0,0
frequency-30,evaluation,2026,192,25,49 47 42 45 30 4,1,0
frequency-30,evaluation,2026,193,9,49 47 42 45 30 4,1,1
frequency-30,evaluation,2026,194,26,49 47 42 45 30 4,1,1
frequency-30,evaluation,2026,195,25,49 47 42 45 30 4,1,1
frequency-30,evaluation,2026,196,39,49 47 42 45 30 4,1,1
frequency-30,evaluation,2026,197,8,49 47 42 45 30 4,1,1
frequency-30,evaluation,2026,198,7,49 47 42 45 30 4,1,1
frequency-30,evaluation,2026,199,36,49 47 42 45 30 4,1,1
frequency-30,evaluation,2026,200,39,49 47 42 45 30 4,1,1
frequency-30,evaluation,2026,201,32,49 47 42 45 30 3,1,1
frequency-30,evaluation,2026,202,40,49 47 42 45 30 3,1,1
frequency-30,evaluation,2026,203,25,49 47 42 45 30 3,1,1
frequency-30,evaluation,2026,204,5,49 47 42 45 30 3,1,1
frequency-30,evaluation,2026,205,3,49 47 42 45 30 3,0,0
frequency-30,evaluation,2026,206,47,49 47 42 45 30 4,0,0
frequency-30,evaluation,2026,207,31,49 42 45 30 4 6,1,1
frequency-30,evaluation,2026,208,19,49 42 45 30 4 6,1,1
frequency-30,evaluation,2026,209,8,49 42 45 30 4 6,1,1
frequency-30,evaluation,2026,210,49,49 42 45 30 4 6,0,0
frequency-30,evaluation,2026,211,1,21 42 45 30 4 6,1,1
frequency-30,evaluation,2026,212,6,21 42 45 30 4 6,0,0
frequency-30,evaluation,2026,213,35,21 42 45 30 4 41,1,0
frequency-30,evaluation,2026,214,4,21 42 45 30 4 41,0,0
frequency-30,evaluation,2026,215,14,21 42 45 30 41 38,1,1
frequency-30,evaluation,2026,216,37,21 42 45 30 41 38,1,1
frequency-30,evaluation,2026,217,26,21 42 45 30 41 38,1,1
frequency-30,evaluation,2026,218,17,21 42 45 30 41 38,1,1
frequency-30,evaluation,2026,219,43,21 42 45 30 41 38,1,1
frequency-30,evaluation,2026,220,48,21 42 15 45 30 41,1,1
frequency-30,evaluation,2026,221,1,21 42 15 45 30 41,1,1
frequency-30,evaluation,2026,222,26,21 42 15 45 30 29,1,1
frequency-30,evaluation,2026,223,23,21 42 15 45 30 29,1,1
frequency-30,evaluation,2026,224,9,21 42 15 45 30 29,1,1
frequency-30,evaluation,2026,225,1,21 42 15 45 30 29,1,1
frequency-30,evaluation,2026,226,17,21 42 15 45 30 29,1,1
frequency-30,evaluation,2026,227,16,21 42 15 45 30 29,1,1
frequency-30,evaluation,2026,228,23,21 42 15 45 30 29,1,1
frequency-30,evaluation,2026,229,38,21 42 15 45 30 29,1,0
frequency-30,evaluation,2026,230,16,21 42 15 45 30 29,1,1
frequency-30,evaluation,2026,231,20,21 42 15 45 30 29,1,0
frequency-30,evaluation,2026,232,42,21 42 15 45 30 29,0,0
frequency-30,evaluation,2026,233,7,21 15 45 30 29 41,1,1
frequency-30,evaluation,2026,234,39,21 15 45 30 29 25,1,1
frequency-30,evaluation,2026,235,32,21 15 45 30 29 25,1,0
frequency-30,evaluation,2026,236,11,21 15 45 30 3 29,1,1
frequency-30,evaluation,2026,237,12,21 47 15 45 30 3,1,1
frequency-30,evaluation,2026,238,17,21 47 15 45 30 3,1,1
frequency-30,evaluation,2026,239,5,21 47 15 45 30 3,1,1
frequency-30,evaluation,2026,240,27,21 47 15 45 30 3,1,1
frequency-30,evaluation,2026,241,49,49 21 47 15 45 30,0,0
frequency-30,evaluation,2026,242,9,21 47 15 45 30 3,1,1
frequency-30,evaluation,2026,243,21,21 47 15 45 30 3,0,0
frequency-30,evaluation,2026,244,46,47 15 45 30 3 29,1,1
frequency-30,evaluation,2026,245,18,47 15 45 30 3 29,1,1
frequency-30,evaluation,2026,246,30,47 15 45 30 3 29,0,0
frequency-30,evaluation,2026,247,40,47 15 45 3 29 19,1,1
frequency-30,evaluation,2026,248,20,47 15 45 3 29 19,1,1
frequency-30,evaluation,2026,249,23,47 15 45 3 29 19,1,1
frequency-30,evaluation,2026,250,14,47 15 45 3 29 19,1,1
frequency-30,evaluation,2026,251,30,47 15 45 3 29 19,1,1
frequency-30,evaluation,2026,252,22,47 15 45 3 29 19,1,1
frequency-30,evaluation,2026,253,16,47 15 26 45 3 29,1,1
frequency-30,evaluation,2026,254,2,47 15 26 45 3 29,1,1
frequency-30,evaluation,2026,255,44,47 15 26 45 3 29,1,1
frequency-30,evaluation,2026,256,1,47 15 26 45 3 29,1,1
frequency-30,evaluation,2026,257,7,47 15 26 45 3 29,1,1
frequency-30,evaluation,2026,258,46,47 15 26 45 3 29,1,1
frequency-30,evaluation,2026,259,22,47 15 26 45 3 29,1,1
frequency-30,evaluation,2026,260,20,47 15 26 45 3 29,1,1
frequency-30,evaluation,2026,261,24,47 15 26 45 3 29,1,1
frequency-30,evaluation,2026,262,30,47 15 26 45 3 29,1,1
frequency-30,evaluation,2026,263,9,47 42 15 26 45 3,1,1
frequency-30,evaluation,2026,264,21,47 42 15 26 45 3,1,1
frequency-30,evaluation,2026,265,49,47 42 15 26 45 3,1,1
frequency-30,evaluation,2026,266,8,47 42 15 26 45 3,1,1
frequency-100,validation,2025,246,6,49 3 19 6 35 12,0,0
frequency-100,validation,2025,247,25,49 3 19 35 12 48,1,1
frequency-100,validation,2025,248,12,49 3 19 35 12 48,0,0
frequency-100,validation,2025,249,2,49 3 19 35 48 22,1,1
frequency-100,validation,2025,250,12,49 3 19 35 48 22,1,1
frequency-100,validation,2025,251,35,49 3 19 35 48 22,0,0
frequency-100,validation,2025,252,23,49 3 19 48 22 21,1,1
frequency-100,validation,2025,253,33,49 3 19 48 22 21,1,1
frequency-100,validation,2025,254,17,49 3 19 48 22 21,1,1
frequency-100,validation,2025,255,42,49 26 3 19 48 22,1,1
frequency-100,validation,2025,256,48,49 26 3 19 48 22,0,0
frequency-100,validation,2025,257,28,49 26 3 19 22 21,1,1
frequency-100,validation,2025,258,38,49 26 3 19 22 21,1,1
frequency-100,validation,2025,259,47,49 26 3 19 22 21,1,1
frequency-100,validation,2025,260,3,49 26 3 19 22 21,0,0
frequency-100,validation,2025,261,33,49 26 19 22 21 3,1,1
frequency-100,validation,2025,262,44,49 26 19 22 21 3,1,1
frequency-100,validation,2025,263,38,49 26 19 22 21 3,1,1
frequency-100,validation,2025,264,43,49 26 19 22 21 3,1,1
frequency-100,validation,2025,265,10,49 26 19 22 21 3,1,1
frequency-100,validation,2025,266,41,49 26 19 22 21 3,1,0
frequency-100,validation,2025,267,29,49 26 19 22 21 3,1,1
frequency-100,validation,2025,268,10,49 26 19 22 21 3,1,1
frequency-100,validation,2025,269,31,49 26 19 22 21 3,1,1
frequency-100,validation,2025,270,35,49 26 19 22 7 21,1,0
frequency-100,validation,2025,271,6,49 26 19 22 7 21,1,0
frequency-100,validation,2025,272,36,49 26 19 22 7 21,1,1
frequency-100,validation,2025,273,4,49 26 19 22 7 21,1,1
frequency-100,validation,2025,274,44,49 26 19 22 7 21,1,1
frequency-100,validation,2025,275,45,49 26 19 22 7 21,1,1
frequency-100,validation,2025,276,9,49 26 19 22 7 21,1,1
frequency-100,validation,2025,277,16,49 26 19 22 7 21,1,1
frequency-100,validation,2025,278,28,49 26 19 22 7 21,1,1
frequency-100,validation,2025,279,27,49 26 19 22 27 7,0,0
frequency-100,validation,2025,280,42,49 26 19 22 7 21,1,1
frequency-100,validation,2025,281,47,49 26 19 22 7 21,1,1
frequency-100,validation,2025,282,41,49 26 19 22 7 21,1,0
frequency-100,validation,2025,283,45,49 26 19 22 7 21,1,1
frequency-100,validation,2025,284,41,49 26 19 22 7 21,1,1
frequency-100,validation,2025,285,24,49 26 19 22 7 21,1,1
frequency-100,validation,2025,286,3,49 26 19 5 22 7,1,0
frequency-100,validation,2025,287,34,49 26 19 5 22 7,1,1
frequency-100,validation,2025,288,14,49 26 19 5 22 7,1,1
frequency-100,validation,2025,289,42,49 26 19 5 22 7,1,1
frequency-100,validation,2025,290,19,49 26 19 5 22 7,0,0
frequency-100,validation,2025,291,44,49 26 5 22 7 21,1,1
frequency-100,validation,2025,292,2,49 26 5 22 7 21,1,1
frequency-100,validation,2025,293,47,49 26 5 22 7 21,1,1
frequency-100,validation,2025,294,18,49 26 5 22 7 21,1,1
frequency-100,validation,2025,295,5,49 26 5 22 7 21,0,0
frequency-100,validation,2025,296,22,49 26 22 7 21 30,0,0
frequency-100,validation,2025,297,44,49 26 7 21 30 29,1,1
frequency-100,validation,2025,298,23,49 26 7 21 30 29,1,1
frequency-100,validation,2025,299,49,49 26 7 21 30 29,0,0
frequency-100,validation,2025,300,40,26 7 49 21 30 29,1,1
frequency-100,validation,2025,301,5,26 7 49 21 30 29,1,1
frequency-100,validation,2025,302,22,26 7 49 21 30 29,1,1
frequency-100,validation,2025,303,15,26 20 7 49 21 30,1,1
frequency-100,validation,2025,304,48,26 20 7 49 21 30,1,0
frequency-100,validation,2025,305,42,26 30 20 7 49 21,1,1
frequency-100,validation,2025,306,17,26 30 20 7 49 21,1,1
frequency-100,validation,2025,307,20,26 30 20 7 49 21,0,0
frequency-100,validation,2025,308,39,26 30 7 49 21 29,1,1
frequency-100,validation,2025,309,6,26 30 7 49 21 29,1,1
frequency-100,validation,2025,310,16,26 30 7 49 21 29,1,1
frequency-100,validation,2025,311,37,26 30 7 49 21 29,1,1
frequency-100,validation,2025,312,14,26 30 7 49 21 29,1,1
frequency-100,validation,2025,313,38,26 30 7 49 21 29,1,1
frequency-100,validation,2025,314,23,26 30 11 7 49 21,1,1
frequency-100,validation,2025,315,4,26 30 11 7 49 21,1,1
frequency-100,validation,2025,316,24,21 26 30 11 7 49,1,1
frequency-100,validation,2025,317,18,21 26 30 11 7 49,1,1
frequency-100,validation,2025,318,6,21 26 30 11 7 49,1,1
frequency-100,validation,2025,319,45,21 26 30 11 7 49,1,1
frequency-100,validation,2025,320,28,21 26 30 11 7 49,1,1
frequency-100,validation,2025,321,23,21 26 30 11 7 49,1,1
frequency-100,validation,2025,322,47,21 26 30 11 7 49,1,1
frequency-100,validation,2025,323,9,21 26 30 11 7 49,1,1
frequency-100,validation,2025,324,15,21 26 30 11 7 49,1,1
frequency-100,validation,2025,325,4,21 26 30 11 7 49,1,1
frequency-100,validation,2025,326,19,21 26 30 32 11 7,1,0
frequency-100,validation,2025,327,37,21 26 30 32 11 7,1,1
frequency-100,validation,2025,328,3,21 26 30 32 11 7,1,1
frequency-100,validation,2025,329,17,21 26 30 32 11 7,1,1
frequency-100,validation,2025,330,36,21 26 30 32 11 7,1,1
frequency-100,validation,2025,331,26,21 26 30 32 11 7,0,0
frequency-100,validation,2025,332,26,21 30 32 11 7 49,1,0
frequency-100,validation,2025,333,6,21 30 32 11 7 49,1,1
frequency-100,validation,2025,334,46,21 30 32 11 7 49,1,0
frequency-100,validation,2025,335,44,21 30 32 13 11 7,1,1
frequency-100,validation,2025,336,17,21 30 32 13 11 7,1,1
frequency-100,validation,2025,337,9,21 30 32 13 11 7,1,1
frequency-100,validation,2025,338,8,21 30 32 13 11 7,1,0
frequency-100,validation,2025,339,48,21 30 32 13 11 7,1,1
frequency-100,validation,2025,340,16,21 30 32 13 11 7,1,1
frequency-100,validation,2025,341,6,21 30 32 13 11 7,1,1
frequency-100,validation,2025,342,4,21 30 32 13 1 11,1,1
frequency-100,validation,2025,343,38,21 30 32 13 1 11,1,1
frequency-100,validation,2025,344,27,21 30 32 13 1 11,1,1
frequency-100,validation,2025,345,24,21 30 32 13 1 11,1,1
frequency-100,validation,2025,346,3,21 30 32 13 1 11,1,1
frequency-100,validation,2025,347,13,21 30 32 13 1 11,0,0
frequency-100,validation,2025,348,16,21 30 25 32 1 11,1,1
frequency-100,validation,2025,349,22,21 30 25 32 1 11,1,1
frequency-100,validation,2025,350,49,21 30 25 32 1 11,1,0
frequency-100,validation,2025,351,4,21 30 25 12 32 1,1,1
frequency-100,validation,2025,352,44,21 30 25 12 32 1,1,1
frequency-100,validation,2025,353,1,21 30 25 12 32 1,0,0
frequency-100,validation,2025,354,30,21 30 25 12 32 11,0,0
frequency-100,validation,2025,355,8,21 25 12 32 11 7,1,1
frequency-100,validation,2025,356,24,21 25 12 32 11 7,1,1
frequency-100,validation,2025,357,49,21 25 12 32 11 7,1,1
frequency-100,validation,2025,358,7,21 25 12 32 11 7,0,0
frequency-100,validation,2025,359,11,21 25 12 32 11 30,0,0
frequency-100,validation,2025,360,41,21 25 12 32 30 29,1,1
frequency-100,validation,2025,361,24,21 25 12 32 30 29,1,1
frequency-100,validation,2025,362,23,21 25 12 32 33 30,1,1
frequency-100,validation,2025,363,26,21 25 12 32 33 30,1,1
frequency-100,validation,2025,364,12,21 25 12 32 33 30,0,0
frequency-100,validation,2025,365,26,21 25 32 43 33 30,1,1
frequency-100,evaluation,2026,1,29,21 25 32 43 33 30,1,0
frequency-100,evaluation,2026,2,22,21 25 32 43 33 30,1,1
frequency-100,evaluation,2026,3,9,21 25 32 43 33 30,1,1
frequency-100,evaluation,2026,4,45,21 25 32 43 10 33,1,1
frequency-100,evaluation,2026,5,43,21 25 32 43 10 31,0,0
frequency-100,evaluation,2026,6,13,21 25 35 32 10 31,1,1
frequency-100,evaluation,2026,7,41,21 25 35 32 10 31,1,1
frequency-100,evaluation,2026,8,21,21 25 35 32 10 31,0,0
frequency-100,evaluation,2026,9,28,25 35 32 10 31 33,1,1
frequency-100,evaluation,2026,10,27,25 35 32 10 31 33,1,1
frequency-100,evaluation,2026,11,11,25 35 32 10 31 33,1,1
frequency-100,evaluation,2026,12,11,25 35 32 10 31 33,1,1
frequency-100,evaluation,2026,13,1,25 35 32 10 31 33,1,1
frequency-100,evaluation,2026,14,26,25 35 32 10 31 33,1,1
frequency-100,evaluation,2026,15,31,25 35 32 10 31 33,0,0
frequency-100,evaluation,2026,16,6,25 35 32 10 33 21,1,1
frequency-100,evaluation,2026,17,32,25 35 32 10 33 21,0,0
frequency-100,evaluation,2026,18,39,25 35 10 33 21 30,1,1
frequency-100,evaluation,2026,19,46,25 35 10 33 21 30,1,0
frequency-100,evaluation,2026,20,12,25 35 10 33 21 30,1,0
frequency-100,evaluation,2026,21,42,25 35 10 33 21 30,1,1
frequency-100,evaluation,2026,22,18,25 35 10 33 21 30,1,1
frequency-100,evaluation,2026,23,47,25 35 10 33 34 21,1,1
frequency-100,evaluation,2026,24,28,25 35 10 33 34 21,1,1
frequency-100,evaluation,2026,25,37,25 35 10 33 34 21,1,1
frequency-100,evaluation,2026,26,19,25 35 10 33 34 21,1,0
frequency-100,evaluation,2026,27,45,25 35 10 33 34 21,1,1
frequency-100,evaluation,2026,28,3,25 35 2 10 33 34,1,1
frequency-100,evaluation,2026,29,1,25 35 2 10 33 34,1,1
frequency-100,evaluation,2026,30,41,25 35 2 10 33 34,1,1
frequency-100,evaluation,2026,31,26,25 35 2 10 33 34,1,1
frequency-100,evaluation,2026,32,6,25 35 2 10 33 34,1,1
frequency-100,evaluation,2026,33,41,25 35 2 10 33 34,1,1
frequency-100,evaluation,2026,34,19,25 35 2 10 33 34,1,1
frequency-100,evaluation,2026,35,27,25 35 2 10 33 34,1,1
frequency-100,evaluation,2026,36,1,25 35 2 10 33 40,1,1
frequency-100,evaluation,2026,37,43,25 35 2 10 33 5,1,1
frequency-100,evaluation,2026,38,42,25 35 2 10 33 5,1,1
frequency-100,evaluation,2026,39,11,25 35 2 10 33 5,1,1
frequency-100,evaluation,2026,40,28,25 35 2 10 33 5,1,1
frequency-100,evaluation,2026,41,36,25 35 2 10 33 5,1,1
frequency-100,evaluation,2026,42,16,25 35 2 10 33 5,1,1
frequency-100,evaluation,2026,43,13,25 35 20 2 10 33,1,1
frequency-100,evaluation,2026,44,19,25 35 20 2 10 33,1,1
frequency-100,evaluation,2026,45,1,25 35 20 2 10 33,1,1
frequency-100,evaluation,2026,46,3,25 35 20 2 10 33,1,1
frequency-100,evaluation,2026,47,39,25 35 20 2 10 33,1,1
frequency-100,evaluation,2026,48,24,25 35 20 2 10 33,1,1
frequency-100,evaluation,2026,49,13,25 35 20 2 10 33,1,1
frequency-100,evaluation,2026,50,23,25 35 20 2 10 33,1,1
frequency-100,evaluation,2026,51,1,25 35 20 2 10 33,1,1
frequency-100,evaluation,2026,52,38,25 35 20 2 10 33,1,1
frequency-100,evaluation,2026,53,15,25 35 20 2 10 33,1,1
frequency-100,evaluation,2026,54,48,25 35 20 2 10 33,1,1
frequency-100,evaluation,2026,55,14,25 35 20 2 10 33,1,0
frequency-100,evaluation,2026,56,48,25 35 20 2 10 33,1,1
frequency-100,evaluation,2026,57,23,25 35 20 2 10 33,1,1
frequency-100,evaluation,2026,58,31,25 35 20 2 10 33,1,1
frequency-100,evaluation,2026,59,10,25 35 20 2 10 33,0,0
frequency-100,evaluation,2026,60,9,25 35 20 2 33 5,1,1
frequency-100,evaluation,2026,61,29,25 35 20 2 33 5,1,1
frequency-100,evaluation,2026,62,24,25 35 20 2 33 5,1,1
frequency-100,evaluation,2026,63,28,25 35 20 2 33 5,1,1
frequency-100,evaluation,2026,64,18,25 35 20 2 33 5,1,1
frequency-100,evaluation,2026,65,5,25 35 20 2 33 5,0,0
frequency-100,evaluation,2026,66,37,25 35 20 2 33 40,1,1
frequency-100,evaluation,2026,67,5,25 35 20 2 33 40,1,1
frequency-100,evaluation,2026,68,23,25 35 20 2 33 40,1,1
frequency-100,evaluation,2026,69,24,25 35 20 2 33 40,1,1
frequency-100,evaluation,2026,70,25,25 35 20 2 33 40,0,0
frequency-100,evaluation,2026,71,48,35 20 2 33 40 34,1,1
frequency-100,evaluation,2026,72,46,35 20 2 33 40 34,1,1
frequency-100,evaluation,2026,73,34,35 20 2 33 40 34,0,0
frequency-100,evaluation,2026,74,10,35 20 2 33 40 17,1,1
frequency-100,evaluation,2026,75,33,35 20 2 33 40 17,0,0
frequency-100,evaluation,2026,76,2,35 20 2 40 17 21,0,0
frequency-100,evaluation,2026,77,29,35 20 40 17 21 47,1,1
frequency-100,evaluation,2026,78,46,35 20 40 17 21 47,1,1
frequency-100,evaluation,2026,79,35,35 20 40 17 21 47,0,0
frequency-100,evaluation,2026,80,3,20 40 17 21 47 15,1,1
frequency-100,evaluation,2026,81,17,20 40 17 21 47 15,0,0
frequency-100,evaluation,2026,82,27,20 40 21 47 15 30,1,1
frequency-100,evaluation,2026,83,5,20 40 21 47 15 30,1,1
frequency-100,evaluation,2026,84,16,20 40 21 47 15 30,1,1
frequency-100,evaluation,2026,85,19,20 40 21 47 15 30,1,1
frequency-100,evaluation,2026,86,12,20 40 49 21 47 15,1,1
frequency-100,evaluation,2026,87,26,4 20 40 49 21 47,1,1
frequency-100,evaluation,2026,88,27,4 20 44 40 49 21,1,1
frequency-100,evaluation,2026,89,49,4 20 44 40 49 21,0,0
frequency-100,evaluation,2026,90,36,30 4 20 44 40 21,1,1
frequency-100,evaluation,2026,91,37,30 4 8 20 44 40,1,1
frequency-100,evaluation,2026,92,6,30 4 8 20 44 40,1,1
frequency-100,evaluation,2026,93,40,30 4 8 20 44 40,0,0
frequency-100,evaluation,2026,94,17,30 4 8 20 44 7,1,1
frequency-100,evaluation,2026,95,35,30 4 8 20 44 7,1,1
frequency-100,evaluation,2026,96,43,30 4 8 20 44 7,1,1
frequency-100,evaluation,2026,97,11,30 4 8 20 44 7,1,1
frequency-100,evaluation,2026,98,17,30 4 8 20 44 7,1,1
frequency-100,evaluation,2026,99,12,30 4 8 20 44 7,1,1
frequency-100,evaluation,2026,100,33,30 4 8 20 44 7,1,1
frequency-100,evaluation,2026,101,39,30 4 8 20 44 7,1,1
frequency-100,evaluation,2026,102,20,30 4 8 20 44 7,0,0
frequency-100,evaluation,2026,103,6,30 4 8 44 22 7,1,1
frequency-100,evaluation,2026,104,1,30 4 8 44 22 7,1,1
frequency-100,evaluation,2026,105,28,30 4 8 44 22 7,1,1
frequency-100,evaluation,2026,106,22,30 4 8 44 22 7,0,0
frequency-100,evaluation,2026,107,49,30 4 8 44 7 49,0,0
frequency-100,evaluation,2026,108,45,30 4 8 44 7 21,1,0
frequency-100,evaluation,2026,109,16,21 30 4 8 44 7,1,1
frequency-100,evaluation,2026,110,30,21 30 4 8 44 7,0,0
frequency-100,evaluation,2026,111,1,21 4 8 44 7 47,1,1
frequency-100,evaluation,2026,112,9,21 4 8 44 7 47,1,1
frequency-100,evaluation,2026,113,2,21 4 8 44 7 47,1,1
frequency-100,evaluation,2026,114,30,21 4 8 44 7 47,1,0
frequency-100,evaluation,2026,115,4,21 4 8 44 7 47,0,0
frequency-100,evaluation,2026,116,22,21 8 44 7 47 15,1,1
frequency-100,evaluation,2026,117,16,21 8 44 7 47 15,1,1
frequency-100,evaluation,2026,118,8,21 8 32 44 7 47,0,0
frequency-100,evaluation,2026,119,11,21 32 44 7 47 15,1,1
frequency-100,evaluation,2026,120,6,21 32 44 7 47 15,1,1
frequency-100,evaluation,2026,121,44,21 32 44 7 47 15,0,0
frequency-100,evaluation,2026,122,1,21 32 7 47 42 15,1,1
frequency-100,evaluation,2026,123,46,21 32 7 47 42 15,1,1
frequency-100,evaluation,2026,124,39,21 47 32 7 42 15,1,1
frequency-100,evaluation,2026,125,31,21 47 32 7 42 15,1,1
frequency-100,evaluation,2026,126,49,21 47 32 7 42 15,1,1
frequency-100,evaluation,2026,127,45,21 47 32 7 42 15,1,1
frequency-100,evaluation,2026,128,37,21 47 32 7 42 15,1,1
frequency-100,evaluation,2026,129,41,21 47 32 7 42 15,1,1
frequency-100,evaluation,2026,130,29,21 47 32 7 42 15,1,1
frequency-100,evaluation,2026,131,7,21 47 32 7 42 15,0,0
frequency-100,evaluation,2026,132,30,21 47 32 42 15 26,1,1
frequency-100,evaluation,2026,133,7,21 47 32 42 15 26,1,1
frequency-100,evaluation,2026,134,37,21 47 32 42 15 26,1,1
frequency-100,evaluation,2026,135,30,21 47 32 42 15 26,1,1
frequency-100,evaluation,2026,136,48,21 47 32 42 15 26,1,1
frequency-100,evaluation,2026,137,26,21 47 32 42 15 26,0,0
frequency-100,evaluation,2026,138,49,21 47 32 42 15 4,1,1
frequency-100,evaluation,2026,139,24,21 47 42 32 15 4,1,1
frequency-100,evaluation,2026,140,16,21 47 42 32 15 4,1,1
frequency-100,evaluation,2026,141,33,21 47 42 32 15 4,1,1
frequency-100,evaluation,2026,142,23,21 47 42 32 15 4,1,1
frequency-100,evaluation,2026,143,44,21 47 42 32 15 4,1,1
frequency-100,evaluation,2026,144,43,21 47 42 32 15 4,1,1
frequency-100,evaluation,2026,145,5,21 47 42 32 15 19,1,1
frequency-100,evaluation,2026,146,42,21 47 42 32 15 19,0,0
frequency-100,evaluation,2026,147,13,21 47 32 42 15 3,1,1
frequency-100,evaluation,2026,148,48,21 47 32 42 15 3,1,1
frequency-100,evaluation,2026,149,27,21 47 32 42 15 3,1,1
frequency-100,evaluation,2026,150,9,21 47 32 42 15 3,1,1
frequency-100,evaluation,2026,151,31,21 47 32 42 15 3,1,1
frequency-100,evaluation,2026,152,45,21 47 32 42 15 3,1,1
frequency-100,evaluation,2026,153,41,21 47 38 32 42 15,1,1
frequency-100,evaluation,2026,154,41,21 47 15 38 32 42,1,1
frequency-100,evaluation,2026,155,7,21 47 15 38 32 42,1,1
frequency-100,evaluation,2026,156,1,21 47 15 38 32 14,1,1
frequency-100,evaluation,2026,157,40,21 47 15 38 32 14,1,1
frequency-100,evaluation,2026,158,16,21 47 15 38 32 14,1,1
frequency-100,evaluation,2026,159,39,21 47 15 38 32 14,1,1
frequency-100,evaluation,2026,160,2,21 47 15 38 32 14,1,1
frequency-100,evaluation,2026,161,8,21 47 15 38 32 14,1,1
frequency-100,evaluation,2026,162,32,21 47 15 38 32 14,0,0
frequency-100,evaluation,2026,163,37,21 47 15 38 14 42,1,1
frequency-100,evaluation,2026,164,21,21 47 15 38 14 42,0,0
frequency-100,evaluation,2026,165,3,47 15 38 14 18 21,1,0
frequency-100,evaluation,2026,166,6,47 15 38 14 18 21,1,1
frequency-100,evaluation,2026,167,19,47 15 38 14 18 21,1,0
frequency-100,evaluation,2026,168,15,47 15 38 14 18 21,0,0
frequency-100,evaluation,2026,169,24,47 38 14 18 21 42,1,1
frequency-100,evaluation,2026,170,3,47 38 14 18 21 42,1,1
frequency-100,evaluation,2026,171,28,47 25 38 14 18 21,1,1
frequency-100,evaluation,2026,172,44,47 25 38 14 18 21,1,1
frequency-100,evaluation,2026,173,26,47 25 38 14 18 21,1,1
frequency-100,evaluation,2026,174,41,47 25 38 14 18 34,1,1
frequency-100,evaluation,2026,175,26,47 25 38 10 14 18,1,1
frequency-100,evaluation,2026,176,10,47 25 38 10 14 18,0,0
frequency-100,evaluation,2026,177,14,47 25 38 14 18 34,0,0
frequency-100,evaluation,2026,178,18,47 25 38 18 34 21,0,0
frequency-100,evaluation,2026,179,15,47 25 38 34 21 42,1,0
frequency-100,evaluation,2026,180,21,47 25 38 34 21 42,0,0
frequency-100,evaluation,2026,181,19,47 25 38 34 42 29,1,1
frequency-100,evaluation,2026,182,41,47 25 38 34 42 29,1,1
frequency-100,evaluation,2026,183,24,47 25 38 34 42 29,1,1
frequency-100,evaluation,2026,184,1,47 25 38 34 42 29,1,1
frequency-100,evaluation,2026,185,36,47 25 38 34 42 29,1,1
frequency-100,evaluation,2026,186,23,47 25 38 34 42 29,1,1
frequency-100,evaluation,2026,187,1,47 25 38 34 42 29,1,1
frequency-100,evaluation,2026,188,16,47 25 38 34 42 29,1,1
frequency-100,evaluation,2026,189,15,47 25 38 34 42 29,1,1
frequency-100,evaluation,2026,190,16,47 25 38 34 42 29,1,1
frequency-100,evaluation,2026,191,29,47 25 38 34 42 29,0,0
frequency-100,evaluation,2026,192,25,47 25 38 34 42 4,0,0
frequency-100,evaluation,2026,193,9,47 38 34 42 4 25,1,1
frequency-100,evaluation,2026,194,26,47 38 34 42 4 25,1,1
frequency-100,evaluation,2026,195,25,47 38 34 42 4 25,0,0
frequency-100,evaluation,2026,196,39,47 35 38 34 42 4,1,1
frequency-100,evaluation,2026,197,8,47 35 38 34 42 4,1,1
frequency-100,evaluation,2026,198,7,47 35 38 34 42 4,1,1
frequency-100,evaluation,2026,199,36,47 35 38 34 17 42,1,1
frequency-100,evaluation,2026,200,39,47 35 38 12 34 17,1,1
frequency-100,evaluation,2026,201,32,47 35 38 12 34 17,1,1
frequency-100,evaluation,2026,202,40,47 35 38 12 34 17,1,1
frequency-100,evaluation,2026,203,25,47 35 38 20 12 34,1,1
frequency-100,evaluation,2026,204,5,47 35 38 20 12 34,1,1
frequency-100,evaluation,2026,205,3,47 35 38 20 12 34,1,1
frequency-100,evaluation,2026,206,47,47 35 38 20 12 34,0,0
frequency-100,evaluation,2026,207,31,35 38 20 12 34 17,1,1
frequency-100,evaluation,2026,208,19,35 38 20 12 34 17,1,1
frequency-100,evaluation,2026,209,8,35 38 20 12 34 17,1,1
frequency-100,evaluation,2026,210,49,35 38 20 12 34 17,1,1
frequency-100,evaluation,2026,211,1,35 38 20 12 34 17,1,1
frequency-100,evaluation,2026,212,6,35 38 20 12 34 17,1,1
frequency-100,evaluation,2026,213,35,35 38 20 12 34 17,0,0
frequency-100,evaluation,2026,214,4,38 20 12 34 17 47,1,0
frequency-100,evaluation,2026,215,14,38 20 12 34 17 47,1,1
frequency-100,evaluation,2026,216,37,38 20 12 34 17 47,1,1
frequency-100,evaluation,2026,217,26,38 20 12 22 34 17,1,1
frequency-100,evaluation,2026,218,17,38 20 12 22 34 17,0,0
frequency-100,evaluation,2026,219,43,38 20 12 22 34 47,1,1
frequency-100,evaluation,2026,220,48,38 20 12 22 11 34,1,1
frequency-100,evaluation,2026,221,1,38 20 12 22 11 34,1,1
frequency-100,evaluation,2026,222,26,38 20 12 22 11 34,1,1
frequency-100,evaluation,2026,223,23,38 20 12 22 11 34,1,1
frequency-100,evaluation,2026,224,9,38 46 20 12 22 11,1,1
frequency-100,evaluation,2026,225,1,38 46 20 12 22 11,1,1
frequency-100,evaluation,2026,226,17,38 46 20 12 22 11,1,1
frequency-100,evaluation,2026,227,16,38 46 20 12 22 11,1,1
frequency-100,evaluation,2026,228,23,38 46 20 12 22 11,1,1
frequency-100,evaluation,2026,229,38,38 46 20 12 22 11,0,0
frequency-100,evaluation,2026,230,16,46 20 12 22 11 34,1,1
frequency-100,evaluation,2026,231,20,46 20 12 22 11 34,0,0
frequency-100,evaluation,2026,232,42,46 12 22 11 34 47,1,0
frequency-100,evaluation,2026,233,7,46 12 22 11 34 47,1,1
frequency-100,evaluation,2026,234,39,46 12 22 11 34 47,1,1
frequency-100,evaluation,2026,235,32,46 12 22 11 34 47,1,1
frequency-100,evaluation,2026,236,11,30 46 12 22 11 34,0,0
frequency-100,evaluation,2026,237,12,30 46 12 22 34 47,0,0
frequency-100,evaluation,2026,238,17,30 46 22 34 47 45,1,1
frequency-100,evaluation,2026,239,5,30 46 22 34 49 47,1,1
frequency-100,evaluation,2026,240,27,30 46 22 34 49 47,1,1
frequency-100,evaluation,2026,241,49,30 46 22 34 49 47,0,0
frequency-100,evaluation,2026,242,9,30 46 33 22 34 47,1,1
frequency-100,evaluation,2026,243,21,30 46 33 22 34 47,1,1
frequency-100,evaluation,2026,244,46,30 46 33 22 34 47,0,0
frequency-100,evaluation,2026,245,18,30 33 22 34 47 45,1,1
frequency-100,evaluation,2026,246,30,30 33 22 34 47 45,0,0
frequency-100,evaluation,2026,247,40,33 22 34 47 42 45,1,1
frequency-100,evaluation,2026,248,20,13 33 22 34 47 42,1,1
frequency-100,evaluation,2026,249,23,13 33 22 34 47 42,1,1
frequency-100,evaluation,2026,250,14,13 33 22 34 47 42,1,1
frequency-100,evaluation,2026,251,30,13 33 22 34 47 42,1,0
frequency-100,evaluation,2026,252,22,13 33 22 34 47 42,0,0
frequency-100,evaluation,2026,253,16,45 13 33 34 47 42,1,1
frequency-100,evaluation,2026,254,2,45 13 33 34 47 42,1,1
frequency-100,evaluation,2026,255,44,45 13 33 34 47 42,1,1
frequency-100,evaluation,2026,256,1,45 13 33 34 47 42,1,1
frequency-100,evaluation,2026,257,7,45 13 33 34 47 42,1,1
frequency-100,evaluation,2026,258,46,45 13 33 34 47 42,1,1
frequency-100,evaluation,2026,259,22,45 13 33 34 47 42,1,1
frequency-100,evaluation,2026,260,20,45 13 33 34 47 42,1,1
frequency-100,evaluation,2026,261,24,45 13 33 34 47 42,1,1
frequency-100,evaluation,2026,262,30,45 13 33 34 47 42,1,1
frequency-100,evaluation,2026,263,9,45 13 33 34 47 42,1,1
frequency-100,evaluation,2026,264,21,45 13 33 34 47 42,1,1
frequency-100,evaluation,2026,265,49,45 13 33 34 47 42,1,1
frequency-100,evaluation,2026,266,8,45 13 33 34 47 42,1,1
logistic-l2-0.01,validation,2025,246,6,34 9 29 46 16 38,1,1
logistic-l2-0.01,validation,2025,247,25,16 23 1 26 9 14,1,1
logistic-l2-0.01,validation,2025,248,12,1 10 15 38 16 44,1,1
logistic-l2-0.01,validation,2025,249,2,34 24 42 16 27 1,1,1
logistic-l2-0.01,validation,2025,250,12,9 1 4 19 16 34,1,1
logistic-l2-0.01,validation,2025,251,35,34 47 33 16 1 9,1,1
logistic-l2-0.01,validation,2025,252,23,15 18 16 34 5 6,1,0
logistic-l2-0.01,validation,2025,253,33,1 43 10 35 16 34,1,1
logistic-l2-0.01,validation,2025,254,17,19 6 1 39 37 16,1,1
logistic-l2-0.01,validation,2025,255,42,19 44 29 1 12 27,1,1
logistic-l2-0.01,validation,2025,256,48,15 39 25 1 20 24,1,1
logistic-l2-0.01,validation,2025,257,28,42 9 5 45 36 1,1,1
logistic-l2-0.01,validation,2025,258,38,1 23 4 42 21 11,1,1
logistic-l2-0.01,validation,2025,259,47,1 35 47 25 17 23,0,0
logistic-l2-0.01,validation,2025,260,3,42 9 45 8 35 38,1,1
logistic-l2-0.01,validation,2025,261,33,12 42 44 24 28 23,1,1
logistic-l2-0.01,validation,2025,262,44,9 30 34 42 16 1,1,1
logistic-l2-0.01,validation,2025,263,38,33 38 12 16 28 9,0,0
logistic-l2-0.01,validation,2025,264,43,25 9 42 39 38 43,0,0
logistic-l2-0.01,validation,2025,265,10,47 33 38 9 42 23,1,1
logistic-l2-0.01,validation,2025,266,41,1 23 44 34 38 48,1,1
logistic-l2-0.01,validation,2025,267,29,1 38 43 33 47 23,1,1
logistic-l2-0.01,validation,2025,268,10,9 25 38 48 33 1,1,1
logistic-l2-0.01,validation,2025,269,31,1 38 33 9 39 5,1,1
logistic-l2-0.01,validation,2025,270,35,33 38 1 44 9 25,1,1
logistic-l2-0.01,validation,2025,271,6,33 38 1 5 10 46,1,1
logistic-l2-0.01,validation,2025,272,36,44 48 38 27 33 3,1,1
logistic-l2-0.01,validation,2025,273,4,1 10 48 29 38 21,1,1
logistic-l2-0.01,validation,2025,274,44,1 10 34 43 2 19,1,0
logistic-l2-0.01,validation,2025,275,45,1 10 40 44 19 39,1,1
logistic-l2-0.01,validation,2025,276,9,5 21 1 34 10 25,1,1
logistic-l2-0.01,validation,2025,277,16,21 34 25 10 5 44,1,1
logistic-l2-0.01,validation,2025,278,28,33 21 34 10 41 48,1,1
logistic-l2-0.01,validation,2025,279,27,34 33 4 21 45 39,1,1
logistic-l2-0.01,validation,2025,280,42,34 39 33 21 1 44,1,1
logistic-l2-0.01,validation,2025,281,47,44 28 34 39 21 33,1,1
logistic-l2-0.01,validation,2025,282,41,34 28 10 39 21 37,1,1
logistic-l2-0.01,validation,2025,283,45,33 25 34 4 28 39,1,1
logistic-l2-0.01,validation,2025,284,41,21 28 25 33 34 39,1,0
logistic-l2-0.01,validation,2025,285,24,21 38 25 33 28 13,1,1
logistic-l2-0.01,validation,2025,286,3,41 28 25 37 21 33,1,1
logistic-l2-0.01,validation,2025,287,34,25 41 28 42 33 37,1,1
logistic-l2-0.01,validation,2025,288,14,42 28 25 10 41 49,1,1
logistic-l2-0.01,validation,2025,289,42,42 44 47 25 41 8,0,0
logistic-l2-0.01,validation,2025,290,19,44 10 24 35 25 41,1,1
logistic-l2-0.01,validation,2025,291,44,25 2 10 41 24 42,1,0
logistic-l2-0.01,validation,2025,292,2,25 24 10 44 41 42,1,0
logistic-l2-0.01,validation,2025,293,47,10 25 24 40 44 4,1,1
logistic-l2-0.01,validation,2025,294,18,10 25 44 2 24 1,1,0
logistic-l2-0.01,validation,2025,295,5,10 25 44 2 24 14,1,1
logistic-l2-0.01,validation,2025,296,22,42 18 10 4 2 44,1,1
logistic-l2-0.01,validation,2025,297,44,10 5 18 2 42 44,0,0
logistic-l2-0.01,validation,2025,298,23,10 44 24 18 2 4,1,1
logistic-l2-0.01,validation,2025,299,49,10 35 18 44 4 22,1,0
logistic-l2-0.01,validation,2025,300,40,18 35 10 31 19 44,1,1
logistic-l2-0.01,validation,2025,301,5,24 39 49 44 18 10,1,1
logistic-l2-0.01,validation,2025,302,22,10 41 38 18 49 47,1,1
logistic-l2-0.01,validation,2025,303,15,42 45 18 49 29 41,1,1
logistic-l2-0.01,validation,2025,304,48,18 31 47 42 41 39,1,1
logistic-l2-0.01,validation,2025,305,42,39 47 42 45 41 49,0,0
logistic-l2-0.01,validation,2025,306,17,24 29 45 39 42 33,1,1
logistic-l2-0.01,validation,2025,307,20,42 10 39 24 22 38,1,1
logistic-l2-0.01,validation,2025,308,39,24 29 42 4 39 44,0,0
logistic-l2-0.01,validation,2025,309,6,45 42 39 24 29 40,1,1
logistic-l2-0.01,validation,2025,310,16,4 42 24 45 29 47,1,1
logistic-l2-0.01,validation,2025,311,37,4 10 17 42 45 47,1,1
logistic-l2-0.01,validation,2025,312,14,4 39 6 42 2 24,1,1
logistic-l2-0.01,validation,2025,313,38,4 47 39 24 42 18,1,1
logistic-l2-0.01,validation,2025,314,23,39 10 49 4 29 42,1,1
logistic-l2-0.01,validation,2025,315,4,38 29 4 44 39 10,0,0
logistic-l2-0.01,validation,2025,316,24,4 37 39 38 10 20,1,1
logistic-l2-0.01,validation,2025,317,18,4 29 20 17 39 42,1,1
logistic-l2-0.01,validation,2025,318,6,4 6 10 39 14 18,0,0
logistic-l2-0.01,validation,2025,319,45,4 6 20 22 18 38,1,1
logistic-l2-0.01,validation,2025,320,28,29 22 17 6 4 18,1,1
logistic-l2-0.01,validation,2025,321,23,20 6 29 22 4 7,1,1
logistic-l2-0.01,validation,2025,322,47,29 20 10 22 24 28,1,1
logistic-l2-0.01,validation,2025,323,9,29 6 17 20 22 34,1,1
logistic-l2-0.01,validation,2025,324,15,29 28 6 20 17 19,1,1
logistic-l2-0.01,validation,2025,325,4,28 29 6 20 10 17,1,1
logistic-l2-0.01,validation,2025,326,19,17 29 28 33 6 49,1,1
logistic-l2-0.01,validation,2025,327,37,33 4 46 28 31 6,1,1
logistic-l2-0.01,validation,2025,328,3,31 22 28 33 17 46,1,1
logistic-l2-0.01,validation,2025,329,17,28 22 34 31 33 17,0,0
logistic-l2-0.01,validation,2025,330,36,28 46 19 17 13 37,1,1
logistic-l2-0.01,validation,2025,331,26,37 6 28 17 46 4,1,1
logistic-l2-0.01,validation,2025,332,26,22 17 47 46 37 4,1,1
logistic-l2-0.01,validation,2025,333,6,19 44 23 28 37 45,1,1
logistic-l2-0.01,validation,2025,334,46,37 31 19 44 22 4,1,1
logistic-l2-0.01,validation,2025,335,44,37 33 6 46 4 44,0,0
logistic-l2-0.01,validation,2025,336,17,46 31 13 44 37 3,1,1
logistic-l2-0.01,validation,2025,337,9,6 13 44 37 46 20,1,1
logistic-l2-0.01,validation,2025,338,8,44 13 6 42 46 32,1,1
logistic-l2-0.01,validation,2025,339,48,44 6 13 15 10 46,1,1
logistic-l2-0.01,validation,2025,340,16,31 6 36 24 44 22,1,1
logistic-l2-0.01,validation,2025,341,6,22 17 15 10 44 6,0,0
logistic-l2-0.01,validation,2025,342,4,34 42 35 44 6 31,1,1
logistic-l2-0.01,validation,2025,343,38,15 17 24 41 8 31,1,1
logistic-l2-0.01,validation,2025,344,27,41 46 35 15 28 17,1,1
logistic-l2-0.01,validation,2025,345,24,42 10 15 17 34 13,1,0
logistic-l2-0.01,validation,2025,346,3,41 11 42 15 17 24,1,1
logistic-l2-0.01,validation,2025,347,13,11 34 46 24 41 40,1,1
logistic-l2-0.01,validation,2025,348,16,24 28 8 41 11 34,1,1
logistic-l2-0.01,validation,2025,349,22,34 22 24 31 11 26,0,0
logistic-l2-0.01,validation,2025,350,49,11 46 34 28 40 24,1,1
logistic-l2-0.01,validation,2025,351,4,22 11 42 35 46 34,1,1
logistic-l2-0.01,validation,2025,352,44,11 3 46 15 16 22,1,1
logistic-l2-0.01,validation,2025,353,1,26 11 10 22 46 3,1,1
logistic-l2-0.01,validation,2025,354,30,26 16 11 46 22 3,1,1
logistic-l2-0.01,validation,2025,355,8,26 11 4 16 15 22,1,1
logistic-l2-0.01,validation,2025,356,24,15 26 28 16 22 30,1,1
logistic-l2-0.01,validation,2025,357,49,11 8 26 16 15 13,1,1
logistic-l2-0.01,validation,2025,358,7,15 16 11 13 24 26,1,1
logistic-l2-0.01,validation,2025,359,11,26 35 22 42 11 43,0,0
logistic-l2-0.01,validation,2025,360,41,42 6 26 11 15 16,1,1
logistic-l2-0.01,validation,2025,361,24,15 6 44 26 11 24,0,0
logistic-l2-0.01,validation,2025,362,23,11 6 30 38 15 2,1,1
logistic-l2-0.01,validation,2025,363,26,6 11 30 8 15 24,1,1
logistic-l2-0.01,validation,2025,364,12,15 11 13 6 23 30,1,1
logistic-l2-0.01,validation,2025,365,26,11 43 6 15 2 22,1,1
logistic-l2-0.01,evaluation,2026,1,29,11 6 16 24 26 20,1,1
logistic-l2-0.01,evaluation,2026,2,22,11 43 42 8 26 6,1,1
logistic-l2-0.01,evaluation,2026,3,9,11 15 26 4 6 22,1,1
logistic-l2-0.01,evaluation,2026,4,45,15 11 30 42 6 44,1,1
logistic-l2-0.01,evaluation,2026,5,43,22 11 15 7 49 30,1,1
logistic-l2-0.01,evaluation,2026,6,13,11 20 22 15 43 30,1,0
logistic-l2-0.01,evaluation,2026,7,41,15 11 22 6 13 26,1,1
logistic-l2-0.01,evaluation,2026,8,21,15 22 45 43 13 26,1,1
logistic-l2-0.01,evaluation,2026,9,28,45 15 22 43 29 36,1,1
logistic-l2-0.01,evaluation,2026,10,27,22 7 49 15 45 17,1,1
logistic-l2-0.01,evaluation,2026,11,11,49 22 11 15 7 45,0,0
logistic-l2-0.01,evaluation,2026,12,11,7 15 22 11 45 41,0,0
logistic-l2-0.01,evaluation,2026,13,1,41 45 7 49 26 15,1,1
logistic-l2-0.01,evaluation,2026,14,26,45 19 41 6 27 11,1,1
logistic-l2-0.01,evaluation,2026,15,31,41 13 26 43 11 6,1,1
logistic-l2-0.01,evaluation,2026,16,6,41 26 15 11 6 45,0,0
logistic-l2-0.01,evaluation,2026,17,32,26 41 6 11 27 38,1,1
logistic-l2-0.01,evaluation,2026,18,39,26 6 11 41 31 27,1,1
logistic-l2-0.01,evaluation,2026,19,46,26 31 6 11 27 43,1,1
logistic-l2-0.01,evaluation,2026,20,12,26 11 31 6 27 38,1,1
logistic-l2-0.01,evaluation,2026,21,42,26 11 12 31 6 9,1,1
logistic-l2-0.01,evaluation,2026,22,18,26 12 31 6 45 42,1,1
logistic-l2-0.01,evaluation,2026,23,47,12 26 42 31 6 39,1,1
logistic-l2-0.01,evaluation,2026,24,28,31 18 12 26 6 42,1,1
logistic-l2-0.01,evaluation,2026,25,37,18 47 12 31 45 6,1,1
logistic-l2-0.01,evaluation,2026,26,19,6 18 47 46 12 37,1,1
logistic-l2-0.01,evaluation,2026,27,45,37 42 18 47 44 24,1,1
logistic-l2-0.01,evaluation,2026,28,3,18 45 46 37 47 42,1,1
logistic-l2-0.01,evaluation,2026,29,1,47 45 37 28 18 46,1,1
logistic-l2-0.01,evaluation,2026,30,41,47 18 37 45 3 28,1,1
logistic-l2-0.01,evaluation,2026,31,26,47 3 18 1 45 6,1,1
logistic-l2-0.01,evaluation,2026,32,6,18 47 19 3 37 41,1,0
logistic-l2-0.01,evaluation,2026,33,41,6 47 41 3 1 45,0,0
logistic-l2-0.01,evaluation,2026,34,19,41 11 6 3 46 1,1,1
logistic-l2-0.01,evaluation,2026,35,27,41 6 19 45 3 1,1,1
logistic-l2-0.01,evaluation,2026,36,1,19 41 47 3 6 11,1,0
logistic-l2-0.01,evaluation,2026,37,43,11 39 41 27 47 19,1,1
logistic-l2-0.01,evaluation,2026,38,42,39 44 47 11 41 19,1,1
logistic-l2-0.01,evaluation,2026,39,11,6 41 1 11 19 20,0,0
logistic-l2-0.01,evaluation,2026,40,28,11 20 41 19 6 27,1,1
logistic-l2-0.01,evaluation,2026,41,36,11 27 6 19 20 41,1,1
logistic-l2-0.01,evaluation,2026,42,16,27 11 44 8 6 20,1,1
logistic-l2-0.01,evaluation,2026,43,13,19 27 1 11 44 38,1,1
logistic-l2-0.01,evaluation,2026,44,19,42 27 19 44 11 1,0,0
logistic-l2-0.01,evaluation,2026,45,1,27 39 47 17 44 19,1,0
logistic-l2-0.01,evaluation,2026,46,3,42 27 20 38 13 11,1,1
logistic-l2-0.01,evaluation,2026,47,39,20 13 39 42 22 36,0,0
logistic-l2-0.01,evaluation,2026,48,24,42 47 46 39 20 40,1,1
logistic-l2-0.01,evaluation,2026,49,13,38 46 39 8 29 16,1,0
logistic-l2-0.01,evaluation,2026,50,23,42 22 38 39 46 13,1,1
logistic-l2-0.01,evaluation,2026,51,1,13 39 38 42 44 22,1,1
logistic-l2-0.01,evaluation,2026,52,38,38 42 13 40 44 39,0,0
logistic-l2-0.01,evaluation,2026,53,15,13 38 46 40 35 39,1,1
logistic-l2-0.01,evaluation,2026,54,48,38 13 39 46 42 17,1,1
logistic-l2-0.01,evaluation,2026,55,14,13 38 42 39 46 32,1,1
logistic-l2-0.01,evaluation,2026,56,48,39 13 38 14 42 20,1,1
logistic-l2-0.01,evaluation,2026,57,23,38 13 46 39 42 14,1,1
logistic-l2-0.01,evaluation,2026,58,31,40 38 13 30 14 29,1,1
logistic-l2-0.01,evaluation,2026,59,10,13 38 40 20 33 21,1,1
logistic-l2-0.01,evaluation,2026,60,9,38 40 19 13 14 29,1,1
logistic-l2-0.01,evaluation,2026,61,29,40 38 1 39 9 14,1,1
logistic-l2-0.01,evaluation,2026,62,24,40 29 9 38 46 17,1,1
logistic-l2-0.01,evaluation,2026,63,28,29 46 9 40 49 6,1,1
logistic-l2-0.01,evaluation,2026,64,18,29 31 9 40 28 26,1,1
logistic-l2-0.01,evaluation,2026,65,5,40 29 44 34 9 28,1,1
logistic-l2-0.01,evaluation,2026,66,37,29 40 24 2 38 17,1,1
logistic-l2-0.01,evaluation,2026,67,5,24 28 29 2 44 40,1,1
logistic-l2-0.01,evaluation,2026,68,23,9 6 24 40 29 28,1,1
logistic-l2-0.01,evaluation,2026,69,24,2 38 26 1 29 24,0,0
logistic-l2-0.01,evaluation,2026,70,25,8 2 23 40 38 24,1,1
logistic-l2-0.01,evaluation,2026,71,48,23 17 2 38 24 44,1,1
logistic-l2-0.01,evaluation,2026,72,46,44 8 38 2 30 24,1,1
logistic-l2-0.01,evaluation,2026,73,34,44 28 42 1 23 2,1,1
logistic-l2-0.01,evaluation,2026,74,10,1 44 23 36 24 38,1,1
logistic-l2-0.01,evaluation,2026,75,33,24 25 1 49 44 12,1,1
logistic-l2-0.01,evaluation,2026,76,2,26 24 41 1 23 44,1,1
logistic-l2-0.01,evaluation,2026,77,29,24 41 12 1 23 10,1,1
logistic-l2-0.01,evaluation,2026,78,46,25 24 46 30 23 1,0,0
logistic-l2-0.01,evaluation,2026,79,35,10 24 33 2 25 41,1,1
logistic-l2-0.01,evaluation,2026,80,3,25 24 41 1 34 46,1,1
logistic-l2-0.01,evaluation,2026,81,17,46 1 24 2 41 48,1,0
logistic-l2-0.01,evaluation,2026,82,27,41 46 24 1 17 29,1,1
logistic-l2-0.01,evaluation,2026,83,5,41 33 24 25 17 2,1,1
logistic-l2-0.01,evaluation,2026,84,16,46 1 41 24 2 8,1,1
logistic-l2-0.01,evaluation,2026,85,19,2 24 41 46 5 20,1,1
logistic-l2-0.01,evaluation,2026,86,12,2 33 46 24 20 41,1,1
logistic-l2-0.01,evaluation,2026,87,26,24 36 46 26 17 34,0,0
logistic-l2-0.01,evaluation,2026,88,27,17 2 1 24 26 46,1,1
logistic-l2-0.01,evaluation,2026,89,49,24 12 46 17 27 2,1,1
logistic-l2-0.01,evaluation,2026,90,36,26 5 24 17 27 2,1,1
logistic-l2-0.01,evaluation,2026,91,37,36 17 26 24 27 2,1,1
logistic-l2-0.01,evaluation,2026,92,6,24 5 26 36 37 17,1,1
logistic-l2-0.01,evaluation,2026,93,40,26 36 5 24 46 37,1,1
logistic-l2-0.01,evaluation,2026,94,17,26 24 36 37 5 17,0,0
logistic-l2-0.01,evaluation,2026,95,35,17 26 36 24 27 37,1,1
logistic-l2-0.01,evaluation,2026,96,43,26 17 1 36 24 37,1,1
logistic-l2-0.01,evaluation,2026,97,11,26 17 37 25 5 1,1,1
logistic-l2-0.01,evaluation,2026,98,17,26 17 46 37 25 8,0,0
logistic-l2-0.01,evaluation,2026,99,12,17 26 8 24 37 25,1,1
logistic-l2-0.01,evaluation,2026,100,33,17 26 37 25 28 12,1,1
logistic-l2-0.01,evaluation,2026,101,39,17 24 48 32 26 25,1,1
logistic-l2-0.01,evaluation,2026,102,20,17 12 26 8 46 24,1,1
logistic-l2-0.01,evaluation,2026,103,6,17 39 32 3 26 46,1,1
logistic-l2-0.01,evaluation,2026,104,1,17 39 3 12 32 1,0,0
logistic-l2-0.01,evaluation,2026,105,28,39 3 1 20 17 48,1,1
logistic-l2-0.01,evaluation,2026,106,22,17 39 3 28 1 20,1,1
logistic-l2-0.01,evaluation,2026,107,49,17 39 1 28 46 20,1,1
logistic-l2-0.01,evaluation,2026,108,45,17 1 39 6 49 3,1,1
logistic-l2-0.01,evaluation,2026,109,16,6 48 1 39 20 28,1,1
logistic-l2-0.01,evaluation,2026,110,30,39 1 6 48 20 3,1,1
logistic-l2-0.01,evaluation,2026,111,1,1 39 6 3 20 45,0,0
logistic-l2-0.01,evaluation,2026,112,9,1 6 3 24 20 48,1,1
logistic-l2-0.01,evaluation,2026,113,2,1 19 30 6 48 24,1,1
logistic-l2-0.01,evaluation,2026,114,30,1 17 49 19 48 22,1,0
logistic-l2-0.01,evaluation,2026,115,4,1 30 45 19 17 10,1,1
logistic-l2-0.01,evaluation,2026,116,22,1 30 17 16 45 19,1,1
logistic-l2-0.01,evaluation,2026,117,16,1 10 48 16 30 22,0,0
logistic-l2-0.01,evaluation,2026,118,8,16 19 45 46 1 30,1,1
logistic-l2-0.01,evaluation,2026,119,11,8 22 16 1 46 19,1,1
logistic-l2-0.01,evaluation,2026,120,6,22 30 1 16 8 19,1,1
logistic-l2-0.01,evaluation,2026,121,44,22 1 48 16 46 24,1,1
logistic-l2-0.01,evaluation,2026,122,1,48 6 22 45 16 46,1,0
logistic-l2-0.01,evaluation,2026,123,46,22 45 1 48 16 6,1,0
logistic-l2-0.01,evaluation,2026,124,39,46 22 1 45 16 48,1,1
logistic-l2-0.01,evaluation,2026,125,31,46 22 39 1 48 16,1,1
logistic-l2-0.01,evaluation,2026,126,49,46 22 39 16 1 45,1,1
logistic-l2-0.01,evaluation,2026,127,45,46 1 49 22 39 45,0,0
logistic-l2-0.01,evaluation,2026,128,37,45 1 49 46 39 22,1,1
logistic-l2-0.01,evaluation,2026,129,41,45 46 1 39 22 49,1,1
logistic-l2-0.01,evaluation,2026,130,29,45 46 1 39 7 49,1,1
logistic-l2-0.01,evaluation,2026,131,7,45 46 1 39 49 41,1,0
logistic-l2-0.01,evaluation,2026,132,30,1 7 46 45 39 49,1,1
logistic-l2-0.01,evaluation,2026,133,7,7 39 30 46 45 1,0,0
logistic-l2-0.01,evaluation,2026,134,37,7 1 30 45 39 49,1,1
logistic-l2-0.01,evaluation,2026,135,30,7 49 1 46 37 30,0,0
logistic-l2-0.01,evaluation,2026,136,48,7 30 1 45 46 49,1,1
logistic-l2-0.01,evaluation,2026,137,26,7 1 48 30 45 17,1,1
logistic-l2-0.01,evaluation,2026,138,49,7 30 1 48 24 37,1,1
logistic-l2-0.01,evaluation,2026,139,24,7 24 49 30 46 1,0,0
logistic-l2-0.01,evaluation,2026,140,16,30 24 7 1 48 49,1,1
logistic-l2-0.01,evaluation,2026,141,33,24 7 30 16 46 1,1,1
logistic-l2-0.01,evaluation,2026,142,23,24 30 7 48 49 16,1,1
logistic-l2-0.01,evaluation,2026,143,44,24 23 7 49 26 30,1,1
logistic-l2-0.01,evaluation,2026,144,43,24 26 33 44 30 48,1,1
logistic-l2-0.01,evaluation,2026,145,5,26 24 33 48 30 22,1,1
logistic-l2-0.01,evaluation,2026,146,42,24 5 26 48 43 33,1,1
logistic-l2-0.01,evaluation,2026,147,13,5 24 16 26 30 49,1,1
logistic-l2-0.01,evaluation,2026,148,48,24 5 49 18 23 44,1,1
logistic-l2-0.01,evaluation,2026,149,27,48 24 23 5 44 33,1,1
logistic-l2-0.01,evaluation,2026,150,9,44 48 5 23 30 33,1,1
logistic-l2-0.01,evaluation,2026,151,31,44 48 5 9 23 33,1,1
logistic-l2-0.01,evaluation,2026,152,45,31 44 5 48 27 42,1,1
logistic-l2-0.01,evaluation,2026,153,41,44 45 5 48 31 1,1,1
logistic-l2-0.01,evaluation,2026,154,41,5 45 41 48 31 1,0,0
logistic-l2-0.01,evaluation,2026,155,7,41 31 45 5 42 48,1,1
logistic-l2-0.01,evaluation,2026,156,1,41 7 46 45 31 48,1,0
logistic-l2-0.01,evaluation,2026,157,40,31 1 41 7 45 48,1,1
logistic-l2-0.01,evaluation,2026,158,16,31 1 41 40 7 45,1,1
logistic-l2-0.01,evaluation,2026,159,39,1 41 16 40 7 31,1,1
logistic-l2-0.01,evaluation,2026,160,2,1 41 16 46 31 40,1,1
logistic-l2-0.01,evaluation,2026,161,8,1 16 41 31 40 2,1,1
logistic-l2-0.01,evaluation,2026,162,32,1 40 16 41 46 8,1,1
logistic-l2-0.01,evaluation,2026,163,37,1 41 16 7 40 32,1,1
logistic-l2-0.01,evaluation,2026,164,21,41 1 37 8 16 7,1,1
logistic-l2-0.01,evaluation,2026,165,3,1 16 37 2 46 8,1,1
logistic-l2-0.01,evaluation,2026,166,6,1 16 2 37 3 8,1,1
logistic-l2-0.01,evaluation,2026,167,19,1 16 6 2 21 8,1,1
logistic-l2-0.01,evaluation,2026,168,15,3 16 1 39 2 19,1,1
logistic-l2-0.01,evaluation,2026,169,24,2 1 3 8 37 33,1,1
logistic-l2-0.01,evaluation,2026,170,3,8 37 24 2 3 40,0,0
logistic-l2-0.01,evaluation,2026,171,28,3 6 37 24 8 19,1,1
logistic-l2-0.01,evaluation,2026,172,44,3 24 28 37 40 6,1,1
logistic-l2-0.01,evaluation,2026,173,26,3 28 37 44 24 6,1,1
logistic-l2-0.01,evaluation,2026,174,41,3 6 28 40 26 44,1,1
logistic-l2-0.01,evaluation,2026,175,26,28 3 41 6 44 24,1,0
logistic-l2-0.01,evaluation,2026,176,10,28 26 19 41 6 3,1,1
logistic-l2-0.01,evaluation,2026,177,14,28 26 41 40 3 15,1,1
logistic-l2-0.01,evaluation,2026,178,18,28 44 26 41 40 1,1,1
logistic-l2-0.01,evaluation,2026,179,15,44 26 28 41 40 3,1,1
logistic-l2-0.01,evaluation,2026,180,21,26 28 15 31 44 41,1,1
logistic-l2-0.01,evaluation,2026,181,19,26 28 21 41 15 44,1,0
logistic-l2-0.01,evaluation,2026,182,41,19 26 15 21 41 44,0,0
logistic-l2-0.01,evaluation,2026,183,24,26 41 15 19 21 6,1,1
logistic-l2-0.01,evaluation,2026,184,1,41 19 15 26 24 21,1,1
logistic-l2-0.01,evaluation,2026,185,36,1 19 24 26 15 41,1,1
logistic-l2-0.01,evaluation,2026,186,23,1 24 41 15 19 36,1,1
logistic-l2-0.01,evaluation,2026,187,1,1 24 23 41 19 15,0,0
logistic-l2-0.01,evaluation,2026,188,16,1 24 41 23 15 19,1,1
logistic-l2-0.01,evaluation,2026,189,15,1 24 23 41 16 19,1,0
logistic-l2-0.01,evaluation,2026,190,16,1 15 24 41 23 19,1,0
logistic-l2-0.01,evaluation,2026,191,29,1 16 15 19 24 23,1,1
logistic-l2-0.01,evaluation,2026,192,25,1 16 24 15 23 41,1,1
logistic-l2-0.01,evaluation,2026,193,9,1 16 24 15 29 37,1,1
logistic-l2-0.01,evaluation,2026,194,26,1 16 9 15 29 19,1,1
logistic-l2-0.01,evaluation,2026,195,25,1 16 26 9 15 29,1,1
logistic-l2-0.01,evaluation,2026,196,39,1 16 15 25 29 26,1,1
logistic-l2-0.01,evaluation,2026,197,8,16 1 39 15 26 25,1,1
logistic-l2-0.01,evaluation,2026,198,7,16 39 15 26 8 25,1,1
logistic-l2-0.01,evaluation,2026,199,36,16 39 26 19 15 25,1,1
logistic-l2-0.01,evaluation,2026,200,39,19 39 16 26 29 9,0,0
logistic-l2-0.01,evaluation,2026,201,32,39 19 26 9 25 29,1,1
logistic-l2-0.01,evaluation,2026,202,40,39 9 30 45 25 19,1,1
logistic-l2-0.01,evaluation,2026,203,25,39 19 9 26 25 30,0,0
logistic-l2-0.01,evaluation,2026,204,5,25 39 19 30 26 45,1,1
logistic-l2-0.01,evaluation,2026,205,3,25 39 5 19 30 45,1,1
logistic-l2-0.01,evaluation,2026,206,47,25 39 3 5 19 36,1,1
logistic-l2-0.01,evaluation,2026,207,31,25 39 5 19 45 1,1,1
logistic-l2-0.01,evaluation,2026,208,19,25 31 39 3 5 45,1,0
logistic-l2-0.01,evaluation,2026,209,8,19 25 39 3 5 31,1,1
logistic-l2-0.01,evaluation,2026,210,49,19 25 39 8 3 37,1,1
logistic-l2-0.01,evaluation,2026,211,1,19 25 49 3 8 40,1,1
logistic-l2-0.01,evaluation,2026,212,6,1 19 40 3 25 37,1,1
logistic-l2-0.01,evaluation,2026,213,35,37 19 1 3 39 25,1,1
logistic-l2-0.01,evaluation,2026,214,4,19 35 1 39 5 37,1,1
logistic-l2-0.01,evaluation,2026,215,14,19 1 39 35 37 8,1,1
logistic-l2-0.01,evaluation,2026,216,37,19 1 39 37 14 8,0,0
logistic-l2-0.01,evaluation,2026,217,26,37 19 1 39 8 14,1,1
logistic-l2-0.01,evaluation,2026,218,17,37 19 26 1 39 8,1,1
logistic-l2-0.01,evaluation,2026,219,43,37 26 1 39 17 19,1,1
logistic-l2-0.01,evaluation,2026,220,48,37 26 43 1 39 19,1,1
logistic-l2-0.01,evaluation,2026,221,1,37 26 1 48 43 39,0,0
logistic-l2-0.01,evaluation,2026,222,26,1 37 26 48 43 39,0,0
logistic-l2-0.01,evaluation,2026,223,23,26 1 37 48 14 43,1,1
logistic-l2-0.01,evaluation,2026,224,9,26 1 23 48 37 43,1,1
logistic-l2-0.01,evaluation,2026,225,1,26 1 9 48 37 23,0,0
logistic-l2-0.01,evaluation,2026,226,17,1 26 48 37 38 43,1,1
logistic-l2-0.01,evaluation,2026,227,16,1 17 26 48 38 43,1,1
logistic-l2-0.01,evaluation,2026,228,23,1 17 23 38 7 48,0,0
logistic-l2-0.01,evaluation,2026,229,38,1 23 38 29 26 17,0,0
logistic-l2-0.01,evaluation,2026,230,16,38 1 23 26 48 17,1,0
logistic-l2-0.01,evaluation,2026,231,20,38 1 16 23 26 7,1,1
logistic-l2-0.01,evaluation,2026,232,42,38 1 26 16 23 7,1,1
logistic-l2-0.01,evaluation,2026,233,7,38 23 1 16 26 7,0,0
logistic-l2-0.01,evaluation,2026,234,39,7 38 1 23 16 26,1,1
logistic-l2-0.01,evaluation,2026,235,32,38 39 1 7 16 23,1,1
logistic-l2-0.01,evaluation,2026,236,11,7 38 23 16 39 17,1,1
logistic-l2-0.01,evaluation,2026,237,12,7 16 23 38 11 39,1,1
logistic-l2-0.01,evaluation,2026,238,17,7 16 23 39 38 26,1,0
logistic-l2-0.01,evaluation,2026,239,5,17 16 7 39 38 1,1,1
logistic-l2-0.01,evaluation,2026,240,27,17 7 16 5 39 1,1,1
logistic-l2-0.01,evaluation,2026,241,49,17 7 27 39 1 26,1,1
logistic-l2-0.01,evaluation,2026,242,9,17 7 49 27 26 39,1,1
logistic-l2-0.01,evaluation,2026,243,21,17 7 9 27 26 49,1,1
logistic-l2-0.01,evaluation,2026,244,46,17 21 27 9 26 7,1,1
logistic-l2-0.01,evaluation,2026,245,18,17 46 9 21 26 27,1,1
logistic-l2-0.01,evaluation,2026,246,30,17 18 9 21 26 46,1,1
logistic-l2-0.01,evaluation,2026,247,40,17 9 21 18 26 27,1,1
logistic-l2-0.01,evaluation,2026,248,20,17 9 21 18 40 46,1,1
logistic-l2-0.01,evaluation,2026,249,23,9 20 17 18 21 46,1,1
logistic-l2-0.01,evaluation,2026,250,14,23 9 18 20 21 46,1,1
logistic-l2-0.01,evaluation,2026,251,30,14 23 9 20 18 21,1,1
logistic-l2-0.01,evaluation,2026,252,22,23 14 9 30 17 20,1,1
logistic-l2-0.01,evaluation,2026,253,16,23 14 22 30 20 17,1,0
logistic-l2-0.01,evaluation,2026,254,2,16 14 23 30 22 17,1,1
logistic-l2-0.01,evaluation,2026,255,44,16 23 14 2 30 22,1,1
logistic-l2-0.01,evaluation,2026,256,1,16 23 14 30 44 17,1,1
logistic-l2-0.01,evaluation,2026,257,7,16 1 23 14 22 20,1,1
logistic-l2-0.01,evaluation,2026,258,46,7 16 14 23 1 22,1,1
logistic-l2-0.01,evaluation,2026,259,22,46 16 7 14 1 22,0,0
logistic-l2-0.01,evaluation,2026,260,20,22 16 7 46 1 14,1,1
logistic-l2-0.01,evaluation,2026,261,24,20 22 46 7 1 16,1,1
logistic-l2-0.01,evaluation,2026,262,30,22 7 20 24 16 1,1,1
logistic-l2-0.01,evaluation,2026,263,9,30 22 46 16 7 1,1,1
logistic-l2-0.01,evaluation,2026,264,21,9 22 30 7 46 20,1,1
logistic-l2-0.01,evaluation,2026,265,49,21 9 22 46 7 30,1,1
logistic-l2-0.01,evaluation,2026,266,8,9 49 22 21 46 24,1,1
logistic-l2-0.1,validation,2025,246,6,29 9 34 37 38 46,1,1
logistic-l2-0.1,validation,2025,247,25,16 23 1 9 26 18,1,0
logistic-l2-0.1,validation,2025,248,12,1 15 38 10 9 44,1,1
logistic-l2-0.1,validation,2025,249,2,42 34 24 16 1 39,1,1
logistic-l2-0.1,validation,2025,250,12,9 1 4 19 37 16,1,1
logistic-l2-0.1,validation,2025,251,35,34 47 33 16 1 9,1,0
logistic-l2-0.1,validation,2025,252,23,15 18 16 1 34 5,1,0
logistic-l2-0.1,validation,2025,253,33,1 35 23 16 10 43,1,1
logistic-l2-0.1,validation,2025,254,17,6 19 1 37 39 23,1,1
logistic-l2-0.1,validation,2025,255,42,19 12 1 44 29 23,1,1
logistic-l2-0.1,validation,2025,256,48,15 39 1 25 24 23,1,1
logistic-l2-0.1,validation,2025,257,28,42 9 5 1 15 36,1,1
logistic-l2-0.1,validation,2025,258,38,1 23 42 11 4 12,1,1
logistic-l2-0.1,validation,2025,259,47,1 35 25 47 17 23,0,0
logistic-l2-0.1,validation,2025,260,3,42 1 9 35 38 47,1,1
logistic-l2-0.1,validation,2025,261,33,42 12 1 23 24 28,1,1
logistic-l2-0.1,validation,2025,262,44,9 30 42 1 37 12,1,1
logistic-l2-0.1,validation,2025,263,38,12 38 9 42 33 28,0,0
logistic-l2-0.1,validation,2025,264,43,9 25 12 38 42 11,1,1
logistic-l2-0.1,validation,2025,265,10,9 42 38 25 12 1,1,1
logistic-l2-0.1,validation,2025,266,41,9 38 1 23 33 12,1,1
logistic-l2-0.1,validation,2025,267,29,1 38 23 12 43 33,1,1
logistic-l2-0.1,validation,2025,268,10,1 9 38 25 48 12,1,1
logistic-l2-0.1,validation,2025,269,31,1 9 12 48 25 38,1,1
logistic-l2-0.1,validation,2025,270,35,1 33 12 9 25 38,1,1
logistic-l2-0.1,validation,2025,271,6,1 33 38 48 5 9,1,1
logistic-l2-0.1,validation,2025,272,36,1 48 33 38 5 6,1,1
logistic-l2-0.1,validation,2025,273,4,1 48 10 3 6 5,1,1
logistic-l2-0.1,validation,2025,274,44,1 10 48 6 5 9,1,0
logistic-l2-0.1,validation,2025,275,45,1 44 10 48 5 9,1,1
logistic-l2-0.1,validation,2025,276,9,1 10 5 9 43 40,0,0
logistic-l2-0.1,validation,2025,277,16,9 10 5 1 25 44,1,1
logistic-l2-0.1,validation,2025,278,28,10 9 1 21 34 44,1,1
logistic-l2-0.1,validation,2025,279,27,9 28 21 44 34 48,1,1
logistic-l2-0.1,validation,2025,280,42,34 9 28 33 27 44,1,1
logistic-l2-0.1,validation,2025,281,47,42 34 9 39 27 1,1,1
logistic-l2-0.1,validation,2025,282,41,28 34 1 47 39 44,1,1
logistic-l2-0.1,validation,2025,283,45,41 28 9 44 34 39,1,0
logistic-l2-0.1,validation,2025,284,41,45 25 33 28 9 34,1,0
logistic-l2-0.1,validation,2025,285,24,25 1 34 33 11 9,1,1
logistic-l2-0.1,validation,2025,286,3,33 1 21 25 9 12,1,1
logistic-l2-0.1,validation,2025,287,34,37 25 33 41 1 28,1,1
logistic-l2-0.1,validation,2025,288,14,25 34 24 42 28 37,1,1
logistic-l2-0.1,validation,2025,289,42,25 42 24 41 37 1,0,0
logistic-l2-0.1,validation,2025,290,19,25 42 24 44 1 10,1,1
logistic-l2-0.1,validation,2025,291,44,25 10 24 42 44 1,0,0
logistic-l2-0.1,validation,2025,292,2,25 24 44 10 42 1,1,1
logistic-l2-0.1,validation,2025,293,47,25 24 10 44 1 5,1,1
logistic-l2-0.1,validation,2025,294,18,25 1 10 24 5 44,1,1
logistic-l2-0.1,validation,2025,295,5,25 18 1 24 44 10,1,0
logistic-l2-0.1,validation,2025,296,22,5 44 10 25 18 1,1,1
logistic-l2-0.1,validation,2025,297,44,5 18 10 44 42 25,0,0
logistic-l2-0.1,validation,2025,298,23,44 5 10 18 1 25,1,1
logistic-l2-0.1,validation,2025,299,49,5 23 44 18 10 25,1,1
logistic-l2-0.1,validation,2025,300,40,44 49 23 5 18 47,1,1
logistic-l2-0.1,validation,2025,301,5,44 40 23 18 5 49,0,0
logistic-l2-0.1,validation,2025,302,22,5 44 23 42 18 40,1,1
logistic-l2-0.1,validation,2025,303,15,44 24 23 1 10 2,1,1
logistic-l2-0.1,validation,2025,304,48,42 24 44 15 45 23,1,1
logistic-l2-0.1,validation,2025,305,42,42 24 47 45 18 41,0,0
logistic-l2-0.1,validation,2025,306,17,42 24 47 39 49 19,1,1
logistic-l2-0.1,validation,2025,307,20,42 24 17 5 44 47,1,1
logistic-l2-0.1,validation,2025,308,39,42 24 44 5 47 10,1,1
logistic-l2-0.1,validation,2025,309,6,42 39 5 44 23 15,1,1
logistic-l2-0.1,validation,2025,310,16,42 5 6 39 44 15,1,1
logistic-l2-0.1,validation,2025,311,37,42 5 16 39 44 24,1,1
logistic-l2-0.1,validation,2025,312,14,42 37 44 16 39 5,1,1
logistic-l2-0.1,validation,2025,313,38,42 39 14 37 44 16,1,1
logistic-l2-0.1,validation,2025,314,23,38 42 39 37 14 16,1,1
logistic-l2-0.1,validation,2025,315,4,23 38 39 42 37 14,1,1
logistic-l2-0.1,validation,2025,316,24,23 4 38 14 39 37,1,1
logistic-l2-0.1,validation,2025,317,18,23 24 14 38 16 37,1,1
logistic-l2-0.1,validation,2025,318,6,18 23 14 16 24 38,1,0
logistic-l2-0.1,validation,2025,319,45,6 23 18 16 24 42,1,1
logistic-l2-0.1,validation,2025,320,28,23 6 45 18 44 24,1,1
logistic-l2-0.1,validation,2025,321,23,6 18 28 23 45 37,0,0
logistic-l2-0.1,validation,2025,322,47,23 6 18 22 20 24,1,1
logistic-l2-0.1,validation,2025,323,9,6 47 23 24 18 22,1,1
logistic-l2-0.1,validation,2025,324,15,6 23 28 20 9 29,1,1
logistic-l2-0.1,validation,2025,325,4,28 6 15 29 20 10,1,1
logistic-l2-0.1,validation,2025,326,19,17 28 29 6 49 33,1,1
logistic-l2-0.1,validation,2025,327,37,23 28 6 4 33 46,1,1
logistic-l2-0.1,validation,2025,328,3,31 28 22 23 33 46,1,1
logistic-l2-0.1,validation,2025,329,17,28 34 22 15 31 33,1,0
logistic-l2-0.1,validation,2025,330,36,28 17 37 19 46 15,1,1
logistic-l2-0.1,validation,2025,331,26,37 6 17 28 19 4,1,1
logistic-l2-0.1,validation,2025,332,26,37 22 17 47 4 19,1,1
logistic-l2-0.1,validation,2025,333,6,19 44 23 45 37 4,1,0
logistic-l2-0.1,validation,2025,334,46,37 31 11 44 19 22,1,1
logistic-l2-0.1,validation,2025,335,44,37 33 1 49 6 44,0,0
logistic-l2-0.1,validation,2025,336,17,46 37 31 3 13 34,1,1
logistic-l2-0.1,validation,2025,337,9,13 6 15 42 20 37,1,1
logistic-l2-0.1,validation,2025,338,8,13 44 42 24 32 14,1,1
logistic-l2-0.1,validation,2025,339,48,10 34 15 25 41 44,1,0
logistic-l2-0.1,validation,2025,340,16,24 36 6 44 31 22,1,1
logistic-l2-0.1,validation,2025,341,6,10 22 15 17 24 44,1,1
logistic-l2-0.1,validation,2025,342,4,34 35 10 42 31 13,1,1
logistic-l2-0.1,validation,2025,343,38,15 24 34 10 41 31,1,1
logistic-l2-0.1,validation,2025,344,27,35 41 46 34 15 10,1,1
logistic-l2-0.1,validation,2025,345,24,10 42 11 15 34 40,1,0
logistic-l2-0.1,validation,2025,346,3,11 41 10 32 42 15,1,1
logistic-l2-0.1,validation,2025,347,13,11 34 10 40 41 46,1,1
logistic-l2-0.1,validation,2025,348,16,24 11 34 8 41 28,1,1
logistic-l2-0.1,validation,2025,349,22,34 11 22 31 24 21,0,0
logistic-l2-0.1,validation,2025,350,49,11 34 46 40 10 24,1,1
logistic-l2-0.1,validation,2025,351,4,11 46 34 40 22 24,1,1
logistic-l2-0.1,validation,2025,352,44,11 46 40 10 34 35,1,1
logistic-l2-0.1,validation,2025,353,1,11 10 46 40 26 21,1,1
logistic-l2-0.1,validation,2025,354,30,11 26 46 10 40 16,1,1
logistic-l2-0.1,validation,2025,355,8,11 26 46 15 16 21,1,1
logistic-l2-0.1,validation,2025,356,24,15 26 28 11 46 30,1,1
logistic-l2-0.1,validation,2025,357,49,11 15 26 8 28 40,1,1
logistic-l2-0.1,validation,2025,358,7,11 15 35 13 2 43,1,1
logistic-l2-0.1,validation,2025,359,11,35 11 26 43 42 15,0,0
logistic-l2-0.1,validation,2025,360,41,6 42 38 26 16 15,1,1
logistic-l2-0.1,validation,2025,361,24,6 15 44 12 26 43,1,1
logistic-l2-0.1,validation,2025,362,23,2 38 30 6 43 15,1,1
logistic-l2-0.1,validation,2025,363,26,6 30 11 8 37 45,1,1
logistic-l2-0.1,validation,2025,364,12,15 13 23 21 9 4,1,1
logistic-l2-0.1,validation,2025,365,26,11 43 2 22 6 28,1,1
logistic-l2-0.1,evaluation,2026,1,29,33 29 20 49 10 2,0,0
logistic-l2-0.1,evaluation,2026,2,22,43 11 33 27 6 42,1,1
logistic-l2-0.1,evaluation,2026,3,9,27 11 4 33 23 43,1,1
logistic-l2-0.1,evaluation,2026,4,45,30 7 44 11 33 15,1,1
logistic-l2-0.1,evaluation,2026,5,43,49 7 22 29 19 30,1,1
logistic-l2-0.1,evaluation,2026,6,13,49 13 22 29 43 24,0,0
logistic-l2-0.1,evaluation,2026,7,41,13 49 29 45 22 23,1,1
logistic-l2-0.1,evaluation,2026,8,21,29 41 1 12 13 49,1,1
logistic-l2-0.1,evaluation,2026,9,28,41 24 1 12 49 14,1,1
logistic-l2-0.1,evaluation,2026,10,27,41 24 1 14 9 13,1,1
logistic-l2-0.1,evaluation,2026,11,11,27 41 13 9 1 29,1,1
logistic-l2-0.1,evaluation,2026,12,11,27 41 14 1 9 47,1,1
logistic-l2-0.1,evaluation,2026,13,1,14 1 47 27 12 9,0,0
logistic-l2-0.1,evaluation,2026,14,26,14 1 47 12 18 41,1,1
logistic-l2-0.1,evaluation,2026,15,31,14 1 47 32 34 18,1,1
logistic-l2-0.1,evaluation,2026,16,6,14 1 47 41 16 18,1,1
logistic-l2-0.1,evaluation,2026,17,32,1 14 47 16 32 3,0,0
logistic-l2-0.1,evaluation,2026,18,39,1 14 47 32 16 27,1,1
logistic-l2-0.1,evaluation,2026,19,46,1 26 32 14 39 47,1,1
logistic-l2-0.1,evaluation,2026,20,12,26 1 32 39 14 27,1,1
logistic-l2-0.1,evaluation,2026,21,42,26 1 39 32 12 46,1,1
logistic-l2-0.1,evaluation,2026,22,18,1 26 32 12 39 46,1,1
logistic-l2-0.1,evaluation,2026,23,47,26 1 12 32 18 6,1,1
logistic-l2-0.1,evaluation,2026,24,28,26 12 32 47 1 39,1,1
logistic-l2-0.1,evaluation,2026,25,37,28 12 47 26 32 18,1,1
logistic-l2-0.1,evaluation,2026,26,19,28 12 26 47 32 18,1,1
logistic-l2-0.1,evaluation,2026,27,45,28 12 26 47 32 18,1,1
logistic-l2-0.1,evaluation,2026,28,3,28 12 26 47 1 39,1,1
logistic-l2-0.1,evaluation,2026,29,1,3 12 28 26 45 18,1,0
logistic-l2-0.1,evaluation,2026,30,41,1 28 3 45 37 12,1,1
logistic-l2-0.1,evaluation,2026,31,26,1 41 28 3 45 37,1,1
logistic-l2-0.1,evaluation,2026,32,6,26 1 41 28 45 19,1,1
logistic-l2-0.1,evaluation,2026,33,41,1 28 41 26 3 45,0,0
logistic-l2-0.1,evaluation,2026,34,19,41 1 28 3 37 26,1,0
logistic-l2-0.1,evaluation,2026,35,27,1 41 3 19 35 26,1,0
logistic-l2-0.1,evaluation,2026,36,1,19 41 3 1 32 27,0,0
logistic-l2-0.1,evaluation,2026,37,43,20 44 11 10 48 39,1,1
logistic-l2-0.1,evaluation,2026,38,42,44 39 34 45 13 42,0,0
logistic-l2-0.1,evaluation,2026,39,11,20 34 44 11 10 6,0,0
logistic-l2-0.1,evaluation,2026,40,28,2 14 5 21 43 35,1,1
logistic-l2-0.1,evaluation,2026,41,36,27 5 14 25 29 2,1,0
logistic-l2-0.1,evaluation,2026,42,16,27 44 8 2 36 20,1,1
logistic-l2-0.1,evaluation,2026,43,13,11 19 44 20 38 27,1,1
logistic-l2-0.1,evaluation,2026,44,19,42 11 40 27 33 35,1,0
logistic-l2-0.1,evaluation,2026,45,1,17 39 38 48 20 47,1,1
logistic-l2-0.1,evaluation,2026,46,3,20 38 10 22 44 34,1,1
logistic-l2-0.1,evaluation,2026,47,39,20 22 10 39 44 33,0,0
logistic-l2-0.1,evaluation,2026,48,24,10 20 15 33 34 35,1,1
logistic-l2-0.1,evaluation,2026,49,13,20 10 38 33 35 40,1,1
logistic-l2-0.1,evaluation,2026,50,23,20 10 33 34 35 40,1,1
logistic-l2-0.1,evaluation,2026,51,1,10 20 33 34 35 40,1,1
logistic-l2-0.1,evaluation,2026,52,38,10 20 38 40 44 33,0,0
logistic-l2-0.1,evaluation,2026,53,15,34 10 20 33 7 25,1,0
logistic-l2-0.1,evaluation,2026,54,48,34 25 5 10 2 20,1,1
logistic-l2-0.1,evaluation,2026,55,14,34 10 20 25 5 33,1,1
logistic-l2-0.1,evaluation,2026,56,48,10 34 15 8 44 11,1,1
logistic-l2-0.1,evaluation,2026,57,23,20 46 44 22 11 33,1,1
logistic-l2-0.1,evaluation,2026,58,31,20 46 44 11 10 22,1,1
logistic-l2-0.1,evaluation,2026,59,10,46 11 44 22 8 10,0,0
logistic-l2-0.1,evaluation,2026,60,9,22 11 46 8 42 44,1,1
logistic-l2-0.1,evaluation,2026,61,29,22 11 44 46 8 42,1,1
logistic-l2-0.1,evaluation,2026,62,24,42 11 44 22 6 47,1,1
logistic-l2-0.1,evaluation,2026,63,28,44 22 11 15 42 20,1,1
logistic-l2-0.1,evaluation,2026,64,18,22 42 15 44 11 20,1,1
logistic-l2-0.1,evaluation,2026,65,5,11 42 44 20 22 46,1,1
logistic-l2-0.1,evaluation,2026,66,37,11 42 46 20 13 44,1,1
logistic-l2-0.1,evaluation,2026,67,5,11 42 10 13 6 46,1,1
logistic-l2-0.1,evaluation,2026,68,23,11 42 6 46 13 40,1,1
logistic-l2-0.1,evaluation,2026,69,24,42 11 38 46 40 20,1,1
logistic-l2-0.1,evaluation,2026,70,25,42 11 40 46 20 22,1,1
logistic-l2-0.1,evaluation,2026,71,48,40 42 11 38 20 46,1,1
logistic-l2-0.1,evaluation,2026,72,46,40 42 46 44 38 11,0,0
logistic-l2-0.1,evaluation,2026,73,34,42 40 44 46 11 38,1,1
logistic-l2-0.1,evaluation,2026,74,10,11 42 46 40 38 6,1,1
logistic-l2-0.1,evaluation,2026,75,33,40 11 42 46 6 44,1,1
logistic-l2-0.1,evaluation,2026,76,2,11 46 40 26 42 6,1,1
logistic-l2-0.1,evaluation,2026,77,29,11 24 46 13 40 42,1,1
logistic-l2-0.1,evaluation,2026,78,46,11 46 6 13 37 39,0,0
logistic-l2-0.1,evaluation,2026,79,35,11 26 13 6 28 42,1,1
logistic-l2-0.1,evaluation,2026,80,3,11 24 26 13 1 6,1,1
logistic-l2-0.1,evaluation,2026,81,17,26 11 24 46 6 13,1,1
logistic-l2-0.1,evaluation,2026,82,27,11 24 26 13 23 1,1,1
logistic-l2-0.1,evaluation,2026,83,5,11 24 1 46 26 23,1,1
logistic-l2-0.1,evaluation,2026,84,16,11 1 26 46 44 24,1,1
logistic-l2-0.1,evaluation,2026,85,19,24 1 46 26 2 6,1,1
logistic-l2-0.1,evaluation,2026,86,12,24 6 46 2 33 1,1,1
logistic-l2-0.1,evaluation,2026,87,26,24 46 26 12 2 41,0,0
logistic-l2-0.1,evaluation,2026,88,27,26 46 24 33 12 19,1,1
logistic-l2-0.1,evaluation,2026,89,49,24 2 46 33 8 17,1,1
logistic-l2-0.1,evaluation,2026,90,36,24 49 46 26 2 17,1,1
logistic-l2-0.1,evaluation,2026,91,37,24 36 46 49 26 27,1,1
logistic-l2-0.1,evaluation,2026,92,6,37 49 27 26 19 46,1,1
logistic-l2-0.1,evaluation,2026,93,40,6 37 26 27 36 49,1,1
logistic-l2-0.1,evaluation,2026,94,17,6 37 27 26 46 36,1,1
logistic-l2-0.1,evaluation,2026,95,35,17 27 6 37 26 19,1,1
logistic-l2-0.1,evaluation,2026,96,43,26 17 6 27 37 35,1,1
logistic-l2-0.1,evaluation,2026,97,11,17 26 6 27 46 36,1,1
logistic-l2-0.1,evaluation,2026,98,17,17 26 46 11 36 37,0,0
logistic-l2-0.1,evaluation,2026,99,12,17 46 26 24 37 36,1,1
logistic-l2-0.1,evaluation,2026,100,33,17 12 46 26 37 24,1,1
logistic-l2-0.1,evaluation,2026,101,39,17 24 33 46 26 48,1,1
logistic-l2-0.1,evaluation,2026,102,20,17 12 39 46 26 24,1,1
logistic-l2-0.1,evaluation,2026,103,6,17 12 20 26 39 43,1,1
logistic-l2-0.1,evaluation,2026,104,1,17 39 3 6 12 43,1,0
logistic-l2-0.1,evaluation,2026,105,28,1 17 12 39 6 35,1,1
logistic-l2-0.1,evaluation,2026,106,22,28 17 39 20 1 12,1,1
logistic-l2-0.1,evaluation,2026,107,49,17 1 28 22 39 6,1,1
logistic-l2-0.1,evaluation,2026,108,45,17 49 1 28 39 12,1,1
logistic-l2-0.1,evaluation,2026,109,16,1 28 49 6 45 17,1,1
logistic-l2-0.1,evaluation,2026,110,30,1 6 16 20 17 39,1,1
logistic-l2-0.1,evaluation,2026,111,1,1 6 17 28 16 39,0,0
logistic-l2-0.1,evaluation,2026,112,9,1 20 6 17 49 28,1,1
logistic-l2-0.1,evaluation,2026,113,2,1 6 17 30 49 24,1,1
logistic-l2-0.1,evaluation,2026,114,30,1 17 49 2 19 22,1,0
logistic-l2-0.1,evaluation,2026,115,4,1 17 30 19 6 49,1,1
logistic-l2-0.1,evaluation,2026,116,22,1 17 30 6 49 24,1,1
logistic-l2-0.1,evaluation,2026,117,16,1 17 46 48 10 22,1,0
logistic-l2-0.1,evaluation,2026,118,8,17 46 1 19 48 16,1,0
logistic-l2-0.1,evaluation,2026,119,11,1 17 8 19 46 16,1,1
logistic-l2-0.1,evaluation,2026,120,6,1 17 46 19 16 8,1,1
logistic-l2-0.1,evaluation,2026,121,44,46 1 48 19 6 22,1,1
logistic-l2-0.1,evaluation,2026,122,1,48 1 6 19 16 22,0,0
logistic-l2-0.1,evaluation,2026,123,46,48 22 1 45 46 16,0,0
logistic-l2-0.1,evaluation,2026,124,39,46 1 22 16 45 48,1,1
logistic-l2-0.1,evaluation,2026,125,31,39 1 16 22 46 48,1,1
logistic-l2-0.1,evaluation,2026,126,49,46 22 1 39 45 48,1,1
logistic-l2-0.1,evaluation,2026,127,45,49 46 1 39 22 16,1,0
logistic-l2-0.1,evaluation,2026,128,37,45 1 49 39 6 46,1,1
logistic-l2-0.1,evaluation,2026,129,41,1 45 46 39 49 6,1,1
logistic-l2-0.1,evaluation,2026,130,29,45 1 46 39 41 49,1,1
logistic-l2-0.1,evaluation,2026,131,7,45 1 46 39 29 49,1,1
logistic-l2-0.1,evaluation,2026,132,30,1 49 7 29 45 37,1,1
logistic-l2-0.1,evaluation,2026,133,7,30 49 29 37 39 1,1,1
logistic-l2-0.1,evaluation,2026,134,37,37 1 49 30 31 28,0,0
logistic-l2-0.1,evaluation,2026,135,30,37 1 49 16 24 30,0,0
logistic-l2-0.1,evaluation,2026,136,48,28 17 1 24 35 13,1,0
logistic-l2-0.1,evaluation,2026,137,26,28 1 17 24 12 13,1,1
logistic-l2-0.1,evaluation,2026,138,49,28 37 5 16 13 6,1,1
logistic-l2-0.1,evaluation,2026,139,24,6 28 13 37 49 27,1,1
logistic-l2-0.1,evaluation,2026,140,16,28 37 31 13 4 27,1,0
logistic-l2-0.1,evaluation,2026,141,33,16 28 37 43 31 27,1,1
logistic-l2-0.1,evaluation,2026,142,23,33 37 16 31 28 43,1,1
logistic-l2-0.1,evaluation,2026,143,44,23 37 33 26 16 30,1,1
logistic-l2-0.1,evaluation,2026,144,43,33 37 44 16 23 31,1,1
logistic-l2-0.1,evaluation,2026,145,5,43 49 33 44 16 23,1,1
logistic-l2-0.1,evaluation,2026,146,42,5 43 44 49 16 23,1,1
logistic-l2-0.1,evaluation,2026,147,13,16 5 42 49 44 23,1,1
logistic-l2-0.1,evaluation,2026,148,48,44 49 24 5 23 13,1,1
logistic-l2-0.1,evaluation,2026,149,27,48 24 23 44 5 42,1,1
logistic-l2-0.1,evaluation,2026,150,9,48 44 5 42 27 33,1,1
logistic-l2-0.1,evaluation,2026,151,31,44 48 5 9 42 24,1,1
logistic-l2-0.1,evaluation,2026,152,45,48 44 46 24 5 42,1,1
logistic-l2-0.1,evaluation,2026,153,41,45 48 44 5 46 24,1,1
logistic-l2-0.1,evaluation,2026,154,41,41 48 45 5 24 7,0,0
logistic-l2-0.1,evaluation,2026,155,7,46 48 26 24 45 41,1,0
logistic-l2-0.1,evaluation,2026,156,1,46 48 41 7 45 24,1,1
logistic-l2-0.1,evaluation,2026,157,40,41 48 7 1 45 17,1,1
logistic-l2-0.1,evaluation,2026,158,16,7 48 41 9 45 1,1,1
logistic-l2-0.1,evaluation,2026,159,39,7 41 45 1 8 9,1,1
logistic-l2-0.1,evaluation,2026,160,2,7 41 45 39 1 17,1,1
logistic-l2-0.1,evaluation,2026,161,8,1 41 7 2 16 45,1,0
logistic-l2-0.1,evaluation,2026,162,32,41 7 2 8 45 39,1,1
logistic-l2-0.1,evaluation,2026,163,37,41 7 16 1 2 8,1,1
logistic-l2-0.1,evaluation,2026,164,21,8 41 32 7 1 39,1,1
logistic-l2-0.1,evaluation,2026,165,3,2 1 16 32 8 37,1,1
logistic-l2-0.1,evaluation,2026,166,6,32 16 37 21 1 40,1,1
logistic-l2-0.1,evaluation,2026,167,19,16 6 32 3 8 21,1,1
logistic-l2-0.1,evaluation,2026,168,15,16 19 6 32 3 8,1,1
logistic-l2-0.1,evaluation,2026,169,24,6 15 19 37 3 8,1,1
logistic-l2-0.1,evaluation,2026,170,3,6 24 19 15 32 3,0,0
logistic-l2-0.1,evaluation,2026,171,28,3 37 19 32 24 15,1,1
logistic-l2-0.1,evaluation,2026,172,44,3 28 6 37 19 32,1,1
logistic-l2-0.1,evaluation,2026,173,26,3 44 6 19 24 37,1,1
logistic-l2-0.1,evaluation,2026,174,41,3 26 44 28 6 24,1,0
logistic-l2-0.1,evaluation,2026,175,26,41 3 44 28 6 26,0,0
logistic-l2-0.1,evaluation,2026,176,10,28 26 41 6 3 44,1,1
logistic-l2-0.1,evaluation,2026,177,14,28 26 41 3 44 40,1,1
logistic-l2-0.1,evaluation,2026,178,18,28 44 41 26 40 24,1,1
logistic-l2-0.1,evaluation,2026,179,15,44 28 26 41 31 40,1,1
logistic-l2-0.1,evaluation,2026,180,21,26 28 15 31 6 44,1,1
logistic-l2-0.1,evaluation,2026,181,19,26 28 21 41 37 15,1,0
logistic-l2-0.1,evaluation,2026,182,41,26 19 41 21 44 16,0,0
logistic-l2-0.1,evaluation,2026,183,24,41 19 26 6 15 30,1,1
logistic-l2-0.1,evaluation,2026,184,1,41 19 26 15 30 31,1,1
logistic-l2-0.1,evaluation,2026,185,36,1 41 19 37 9 26,1,1
logistic-l2-0.1,evaluation,2026,186,23,1 36 24 15 19 37,1,1
logistic-l2-0.1,evaluation,2026,187,1,41 23 24 36 19 15,1,0
logistic-l2-0.1,evaluation,2026,188,16,1 41 49 6 9 37,1,0
logistic-l2-0.1,evaluation,2026,189,15,16 36 23 41 9 15,0,0
logistic-l2-0.1,evaluation,2026,190,16,9 16 27 13 36 49,0,0
logistic-l2-0.1,evaluation,2026,191,29,9 12 27 38 13 5,1,1
logistic-l2-0.1,evaluation,2026,192,25,9 13 27 2 33 49,1,1
logistic-l2-0.1,evaluation,2026,193,9,9 2 13 49 16 6,0,0
logistic-l2-0.1,evaluation,2026,194,26,9 16 1 37 6 15,1,1
logistic-l2-0.1,evaluation,2026,195,25,9 37 13 27 16 31,1,1
logistic-l2-0.1,evaluation,2026,196,39,37 13 27 30 31 6,1,1
logistic-l2-0.1,evaluation,2026,197,8,13 6 31 33 27 35,1,1
logistic-l2-0.1,evaluation,2026,198,7,13 6 27 31 33 35,1,1
logistic-l2-0.1,evaluation,2026,199,36,37 9 13 29 27 14,1,1
logistic-l2-0.1,evaluation,2026,200,39,37 9 19 29 30 39,0,0
logistic-l2-0.1,evaluation,2026,201,32,37 13 45 30 19 27,1,1
logistic-l2-0.1,evaluation,2026,202,40,37 30 45 9 5 29,1,1
logistic-l2-0.1,evaluation,2026,203,25,9 19 37 30 29 49,1,1
logistic-l2-0.1,evaluation,2026,204,5,9 30 14 49 2 27,1,0
logistic-l2-0.1,evaluation,2026,205,3,9 49 30 16 14 2,1,1
logistic-l2-0.1,evaluation,2026,206,47,9 16 14 2 1 49,1,1
logistic-l2-0.1,evaluation,2026,207,31,1 16 19 41 24 45,1,1
logistic-l2-0.1,evaluation,2026,208,19,16 1 41 19 39 24,0,0
logistic-l2-0.1,evaluation,2026,209,8,16 41 36 39 1 6,1,0
logistic-l2-0.1,evaluation,2026,210,49,8 41 16 37 36 9,1,1
logistic-l2-0.1,evaluation,2026,211,1,49 19 8 25 16 41,1,0
logistic-l2-0.1,evaluation,2026,212,6,3 47 35 49 5 9,1,1
logistic-l2-0.1,evaluation,2026,213,35,37 12 3 5 35 49,0,0
logistic-l2-0.1,evaluation,2026,214,4,35 19 39 37 49 3,1,1
logistic-l2-0.1,evaluation,2026,215,14,19 39 1 35 37 12,1,1
logistic-l2-0.1,evaluation,2026,216,37,19 39 1 37 40 14,0,0
logistic-l2-0.1,evaluation,2026,217,26,37 19 1 8 14 35,1,1
logistic-l2-0.1,evaluation,2026,218,17,37 19 26 1 35 8,1,1
logistic-l2-0.1,evaluation,2026,219,43,37 17 26 1 8 35,1,1
logistic-l2-0.1,evaluation,2026,220,48,26 37 43 1 17 49,1,1
logistic-l2-0.1,evaluation,2026,221,1,26 48 37 1 17 43,0,0
logistic-l2-0.1,evaluation,2026,222,26,1 26 37 17 48 43,0,0
logistic-l2-0.1,evaluation,2026,223,23,26 48 17 38 4 35,1,1
logistic-l2-0.1,evaluation,2026,224,9,23 43 26 48 1 14,1,1
logistic-l2-0.1,evaluation,2026,225,1,9 14 1 43 48 23,0,0
logistic-l2-0.1,evaluation,2026,226,17,38 27 18 47 12 43,1,0
logistic-l2-0.1,evaluation,2026,227,16,38 4 18 27 29 11,1,1
logistic-l2-0.1,evaluation,2026,228,23,38 29 13 31 7 27,1,0
logistic-l2-0.1,evaluation,2026,229,38,38 18 27 29 12 11,0,0
logistic-l2-0.1,evaluation,2026,230,16,35 47 14 32 49 6,1,1
logistic-l2-0.1,evaluation,2026,231,20,35 22 20 34 2 12,0,0
logistic-l2-0.1,evaluation,2026,232,42,47 49 18 14 27 29,1,1
logistic-l2-0.1,evaluation,2026,233,7,11 13 38 7 8 49,0,0
logistic-l2-0.1,evaluation,2026,234,39,7 35 47 14 13 11,1,1
logistic-l2-0.1,evaluation,2026,235,32,35 4 47 49 14 6,1,1
logistic-l2-0.1,evaluation,2026,236,11,38 4 29 11 49 7,0,0
logistic-l2-0.1,evaluation,2026,237,12,1 11 23 48 49 4,1,1
logistic-l2-0.1,evaluation,2026,238,17,17 26 1 16 35 23,0,0
logistic-l2-0.1,evaluation,2026,239,5,17 16 1 32 48 20,1,1
logistic-l2-0.1,evaluation,2026,240,27,5 1 16 32 17 20,1,1
logistic-l2-0.1,evaluation,2026,241,49,1 17 16 27 32 5,1,1
logistic-l2-0.1,evaluation,2026,242,9,17 16 49 1 23 5,1,1
logistic-l2-0.1,evaluation,2026,243,21,9 17 16 1 23 49,1,1
logistic-l2-0.1,evaluation,2026,244,46,9 17 1 5 16 11,1,1
logistic-l2-0.1,evaluation,2026,245,18,16 5 1 49 32 39,1,1
logistic-l2-0.1,evaluation,2026,246,30,16 1 9 18 5 17,1,1
logistic-l2-0.1,evaluation,2026,247,40,9 16 17 30 26 18,1,1
logistic-l2-0.1,evaluation,2026,248,20,17 16 40 9 18 1,1,1
logistic-l2-0.1,evaluation,2026,249,23,20 9 16 1 18 40,1,0
logistic-l2-0.1,evaluation,2026,250,14,23 20 9 16 18 40,1,1
logistic-l2-0.1,evaluation,2026,251,30,23 20 16 40 18 9,1,0
logistic-l2-0.1,evaluation,2026,252,22,30 23 16 20 9 32,1,1
logistic-l2-0.1,evaluation,2026,253,16,16 23 30 20 32 18,0,0
logistic-l2-0.1,evaluation,2026,254,2,16 30 23 20 14 40,1,1
logistic-l2-0.1,evaluation,2026,255,44,16 23 30 2 20 14,1,1
logistic-l2-0.1,evaluation,2026,256,1,16 23 30 44 14 20,1,1
logistic-l2-0.1,evaluation,2026,257,7,16 1 23 30 20 14,1,1
logistic-l2-0.1,evaluation,2026,258,46,7 16 20 23 30 1,1,1
logistic-l2-0.1,evaluation,2026,259,22,16 1 46 2 7 30,1,0
logistic-l2-0.1,evaluation,2026,260,20,16 22 1 2 20 32,0,0
logistic-l2-0.1,evaluation,2026,261,24,20 16 1 22 7 2,1,1
logistic-l2-0.1,evaluation,2026,262,30,20 24 22 16 1 7,1,0
logistic-l2-0.1,evaluation,2026,263,9,30 16 20 1 24 44,1,1
logistic-l2-0.1,evaluation,2026,264,21,9 20 1 30 7 22,1,1
logistic-l2-0.1,evaluation,2026,265,49,21 20 7 30 1 9,1,1
logistic-l2-0.1,evaluation,2026,266,8,49 20 24 21 7 1,1,1
knn-15,validation,2025,246,6,49 21 47 15 26 45,1,1
knn-15,validation,2025,247,25,49 21 47 15 26 45,1,1
knn-15,validation,2025,248,12,49 21 47 15 26 45,1,1
knn-15,validation,2025,249,2,49 21 47 15 26 45,1,1
knn-15,validation,2025,250,12,49 21 47 15 26 45,1,1
knn-15,validation,2025,251,35,49 21 47 42 15 26,1,1
knn-15,validation,2025,252,23,49 21 47 42 15 26,1,1
knn-15,validation,2025,253,33,49 21 47 42 15 26,1,1
knn-15,validation,2025,254,17,49 21 47 42 15 26,1,1
knn-15,validation,2025,255,42,49 21 47 42 15 26,0,0
knn-15,validation,2025,256,48,49 21 47 15 26 45,1,1
knn-15,validation,2025,257,28,49 21 47 15 26 45,1,1
knn-15,validation,2025,258,38,49 21 47 15 26 45,1,1
knn-15,validation,2025,259,47,49 21 47 15 26 45,0,0
knn-15,validation,2025,260,3,49 21 15 26 45 30,1,0
knn-15,validation,2025,261,33,49 21 15 26 45 30,1,1
knn-15,validation,2025,262,44,49 21 15 26 45 30,1,1
knn-15,validation,2025,263,38,49 21 15 26 45 30,1,1
knn-15,validation,2025,264,43,49 21 15 26 45 30,1,1
knn-15,validation,2025,265,10,49 21 15 26 45 30,1,1
knn-15,validation,2025,266,41,49 21 15 26 45 30,1,1
knn-15,validation,2025,267,29,49 21 15 26 45 30,1,0
knn-15,validation,2025,268,10,49 21 15 26 45 30,1,1
knn-15,validation,2025,269,31,49 21 15 26 45 30,1,1
knn-15,validation,2025,270,35,49 21 42 15 26 45,1,1
knn-15,validation,2025,271,6,49 21 42 15 26 45,1,0
knn-15,validation,2025,272,36,49 21 42 15 26 45,1,1
knn-15,validation,2025,273,4,49 21 42 15 26 45,1,0
knn-15,validation,2025,274,44,49 21 42 15 26 45,1,1
knn-15,validation,2025,275,45,49 21 47 42 15 26,1,0
knn-15,validation,2025,276,9,49 21 47 42 15 26,1,1
knn-15,validation,2025,277,16,49 21 47 42 15 26,1,1
knn-15,validation,2025,278,28,49 21 47 42 15 26,1,1
knn-15,validation,2025,279,27,49 21 47 42 15 26,1,1
knn-15,validation,2025,280,42,49 21 47 42 15 26,0,0
knn-15,validation,2025,281,47,49 21 47 15 26 30,0,0
knn-15,validation,2025,282,41,49 21 15 26 30 3,1,0
knn-15,validation,2025,283,45,49 21 15 26 30 3,1,1
knn-15,validation,2025,284,41,49 21 15 26 30 3,1,1
knn-15,validation,2025,285,24,49 21 15 26 30 3,1,1
knn-15,validation,2025,286,3,49 21 15 26 30 3,0,0
knn-15,validation,2025,287,34,49 21 15 26 30 29,1,1
knn-15,validation,2025,288,14,49 21 15 26 30 29,1,1
knn-15,validation,2025,289,42,49 21 15 26 30 29,1,1
knn-15,validation,2025,290,19,49 21 15 26 30 29,1,0
knn-15,validation,2025,291,44,49 21 15 26 30 29,1,1
knn-15,validation,2025,292,2,49 21 15 26 30 29,1,1
knn-15,validation,2025,293,47,49 21 15 26 30 29,1,1
knn-15,validation,2025,294,18,49 21 15 26 30 29,1,1
knn-15,validation,2025,295,5,49 21 15 26 30 29,1,1
knn-15,validation,2025,296,22,49 21 15 26 30 29,1,1
knn-15,validation,2025,297,44,49 21 15 26 30 29,1,1
knn-15,validation,2025,298,23,49 21 15 26 30 29,1,1
knn-15,validation,2025,299,49,49 21 15 26 45 30,0,0
knn-15,validation,2025,300,40,21 15 26 45 30 29,1,1
knn-15,validation,2025,301,5,21 15 26 45 30 3,1,1
knn-15,validation,2025,302,22,21 15 26 45 30 3,1,1
knn-15,validation,2025,303,15,21 15 26 45 30 3,0,0
knn-15,validation,2025,304,48,21 26 45 30 3 29,1,1
knn-15,validation,2025,305,42,21 42 26 45 30 3,0,0
knn-15,validation,2025,306,17,21 26 45 30 3 29,1,1
knn-15,validation,2025,307,20,21 26 45 30 3 29,1,1
knn-15,validation,2025,308,39,21 26 45 30 3 29,1,1
knn-15,validation,2025,309,6,21 47 26 45 30 3,1,0
knn-15,validation,2025,310,16,21 47 26 45 30 3,1,1
knn-15,validation,2025,311,37,21 47 26 45 30 3,1,1
knn-15,validation,2025,312,14,21 47 26 45 30 3,1,1
knn-15,validation,2025,313,38,21 47 26 45 30 3,1,1
knn-15,validation,2025,314,23,21 47 26 45 30 3,1,1
knn-15,validation,2025,315,4,49 21 47 26 45 30,1,0
knn-15,validation,2025,316,24,49 21 47 26 45 30,1,1
knn-15,validation,2025,317,18,49 21 47 26 45 30,1,1
knn-15,validation,2025,318,6,49 21 47 26 45 30,1,1
knn-15,validation,2025,319,45,49 21 47 26 45 30,0,0
knn-15,validation,2025,320,28,49 21 47 26 30 3,1,1
knn-15,validation,2025,321,23,49 21 47 42 26 30,1,1
knn-15,validation,2025,322,47,49 21 47 42 15 26,0,0
knn-15,validation,2025,323,9,49 21 42 15 26 30,1,1
knn-15,validation,2025,324,15,49 21 42 15 26 30,0,0
knn-15,validation,2025,325,4,49 21 42 26 30 3,1,1
knn-15,validation,2025,326,19,49 21 42 26 30 3,1,0
knn-15,validation,2025,327,37,49 21 42 26 30 3,1,1
knn-15,validation,2025,328,3,49 21 42 26 30 3,0,0
knn-15,validation,2025,329,17,49 21 42 26 30 29,1,1
knn-15,validation,2025,330,36,49 21 42 26 30 29,1,1
knn-15,validation,2025,331,26,49 21 42 26 30 29,0,0
knn-15,validation,2025,332,26,49 21 42 30 29 25,1,1
knn-15,validation,2025,333,6,49 21 42 30 29 25,1,1
knn-15,validation,2025,334,46,49 21 42 30 29 25,1,0
knn-15,validation,2025,335,44,49 21 42 45 30 29,1,1
knn-15,validation,2025,336,17,49 21 42 45 30 29,1,1
knn-15,validation,2025,337,9,49 21 42 45 30 29,1,1
knn-15,validation,2025,338,8,49 21 47 42 45 30,1,1
knn-15,validation,2025,339,48,49 21 47 42 45 30,1,1
knn-15,validation,2025,340,16,49 21 47 42 15 45,1,1
knn-15,validation,2025,341,6,49 21 47 42 15 45,1,1
knn-15,validation,2025,342,4,49 21 47 42 15 45,1,0
knn-15,validation,2025,343,38,49 21 47 42 15 45,1,1
knn-15,validation,2025,344,27,49 21 47 42 15 45,1,1
knn-15,validation,2025,345,24,49 21 47 42 15 45,1,1
knn-15,validation,2025,346,3,49 21 47 42 15 45,1,0
knn-15,validation,2025,347,13,49 21 47 42 15 45,1,1
knn-15,validation,2025,348,16,49 21 47 42 15 26,1,1
knn-15,validation,2025,349,22,49 21 47 42 15 26,1,1
knn-15,validation,2025,350,49,49 21 47 42 15 26,0,0
knn-15,validation,2025,351,4,21 47 42 15 26 45,1,1
knn-15,validation,2025,352,44,21 47 42 15 26 45,1,1
knn-15,validation,2025,353,1,21 47 42 15 26 45,1,1
knn-15,validation,2025,354,30,21 47 42 15 26 45,1,0
knn-15,validation,2025,355,8,21 47 42 15 26 45,1,1
knn-15,validation,2025,356,24,21 47 42 15 26 45,1,1
knn-15,validation,2025,357,49,21 47 42 15 26 45,1,1
knn-15,validation,2025,358,7,21 47 42 15 26 45,1,1
knn-15,validation,2025,359,11,21 47 42 15 26 45,1,1
knn-15,validation,2025,360,41,21 47 42 15 26 45,1,1
knn-15,validation,2025,361,24,21 47 42 15 26 45,1,1
knn-15,validation,2025,362,23,21 47 42 15 26 45,1,1
knn-15,validation,2025,363,26,21 47 42 15 26 45,0,0
knn-15,validation,2025,364,12,21 47 42 15 45 3,1,1
knn-15,validation,2025,365,26,21 47 42 15 45 3,1,1
knn-15,evaluation,2026,1,29,21 47 42 15 45 3,1,0
knn-15,evaluation,2026,2,22,21 47 42 15 45 3,1,1
knn-15,evaluation,2026,3,9,21 47 42 15 45 3,1,1
knn-15,evaluation,2026,4,45,21 47 42 15 45 3,0,0
knn-15,evaluation,2026,5,43,21 47 42 15 30 3,1,1
knn-15,evaluation,2026,6,13,21 47 42 15 30 3,1,1
knn-15,evaluation,2026,7,41,21 47 42 15 30 3,1,1
knn-15,evaluation,2026,8,21,49 21 47 42 15 30,0,0
knn-15,evaluation,2026,9,28,49 47 42 15 30 3,1,1
knn-15,evaluation,2026,10,27,49 47 42 15 30 3,1,1
knn-15,evaluation,2026,11,11,49 47 42 15 30 3,1,1
knn-15,evaluation,2026,12,11,49 47 42 15 30 3,1,1
knn-15,evaluation,2026,13,1,49 47 42 15 30 3,1,1
knn-15,evaluation,2026,14,26,49 47 42 15 30 3,1,1
knn-15,evaluation,2026,15,31,49 47 42 15 30 3,1,1
knn-15,evaluation,2026,16,6,49 47 42 15 30 3,1,0
knn-15,evaluation,2026,17,32,49 47 42 15 30 3,1,1
knn-15,evaluation,2026,18,39,49 47 42 15 30 3,1,1
knn-15,evaluation,2026,19,46,49 47 42 15 30 3,1,1
knn-15,evaluation,2026,20,12,49 47 42 15 45 30,1,1
knn-15,evaluation,2026,21,42,49 47 42 15 45 30,0,0
knn-15,evaluation,2026,22,18,49 47 15 45 30 3,1,1
knn-15,evaluation,2026,23,47,49 47 15 45 30 3,0,0
knn-15,evaluation,2026,24,28,49 21 15 45 30 3,1,1
knn-15,evaluation,2026,25,37,49 21 15 45 30 3,1,1
knn-15,evaluation,2026,26,19,49 21 15 45 30 3,1,0
knn-15,evaluation,2026,27,45,49 21 15 45 30 3,0,0
knn-15,evaluation,2026,28,3,49 21 15 30 3 29,0,0
knn-15,evaluation,2026,29,1,49 21 15 30 29 4,1,1
knn-15,evaluation,2026,30,41,49 21 15 26 30 29,1,0
knn-15,evaluation,2026,31,26,49 21 15 26 30 29,0,0
knn-15,evaluation,2026,32,6,49 21 15 30 29 4,1,0
knn-15,evaluation,2026,33,41,49 21 15 30 29 4,1,1
knn-15,evaluation,2026,34,19,49 21 15 30 29 4,1,1
knn-15,evaluation,2026,35,27,49 21 15 30 29 4,1,1
knn-15,evaluation,2026,36,1,49 21 15 30 29 4,1,1
knn-15,evaluation,2026,37,43,49 21 42 15 30 29,1,1
knn-15,evaluation,2026,38,42,49 21 42 15 30 29,0,0
knn-15,evaluation,2026,39,11,49 21 47 15 30 29,1,1
knn-15,evaluation,2026,40,28,49 21 47 15 30 29,1,1
knn-15,evaluation,2026,41,36,49 21 47 15 30 29,1,1
knn-15,evaluation,2026,42,16,49 21 47 15 30 29,1,1
knn-15,evaluation,2026,43,13,49 21 47 15 45 30,1,1
knn-15,evaluation,2026,44,19,49 21 47 15 45 30,1,1
knn-15,evaluation,2026,45,1,49 21 47 15 45 30,1,1
knn-15,evaluation,2026,46,3,49 21 47 15 45 30,1,0
knn-15,evaluation,2026,47,39,49 21 47 15 45 30,1,1
knn-15,evaluation,2026,48,24,49 21 47 15 26 45,1,1
knn-15,evaluation,2026,49,13,49 21 47 15 26 45,1,1
knn-15,evaluation,2026,50,23,49 21 47 15 26 45,1,1
knn-15,evaluation,2026,51,1,49 21 47 15 26 45,1,1
knn-15,evaluation,2026,52,38,49 21 47 15 26 45,1,1
knn-15,evaluation,2026,53,15,49 21 47 15 26 45,0,0
knn-15,evaluation,2026,54,48,49 21 47 26 45 30,1,1
knn-15,evaluation,2026,55,14,49 21 47 42 26 45,1,1
knn-15,evaluation,2026,56,48,49 21 47 42 26 45,1,1
knn-15,evaluation,2026,57,23,49 21 47 42 26 45,1,1
knn-15,evaluation,2026,58,31,49 21 47 42 26 45,1,1
knn-15,evaluation,2026,59,10,49 21 47 42 26 45,1,1
knn-15,evaluation,2026,60,9,49 21 47 42 26 45,1,1
knn-15,evaluation,2026,61,29,49 21 47 42 26 45,1,0
knn-15,evaluation,2026,62,24,49 21 47 42 26 45,1,1
knn-15,evaluation,2026,63,28,49 21 47 42 26 45,1,1
knn-15,evaluation,2026,64,18,49 21 47 42 26 45,1,1
knn-15,evaluation,2026,65,5,49 21 47 42 26 45,1,1
knn-15,evaluation,2026,66,37,49 21 47 42 26 45,1,1
knn-15,evaluation,2026,67,5,49 21 47 42 26 45,1,1
knn-15,evaluation,2026,68,23,49 21 47 42 26 45,1,1
knn-15,evaluation,2026,69,24,49 21 47 42 15 26,1,1
knn-15,evaluation,2026,70,25,49 21 47 42 15 26,1,1
knn-15,evaluation,2026,71,48,49 21 47 42 15 26,1,1
knn-15,evaluation,2026,72,46,49 21 47 42 15 26,1,1
knn-15,evaluation,2026,73,34,49 21 47 42 15 26,1,1
knn-15,evaluation,2026,74,10,49 21 47 42 15 26,1,1
knn-15,evaluation,2026,75,33,49 21 47 42 15 26,1,1
knn-15,evaluation,2026,76,2,49 21 47 42 15 26,1,1
knn-15,evaluation,2026,77,29,49 21 47 42 15 26,1,0
knn-15,evaluation,2026,78,46,49 21 47 42 15 26,1,1
knn-15,evaluation,2026,79,35,49 21 47 42 15 26,1,1
knn-15,evaluation,2026,80,3,49 21 47 42 15 26,1,0
knn-15,evaluation,2026,81,17,49 21 47 42 15 26,1,1
knn-15,evaluation,2026,82,27,49 21 47 42 15 26,1,1
knn-15,evaluation,2026,83,5,49 21 47 42 15 26,1,1
knn-15,evaluation,2026,84,16,49 21 47 42 15 26,1,1
knn-15,evaluation,2026,85,19,49 21 47 42 15 26,1,0
knn-15,evaluation,2026,86,12,49 21 47 42 15 26,1,1
knn-15,evaluation,2026,87,26,49 21 47 42 15 26,0,0
knn-15,evaluation,2026,88,27,49 21 47 42 15 45,1,1
knn-15,evaluation,2026,89,49,49 21 47 42 15 45,0,0
knn-15,evaluation,2026,90,36,21 47 42 15 45 30,1,1
knn-15,evaluation,2026,91,37,21 47 42 15 45 30,1,1
knn-15,evaluation,2026,92,6,21 47 42 15 45 30,1,0
knn-15,evaluation,2026,93,40,21 47 42 15 45 30,1,1
knn-15,evaluation,2026,94,17,21 47 42 15 45 30,1,1
knn-15,evaluation,2026,95,35,21 47 42 15 45 30,1,1
knn-15,evaluation,2026,96,43,21 47 42 15 45 30,1,1
knn-15,evaluation,2026,97,11,21 47 42 15 45 30,1,1
knn-15,evaluation,2026,98,17,21 47 42 15 45 30,1,1
knn-15,evaluation,2026,99,12,21 47 42 15 45 30,1,1
knn-15,evaluation,2026,100,33,21 47 42 15 45 30,1,1
knn-15,evaluation,2026,101,39,21 47 42 15 45 30,1,1
knn-15,evaluation,2026,102,20,21 47 42 15 45 30,1,1
knn-15,evaluation,2026,103,6,21 47 42 15 26 45,1,1
knn-15,evaluation,2026,104,1,21 47 42 15 26 45,1,1
knn-15,evaluation,2026,105,28,49 21 47 42 15 26,1,1
knn-15,evaluation,2026,106,22,49 21 47 42 15 26,1,1
knn-15,evaluation,2026,107,49,49 21 47 42 15 26,0,0
knn-15,evaluation,2026,108,45,21 47 42 15 26 45,0,0
knn-15,evaluation,2026,109,16,21 47 42 15 26 30,1,1
knn-15,evaluation,2026,110,30,21 47 42 15 26 30,0,0
knn-15,evaluation,2026,111,1,21 47 42 15 26 3,1,1
knn-15,evaluation,2026,112,9,21 47 42 15 26 3,1,1
knn-15,evaluation,2026,113,2,21 47 42 15 26 3,1,1
knn-15,evaluation,2026,114,30,21 47 42 15 26 3,1,1
knn-15,evaluation,2026,115,4,21 47 42 15 26 3,1,0
knn-15,evaluation,2026,116,22,21 47 42 15 26 3,1,1
knn-15,evaluation,2026,117,16,21 47 42 15 26 3,1,1
knn-15,evaluation,2026,118,8,21 47 42 15 26 3,1,1
knn-15,evaluation,2026,119,11,21 47 42 15 26 3,1,1
knn-15,evaluation,2026,120,6,21 47 42 15 26 3,1,0
knn-15,evaluation,2026,121,44,21 47 42 15 26 3,1,1
knn-15,evaluation,2026,122,1,21 47 42 15 26 3,1,1
knn-15,evaluation,2026,123,46,49 21 47 42 15 26,1,1
knn-15,evaluation,2026,124,39,49 21 47 42 15 26,1,1
knn-15,evaluation,2026,125,31,49 21 47 42 15 26,1,1
knn-15,evaluation,2026,126,49,49 21 47 42 15 26,0,0
knn-15,evaluation,2026,127,45,21 47 42 15 26 45,0,0
knn-15,evaluation,2026,128,37,21 47 42 15 26 3,1,1
knn-15,evaluation,2026,129,41,21 47 42 15 26 3,1,0
knn-15,evaluation,2026,130,29,21 47 42 15 26 30,1,0
knn-15,evaluation,2026,131,7,21 47 42 15 26 30,1,1
knn-15,evaluation,2026,132,30,21 47 42 15 26 30,0,0
knn-15,evaluation,2026,133,7,21 47 42 15 26 3,1,1
knn-15,evaluation,2026,134,37,21 47 42 15 26 3,1,1
knn-15,evaluation,2026,135,30,21 47 42 15 26 3,1,1
knn-15,evaluation,2026,136,48,21 47 42 15 26 3,1,1
knn-15,evaluation,2026,137,26,21 47 42 15 26 3,0,0
knn-15,evaluation,2026,138,49,21 47 42 15 3 19,1,1
knn-15,evaluation,2026,139,24,21 47 42 15 3 19,1,1
knn-15,evaluation,2026,140,16,21 47 42 15 3 19,1,1
knn-15,evaluation,2026,141,33,21 47 42 15 3 19,1,1
knn-15,evaluation,2026,142,23,21 47 42 15 3 19,1,1
knn-15,evaluation,2026,143,44,21 47 42 15 3 19,1,1
knn-15,evaluation,2026,144,43,21 47 42 15 45 3,1,1
knn-15,evaluation,2026,145,5,21 47 42 15 45 3,1,1
knn-15,evaluation,2026,146,42,21 47 42 15 45 3,0,0
knn-15,evaluation,2026,147,13,21 47 15 45 3 29,1,1
knn-15,evaluation,2026,148,48,21 47 15 45 3 29,1,1
knn-15,evaluation,2026,149,27,21 47 15 45 3 29,1,1
knn-15,evaluation,2026,150,9,21 47 15 45 3 29,1,1
knn-15,evaluation,2026,151,31,21 47 15 45 30 3,1,1
knn-15,evaluation,2026,152,45,21 47 15 45 30 3,0,0
knn-15,evaluation,2026,153,41,21 47 15 30 3 29,1,1
knn-15,evaluation,2026,154,41,49 21 47 15 30 3,1,1
knn-15,evaluation,2026,155,7,49 21 47 15 26 30,1,1
knn-15,evaluation,2026,156,1,49 21 47 15 26 30,1,1
knn-15,evaluation,2026,157,40,49 21 47 15 26 30,1,1
knn-15,evaluation,2026,158,16,49 21 47 15 26 30,1,1
knn-15,evaluation,2026,159,39,49 21 47 15 26 30,1,1
knn-15,evaluation,2026,160,2,49 21 47 15 26 30,1,1
knn-15,evaluation,2026,161,8,49 21 47 15 26 30,1,1
knn-15,evaluation,2026,162,32,49 21 47 42 15 26,1,1
knn-15,evaluation,2026,163,37,49 21 47 42 15 26,1,1
knn-15,evaluation,2026,164,21,49 21 47 42 15 26,0,0
knn-15,evaluation,2026,165,3,49 47 42 15 26 30,1,0
knn-15,evaluation,2026,166,6,49 47 42 15 26 30,1,0
knn-15,evaluation,2026,167,19,49 47 42 15 26 30,1,0
knn-15,evaluation,2026,168,15,49 47 42 15 26 30,0,0
knn-15,evaluation,2026,169,24,49 47 42 26 45 30,1,1
knn-15,evaluation,2026,170,3,49 47 42 26 45 30,1,1
knn-15,evaluation,2026,171,28,49 47 42 26 45 30,1,1
knn-15,evaluation,2026,172,44,49 47 42 26 45 30,1,1
knn-15,evaluation,2026,173,26,49 47 42 26 45 30,0,0
knn-15,evaluation,2026,174,41,49 47 42 45 30 29,1,0
knn-15,evaluation,2026,175,26,49 47 42 45 30 29,1,1
knn-15,evaluation,2026,176,10,49 47 42 45 30 29,1,1
knn-15,evaluation,2026,177,14,49 47 42 45 30 29,1,1
knn-15,evaluation,2026,178,18,49 47 42 45 30 29,1,1
knn-15,evaluation,2026,179,15,49 47 42 45 30 29,1,1
knn-15,evaluation,2026,180,21,49 21 47 42 45 30,0,0
knn-15,evaluation,2026,181,19,49 47 42 45 30 29,1,1
knn-15,evaluation,2026,182,41,49 47 42 45 30 29,1,1
knn-15,evaluation,2026,183,24,49 47 42 45 30 29,1,1
knn-15,evaluation,2026,184,1,49 47 42 45 30 29,1,1
knn-15,evaluation,2026,185,36,49 47 42 45 30 29,1,1
knn-15,evaluation,2026,186,23,49 47 42 45 30 3,1,1
knn-15,evaluation,2026,187,1,49 47 42 45 30 3,1,1
knn-15,evaluation,2026,188,16,49 47 42 45 30 3,1,1
knn-15,evaluation,2026,189,15,49 47 42 45 30 3,1,1
knn-15,evaluation,2026,190,16,49 47 42 45 30 3,1,1
knn-15,evaluation,2026,191,29,49 47 42 26 45 30,1,0
knn-15,evaluation,2026,192,25,49 47 42 26 45 30,1,0
knn-15,evaluation,2026,193,9,49 47 42 26 45 30,1,1
knn-15,evaluation,2026,194,26,49 47 42 26 45 30,0,0
knn-15,evaluation,2026,195,25,49 47 42 45 30 3,1,1
knn-15,evaluation,2026,196,39,49 47 42 45 30 3,1,1
knn-15,evaluation,2026,197,8,49 21 47 42 45 30,1,1
knn-15,evaluation,2026,198,7,49 21 47 42 45 30,1,1
knn-15,evaluation,2026,199,36,49 21 47 42 45 30,1,1
knn-15,evaluation,2026,200,39,49 21 47 42 45 30,1,1
knn-15,evaluation,2026,201,32,49 21 47 42 45 30,1,1
knn-15,evaluation,2026,202,40,49 21 47 42 45 30,1,1
knn-15,evaluation,2026,203,25,49 21 47 42 45 30,1,1
knn-15,evaluation,2026,204,5,49 21 47 42 45 30,1,1
knn-15,evaluation,2026,205,3,49 21 47 42 45 30,1,0
knn-15,evaluation,2026,206,47,49 21 47 42 15 45,0,0
knn-15,evaluation,2026,207,31,49 21 42 15 45 30,1,1
knn-15,evaluation,2026,208,19,49 21 42 15 45 30,1,0
knn-15,evaluation,2026,209,8,49 21 42 15 45 30,1,1
knn-15,evaluation,2026,210,49,49 21 42 15 45 30,0,0
knn-15,evaluation,2026,211,1,21 42 15 26 45 30,1,1
knn-15,evaluation,2026,212,6,21 42 15 26 45 30,1,0
knn-15,evaluation,2026,213,35,21 42 15 26 45 30,1,0
knn-15,evaluation,2026,214,4,21 42 15 26 45 30,1,0
knn-15,evaluation,2026,215,14,21 42 15 26 45 30,1,1
knn-15,evaluation,2026,216,37,21 42 15 26 45 30,1,1
knn-15,evaluation,2026,217,26,21 42 15 26 45 30,0,0
knn-15,evaluation,2026,218,17,21 42 15 45 30 29,1,1
knn-15,evaluation,2026,219,43,21 42 15 45 30 29,1,1
knn-15,evaluation,2026,220,48,21 42 15 45 30 29,1,1
knn-15,evaluation,2026,221,1,21 47 42 15 45 30,1,1
knn-15,evaluation,2026,222,26,21 47 42 15 45 30,1,1
knn-15,evaluation,2026,223,23,21 47 42 15 45 30,1,1
knn-15,evaluation,2026,224,9,21 47 42 15 45 30,1,1
knn-15,evaluation,2026,225,1,21 47 42 15 45 30,1,1
knn-15,evaluation,2026,226,17,49 21 47 42 15 45,1,1
knn-15,evaluation,2026,227,16,49 21 47 42 15 45,1,1
knn-15,evaluation,2026,228,23,49 21 47 42 15 45,1,1
knn-15,evaluation,2026,229,38,49 21 47 42 15 45,1,1
knn-15,evaluation,2026,230,16,49 21 47 42 15 45,1,1
knn-15,evaluation,2026,231,20,49 21 47 42 15 45,1,1
knn-15,evaluation,2026,232,42,49 21 47 42 15 45,0,0
knn-15,evaluation,2026,233,7,49 21 47 15 45 30,1,1
knn-15,evaluation,2026,234,39,49 21 47 15 45 30,1,1
knn-15,evaluation,2026,235,32,49 21 47 15 45 30,1,1
knn-15,evaluation,2026,236,11,49 21 47 15 45 30,1,1
knn-15,evaluation,2026,237,12,49 21 47 15 45 30,1,1
knn-15,evaluation,2026,238,17,49 21 47 15 26 45,1,1
knn-15,evaluation,2026,239,5,49 21 47 15 26 45,1,1
knn-15,evaluation,2026,240,27,49 21 47 15 26 45,1,1
knn-15,evaluation,2026,241,49,49 21 47 15 26 45,0,0
knn-15,evaluation,2026,242,9,21 47 15 26 45 30,1,1
knn-15,evaluation,2026,243,21,21 47 15 26 45 30,0,0
knn-15,evaluation,2026,244,46,47 15 26 45 30 3,1,1
knn-15,evaluation,2026,245,18,47 15 26 45 30 3,1,1
knn-15,evaluation,2026,246,30,47 15 26 45 30 3,0,0
knn-15,evaluation,2026,247,40,47 42 15 26 45 3,1,1
knn-15,evaluation,2026,248,20,47 42 15 26 45 3,1,1
knn-15,evaluation,2026,249,23,47 42 15 26 45 3,1,1
knn-15,evaluation,2026,250,14,47 42 15 26 45 3,1,1
knn-15,evaluation,2026,251,30,47 42 15 26 45 3,1,1
knn-15,evaluation,2026,252,22,47 42 15 26 45 3,1,1
knn-15,evaluation,2026,253,16,47 42 15 26 45 3,1,1
knn-15,evaluation,2026,254,2,47 42 15 26 45 3,1,1
knn-15,evaluation,2026,255,44,47 42 15 26 45 3,1,1
knn-15,evaluation,2026,256,1,47 42 15 26 45 3,1,1
knn-15,evaluation,2026,257,7,49 47 42 15 26 45,1,1
knn-15,evaluation,2026,258,46,49 47 42 15 26 45,1,1
knn-15,evaluation,2026,259,22,49 21 47 42 15 26,1,1
knn-15,evaluation,2026,260,20,49 21 47 42 15 26,1,1
knn-15,evaluation,2026,261,24,49 21 47 42 15 26,1,1
knn-15,evaluation,2026,262,30,49 21 47 42 15 26,1,1
knn-15,evaluation,2026,263,9,49 21 47 42 15 26,1,1
knn-15,evaluation,2026,264,21,49 21 47 42 15 26,0,0
knn-15,evaluation,2026,265,49,49 47 42 15 26 45,0,0
knn-15,evaluation,2026,266,8,47 42 15 26 45 3,1,1
knn-30,validation,2025,246,6,49 47 26 3 29 19,1,0
knn-30,validation,2025,247,25,49 47 26 45 30 3,1,1
knn-30,validation,2025,248,12,49 47 26 45 30 3,1,1
knn-30,validation,2025,249,2,49 47 26 45 30 3,1,1
knn-30,validation,2025,250,12,49 47 26 45 30 3,1,1
knn-30,validation,2025,251,35,49 47 26 45 30 3,1,0
knn-30,validation,2025,252,23,49 47 15 26 45 30,1,1
knn-30,validation,2025,253,33,49 47 15 26 45 30,1,1
knn-30,validation,2025,254,17,49 21 15 26 45 30,1,1
knn-30,validation,2025,255,42,49 21 15 26 45 30,1,1
knn-30,validation,2025,256,48,49 21 47 15 26 45,1,1
knn-30,validation,2025,257,28,49 21 47 15 26 45,1,1
knn-30,validation,2025,258,38,49 21 47 15 26 45,1,1
knn-30,validation,2025,259,47,49 21 47 15 26 45,0,0
knn-30,validation,2025,260,3,49 21 15 26 45 3,0,0
knn-30,validation,2025,261,33,21 15 26 45 30 29,1,1
knn-30,validation,2025,262,44,49 21 15 26 30 29,1,1
knn-30,validation,2025,263,38,49 21 15 26 45 29,1,1
knn-30,validation,2025,264,43,49 21 15 26 30 29,1,1
knn-30,validation,2025,265,10,49 21 15 26 30 29,1,1
knn-30,validation,2025,266,41,49 21 26 45 29 19,1,0
knn-30,validation,2025,267,29,49 21 26 29 19 4,0,0
knn-30,validation,2025,268,10,49 21 26 45 19 4,1,1
knn-30,validation,2025,269,31,49 21 26 45 19 4,1,1
knn-30,validation,2025,270,35,49 21 26 45 19 4,1,1
knn-30,validation,2025,271,6,49 21 26 45 19 4,1,0
knn-30,validation,2025,272,36,49 21 26 45 19 4,1,1
knn-30,validation,2025,273,4,49 21 26 45 19 4,0,0
knn-30,validation,2025,274,44,49 21 26 45 19 25,1,1
knn-30,validation,2025,275,45,49 21 26 45 19 25,0,0
knn-30,validation,2025,276,9,49 21 26 19 25 46,1,1
knn-30,validation,2025,277,16,49 21 42 26 19 25,1,1
knn-30,validation,2025,278,28,49 21 42 26 19 25,1,1
knn-30,validation,2025,279,27,49 21 42 26 19 25,1,1
knn-30,validation,2025,280,42,49 21 47 42 26 3,0,0
knn-30,validation,2025,281,47,49 21 47 26 19 25,0,0
knn-30,validation,2025,282,41,21 15 26 30 19 25,1,1
knn-30,validation,2025,283,45,21 15 26 30 3 19,1,1
knn-30,validation,2025,284,41,21 15 26 30 3 19,1,1
knn-30,validation,2025,285,24,21 15 26 30 3 19,1,1
knn-30,validation,2025,286,3,21 15 26 30 3 19,0,0
knn-30,validation,2025,287,34,21 15 26 30 19 25,1,1
knn-30,validation,2025,288,14,21 15 26 30 19 25,1,1
knn-30,validation,2025,289,42,21 15 26 30 19 25,1,1
knn-30,validation,2025,290,19,49 21 15 26 30 19,0,0
knn-30,validation,2025,291,44,49 21 15 26 25 38,1,1
knn-30,validation,2025,292,2,49 21 15 26 30 25,1,1
knn-30,validation,2025,293,47,49 21 15 26 30 25,1,1
knn-30,validation,2025,294,18,49 21 15 26 30 25,1,1
knn-30,validation,2025,295,5,49 21 26 30 29 25,1,1
knn-30,validation,2025,296,22,49 21 15 26 6 25,1,1
knn-30,validation,2025,297,44,49 21 15 26 4 6,1,1
knn-30,validation,2025,298,23,49 21 15 26 30 29,1,1
knn-30,validation,2025,299,49,49 21 26 30 4 6,0,0
knn-30,validation,2025,300,40,21 15 26 30 4 6,1,1
knn-30,validation,2025,301,5,21 15 26 30 4 6,1,1
knn-30,validation,2025,302,22,21 26 30 4 6 25,1,1
knn-30,validation,2025,303,15,21 15 26 30 29 4,0,0
knn-30,validation,2025,304,48,21 26 30 29 4 6,1,1
knn-30,validation,2025,305,42,21 26 30 29 4 6,1,1
knn-30,validation,2025,306,17,21 26 30 29 4 6,1,1
knn-30,validation,2025,307,20,21 26 30 29 4 6,1,1
knn-30,validation,2025,308,39,21 26 30 29 4 6,1,1
knn-30,validation,2025,309,6,21 26 30 29 4 6,0,0
knn-30,validation,2025,310,16,21 26 45 30 29 4,1,1
knn-30,validation,2025,311,37,21 26 45 29 4 25,1,1
knn-30,validation,2025,312,14,21 26 45 30 3 29,1,1
knn-30,validation,2025,313,38,21 26 45 30 3 29,1,1
knn-30,validation,2025,314,23,21 26 45 30 29 19,1,1
knn-30,validation,2025,315,4,21 26 45 30 29 19,1,0
knn-30,validation,2025,316,24,21 26 45 30 29 19,1,1
knn-30,validation,2025,317,18,21 26 45 30 29 19,1,1
knn-30,validation,2025,318,6,21 26 45 30 29 19,1,1
knn-30,validation,2025,319,45,21 26 45 30 29 19,0,0
knn-30,validation,2025,320,28,21 47 26 3 19 25,1,1
knn-30,validation,2025,321,23,21 47 26 30 29 19,1,1
knn-30,validation,2025,322,47,21 47 26 30 3 19,0,0
knn-30,validation,2025,323,9,21 26 30 3 19 25,1,1
knn-30,validation,2025,324,15,21 26 30 3 19 25,1,1
knn-30,validation,2025,325,4,21 26 30 3 19 25,1,1
knn-30,validation,2025,326,19,21 26 30 3 19 25,0,0
knn-30,validation,2025,327,37,21 26 30 3 25 41,1,1
knn-30,validation,2025,328,3,49 21 26 30 3 25,0,0
knn-30,validation,2025,329,17,49 21 26 30 29 25,1,1
knn-30,validation,2025,330,36,49 21 26 30 25 41,1,1
knn-30,validation,2025,331,26,21 42 26 30 25 41,0,0
knn-30,validation,2025,332,26,21 42 30 25 41 35,1,1
knn-30,validation,2025,333,6,49 21 42 30 25 35,1,1
knn-30,validation,2025,334,46,21 42 30 25 35 46,0,0
knn-30,validation,2025,335,44,21 42 30 25 41 35,1,1
knn-30,validation,2025,336,17,21 42 30 29 25 35,1,1
knn-30,validation,2025,337,9,21 42 30 29 25 41,1,1
knn-30,validation,2025,338,8,21 42 30 29 25 35,1,0
knn-30,validation,2025,339,48,21 42 30 29 25 35,1,1
knn-30,validation,2025,340,16,21 42 30 25 41 35,1,1
knn-30,validation,2025,341,6,21 42 30 29 25 41,1,1
knn-30,validation,2025,342,4,21 42 30 29 25 35,1,1
knn-30,validation,2025,343,38,21 42 30 25 35 38,0,0
knn-30,validation,2025,344,27,21 42 30 29 25 35,1,1
knn-30,validation,2025,345,24,21 42 45 30 29 25,1,1
knn-30,validation,2025,346,3,21 42 45 30 29 25,1,1
knn-30,validation,2025,347,13,21 42 45 30 29 25,1,1
knn-30,validation,2025,348,16,21 47 45 30 29 25,1,1
knn-30,validation,2025,349,22,21 47 15 45 30 29,1,1
knn-30,validation,2025,350,49,21 47 45 30 29 25,1,1
knn-30,validation,2025,351,4,21 47 42 45 30 29,1,1
knn-30,validation,2025,352,44,21 47 42 15 45 30,1,1
knn-30,validation,2025,353,1,21 47 42 15 45 30,1,1
knn-30,validation,2025,354,30,21 47 42 15 45 30,0,0
knn-30,validation,2025,355,8,21 47 42 15 45 29,1,1
knn-30,validation,2025,356,24,21 47 42 15 45 29,1,1
knn-30,validation,2025,357,49,21 47 42 15 45 29,1,1
knn-30,validation,2025,358,7,21 47 42 15 45 29,1,1
knn-30,validation,2025,359,11,21 47 42 15 45 29,1,1
knn-30,validation,2025,360,41,21 47 42 15 26 45,1,0
knn-30,validation,2025,361,24,21 47 42 15 26 45,1,1
knn-30,validation,2025,362,23,21 47 42 26 45 29,1,1
knn-30,validation,2025,363,26,21 47 42 15 26 45,0,0
knn-30,validation,2025,364,12,21 47 42 15 45 29,1,1
knn-30,validation,2025,365,26,21 47 42 15 45 29,1,1
knn-30,evaluation,2026,1,29,21 47 15 45 29 19,0,0
knn-30,evaluation,2026,2,22,21 47 15 45 19 25,1,1
knn-30,evaluation,2026,3,9,21 47 15 45 19 25,1,1
knn-30,evaluation,2026,4,45,21 47 15 45 19 6,0,0
knn-30,evaluation,2026,5,43,21 47 15 19 6 25,1,1
knn-30,evaluation,2026,6,13,21 47 15 19 6 25,1,1
knn-30,evaluation,2026,7,41,21 47 15 19 6 25,1,1
knn-30,evaluation,2026,8,21,21 47 15 19 6 25,0,0
knn-30,evaluation,2026,9,28,47 15 3 19 6 25,1,1
knn-30,evaluation,2026,10,27,47 15 3 19 6 25,1,1
knn-30,evaluation,2026,11,11,47 15 3 19 6 25,1,1
knn-30,evaluation,2026,12,11,47 15 3 19 4 6,1,1
knn-30,evaluation,2026,13,1,47 15 3 19 4 6,1,1
knn-30,evaluation,2026,14,26,47 15 30 3 19 4,1,1
knn-30,evaluation,2026,15,31,47 15 30 3 19 4,1,1
knn-30,evaluation,2026,16,6,47 15 30 3 19 4,1,0
knn-30,evaluation,2026,17,32,47 15 30 3 19 4,1,1
knn-30,evaluation,2026,18,39,49 47 15 30 3 19,1,1
knn-30,evaluation,2026,19,46,49 47 15 30 3 19,1,1
knn-30,evaluation,2026,20,12,49 47 15 30 3 19,1,1
knn-30,evaluation,2026,21,42,49 47 15 30 3 19,1,1
knn-30,evaluation,2026,22,18,49 47 15 3 19 4,1,1
knn-30,evaluation,2026,23,47,49 47 15 3 19 4,0,0
knn-30,evaluation,2026,24,28,49 15 3 29 19 4,1,1
knn-30,evaluation,2026,25,37,49 15 3 19 4 25,1,1
knn-30,evaluation,2026,26,19,49 15 30 19 4 25,0,0
knn-30,evaluation,2026,27,45,49 15 45 30 3 29,0,0
knn-30,evaluation,2026,28,3,49 15 30 29 4 25,1,1
knn-30,evaluation,2026,29,1,15 30 29 4 25 41,1,1
knn-30,evaluation,2026,30,41,21 15 30 29 4 25,1,0
knn-30,evaluation,2026,31,26,21 15 30 29 4 25,1,1
knn-30,evaluation,2026,32,6,21 15 29 4 25 35,1,1
knn-30,evaluation,2026,33,41,21 15 30 29 4 25,1,1
knn-30,evaluation,2026,34,19,49 21 15 30 29 4,1,1
knn-30,evaluation,2026,35,27,49 21 15 30 29 4,1,1
knn-30,evaluation,2026,36,1,49 21 15 30 29 4,1,1
knn-30,evaluation,2026,37,43,49 21 15 30 29 4,1,1
knn-30,evaluation,2026,38,42,21 15 30 29 4 25,1,1
knn-30,evaluation,2026,39,11,21 15 30 29 4 25,1,1
knn-30,evaluation,2026,40,28,49 21 15 30 29 4,1,1
knn-30,evaluation,2026,41,36,49 21 15 30 29 4,1,1
knn-30,evaluation,2026,42,16,49 21 15 30 29 4,1,1
knn-30,evaluation,2026,43,13,49 21 15 30 29 4,1,1
knn-30,evaluation,2026,44,19,49 21 15 30 29 4,1,1
knn-30,evaluation,2026,45,1,21 15 30 29 4 25,1,1
knn-30,evaluation,2026,46,3,49 21 15 30 29 4,1,1
knn-30,evaluation,2026,47,39,49 21 15 30 29 4,1,1
knn-30,evaluation,2026,48,24,49 21 15 30 29 4,1,1
knn-30,evaluation,2026,49,13,49 21 15 30 29 4,1,1
knn-30,evaluation,2026,50,23,49 21 15 30 29 4,1,1
knn-30,evaluation,2026,51,1,21 47 15 30 29 4,1,1
knn-30,evaluation,2026,52,38,49 21 15 30 29 4,1,0
knn-30,evaluation,2026,53,15,49 21 47 15 30 29,0,0
knn-30,evaluation,2026,54,48,49 21 47 30 29 4,1,1
knn-30,evaluation,2026,55,14,49 21 47 29 4 25,1,1
knn-30,evaluation,2026,56,48,49 21 47 45 29 4,1,1
knn-30,evaluation,2026,57,23,49 21 47 45 30 29,1,1
knn-30,evaluation,2026,58,31,49 21 47 45 30 29,1,1
knn-30,evaluation,2026,59,10,49 21 47 45 30 29,1,1
knn-30,evaluation,2026,60,9,49 21 47 45 30 29,1,1
knn-30,evaluation,2026,61,29,49 21 47 45 30 29,0,0
knn-30,evaluation,2026,62,24,49 21 47 30 4 6,1,1
knn-30,evaluation,2026,63,28,49 21 47 26 30 4,1,1
knn-30,evaluation,2026,64,18,49 21 47 26 30 4,1,1
knn-30,evaluation,2026,65,5,49 21 47 26 30 4,1,1
knn-30,evaluation,2026,66,37,49 21 47 26 30 4,1,1
knn-30,evaluation,2026,67,5,49 21 47 30 19 4,1,1
knn-30,evaluation,2026,68,23,49 21 47 30 19 4,1,1
knn-30,evaluation,2026,69,24,49 21 47 30 19 6,1,1
knn-30,evaluation,2026,70,25,49 21 47 30 19 4,1,0
knn-30,evaluation,2026,71,48,49 21 47 30 19 4,1,1
knn-30,evaluation,2026,72,46,49 21 47 30 19 6,1,0
knn-30,evaluation,2026,73,34,49 21 47 42 45 30,1,1
knn-30,evaluation,2026,74,10,49 21 47 42 45 30,1,1
knn-30,evaluation,2026,75,33,49 21 47 42 26 45,1,1
knn-30,evaluation,2026,76,2,49 21 47 42 26 45,1,1
knn-30,evaluation,2026,77,29,49 21 47 42 26 45,1,1
knn-30,evaluation,2026,78,46,49 21 47 42 26 45,1,1
knn-30,evaluation,2026,79,35,49 21 47 42 26 45,1,1
knn-30,evaluation,2026,80,3,49 21 47 42 26 45,1,0
knn-30,evaluation,2026,81,17,49 21 47 42 26 45,1,1
knn-30,evaluation,2026,82,27,49 21 47 42 26 45,1,1
knn-30,evaluation,2026,83,5,49 21 47 42 26 45,1,1
knn-30,evaluation,2026,84,16,49 21 42 26 45 19,1,1
knn-30,evaluation,2026,85,19,49 21 42 26 45 19,0,0
knn-30,evaluation,2026,86,12,49 21 47 42 26 45,1,1
knn-30,evaluation,2026,87,26,49 21 47 42 26 45,0,0
knn-30,evaluation,2026,88,27,49 21 47 42 45 4,1,1
knn-30,evaluation,2026,89,49,49 21 42 45 4 6,0,0
knn-30,evaluation,2026,90,36,21 47 42 45 4 6,1,1
knn-30,evaluation,2026,91,37,21 42 15 45 4 6,1,1
knn-30,evaluation,2026,92,6,21 42 15 45 30 4,1,0
knn-30,evaluation,2026,93,40,21 47 42 15 45 30,1,1
knn-30,evaluation,2026,94,17,21 47 42 15 45 30,1,1
knn-30,evaluation,2026,95,35,21 47 42 15 45 30,1,1
knn-30,evaluation,2026,96,43,21 47 42 15 45 30,1,1
knn-30,evaluation,2026,97,11,21 47 15 45 30 25,1,1
knn-30,evaluation,2026,98,17,21 47 15 45 30 25,1,1
knn-30,evaluation,2026,99,12,21 47 42 15 45 30,1,1
knn-30,evaluation,2026,100,33,21 47 15 30 3 25,1,1
knn-30,evaluation,2026,101,39,21 47 15 30 3 25,1,1
knn-30,evaluation,2026,102,20,21 47 15 30 3 29,1,1
knn-30,evaluation,2026,103,6,21 47 15 30 3 29,1,1
knn-30,evaluation,2026,104,1,21 47 15 30 3 29,1,1
knn-30,evaluation,2026,105,28,21 47 15 30 3 29,1,1
knn-30,evaluation,2026,106,22,21 47 15 45 30 29,1,1
knn-30,evaluation,2026,107,49,21 47 15 26 45 30,1,1
knn-30,evaluation,2026,108,45,21 47 15 26 45 30,0,0
knn-30,evaluation,2026,109,16,21 47 15 26 30 29,1,1
knn-30,evaluation,2026,110,30,21 47 42 15 26 3,1,1
knn-30,evaluation,2026,111,1,21 47 42 15 26 3,1,1
knn-30,evaluation,2026,112,9,21 47 15 26 29 4,1,1
knn-30,evaluation,2026,113,2,21 47 15 26 29 4,1,1
knn-30,evaluation,2026,114,30,21 47 15 29 4 25,1,1
knn-30,evaluation,2026,115,4,21 47 15 29 4 25,0,0
knn-30,evaluation,2026,116,22,21 47 42 15 26 3,1,1
knn-30,evaluation,2026,117,16,21 47 42 15 3 29,1,1
knn-30,evaluation,2026,118,8,21 47 42 15 26 3,1,1
knn-30,evaluation,2026,119,11,21 47 42 15 26 3,1,1
knn-30,evaluation,2026,120,6,21 47 42 15 3 29,1,1
knn-30,evaluation,2026,121,44,21 47 42 15 3 29,1,1
knn-30,evaluation,2026,122,1,21 47 42 15 3 29,1,1
knn-30,evaluation,2026,123,46,21 47 42 15 3 29,1,1
knn-30,evaluation,2026,124,39,21 47 42 15 3 29,1,1
knn-30,evaluation,2026,125,31,21 47 42 15 3 29,1,1
knn-30,evaluation,2026,126,49,21 47 15 3 29 19,1,1
knn-30,evaluation,2026,127,45,21 47 42 15 3 29,1,1
knn-30,evaluation,2026,128,37,21 47 42 15 3 29,1,1
knn-30,evaluation,2026,129,41,21 47 42 15 3 29,1,1
knn-30,evaluation,2026,130,29,21 47 15 3 29 25,0,0
knn-30,evaluation,2026,131,7,21 47 42 15 3 25,1,1
knn-30,evaluation,2026,132,30,21 47 42 15 3 19,1,1
knn-30,evaluation,2026,133,7,21 47 42 15 3 19,1,1
knn-30,evaluation,2026,134,37,21 47 42 15 3 19,1,1
knn-30,evaluation,2026,135,30,21 47 42 15 3 19,1,1
knn-30,evaluation,2026,136,48,21 47 42 15 3 19,1,1
knn-30,evaluation,2026,137,26,21 47 42 15 3 19,1,1
knn-30,evaluation,2026,138,49,21 47 42 15 3 19,1,1
knn-30,evaluation,2026,139,24,21 47 42 15 3 19,1,1
knn-30,evaluation,2026,140,16,21 47 42 15 3 19,1,1
knn-30,evaluation,2026,141,33,21 47 42 15 3 19,1,1
knn-30,evaluation,2026,142,23,21 47 42 15 3 19,1,1
knn-30,evaluation,2026,143,44,21 47 42 15 3 19,1,1
knn-30,evaluation,2026,144,43,21 47 42 15 3 19,1,1
knn-30,evaluation,2026,145,5,21 47 42 15 3 19,1,1
knn-30,evaluation,2026,146,42,21 47 42 15 3 19,0,0
knn-30,evaluation,2026,147,13,21 47 15 3 19 4,1,1
knn-30,evaluation,2026,148,48,21 47 15 3 19 4,1,1
knn-30,evaluation,2026,149,27,21 47 15 19 4 6,1,1
knn-30,evaluation,2026,150,9,21 47 15 45 3 19,1,1
knn-30,evaluation,2026,151,31,47 15 45 3 19 4,1,1
knn-30,evaluation,2026,152,45,21 47 45 3 19 4,0,0
knn-30,evaluation,2026,153,41,21 47 3 19 4 6,1,0
knn-30,evaluation,2026,154,41,47 3 29 19 4 6,1,1
knn-30,evaluation,2026,155,7,47 15 29 4 6 25,1,1
knn-30,evaluation,2026,156,1,47 15 29 19 4 6,1,1
knn-30,evaluation,2026,157,40,47 3 29 19 4 6,1,1
knn-30,evaluation,2026,158,16,47 15 3 29 19 4,1,1
knn-30,evaluation,2026,159,39,15 3 29 19 4 6,1,1
knn-30,evaluation,2026,160,2,21 47 3 29 19 4,1,1
knn-30,evaluation,2026,161,8,21 47 15 3 29 19,1,1
knn-30,evaluation,2026,162,32,21 47 30 3 29 19,1,1
knn-30,evaluation,2026,163,37,21 15 26 3 29 19,1,1
knn-30,evaluation,2026,164,21,21 15 30 3 29 19,0,0
knn-30,evaluation,2026,165,3,49 15 26 3 29 19,0,0
knn-30,evaluation,2026,166,6,49 15 26 29 19 4,1,0
knn-30,evaluation,2026,167,19,49 15 26 29 19 4,0,0
knn-30,evaluation,2026,168,15,49 47 15 30 29 4,0,0
knn-30,evaluation,2026,169,24,49 47 26 30 29 4,1,1
knn-30,evaluation,2026,170,3,49 47 26 30 4 25,1,1
knn-30,evaluation,2026,171,28,49 47 42 26 30 4,1,1
knn-30,evaluation,2026,172,44,49 47 42 26 45 30,1,1
knn-30,evaluation,2026,173,26,26 45 30 29 4 25,0,0
knn-30,evaluation,2026,174,41,49 47 42 45 30 29,1,0
knn-30,evaluation,2026,175,26,49 47 42 45 30 29,1,1
knn-30,evaluation,2026,176,10,49 47 42 45 30 29,1,1
knn-30,evaluation,2026,177,14,49 47 45 30 29 4,1,1
knn-30,evaluation,2026,178,18,49 45 30 29 4 25,1,1
knn-30,evaluation,2026,179,15,49 45 30 29 4 25,1,1
knn-30,evaluation,2026,180,21,49 47 45 30 29 4,1,1
knn-30,evaluation,2026,181,19,49 47 45 30 29 4,1,1
knn-30,evaluation,2026,182,41,49 47 42 45 30 29,1,1
knn-30,evaluation,2026,183,24,49 47 45 30 29 4,1,1
knn-30,evaluation,2026,184,1,49 47 42 45 30 29,1,1
knn-30,evaluation,2026,185,36,49 47 45 30 29 4,1,1
knn-30,evaluation,2026,186,23,49 47 42 45 30 29,1,1
knn-30,evaluation,2026,187,1,49 47 42 45 30 29,1,1
knn-30,evaluation,2026,188,16,49 47 42 45 30 4,1,1
knn-30,evaluation,2026,189,15,49 47 42 45 30 4,1,1
knn-30,evaluation,2026,190,16,49 47 42 45 30 4,1,1
knn-30,evaluation,2026,191,29,49 47 42 45 30 4,1,1
knn-30,evaluation,2026,192,25,49 47 42 45 30 4,1,0
knn-30,evaluation,2026,193,9,49 47 42 45 30 3,1,1
knn-30,evaluation,2026,194,26,49 47 42 45 30 3,1,1
knn-30,evaluation,2026,195,25,49 47 42 45 30 3,1,1
knn-30,evaluation,2026,196,39,49 47 42 45 30 3,1,1
knn-30,evaluation,2026,197,8,49 47 42 45 30 3,1,1
knn-30,evaluation,2026,198,7,49 47 42 45 30 3,1,1
knn-30,evaluation,2026,199,36,49 47 42 45 30 3,1,1
knn-30,evaluation,2026,200,39,49 42 45 30 3 4,1,1
knn-30,evaluation,2026,201,32,49 42 45 30 3 4,1,1
knn-30,evaluation,2026,202,40,49 42 45 30 3 4,1,1
knn-30,evaluation,2026,203,25,49 47 42 45 3 6,1,1
knn-30,evaluation,2026,204,5,49 42 45 3 4 6,1,1
knn-30,evaluation,2026,205,3,49 42 45 30 3 4,0,0
knn-30,evaluation,2026,206,47,49 47 45 30 4 6,0,0
knn-30,evaluation,2026,207,31,49 21 42 45 30 19,1,1
knn-30,evaluation,2026,208,19,49 21 42 45 30 19,0,0
knn-30,evaluation,2026,209,8,49 21 42 45 30 6,1,1
knn-30,evaluation,2026,210,49,49 21 42 45 30 6,0,0
knn-30,evaluation,2026,211,1,21 42 30 6 41 35,1,1
knn-30,evaluation,2026,212,6,21 42 30 6 41 35,0,0
knn-30,evaluation,2026,213,35,21 42 30 4 41 35,0,0
knn-30,evaluation,2026,214,4,21 42 30 41 46 20,1,1
knn-30,evaluation,2026,215,14,21 30 29 41 38 46,1,1
knn-30,evaluation,2026,216,37,21 42 15 45 30 41,1,1
knn-30,evaluation,2026,217,26,21 42 15 45 30 41,1,1
knn-30,evaluation,2026,218,17,21 42 15 45 30 41,1,1
knn-30,evaluation,2026,219,43,21 42 15 45 30 29,1,1
knn-30,evaluation,2026,220,48,21 42 15 45 30 29,1,1
knn-30,evaluation,2026,221,1,42 15 45 30 29 41,1,1
knn-30,evaluation,2026,222,26,42 15 45 30 29 41,1,1
knn-30,evaluation,2026,223,23,21 42 15 45 30 29,1,1
knn-30,evaluation,2026,224,9,21 42 45 30 29 41,1,1
knn-30,evaluation,2026,225,1,21 42 15 45 30 41,1,1
knn-30,evaluation,2026,226,17,21 42 15 45 30 41,1,1
knn-30,evaluation,2026,227,16,21 42 15 45 30 41,1,1
knn-30,evaluation,2026,228,23,21 42 15 45 30 41,1,1
knn-30,evaluation,2026,229,38,21 42 15 45 25 41,1,1
knn-30,evaluation,2026,230,16,21 47 42 15 45 3,1,1
knn-30,evaluation,2026,231,20,21 42 15 45 3 19,1,1
knn-30,evaluation,2026,232,42,49 21 47 42 15 45,0,0
knn-30,evaluation,2026,233,7,49 21 47 15 45 30,1,1
knn-30,evaluation,2026,234,39,49 21 47 15 45 30,1,1
knn-30,evaluation,2026,235,32,49 21 47 15 45 30,1,1
knn-30,evaluation,2026,236,11,49 21 47 15 45 30,1,1
knn-30,evaluation,2026,237,12,49 21 47 15 45 3,1,1
knn-30,evaluation,2026,238,17,49 21 47 15 45 3,1,1
knn-30,evaluation,2026,239,5,49 21 47 15 45 3,1,1
knn-30,evaluation,2026,240,27,49 21 47 15 45 3,1,1
knn-30,evaluation,2026,241,49,49 21 47 15 45 3,0,0
knn-30,evaluation,2026,242,9,21 47 15 3 29 19,1,1
knn-30,evaluation,2026,243,21,21 47 15 45 3 29,0,0
knn-30,evaluation,2026,244,46,47 15 45 3 29 19,1,1
knn-30,evaluation,2026,245,18,47 15 26 45 29 19,1,1
knn-30,evaluation,2026,246,30,47 15 26 45 29 19,1,1
knn-30,evaluation,2026,247,40,47 15 26 45 29 19,1,1
knn-30,evaluation,2026,248,20,47 26 45 3 29 19,1,1
knn-30,evaluation,2026,249,23,47 26 45 29 19 6,1,1
knn-30,evaluation,2026,250,14,26 45 29 19 6 25,1,1
knn-30,evaluation,2026,251,30,26 45 29 19 6 25,1,1
knn-30,evaluation,2026,252,22,26 45 29 6 25 41,1,1
knn-30,evaluation,2026,253,16,42 26 45 29 25 41,1,1
knn-30,evaluation,2026,254,2,42 26 45 3 29 6,1,1
knn-30,evaluation,2026,255,44,42 26 45 3 29 19,1,1
knn-30,evaluation,2026,256,1,42 26 3 29 19 25,1,1
knn-30,evaluation,2026,257,7,42 26 3 29 19 25,1,1
knn-30,evaluation,2026,258,46,42 26 3 29 19 25,1,1
knn-30,evaluation,2026,259,22,47 42 15 26 45 3,1,1
knn-30,evaluation,2026,260,20,47 42 15 26 3 29,1,1
knn-30,evaluation,2026,261,24,21 47 42 15 26 45,1,1
knn-30,evaluation,2026,262,30,49 21 47 42 26 3,1,1
knn-30,evaluation,2026,263,9,21 47 15 3 29 19,1,1
knn-30,evaluation,2026,264,21,21 47 42 15 3 29,0,0
knn-30,evaluation,2026,265,49,47 15 26 45 3 29,1,1
knn-30,evaluation,2026,266,8,47 42 15 26 3 29,1,1
markov-shrink-50,validation,2025,246,6,19 26 48 17 21 6,0,0
markov-shrink-50,validation,2025,247,25,19 48 17 12 16 5,1,1
markov-shrink-50,validation,2025,248,12,19 26 48 12 32 5,0,0
markov-shrink-50,validation,2025,249,2,19 26 48 17 21 32,1,1
markov-shrink-50,validation,2025,250,12,19 26 48 17 21 32,1,1
markov-shrink-50,validation,2025,251,35,19 26 48 17 21 32,1,1
markov-shrink-50,validation,2025,252,23,19 26 48 32 5 27,1,1
markov-shrink-50,validation,2025,253,33,19 48 17 32 16 22,1,1
markov-shrink-50,validation,2025,254,17,19 48 17 32 16 22,0,0
markov-shrink-50,validation,2025,255,42,19 26 48 21 32 16,1,1
markov-shrink-50,validation,2025,256,48,19 26 48 21 32 16,0,0
markov-shrink-50,validation,2025,257,28,19 26 21 16 48 22,1,1
markov-shrink-50,validation,2025,258,38,19 26 21 16 48 22,1,1
markov-shrink-50,validation,2025,259,47,19 26 21 16 48 22,1,1
markov-shrink-50,validation,2025,260,3,19 26 21 32 16 48,1,1
markov-shrink-50,validation,2025,261,33,19 32 16 48 22 27,1,1
markov-shrink-50,validation,2025,262,44,19 32 16 48 22 27,1,1
markov-shrink-50,validation,2025,263,38,19 26 21 16 48 5,1,1
markov-shrink-50,validation,2025,264,43,19 26 21 16 48 22,1,1
markov-shrink-50,validation,2025,265,10,19 32 16 48 22 27,1,1
markov-shrink-50,validation,2025,266,41,19 26 21 32 16 48,1,1
markov-shrink-50,validation,2025,267,29,19 26 21 32 5 22,1,1
markov-shrink-50,validation,2025,268,10,19 26 21 32 5 27,1,1
markov-shrink-50,validation,2025,269,31,19 26 21 32 16 48,1,1
markov-shrink-50,validation,2025,270,35,19 26 21 32 5 22,1,1
markov-shrink-50,validation,2025,271,6,19 26 32 48 5 27,1,1
markov-shrink-50,validation,2025,272,36,19 16 48 5 22 17,1,1
markov-shrink-50,validation,2025,273,4,19 16 48 5 22 17,1,1
markov-shrink-50,validation,2025,274,44,19 26 21 16 48 5,1,1
markov-shrink-50,validation,2025,275,45,19 26 21 16 48 5,1,1
markov-shrink-50,validation,2025,276,9,19 26 32 48 5 27,1,1
markov-shrink-50,validation,2025,277,16,19 26 21 32 5 27,1,1
markov-shrink-50,validation,2025,278,28,19 48 5 22 17 49,1,1
markov-shrink-50,validation,2025,279,27,19 26 21 48 22 27,0,0
markov-shrink-50,validation,2025,280,42,19 26 21 32 48 5,1,1
markov-shrink-50,validation,2025,281,47,19 26 21 32 5 22,1,1
markov-shrink-50,validation,2025,282,41,19 26 21 32 48 5,1,1
markov-shrink-50,validation,2025,283,45,19 26 21 32 5 22,1,1
markov-shrink-50,validation,2025,284,41,19 26 32 48 5 7,1,1
markov-shrink-50,validation,2025,285,24,19 26 21 32 5 22,1,1
markov-shrink-50,validation,2025,286,3,19 26 21 48 5 22,1,1
markov-shrink-50,validation,2025,287,34,19 32 48 22 7 16,1,1
markov-shrink-50,validation,2025,288,14,19 26 21 48 5 22,1,1
markov-shrink-50,validation,2025,289,42,19 26 21 48 5 22,1,1
markov-shrink-50,validation,2025,290,19,19 26 21 32 5 22,0,0
markov-shrink-50,validation,2025,291,44,19 26 21 32 5 17,1,1
markov-shrink-50,validation,2025,292,2,19 26 21 48 5 22,1,1
markov-shrink-50,validation,2025,293,47,26 21 32 5 22 7,1,1
markov-shrink-50,validation,2025,294,18,19 26 21 32 48 5,1,1
markov-shrink-50,validation,2025,295,5,19 26 21 48 22 7,1,1
markov-shrink-50,validation,2025,296,22,19 26 32 48 7 1,1,1
markov-shrink-50,validation,2025,297,44,26 21 32 7 17 19,1,1
markov-shrink-50,validation,2025,298,23,19 26 21 48 7 17,1,1
markov-shrink-50,validation,2025,299,49,19 32 48 7 16 1,1,1
markov-shrink-50,validation,2025,300,40,19 26 21 32 17 1,1,1
markov-shrink-50,validation,2025,301,5,19 26 21 32 48 7,1,0
markov-shrink-50,validation,2025,302,22,19 26 32 48 7 1,1,1
markov-shrink-50,validation,2025,303,15,26 21 32 7 17 19,1,1
markov-shrink-50,validation,2025,304,48,19 26 32 48 7 1,0,0
markov-shrink-50,validation,2025,305,42,19 26 21 7 17 16,1,1
markov-shrink-50,validation,2025,306,17,26 21 32 7 17 16,0,0
markov-shrink-50,validation,2025,307,20,19 26 21 32 16 48,1,1
markov-shrink-50,validation,2025,308,39,19 26 21 32 7 16,1,1
markov-shrink-50,validation,2025,309,6,19 26 21 32 1 27,1,0
markov-shrink-50,validation,2025,310,16,19 16 48 17 49 46,0,0
markov-shrink-50,validation,2025,311,37,19 48 17 49 46 8,1,0
markov-shrink-50,validation,2025,312,14,19 26 21 32 48 1,1,1
markov-shrink-50,validation,2025,313,38,19 26 21 7 48 1,1,1
markov-shrink-50,validation,2025,314,23,19 26 21 7 48 17,1,1
markov-shrink-50,validation,2025,315,4,19 32 7 48 1 27,1,0
markov-shrink-50,validation,2025,316,24,19 26 21 7 48 1,1,1
markov-shrink-50,validation,2025,317,18,19 26 21 7 48 1,1,1
markov-shrink-50,validation,2025,318,6,19 26 21 7 48 17,1,1
markov-shrink-50,validation,2025,319,45,19 48 17 49 46 8,1,1
markov-shrink-50,validation,2025,320,28,19 26 32 7 1 27,1,1
markov-shrink-50,validation,2025,321,23,19 26 21 7 48 17,1,1
markov-shrink-50,validation,2025,322,47,19 32 7 48 1 27,1,1
markov-shrink-50,validation,2025,323,9,19 26 21 32 48 1,1,1
markov-shrink-50,validation,2025,324,15,19 26 21 32 1 27,1,1
markov-shrink-50,validation,2025,325,4,19 26 32 7 1 27,1,1
markov-shrink-50,validation,2025,326,19,19 26 21 7 48 1,0,0
markov-shrink-50,validation,2025,327,37,26 19 21 32 1 27,1,1
markov-shrink-50,validation,2025,328,3,26 19 21 32 48 1,1,1
markov-shrink-50,validation,2025,329,17,19 32 7 48 1 27,1,1
markov-shrink-50,validation,2025,330,36,26 19 21 32 48 1,1,1
markov-shrink-50,validation,2025,331,26,19 48 49 46 8 12,1,1
markov-shrink-50,validation,2025,332,26,19 48 49 46 8 12,1,1
markov-shrink-50,validation,2025,333,6,19 48 49 46 8 12,1,1
markov-shrink-50,validation,2025,334,46,19 48 49 46 8 12,0,0
markov-shrink-50,validation,2025,335,44,19 48 49 8 12 5,1,1
markov-shrink-50,validation,2025,336,17,21 7 26 48 1 49,1,1
markov-shrink-50,validation,2025,337,9,19 21 32 26 48 1,1,1
markov-shrink-50,validation,2025,338,8,19 21 32 26 1 27,1,1
markov-shrink-50,validation,2025,339,48,19 21 7 26 48 49,0,0
markov-shrink-50,validation,2025,340,16,19 21 7 26 49 16,0,0
markov-shrink-50,validation,2025,341,6,19 49 12 48 5 22,1,1
markov-shrink-50,validation,2025,342,4,19 49 12 48 5 22,1,1
markov-shrink-50,validation,2025,343,38,21 7 26 1 49 12,1,1
markov-shrink-50,validation,2025,344,27,19 21 7 26 49 22,1,1
markov-shrink-50,validation,2025,345,24,19 21 32 26 1 49,1,1
markov-shrink-50,validation,2025,346,3,21 7 26 1 49 12,1,1
markov-shrink-50,validation,2025,347,13,19 32 7 1 12 48,1,1
markov-shrink-50,validation,2025,348,16,19 32 7 1 12 48,1,1
markov-shrink-50,validation,2025,349,22,19 49 12 48 5 22,0,0
markov-shrink-50,validation,2025,350,49,21 32 7 26 5 27,1,1
markov-shrink-50,validation,2025,351,4,19 21 32 26 1 12,1,1
markov-shrink-50,validation,2025,352,44,21 7 26 1 12 48,1,1
markov-shrink-50,validation,2025,353,1,21 7 26 1 12 48,0,0
markov-shrink-50,validation,2025,354,30,19 21 32 7 26 12,1,1
markov-shrink-50,validation,2025,355,8,19 21 32 7 26 48,1,0
markov-shrink-50,validation,2025,356,24,19 21 7 26 49 35,1,1
markov-shrink-50,validation,2025,357,49,21 7 26 12 48 5,1,0
markov-shrink-50,validation,2025,358,7,19 21 32 26 12 1,1,1
markov-shrink-50,validation,2025,359,11,19 21 32 26 12 48,1,0
markov-shrink-50,validation,2025,360,41,19 21 32 26 7 12,1,1
markov-shrink-50,validation,2025,361,24,19 21 32 26 7 12,1,1
markov-shrink-50,validation,2025,362,23,21 26 7 12 48 5,1,1
markov-shrink-50,validation,2025,363,26,19 32 7 12 48 1,1,1
markov-shrink-50,validation,2025,364,12,19 12 48 5 29 35,0,0
markov-shrink-50,validation,2025,365,26,21 32 7 26 5 27,0,0
markov-shrink-50,evaluation,2026,1,29,19 48 5 29 35 43,0,0
markov-shrink-50,evaluation,2026,2,22,19 21 32 1 5 27,1,1
markov-shrink-50,evaluation,2026,3,9,21 32 7 5 27 19,1,1
markov-shrink-50,evaluation,2026,4,45,19 21 32 1 5 27,1,1
markov-shrink-50,evaluation,2026,5,43,19 32 7 1 5 27,1,0
markov-shrink-50,evaluation,2026,6,13,19 32 7 48 1 27,1,1
markov-shrink-50,evaluation,2026,7,41,19 32 7 48 1 27,1,1
markov-shrink-50,evaluation,2026,8,21,19 21 32 7 1 5,0,0
markov-shrink-50,evaluation,2026,9,28,19 32 7 1 5 27,1,1
markov-shrink-50,evaluation,2026,10,27,19 21 7 26 35 31,1,1
markov-shrink-50,evaluation,2026,11,11,19 32 21 48 1 5,1,1
markov-shrink-50,evaluation,2026,12,11,19 32 7 1 5 26,1,1
markov-shrink-50,evaluation,2026,13,1,19 32 7 1 5 26,0,0
markov-shrink-50,evaluation,2026,14,26,19 32 7 5 26 46,0,0
markov-shrink-50,evaluation,2026,15,31,19 48 5 35 31 17,0,0
markov-shrink-50,evaluation,2026,16,6,19 32 7 5 46 12,1,1
markov-shrink-50,evaluation,2026,17,32,19 48 5 35 17 32,0,0
markov-shrink-50,evaluation,2026,18,39,21 32 7 5 19 27,1,1
markov-shrink-50,evaluation,2026,19,46,19 21 32 5 35 46,0,0
markov-shrink-50,evaluation,2026,20,12,19 48 5 35 17 49,1,1
markov-shrink-50,evaluation,2026,21,42,21 32 7 5 19 27,1,1
markov-shrink-50,evaluation,2026,22,18,21 32 7 5 27 34,1,1
markov-shrink-50,evaluation,2026,23,47,19 21 7 35 17 49,1,1
markov-shrink-50,evaluation,2026,24,28,19 21 32 48 5 35,1,1
markov-shrink-50,evaluation,2026,25,37,19 21 7 35 17 49,1,0
markov-shrink-50,evaluation,2026,26,19,19 21 32 48 5 35,0,0
markov-shrink-50,evaluation,2026,27,45,19 21 32 5 35 1,1,1
markov-shrink-50,evaluation,2026,28,3,19 32 7 5 35 1,1,1
markov-shrink-50,evaluation,2026,29,1,19 32 7 48 1 27,0,0
markov-shrink-50,evaluation,2026,30,41,19 32 7 5 27 17,1,1
markov-shrink-50,evaluation,2026,31,26,19 32 7 5 27 17,1,1
markov-shrink-50,evaluation,2026,32,6,19 48 5 35 17 49,1,1
markov-shrink-50,evaluation,2026,33,41,19 48 5 35 17 49,1,1
markov-shrink-50,evaluation,2026,34,19,19 32 7 5 27 17,0,0
markov-shrink-50,evaluation,2026,35,27,21 19 32 5 35 27,0,0
markov-shrink-50,evaluation,2026,36,1,21 32 48 5 35 34,1,1
markov-shrink-50,evaluation,2026,37,43,32 7 5 17 49 46,1,0
markov-shrink-50,evaluation,2026,38,42,19 32 7 48 30 29,1,1
markov-shrink-50,evaluation,2026,39,11,21 32 7 5 34 30,1,1
markov-shrink-50,evaluation,2026,40,28,32 7 5 17 49 46,1,1
markov-shrink-50,evaluation,2026,41,36,21 19 7 35 17 49,1,0
markov-shrink-50,evaluation,2026,42,16,19 48 5 35 17 49,1,1
markov-shrink-50,evaluation,2026,43,13,19 48 5 35 17 49,1,0
markov-shrink-50,evaluation,2026,44,19,19 32 7 48 30 29,0,0
markov-shrink-50,evaluation,2026,45,1,21 32 19 5 35 34,1,1
markov-shrink-50,evaluation,2026,46,3,32 7 5 17 49 46,1,1
markov-shrink-50,evaluation,2026,47,39,32 7 48 30 29 12,1,1
markov-shrink-50,evaluation,2026,48,24,21 32 19 5 35 34,1,1
markov-shrink-50,evaluation,2026,49,13,21 7 48 5 30 46,1,1
markov-shrink-50,evaluation,2026,50,23,32 7 48 30 29 12,1,1
markov-shrink-50,evaluation,2026,51,1,32 7 48 30 29 12,1,1
markov-shrink-50,evaluation,2026,52,38,32 7 5 17 49 46,1,1
markov-shrink-50,evaluation,2026,53,15,21 7 19 35 17 49,1,1
markov-shrink-50,evaluation,2026,54,48,32 7 19 5 35 34,1,1
markov-shrink-50,evaluation,2026,55,14,21 7 19 35 17 49,1,1
markov-shrink-50,evaluation,2026,56,48,21 7 5 48 30 46,0,0
markov-shrink-50,evaluation,2026,57,23,21 7 19 35 17 49,1,1
markov-shrink-50,evaluation,2026,58,31,32 7 30 29 12 48,1,1
markov-shrink-50,evaluation,2026,59,10,32 7 5 17 49 46,1,1
markov-shrink-50,evaluation,2026,60,9,21 32 7 19 17 30,1,1
markov-shrink-50,evaluation,2026,61,29,21 32 19 5 35 34,1,0
markov-shrink-50,evaluation,2026,62,24,21 32 19 5 35 34,1,1
markov-shrink-50,evaluation,2026,63,28,21 7 5 30 46 12,1,1
markov-shrink-50,evaluation,2026,64,18,21 7 19 35 17 49,1,1
markov-shrink-50,evaluation,2026,65,5,21 7 19 35 17 49,1,1
markov-shrink-50,evaluation,2026,66,37,32 7 19 35 5 34,1,1
markov-shrink-50,evaluation,2026,67,5,21 32 35 5 34 17,0,0
markov-shrink-50,evaluation,2026,68,23,32 7 19 35 34 5,1,1
markov-shrink-50,evaluation,2026,69,24,32 7 30 12 48 22,1,1
markov-shrink-50,evaluation,2026,70,25,21 7 30 46 12 5,1,1
markov-shrink-50,evaluation,2026,71,48,32 7 19 35 34 5,1,1
markov-shrink-50,evaluation,2026,72,46,21 7 19 35 17 49,1,1
markov-shrink-50,evaluation,2026,73,34,19 35 17 49 8 5,1,1
markov-shrink-50,evaluation,2026,74,10,21 7 30 12 5 22,1,1
markov-shrink-50,evaluation,2026,75,33,21 32 7 19 17 30,1,1
markov-shrink-50,evaluation,2026,76,2,32 7 30 12 22 27,1,0
markov-shrink-50,evaluation,2026,77,29,21 32 7 30 8 5,1,0
markov-shrink-50,evaluation,2026,78,46,21 32 19 35 17 49,1,1
markov-shrink-50,evaluation,2026,79,35,19 35 17 49 8 5,0,0
markov-shrink-50,evaluation,2026,80,3,32 7 19 35 5 27,1,1
markov-shrink-50,evaluation,2026,81,17,32 7 30 12 22 27,1,1
markov-shrink-50,evaluation,2026,82,27,21 32 49 35 8 12,1,1
markov-shrink-50,evaluation,2026,83,5,21 32 49 35 8 12,1,1
markov-shrink-50,evaluation,2026,84,16,32 7 19 35 34 21,1,1
markov-shrink-50,evaluation,2026,85,19,19 49 8 17 21 20,0,0
markov-shrink-50,evaluation,2026,86,12,21 32 19 49 35 12,0,0
markov-shrink-50,evaluation,2026,87,26,21 32 7 30 8 22,1,1
markov-shrink-50,evaluation,2026,88,27,49 8 17 21 7 20,1,1
markov-shrink-50,evaluation,2026,89,49,21 32 49 35 8 22,0,0
markov-shrink-50,evaluation,2026,90,36,21 32 19 35 34 17,1,1
markov-shrink-50,evaluation,2026,91,37,8 17 7 49 20 43,1,1
markov-shrink-50,evaluation,2026,92,6,21 32 35 8 22 34,1,1
markov-shrink-50,evaluation,2026,93,40,8 17 21 7 49 20,1,0
markov-shrink-50,evaluation,2026,94,17,21 32 7 19 30 22,1,0
markov-shrink-50,evaluation,2026,95,35,21 32 35 8 22 34,0,0
markov-shrink-50,evaluation,2026,96,43,32 7 19 34 21 35,1,1
markov-shrink-50,evaluation,2026,97,11,32 7 30 22 21 12,1,1
markov-shrink-50,evaluation,2026,98,17,32 7 8 22 21 49,1,1
markov-shrink-50,evaluation,2026,99,12,21 32 8 22 34 7,1,0
markov-shrink-50,evaluation,2026,100,33,21 32 7 30 8 22,1,1
markov-shrink-50,evaluation,2026,101,39,32 7 30 22 21 48,1,1
markov-shrink-50,evaluation,2026,102,20,21 32 19 34 49 35,1,0
markov-shrink-50,evaluation,2026,103,6,21 32 7 19 30 22,1,1
markov-shrink-50,evaluation,2026,104,1,8 49 48 5 21 7,1,1
markov-shrink-50,evaluation,2026,105,28,32 7 8 22 49 31,1,1
markov-shrink-50,evaluation,2026,106,22,21 7 19 22 32 49,0,0
markov-shrink-50,evaluation,2026,107,49,21 32 7 30 8 34,1,1
markov-shrink-50,evaluation,2026,108,45,21 32 19 34 35 31,1,1
markov-shrink-50,evaluation,2026,109,16,32 7 19 34 35 5,1,1
markov-shrink-50,evaluation,2026,110,30,8 21 48 5 49 20,1,1
markov-shrink-50,evaluation,2026,111,1,21 32 7 19 30 48,1,1
markov-shrink-50,evaluation,2026,112,9,32 7 8 31 5 22,1,1
markov-shrink-50,evaluation,2026,113,2,21 32 19 34 35 31,1,1
markov-shrink-50,evaluation,2026,114,30,21 32 7 8 34 30,0,0
markov-shrink-50,evaluation,2026,115,4,21 32 7 19 48 22,1,0
markov-shrink-50,evaluation,2026,116,22,21 7 32 5 22 26,0,0
markov-shrink-50,evaluation,2026,117,16,21 32 7 8 34 5,1,1
markov-shrink-50,evaluation,2026,118,8,8 21 48 5 49 20,0,0
markov-shrink-50,evaluation,2026,119,11,21 7 19 32 35 31,1,1
markov-shrink-50,evaluation,2026,120,6,32 7 8 31 5 21,1,1
markov-shrink-50,evaluation,2026,121,44,48 5 21 7 49 20,1,1
markov-shrink-50,evaluation,2026,122,1,21 7 5 32 26 30,1,1
markov-shrink-50,evaluation,2026,123,46,32 7 8 31 5 21,1,0
markov-shrink-50,evaluation,2026,124,39,21 7 48 5 49 20,1,1
markov-shrink-50,evaluation,2026,125,31,21 32 19 34 35 31,0,0
markov-shrink-50,evaluation,2026,126,49,32 7 8 5 21 49,0,0
markov-shrink-50,evaluation,2026,127,45,21 32 19 34 35 5,1,1
markov-shrink-50,evaluation,2026,128,37,32 7 19 34 35 5,1,1
markov-shrink-50,evaluation,2026,129,41,21 32 34 8 48 26,1,1
markov-shrink-50,evaluation,2026,130,29,32 7 8 5 20 12,1,1
markov-shrink-50,evaluation,2026,131,7,21 32 19 34 35 5,1,1
markov-shrink-50,evaluation,2026,132,30,21 32 34 8 48 7,1,1
markov-shrink-50,evaluation,2026,133,7,21 32 7 19 48 26,0,0
markov-shrink-50,evaluation,2026,134,37,21 32 34 8 48 26,1,1
markov-shrink-50,evaluation,2026,135,30,21 32 34 8 48 26,1,1
markov-shrink-50,evaluation,2026,136,48,21 32 19 48 26 22,0,0
markov-shrink-50,evaluation,2026,137,26,21 19 7 32 35 26,0,0
markov-shrink-50,evaluation,2026,138,49,5 21 20 43 48 14,1,0
markov-shrink-50,evaluation,2026,139,24,21 32 19 34 35 5,1,1
markov-shrink-50,evaluation,2026,140,16,21 7 5 32 20 12,1,1
markov-shrink-50,evaluation,2026,141,33,5 21 20 43 48 14,1,0
markov-shrink-50,evaluation,2026,142,23,32 7 21 12 43 48,1,1
markov-shrink-50,evaluation,2026,143,44,32 7 12 43 48 36,1,1
markov-shrink-50,evaluation,2026,144,43,21 7 5 32 20 12,1,1
markov-shrink-50,evaluation,2026,145,5,32 7 21 12 48 36,1,1
markov-shrink-50,evaluation,2026,146,42,32 19 7 34 35 21,1,1
markov-shrink-50,evaluation,2026,147,13,21 32 7 34 8 5,1,1
markov-shrink-50,evaluation,2026,148,48,32 7 21 12 48 36,0,0
markov-shrink-50,evaluation,2026,149,27,21 19 7 35 32 31,1,1
markov-shrink-50,evaluation,2026,150,9,21 32 34 8 31 40,1,1
markov-shrink-50,evaluation,2026,151,31,21 32 19 34 35 5,1,1
markov-shrink-50,evaluation,2026,152,45,32 7 8 21 20 12,1,1
markov-shrink-50,evaluation,2026,153,41,32 19 7 34 35 21,1,1
markov-shrink-50,evaluation,2026,154,41,32 7 8 20 12 5,1,1
markov-shrink-50,evaluation,2026,155,7,32 7 8 20 12 5,0,0
markov-shrink-50,evaluation,2026,156,1,21 32 34 8 40 22,1,1
markov-shrink-50,evaluation,2026,157,40,32 8 21 20 12 5,1,1
markov-shrink-50,evaluation,2026,158,16,21 32 19 22 26 29,1,1
markov-shrink-50,evaluation,2026,159,39,21 20 5 14 17 15,1,1
markov-shrink-50,evaluation,2026,160,2,21 32 19 34 35 5,1,1
markov-shrink-50,evaluation,2026,161,8,21 32 34 7 8 5,0,0
markov-shrink-50,evaluation,2026,162,32,21 19 7 35 32 17,0,0
markov-shrink-50,evaluation,2026,163,37,21 32 34 7 5 36,1,1
markov-shrink-50,evaluation,2026,164,21,21 32 34 8 22 17,0,0
markov-shrink-50,evaluation,2026,165,3,32 21 8 20 12 5,1,1
markov-shrink-50,evaluation,2026,166,6,32 7 12 36 22 14,1,1
markov-shrink-50,evaluation,2026,167,19,20 5 14 17 21 15,1,0
markov-shrink-50,evaluation,2026,168,15,21 32 19 34 35 5,1,1
markov-shrink-50,evaluation,2026,169,24,32 19 34 7 35 5,1,1
markov-shrink-50,evaluation,2026,170,3,21 7 20 12 5 36,1,1
markov-shrink-50,evaluation,2026,171,28,32 7 12 36 22 14,1,1
markov-shrink-50,evaluation,2026,172,44,21 19 7 35 17 25,1,1
markov-shrink-50,evaluation,2026,173,26,21 7 20 12 5 36,1,0
markov-shrink-50,evaluation,2026,174,41,20 5 14 17 21 43,1,1
markov-shrink-50,evaluation,2026,175,26,32 8 20 12 5 36,1,1
markov-shrink-50,evaluation,2026,176,10,20 5 14 17 21 43,1,1
markov-shrink-50,evaluation,2026,177,14,21 32 19 22 29 46,1,1
markov-shrink-50,evaluation,2026,178,18,21 7 20 12 5 36,1,1
markov-shrink-50,evaluation,2026,179,15,21 19 7 35 17 25,1,1
markov-shrink-50,evaluation,2026,180,21,32 19 34 7 35 5,1,1
markov-shrink-50,evaluation,2026,181,19,32 8 20 12 5 36,1,1
markov-shrink-50,evaluation,2026,182,41,32 21 34 19 35 5,1,1
markov-shrink-50,evaluation,2026,183,24,32 8 20 12 5 36,1,1
markov-shrink-50,evaluation,2026,184,1,21 7 20 12 5 36,1,1
markov-shrink-50,evaluation,2026,185,36,32 8 20 12 5 36,0,0
markov-shrink-50,evaluation,2026,186,23,20 5 17 43 48 14,1,1
markov-shrink-50,evaluation,2026,187,1,32 7 12 22 29 43,1,1
markov-shrink-50,evaluation,2026,188,16,32 8 20 12 5 22,1,1
markov-shrink-50,evaluation,2026,189,15,20 5 17 43 48 14,1,1
markov-shrink-50,evaluation,2026,190,16,32 34 7 19 35 5,1,1
markov-shrink-50,evaluation,2026,191,29,20 5 17 43 48 14,1,1
markov-shrink-50,evaluation,2026,192,25,32 21 34 19 35 5,1,1
markov-shrink-50,evaluation,2026,193,9,32 34 7 19 35 5,1,1
markov-shrink-50,evaluation,2026,194,26,32 21 34 19 35 5,1,1
markov-shrink-50,evaluation,2026,195,25,20 5 17 43 48 14,1,1
markov-shrink-50,evaluation,2026,196,39,32 34 7 19 35 5,1,1
markov-shrink-50,evaluation,2026,197,8,32 21 34 19 35 5,1,1
markov-shrink-50,evaluation,2026,198,7,21 7 19 35 17 31,0,0
markov-shrink-50,evaluation,2026,199,36,32 34 22 17 4 46,1,1
markov-shrink-50,evaluation,2026,200,39,20 5 17 43 48 14,1,1
markov-shrink-50,evaluation,2026,201,32,32 21 34 19 35 5,0,0
markov-shrink-50,evaluation,2026,202,40,21 32 34 7 5 22,1,0
markov-shrink-50,evaluation,2026,203,25,21 32 19 22 46 27,1,1
markov-shrink-50,evaluation,2026,204,5,32 34 19 35 7 5,0,0
markov-shrink-50,evaluation,2026,205,3,32 34 19 35 7 27,1,1
markov-shrink-50,evaluation,2026,206,47,32 7 12 22 43 27,1,1
markov-shrink-50,evaluation,2026,207,31,32 34 22 17 4 46,1,0
markov-shrink-50,evaluation,2026,208,19,32 20 12 22 4 8,1,1
markov-shrink-50,evaluation,2026,209,8,21 34 35 19 17 5,1,1
markov-shrink-50,evaluation,2026,210,49,21 35 19 17 49 13,0,0
markov-shrink-50,evaluation,2026,211,1,21 34 35 19 17 5,1,1
markov-shrink-50,evaluation,2026,212,6,32 20 12 22 4 5,1,1
markov-shrink-50,evaluation,2026,213,35,20 17 43 48 5 14,1,0
markov-shrink-50,evaluation,2026,214,4,32 34 7 19 35 27,1,1
markov-shrink-50,evaluation,2026,215,14,21 7 20 12 46 5,1,1
markov-shrink-50,evaluation,2026,216,37,21 7 20 12 46 5,1,1
markov-shrink-50,evaluation,2026,217,26,32 34 22 17 46 43,1,1
markov-shrink-50,evaluation,2026,218,17,20 17 43 48 5 21,0,0
markov-shrink-50,evaluation,2026,219,43,32 34 22 46 43 48,0,0
markov-shrink-50,evaluation,2026,220,48,32 7 12 22 27 21,1,1
markov-shrink-50,evaluation,2026,221,1,21 19 35 17 13 2,1,1
markov-shrink-50,evaluation,2026,222,26,32 20 12 22 5 27,1,1
markov-shrink-50,evaluation,2026,223,23,20 5 21 2 43 48,1,1
markov-shrink-50,evaluation,2026,224,9,32 7 12 22 27 30,1,1
markov-shrink-50,evaluation,2026,225,1,21 34 19 35 5 17,1,1
markov-shrink-50,evaluation,2026,226,17,32 20 12 22 5 27,1,1
markov-shrink-50,evaluation,2026,227,16,32 34 22 46 21 29,1,1
markov-shrink-50,evaluation,2026,228,23,20 5 21 2 43 48,1,1
markov-shrink-50,evaluation,2026,229,38,32 7 12 22 27 30,1,1
markov-shrink-50,evaluation,2026,230,16,21 19 35 13 2 31,1,1
markov-shrink-50,evaluation,2026,231,20,20 5 21 2 43 48,0,0
markov-shrink-50,evaluation,2026,232,42,21 32 19 22 46 27,1,1
markov-shrink-50,evaluation,2026,233,7,21 32 34 7 22 5,0,0
markov-shrink-50,evaluation,2026,234,39,32 34 22 46 21 29,1,1
markov-shrink-50,evaluation,2026,235,32,21 34 19 35 5 33,1,1
markov-shrink-50,evaluation,2026,236,11,21 32 34 22 5 27,1,1
markov-shrink-50,evaluation,2026,237,12,32 12 22 20 5 27,0,0
markov-shrink-50,evaluation,2026,238,17,21 32 34 22 5 27,1,1
markov-shrink-50,evaluation,2026,239,5,32 34 22 46 21 29,1,1
markov-shrink-50,evaluation,2026,240,27,32 34 19 35 7 27,0,0
markov-shrink-50,evaluation,2026,241,49,32 34 22 46 21 29,1,1
markov-shrink-50,evaluation,2026,242,9,21 34 19 35 33 5,1,1
markov-shrink-50,evaluation,2026,243,21,21 34 19 35 33 5,0,0
markov-shrink-50,evaluation,2026,244,46,32 22 20 4 8 2,1,1
markov-shrink-50,evaluation,2026,245,18,2 43 48 5 14 21,1,1
markov-shrink-50,evaluation,2026,246,30,21 19 35 13 2 31,1,1
markov-shrink-50,evaluation,2026,247,40,21 32 19 22 29 46,1,1
markov-shrink-50,evaluation,2026,248,20,21 32 19 22 29 46,1,1
markov-shrink-50,evaluation,2026,249,23,21 32 19 22 29 46,1,1
markov-shrink-50,evaluation,2026,250,14,32 22 7 12 29 43,1,0
markov-shrink-50,evaluation,2026,251,30,21 7 12 46 20 5,1,0
markov-shrink-50,evaluation,2026,252,22,21 32 19 22 29 46,0,0
markov-shrink-50,evaluation,2026,253,16,21 32 34 22 4 43,1,1
markov-shrink-50,evaluation,2026,254,2,2 43 48 5 21 14,0,0
markov-shrink-50,evaluation,2026,255,44,21 32 34 22 4 43,1,1
markov-shrink-50,evaluation,2026,256,1,21 7 12 46 20 5,1,1
markov-shrink-50,evaluation,2026,257,7,32 22 4 8 20 31,1,1
markov-shrink-50,evaluation,2026,258,46,32 34 22 29 4 46,0,0
markov-shrink-50,evaluation,2026,259,22,43 48 5 21 14 11,1,0
markov-shrink-50,evaluation,2026,260,20,21 32 34 4 43 5,1,1
markov-shrink-50,evaluation,2026,261,24,21 32 19 29 27 46,1,1
markov-shrink-50,evaluation,2026,262,30,21 12 7 5 36 46,1,1
markov-shrink-50,evaluation,2026,263,9,21 32 19 29 27 46,1,1
markov-shrink-50,evaluation,2026,264,21,34 19 35 33 5 14,1,1
markov-shrink-50,evaluation,2026,265,49,32 4 8 31 33 5,1,1
markov-shrink-50,evaluation,2026,266,8,34 19 35 33 5 14,1,1
gap-hazard-100,validation,2025,246,6,19 48 12 22 35 3,1,0
gap-hazard-100,validation,2025,247,25,19 48 12 22 35 3,1,1
gap-hazard-100,validation,2025,248,12,19 48 12 22 35 3,0,0
gap-hazard-100,validation,2025,249,2,19 48 22 35 3 11,1,1
gap-hazard-100,validation,2025,250,12,19 48 22 35 3 11,1,0
gap-hazard-100,validation,2025,251,35,19 48 22 35 3 11,0,0
gap-hazard-100,validation,2025,252,23,19 48 22 11 3 21,1,1
gap-hazard-100,validation,2025,253,33,19 48 22 3 11 21,1,1
gap-hazard-100,validation,2025,254,17,19 48 22 11 3 21,1,1
gap-hazard-100,validation,2025,255,42,19 48 22 11 3 21,1,1
gap-hazard-100,validation,2025,256,48,19 48 22 11 3 21,0,0
gap-hazard-100,validation,2025,257,28,19 22 11 3 21 16,1,1
gap-hazard-100,validation,2025,258,38,19 22 11 3 21 16,1,1
gap-hazard-100,validation,2025,259,47,19 22 11 3 21 26,1,1
gap-hazard-100,validation,2025,260,3,19 22 11 3 46 21,0,0
gap-hazard-100,validation,2025,261,33,19 22 11 46 4 21,1,1
gap-hazard-100,validation,2025,262,44,19 22 11 46 4 21,1,1
gap-hazard-100,validation,2025,263,38,19 22 11 46 4 21,1,1
gap-hazard-100,validation,2025,264,43,19 22 11 46 4 21,1,1
gap-hazard-100,validation,2025,265,10,19 22 46 4 21 16,1,1
gap-hazard-100,validation,2025,266,41,19 22 46 4 21 16,1,1
gap-hazard-100,validation,2025,267,29,19 22 46 4 10 16,1,1
gap-hazard-100,validation,2025,268,10,19 22 46 4 6 10,0,0
gap-hazard-100,validation,2025,269,31,19 22 46 4 6 16,1,1
gap-hazard-100,validation,2025,270,35,19 22 46 4 6 16,1,1
gap-hazard-100,validation,2025,271,6,19 22 46 4 6 16,0,0
gap-hazard-100,validation,2025,272,36,19 22 46 4 16 26,1,1
gap-hazard-100,validation,2025,273,4,19 22 46 4 16 26,0,0
gap-hazard-100,validation,2025,274,44,19 22 46 16 26 21,1,1
gap-hazard-100,validation,2025,275,45,19 22 46 16 26 21,1,1
gap-hazard-100,validation,2025,276,9,19 22 46 26 21 7,1,1
gap-hazard-100,validation,2025,277,16,19 22 46 26 21 7,1,1
gap-hazard-100,validation,2025,278,28,19 22 46 26 21 2,1,1
gap-hazard-100,validation,2025,279,27,19 22 46 26 21 2,1,1
gap-hazard-100,validation,2025,280,42,19 22 46 26 21 2,1,1
gap-hazard-100,validation,2025,281,47,19 22 46 26 21 2,1,1
gap-hazard-100,validation,2025,282,41,19 22 46 26 21 7,1,1
gap-hazard-100,validation,2025,283,45,19 22 46 26 21 2,1,1
gap-hazard-100,validation,2025,284,41,19 22 46 26 21 2,1,1
gap-hazard-100,validation,2025,285,24,19 22 46 26 21 2,1,1
gap-hazard-100,validation,2025,286,3,19 22 46 26 21 2,1,1
gap-hazard-100,validation,2025,287,34,19 22 46 26 21 7,1,0
gap-hazard-100,validation,2025,288,14,19 22 46 26 21 7,1,1
gap-hazard-100,validation,2025,289,42,19 22 46 26 21 7,1,1
gap-hazard-100,validation,2025,290,19,19 22 26 21 7 2,0,0
gap-hazard-100,validation,2025,291,44,22 26 21 7 2 12,1,1
gap-hazard-100,validation,2025,292,2,22 26 21 7 2 12,0,0
gap-hazard-100,validation,2025,293,47,22 26 21 7 12 49,1,1
gap-hazard-100,validation,2025,294,18,22 26 21 7 12 49,1,1
gap-hazard-100,validation,2025,295,5,22 26 21 7 12 8,1,0
gap-hazard-100,validation,2025,296,22,22 26 21 12 7 8,0,0
gap-hazard-100,validation,2025,297,44,26 21 12 7 8 35,1,1
gap-hazard-100,validation,2025,298,23,26 21 12 7 8 35,1,1
gap-hazard-100,validation,2025,299,49,26 21 16 12 7 8,1,0
gap-hazard-100,validation,2025,300,40,26 16 21 12 7 8,1,1
gap-hazard-100,validation,2025,301,5,27 26 16 12 21 7,1,1
gap-hazard-100,validation,2025,302,22,27 26 16 21 7 8,1,1
gap-hazard-100,validation,2025,303,15,27 26 16 21 7 8,1,1
gap-hazard-100,validation,2025,304,48,27 26 16 21 7 8,1,1
gap-hazard-100,validation,2025,305,42,27 26 16 21 7 8,1,1
gap-hazard-100,validation,2025,306,17,27 26 16 21 41 7,1,1
gap-hazard-100,validation,2025,307,20,27 26 16 41 21 7,1,1
gap-hazard-100,validation,2025,308,39,27 26 16 41 21 7,1,1
gap-hazard-100,validation,2025,309,6,27 26 16 41 21 7,1,1
gap-hazard-100,validation,2025,310,16,27 26 16 41 21 7,0,0
gap-hazard-100,validation,2025,311,37,27 26 41 21 7 35,1,1
gap-hazard-100,validation,2025,312,14,27 26 41 21 7 35,1,1
gap-hazard-100,validation,2025,313,38,27 26 41 21 7 35,1,1
gap-hazard-100,validation,2025,314,23,27 26 41 21 7 35,1,1
gap-hazard-100,validation,2025,315,4,27 26 41 21 7 35,1,1
gap-hazard-100,validation,2025,316,24,27 26 41 21 7 35,1,1
gap-hazard-100,validation,2025,317,18,27 26 21 41 7 35,1,1
gap-hazard-100,validation,2025,318,6,27 26 21 41 7 8,1,1
gap-hazard-100,validation,2025,319,45,27 26 21 41 7 44,1,1
gap-hazard-100,validation,2025,320,28,27 26 21 41 7 44,1,1
gap-hazard-100,validation,2025,321,23,27 26 21 41 7 8,1,1
gap-hazard-100,validation,2025,322,47,27 26 21 41 7 8,1,1
gap-hazard-100,validation,2025,323,9,27 26 21 7 41 8,1,1
gap-hazard-100,validation,2025,324,15,27 26 21 7 41 8,1,1
gap-hazard-100,validation,2025,325,4,27 26 21 7 41 8,1,1
gap-hazard-100,validation,2025,326,19,27 26 21 7 41 8,1,1
gap-hazard-100,validation,2025,327,37,26 27 21 7 41 8,1,1
gap-hazard-100,validation,2025,328,3,26 27 21 7 41 8,1,1
gap-hazard-100,validation,2025,329,17,26 27 21 7 41 8,1,1
gap-hazard-100,validation,2025,330,36,26 27 21 7 41 8,1,1
gap-hazard-100,validation,2025,331,26,26 21 7 41 8 12,0,0
gap-hazard-100,validation,2025,332,26,21 7 41 8 12 44,1,1
gap-hazard-100,validation,2025,333,6,21 7 41 8 12 44,1,1
gap-hazard-100,validation,2025,334,46,21 7 41 8 44 12,1,1
gap-hazard-100,validation,2025,335,44,21 7 41 8 44 12,0,0
gap-hazard-100,validation,2025,336,17,21 7 8 12 49 6,1,1
gap-hazard-100,validation,2025,337,9,21 7 8 12 49 44,1,1
gap-hazard-100,validation,2025,338,8,21 7 8 12 49 44,0,0
gap-hazard-100,validation,2025,339,48,21 7 49 12 9 17,1,1
gap-hazard-100,validation,2025,340,16,21 7 12 49 9 35,1,1
gap-hazard-100,validation,2025,341,6,21 7 12 49 35 30,1,1
gap-hazard-100,validation,2025,342,4,21 7 12 49 35 16,1,1
gap-hazard-100,validation,2025,343,38,21 7 12 49 6 35,1,1
gap-hazard-100,validation,2025,344,27,21 7 12 49 6 4,1,1
gap-hazard-100,validation,2025,345,24,21 7 12 49 38 4,1,1
gap-hazard-100,validation,2025,346,3,21 7 12 49 38 35,1,1
gap-hazard-100,validation,2025,347,13,21 7 12 49 24 35,1,0
gap-hazard-100,validation,2025,348,16,21 7 12 49 24 3,1,1
gap-hazard-100,validation,2025,349,22,21 7 12 49 3 35,1,1
gap-hazard-100,validation,2025,350,49,21 7 12 49 35 13,0,0
gap-hazard-100,validation,2025,351,4,21 7 12 35 16 30,1,1
gap-hazard-100,validation,2025,352,44,21 7 12 35 30 22,1,1
gap-hazard-100,validation,2025,353,1,21 7 12 35 4 30,1,1
gap-hazard-100,validation,2025,354,30,21 7 12 44 4 35,1,0
gap-hazard-100,validation,2025,355,8,21 7 12 44 35 39,1,1
gap-hazard-100,validation,2025,356,24,21 7 12 46 35 30,1,0
gap-hazard-100,validation,2025,357,49,21 7 12 46 35 30,1,1
gap-hazard-100,validation,2025,358,7,21 7 12 46 24 35,0,0
gap-hazard-100,validation,2025,359,11,21 12 46 24 35 39,1,1
gap-hazard-100,validation,2025,360,41,21 46 12 35 7 36,1,1
gap-hazard-100,validation,2025,361,24,21 46 12 35 11 7,1,1
gap-hazard-100,validation,2025,362,23,21 46 12 35 11 36,1,1
gap-hazard-100,validation,2025,363,26,21 46 12 24 35 36,1,1
gap-hazard-100,validation,2025,364,12,21 12 46 24 35 32,0,0
gap-hazard-100,validation,2025,365,26,21 46 35 26 36 32,0,0
gap-hazard-100,evaluation,2026,1,29,21 27 46 35 36 32,1,1
gap-hazard-100,evaluation,2026,2,22,27 21 46 35 36 32,1,1
gap-hazard-100,evaluation,2026,3,9,27 21 46 35 36 32,1,1
gap-hazard-100,evaluation,2026,4,45,27 21 46 35 22 36,1,1
gap-hazard-100,evaluation,2026,5,43,21 27 46 35 9 22,1,1
gap-hazard-100,evaluation,2026,6,13,27 21 46 35 45 9,1,1
gap-hazard-100,evaluation,2026,7,41,21 27 46 35 45 43,1,1
gap-hazard-100,evaluation,2026,8,21,21 27 46 35 13 43,0,0
gap-hazard-100,evaluation,2026,9,28,27 46 35 13 36 32,1,1
gap-hazard-100,evaluation,2026,10,27,27 46 35 36 32 15,0,0
gap-hazard-100,evaluation,2026,11,11,46 35 28 32 36 21,1,1
gap-hazard-100,evaluation,2026,12,11,46 35 28 32 36 27,1,1
gap-hazard-100,evaluation,2026,13,1,46 35 32 36 27 37,1,1
gap-hazard-100,evaluation,2026,14,26,46 35 32 11 36 25,1,1
gap-hazard-100,evaluation,2026,15,31,46 35 11 32 36 1,1,1
gap-hazard-100,evaluation,2026,16,6,46 35 32 36 1 25,1,1
gap-hazard-100,evaluation,2026,17,32,46 35 32 31 25 28,0,0
gap-hazard-100,evaluation,2026,18,39,46 35 6 31 25 28,1,1
gap-hazard-100,evaluation,2026,19,46,46 35 6 25 32 28,0,0
gap-hazard-100,evaluation,2026,20,12,35 39 25 32 28 45,1,1
gap-hazard-100,evaluation,2026,21,42,35 39 46 25 45 6,1,1
gap-hazard-100,evaluation,2026,22,18,35 46 25 45 6 49,1,1
gap-hazard-100,evaluation,2026,23,47,35 25 45 29 49 27,1,1
gap-hazard-100,evaluation,2026,24,28,35 18 25 45 29 49,1,1
gap-hazard-100,evaluation,2026,25,37,35 47 18 25 45 42,1,1
gap-hazard-100,evaluation,2026,26,19,35 47 28 48 25 42,1,1
gap-hazard-100,evaluation,2026,27,45,35 28 37 48 25 42,1,1
gap-hazard-100,evaluation,2026,28,3,35 37 48 25 19 29,1,1
gap-hazard-100,evaluation,2026,29,1,41 35 45 48 25 19,1,1
gap-hazard-100,evaluation,2026,30,41,41 35 45 3 48 21,0,0
gap-hazard-100,evaluation,2026,31,26,35 3 48 1 21 25,1,1
gap-hazard-100,evaluation,2026,32,6,35 48 1 21 25 27,1,1
gap-hazard-100,evaluation,2026,33,41,35 48 21 25 27 28,1,1
gap-hazard-100,evaluation,2026,34,19,35 11 48 21 6 25,1,1
gap-hazard-100,evaluation,2026,35,27,35 11 48 21 6 25,1,0
gap-hazard-100,evaluation,2026,36,1,35 11 48 21 25 6,1,1
gap-hazard-100,evaluation,2026,37,43,35 11 48 21 25 27,1,1
gap-hazard-100,evaluation,2026,38,42,35 11 48 21 25 1,1,1
gap-hazard-100,evaluation,2026,39,11,35 11 48 21 25 1,0,0
gap-hazard-100,evaluation,2026,40,28,35 48 21 25 39 43,1,1
gap-hazard-100,evaluation,2026,41,36,35 48 21 25 39 11,1,1
gap-hazard-100,evaluation,2026,42,16,35 48 21 25 28 39,1,1
gap-hazard-100,evaluation,2026,43,13,35 48 21 28 25 39,1,1
gap-hazard-100,evaluation,2026,44,19,35 48 21 25 39 12,1,1
gap-hazard-100,evaluation,2026,45,1,35 48 21 25 39 12,1,1
gap-hazard-100,evaluation,2026,46,3,35 48 21 25 39 12,1,1
gap-hazard-100,evaluation,2026,47,39,35 48 21 25 39 12,0,0
gap-hazard-100,evaluation,2026,48,24,35 48 21 25 12 3,1,1
gap-hazard-100,evaluation,2026,49,13,35 48 21 25 12 3,1,1
gap-hazard-100,evaluation,2026,50,23,35 48 21 25 24 12,1,1
gap-hazard-100,evaluation,2026,51,1,35 21 48 25 24 12,1,1
gap-hazard-100,evaluation,2026,52,38,35 21 48 25 12 13,1,1
gap-hazard-100,evaluation,2026,53,15,35 21 48 25 12 1,1,1
gap-hazard-100,evaluation,2026,54,48,35 21 48 22 25 38,0,0
gap-hazard-100,evaluation,2026,55,14,35 21 22 38 25 12,1,1
gap-hazard-100,evaluation,2026,56,48,35 21 22 12 25 15,1,0
gap-hazard-100,evaluation,2026,57,23,35 21 22 12 25 7,1,1
gap-hazard-100,evaluation,2026,58,31,35 21 22 12 25 7,1,1
gap-hazard-100,evaluation,2026,59,10,35 21 22 12 25 7,1,1
gap-hazard-100,evaluation,2026,60,9,35 22 12 25 21 7,1,1
gap-hazard-100,evaluation,2026,61,29,35 22 12 25 21 7,1,1
gap-hazard-100,evaluation,2026,62,24,35 22 12 25 21 7,1,1
gap-hazard-100,evaluation,2026,63,28,35 22 12 25 21 7,1,1
gap-hazard-100,evaluation,2026,64,18,35 22 12 25 21 24,1,1
gap-hazard-100,evaluation,2026,65,5,35 22 12 25 21 24,1,1
gap-hazard-100,evaluation,2026,66,37,35 22 12 25 21 7,1,0
gap-hazard-100,evaluation,2026,67,5,35 22 12 25 21 7,1,1
gap-hazard-100,evaluation,2026,68,23,35 22 12 25 21 7,1,1
gap-hazard-100,evaluation,2026,69,24,35 22 12 25 21 7,1,1
gap-hazard-100,evaluation,2026,70,25,35 22 12 25 21 7,0,0
gap-hazard-100,evaluation,2026,71,48,35 12 22 21 7 36,1,1
gap-hazard-100,evaluation,2026,72,46,35 22 21 7 36 24,1,1
gap-hazard-100,evaluation,2026,73,34,35 22 21 7 36 8,1,1
gap-hazard-100,evaluation,2026,74,10,35 22 21 7 36 8,1,1
gap-hazard-100,evaluation,2026,75,33,35 22 21 7 36 8,1,1
gap-hazard-100,evaluation,2026,76,2,35 22 21 7 36 8,1,1
gap-hazard-100,evaluation,2026,77,29,35 22 21 7 36 8,1,1
gap-hazard-100,evaluation,2026,78,46,35 22 21 7 36 8,1,1
gap-hazard-100,evaluation,2026,79,35,35 22 21 7 36 8,0,0
gap-hazard-100,evaluation,2026,80,3,22 21 7 36 8 15,1,1
gap-hazard-100,evaluation,2026,81,17,22 21 7 36 8 15,1,1
gap-hazard-100,evaluation,2026,82,27,22 21 7 36 8 15,1,1
gap-hazard-100,evaluation,2026,83,5,22 21 7 36 8 15,1,1
gap-hazard-100,evaluation,2026,84,16,22 21 7 36 8 15,1,1
gap-hazard-100,evaluation,2026,85,19,22 21 7 36 8 15,1,1
gap-hazard-100,evaluation,2026,86,12,22 21 7 36 8 15,1,0
gap-hazard-100,evaluation,2026,87,26,22 21 7 36 8 15,1,0
gap-hazard-100,evaluation,2026,88,27,22 21 7 36 8 15,1,1
gap-hazard-100,evaluation,2026,89,49,22 21 7 36 8 15,1,1
gap-hazard-100,evaluation,2026,90,36,22 21 36 7 15 8,0,0
gap-hazard-100,evaluation,2026,91,37,22 21 7 8 15 27,1,1
gap-hazard-100,evaluation,2026,92,6,22 21 7 8 15 36,1,1
gap-hazard-100,evaluation,2026,93,40,22 21 7 15 8 37,1,1
gap-hazard-100,evaluation,2026,94,17,22 21 7 15 8 6,1,1
gap-hazard-100,evaluation,2026,95,35,22 21 7 15 8 6,1,1
gap-hazard-100,evaluation,2026,96,43,22 21 7 15 8 40,1,1
gap-hazard-100,evaluation,2026,97,11,22 21 7 15 8 20,1,1
gap-hazard-100,evaluation,2026,98,17,22 21 7 15 8 43,1,1
gap-hazard-100,evaluation,2026,99,12,22 21 7 15 8 29,1,1
gap-hazard-100,evaluation,2026,100,33,22 21 7 46 15 8,1,1
gap-hazard-100,evaluation,2026,101,39,22 21 7 46 15 8,1,1
gap-hazard-100,evaluation,2026,102,20,22 21 7 46 15 8,1,0
gap-hazard-100,evaluation,2026,103,6,22 21 7 46 15 8,1,1
gap-hazard-100,evaluation,2026,104,1,22 21 7 46 15 8,1,1
gap-hazard-100,evaluation,2026,105,28,22 21 7 46 6 8,1,1
gap-hazard-100,evaluation,2026,106,22,22 21 7 46 6 8,0,0
gap-hazard-100,evaluation,2026,107,49,21 7 46 28 8 29,1,1
gap-hazard-100,evaluation,2026,108,45,21 7 46 28 8 29,1,1
gap-hazard-100,evaluation,2026,109,16,21 7 46 8 29 22,1,1
gap-hazard-100,evaluation,2026,110,30,21 7 46 8 29 45,1,0
gap-hazard-100,evaluation,2026,111,1,21 7 46 8 29 45,1,1
gap-hazard-100,evaluation,2026,112,9,21 7 46 8 29 16,1,1
gap-hazard-100,evaluation,2026,113,2,21 7 46 29 8 1,1,1
gap-hazard-100,evaluation,2026,114,30,21 7 46 8 29 1,1,1
gap-hazard-100,evaluation,2026,115,4,21 7 46 29 8 9,1,0
gap-hazard-100,evaluation,2026,116,22,21 7 46 29 8 2,1,1
gap-hazard-100,evaluation,2026,117,16,21 7 46 29 8 35,1,1
gap-hazard-100,evaluation,2026,118,8,21 7 46 29 8 35,0,0
gap-hazard-100,evaluation,2026,119,11,21 7 46 29 35 16,1,0
gap-hazard-100,evaluation,2026,120,6,21 7 46 29 35 16,1,1
gap-hazard-100,evaluation,2026,121,44,12 21 7 46 29 35,1,1
gap-hazard-100,evaluation,2026,122,1,12 21 7 46 29 6,1,1
gap-hazard-100,evaluation,2026,123,46,12 21 7 46 29 6,0,0
gap-hazard-100,evaluation,2026,124,39,12 21 7 29 35 1,1,1
gap-hazard-100,evaluation,2026,125,31,12 21 7 29 35 1,1,1
gap-hazard-100,evaluation,2026,126,49,12 21 7 29 35 39,1,1
gap-hazard-100,evaluation,2026,127,45,12 21 7 29 35 39,1,0
gap-hazard-100,evaluation,2026,128,37,12 21 7 29 35 31,1,1
gap-hazard-100,evaluation,2026,129,41,12 21 7 35 45 5,1,1
gap-hazard-100,evaluation,2026,130,29,12 21 7 35 45 37,1,1
gap-hazard-100,evaluation,2026,131,7,12 21 7 35 37 5,0,0
gap-hazard-100,evaluation,2026,132,30,12 21 35 5 16 36,1,1
gap-hazard-100,evaluation,2026,133,7,12 21 35 5 7 16,0,0
gap-hazard-100,evaluation,2026,134,37,12 21 35 30 5 16,1,1
gap-hazard-100,evaluation,2026,135,30,12 21 35 30 16 36,0,0
gap-hazard-100,evaluation,2026,136,48,12 21 35 37 16 36,1,0
gap-hazard-100,evaluation,2026,137,26,12 21 35 37 16 36,1,1
gap-hazard-100,evaluation,2026,138,49,12 21 35 16 36 32,1,1
gap-hazard-100,evaluation,2026,139,24,12 21 35 36 32 20,1,1
gap-hazard-100,evaluation,2026,140,16,12 21 35 36 32 20,1,1
gap-hazard-100,evaluation,2026,141,33,12 21 35 24 36 32,1,1
gap-hazard-100,evaluation,2026,142,23,12 21 35 24 16 32,1,1
gap-hazard-100,evaluation,2026,143,44,12 21 35 16 33 32,1,1
gap-hazard-100,evaluation,2026,144,43,12 21 35 33 32 31,1,1
gap-hazard-100,evaluation,2026,145,5,12 21 35 44 31 32,1,1
gap-hazard-100,evaluation,2026,146,42,12 21 35 44 31 32,1,1
gap-hazard-100,evaluation,2026,147,13,12 21 35 43 32 20,1,1
gap-hazard-100,evaluation,2026,148,48,12 21 35 32 20 25,1,1
gap-hazard-100,evaluation,2026,149,27,12 21 35 13 32 20,1,1
gap-hazard-100,evaluation,2026,150,9,12 21 35 13 20 32,1,1
gap-hazard-100,evaluation,2026,151,31,21 35 20 32 41 27,1,1
gap-hazard-100,evaluation,2026,152,45,21 29 35 9 27 32,1,1
gap-hazard-100,evaluation,2026,153,41,21 29 35 9 16 32,1,0
gap-hazard-100,evaluation,2026,154,41,21 29 35 45 16 32,1,1
gap-hazard-100,evaluation,2026,155,7,21 29 35 45 16 32,1,1
gap-hazard-100,evaluation,2026,156,1,21 29 35 16 32 25,1,1
gap-hazard-100,evaluation,2026,157,40,21 29 35 16 32 25,1,1
gap-hazard-100,evaluation,2026,158,16,21 29 35 1 16 32,0,0
gap-hazard-100,evaluation,2026,159,39,21 29 35 1 32 40,1,1
gap-hazard-100,evaluation,2026,160,2,21 29 35 16 32 40,1,1
gap-hazard-100,evaluation,2026,161,8,21 29 35 16 39 32,1,1
gap-hazard-100,evaluation,2026,162,32,21 29 35 39 32 2,0,0
gap-hazard-100,evaluation,2026,163,37,21 29 35 2 27 31,1,1
gap-hazard-100,evaluation,2026,164,21,21 29 35 27 31 25,0,0
gap-hazard-100,evaluation,2026,165,3,29 35 37 27 31 25,1,0
gap-hazard-100,evaluation,2026,166,6,29 35 37 27 31 25,1,1
gap-hazard-100,evaluation,2026,167,19,29 35 27 3 31 25,1,1
gap-hazard-100,evaluation,2026,168,15,29 35 6 27 3 31,1,1
gap-hazard-100,evaluation,2026,169,24,29 35 6 27 31 39,1,1
gap-hazard-100,evaluation,2026,170,3,29 35 27 31 39 25,1,1
gap-hazard-100,evaluation,2026,171,28,29 24 35 31 15 25,1,1
gap-hazard-100,evaluation,2026,172,44,29 24 35 31 3 37,1,1
gap-hazard-100,evaluation,2026,173,26,29 35 28 3 37 25,1,1
gap-hazard-100,evaluation,2026,174,41,29 35 28 44 37 25,1,1
gap-hazard-100,evaluation,2026,175,26,29 35 44 25 22 49,1,1
gap-hazard-100,evaluation,2026,176,10,29 35 25 22 49 5,1,1
gap-hazard-100,evaluation,2026,177,14,29 35 25 22 49 5,1,1
gap-hazard-100,evaluation,2026,178,18,29 35 28 25 22 49,1,1
gap-hazard-100,evaluation,2026,179,15,29 35 28 25 22 49,1,0
gap-hazard-100,evaluation,2026,180,21,29 35 28 25 22 49,1,1
gap-hazard-100,evaluation,2026,181,19,29 35 28 25 22 49,1,1
gap-hazard-100,evaluation,2026,182,41,35 28 25 22 49 5,1,1
gap-hazard-100,evaluation,2026,183,24,35 25 22 49 5 44,1,1
gap-hazard-100,evaluation,2026,184,1,35 25 49 22 5 19,1,1
gap-hazard-100,evaluation,2026,185,36,35 24 25 22 49 5,1,1
gap-hazard-100,evaluation,2026,186,23,35 24 49 25 1 22,1,1
gap-hazard-100,evaluation,2026,187,1,35 1 25 49 22 5,0,0
gap-hazard-100,evaluation,2026,188,16,35 49 25 22 5 41,1,1
gap-hazard-100,evaluation,2026,189,15,35 25 49 22 5 14,1,1
gap-hazard-100,evaluation,2026,190,16,35 25 22 5 16 14,0,0
gap-hazard-100,evaluation,2026,191,29,35 25 5 22 14 32,1,1
gap-hazard-100,evaluation,2026,192,25,35 5 25 22 14 32,0,0
gap-hazard-100,evaluation,2026,193,9,35 5 22 14 32 36,1,1
gap-hazard-100,evaluation,2026,194,26,35 5 22 14 16 32,1,1
gap-hazard-100,evaluation,2026,195,25,35 5 22 16 14 32,1,1
gap-hazard-100,evaluation,2026,196,39,35 5 22 16 14 32,1,1
gap-hazard-100,evaluation,2026,197,8,35 22 14 32 9 29,1,1
gap-hazard-100,evaluation,2026,198,7,35 22 14 32 9 39,1,1
gap-hazard-100,evaluation,2026,199,36,35 22 9 32 39 26,1,1
gap-hazard-100,evaluation,2026,200,39,35 22 32 26 25 20,1,1
gap-hazard-100,evaluation,2026,201,32,35 22 32 26 20 12,0,0
gap-hazard-100,evaluation,2026,202,40,21 35 22 26 39 20,1,0
gap-hazard-100,evaluation,2026,203,25,35 21 22 26 39 20,1,1
gap-hazard-100,evaluation,2026,204,5,21 35 22 26 20 12,1,1
gap-hazard-100,evaluation,2026,205,3,21 35 22 26 20 12,1,1
gap-hazard-100,evaluation,2026,206,47,21 35 22 20 12 36,1,1
gap-hazard-100,evaluation,2026,207,31,21 35 22 39 20 3,1,1
gap-hazard-100,evaluation,2026,208,19,21 35 22 39 3 20,1,1
gap-hazard-100,evaluation,2026,209,8,21 35 22 39 36 20,1,1
gap-hazard-100,evaluation,2026,210,49,21 35 22 39 36 20,1,1
gap-hazard-100,evaluation,2026,211,1,21 35 22 15 39 20,1,1
gap-hazard-100,evaluation,2026,212,6,21 35 22 15 20 12,1,1
gap-hazard-100,evaluation,2026,213,35,21 35 29 22 15 20,0,0
gap-hazard-100,evaluation,2026,214,4,21 29 22 15 6 20,1,1
gap-hazard-100,evaluation,2026,215,14,21 29 22 15 6 20,1,1
gap-hazard-100,evaluation,2026,216,37,21 29 22 15 6 20,1,1
gap-hazard-100,evaluation,2026,217,26,21 29 22 15 6 20,1,1
gap-hazard-100,evaluation,2026,218,17,21 29 22 15 6 31,1,1
gap-hazard-100,evaluation,2026,219,43,21 29 22 15 31 7,1,1
gap-hazard-100,evaluation,2026,220,48,21 29 22 15 31 8,1,1
gap-hazard-100,evaluation,2026,221,1,21 29 22 15 31 20,1,1
gap-hazard-100,evaluation,2026,222,26,21 29 22 15 31 20,1,0
gap-hazard-100,evaluation,2026,223,23,21 29 22 15 31 37,1,1
gap-hazard-100,evaluation,2026,224,9,21 29 22 15 31 37,1,1
gap-hazard-100,evaluation,2026,225,1,21 29 22 31 15 37,1,1
gap-hazard-100,evaluation,2026,226,17,21 29 22 31 15 5,1,1
gap-hazard-100,evaluation,2026,227,16,21 29 22 31 15 5,1,1
gap-hazard-100,evaluation,2026,228,23,21 29 22 31 15 5,1,1
gap-hazard-100,evaluation,2026,229,38,21 29 22 15 5 14,1,1
gap-hazard-100,evaluation,2026,230,16,21 29 22 15 5 14,1,1
gap-hazard-100,evaluation,2026,231,20,21 29 22 15 5 14,1,0
gap-hazard-100,evaluation,2026,232,42,29 22 15 5 21 14,1,1
gap-hazard-100,evaluation,2026,233,7,29 22 15 5 21 14,1,1
gap-hazard-100,evaluation,2026,234,39,29 22 15 5 21 14,1,1
gap-hazard-100,evaluation,2026,235,32,29 22 35 15 5 21,1,1
gap-hazard-100,evaluation,2026,236,11,29 22 35 15 5 21,1,1
gap-hazard-100,evaluation,2026,237,12,29 22 35 15 5 21,1,0
gap-hazard-100,evaluation,2026,238,17,29 22 35 15 5 21,1,1
gap-hazard-100,evaluation,2026,239,5,29 35 22 15 5 21,0,0
gap-hazard-100,evaluation,2026,240,27,29 22 35 15 21 49,1,1
gap-hazard-100,evaluation,2026,241,49,29 35 22 21 49 39,0,0
gap-hazard-100,evaluation,2026,242,9,29 35 22 21 39 36,1,1
gap-hazard-100,evaluation,2026,243,21,35 22 21 39 36 34,0,0
gap-hazard-100,evaluation,2026,244,46,35 22 39 36 34 9,1,1
gap-hazard-100,evaluation,2026,245,18,35 22 39 36 7 9,1,1
gap-hazard-100,evaluation,2026,246,30,35 22 36 7 9 34,1,0
gap-hazard-100,evaluation,2026,247,40,35 22 36 7 9 34,1,1
gap-hazard-100,evaluation,2026,248,20,35 22 36 7 9 34,1,1
gap-hazard-100,evaluation,2026,249,23,35 22 36 7 34 27,1,1
gap-hazard-100,evaluation,2026,250,14,35 22 36 7 34 27,1,1
gap-hazard-100,evaluation,2026,251,30,35 22 7 27 34 32,1,1
gap-hazard-100,evaluation,2026,252,22,35 22 27 7 34 32,0,0
gap-hazard-100,evaluation,2026,253,16,35 27 7 34 32 46,1,1
gap-hazard-100,evaluation,2026,254,2,35 27 7 34 32 46,1,1
gap-hazard-100,evaluation,2026,255,44,35 27 34 32 46 22,1,1
gap-hazard-100,evaluation,2026,256,1,35 27 32 34 2 4,1,1
gap-hazard-100,evaluation,2026,257,7,35 27 34 16 44 2,1,1
gap-hazard-100,evaluation,2026,258,46,35 27 34 16 44 30,1,1
gap-hazard-100,evaluation,2026,259,22,12 35 27 34 16 30,1,1
gap-hazard-100,evaluation,2026,260,20,12 35 27 34 30 46,1,1
gap-hazard-100,evaluation,2026,261,24,12 35 27 34 30 46,1,1
gap-hazard-100,evaluation,2026,262,30,12 35 14 44 34 30,0,0
gap-hazard-100,evaluation,2026,263,9,12 35 14 24 44 34,1,1
gap-hazard-100,evaluation,2026,264,21,12 35 14 24 44 34,1,1
gap-hazard-100,evaluation,2026,265,49,12 14 44 34 35 9,1,1
gap-hazard-100,evaluation,2026,266,8,12 14 44 34 35 9,1,1
boosted-stumps-32,validation,2025,246,6,23 16 34 10 43 29,1,1
boosted-stumps-32,validation,2025,247,25,23 16 10 34 43 26,1,1
boosted-stumps-32,validation,2025,248,12,23 16 1 15 34 43,1,1
boosted-stumps-32,validation,2025,249,2,23 16 27 26 1 9,1,1
boosted-stumps-32,validation,2025,250,12,23 16 1 26 27 9,1,1
boosted-stumps-32,validation,2025,251,35,23 16 34 26 1 27,1,1
boosted-stumps-32,validation,2025,252,23,16 23 15 26 34 1,0,0
boosted-stumps-32,validation,2025,253,33,1 16 34 15 10 47,1,1
boosted-stumps-32,validation,2025,254,17,19 1 34 16 6 26,1,1
boosted-stumps-32,validation,2025,255,42,18 19 1 44 34 16,1,1
boosted-stumps-32,validation,2025,256,48,18 19 1 34 16 47,1,1
boosted-stumps-32,validation,2025,257,28,19 15 9 34 1 45,1,1
boosted-stumps-32,validation,2025,258,38,19 34 9 4 47 45,1,1
boosted-stumps-32,validation,2025,259,47,35 19 9 1 47 25,0,0
boosted-stumps-32,validation,2025,260,3,8 35 45 19 4 25,1,1
boosted-stumps-32,validation,2025,261,33,44 34 45 19 4 25,1,1
boosted-stumps-32,validation,2025,262,44,30 44 16 34 33 45,0,0
boosted-stumps-32,validation,2025,263,38,16 30 38 33 45 29,0,0
boosted-stumps-32,validation,2025,264,43,38 25 16 39 23 45,1,1
boosted-stumps-32,validation,2025,265,10,38 23 33 25 47 45,1,1
boosted-stumps-32,validation,2025,266,41,38 42 25 34 23 47,1,1
boosted-stumps-32,validation,2025,267,29,38 25 34 23 47 33,1,1
boosted-stumps-32,validation,2025,268,10,38 48 34 23 47 33,1,1
boosted-stumps-32,validation,2025,269,31,25 38 23 33 9 47,1,1
boosted-stumps-32,validation,2025,270,35,38 25 23 33 47 6,1,1
boosted-stumps-32,validation,2025,271,6,38 23 10 5 47 6,0,0
boosted-stumps-32,validation,2025,272,36,38 23 10 5 27 6,1,1
boosted-stumps-32,validation,2025,273,4,10 23 38 21 6 25,1,1
boosted-stumps-32,validation,2025,274,44,10 19 34 23 21 6,1,0
boosted-stumps-32,validation,2025,275,45,10 19 34 39 21 44,1,1
boosted-stumps-32,validation,2025,276,9,19 34 39 10 5 21,1,1
boosted-stumps-32,validation,2025,277,16,21 19 34 39 10 25,1,1
boosted-stumps-32,validation,2025,278,28,21 19 34 39 5 3,1,1
boosted-stumps-32,validation,2025,279,27,21 19 33 34 3 4,1,1
boosted-stumps-32,validation,2025,280,42,21 33 5 34 39 3,1,0
boosted-stumps-32,validation,2025,281,47,21 34 28 39 19 44,1,1
boosted-stumps-32,validation,2025,282,41,21 34 10 28 39 19,1,1
boosted-stumps-32,validation,2025,283,45,21 30 33 34 39 28,1,1
boosted-stumps-32,validation,2025,284,41,21 33 34 39 45 28,1,1
boosted-stumps-32,validation,2025,285,24,21 33 34 39 45 25,1,1
boosted-stumps-32,validation,2025,286,3,45 41 33 34 21 25,1,1
boosted-stumps-32,validation,2025,287,34,41 33 21 15 30 4,1,1
boosted-stumps-32,validation,2025,288,14,42 10 21 33 41 15,1,1
boosted-stumps-32,validation,2025,289,42,42 10 21 41 30 38,0,0
boosted-stumps-32,validation,2025,290,19,10 24 21 44 41 38,1,1
boosted-stumps-32,validation,2025,291,44,2 10 21 41 25 49,1,1
boosted-stumps-32,validation,2025,292,2,10 2 44 24 21 41,0,0
boosted-stumps-32,validation,2025,293,47,10 44 24 21 40 25,1,1
boosted-stumps-32,validation,2025,294,18,10 44 40 2 25 49,1,0
boosted-stumps-32,validation,2025,295,5,10 44 40 25 2 4,1,1
boosted-stumps-32,validation,2025,296,22,10 44 40 4 18 2,1,1
boosted-stumps-32,validation,2025,297,44,10 44 4 5 2 42,0,0
boosted-stumps-32,validation,2025,298,23,10 44 4 2 35 8,1,1
boosted-stumps-32,validation,2025,299,49,10 4 49 44 38 40,0,0
boosted-stumps-32,validation,2025,300,40,4 49 35 10 44 38,1,0
boosted-stumps-32,validation,2025,301,5,4 49 35 39 10 24,1,1
boosted-stumps-32,validation,2025,302,22,49 4 37 41 35 39,1,1
boosted-stumps-32,validation,2025,303,15,49 35 39 22 42 33,1,1
boosted-stumps-32,validation,2025,304,48,35 39 42 49 33 17,1,1
boosted-stumps-32,validation,2025,305,42,35 18 39 42 49 41,0,0
boosted-stumps-32,validation,2025,306,17,22 39 24 35 33 47,1,0
boosted-stumps-32,validation,2025,307,20,39 24 35 33 47 29,1,1
boosted-stumps-32,validation,2025,308,39,39 29 35 4 47 24,0,0
boosted-stumps-32,validation,2025,309,6,29 24 4 47 45 31,1,1
boosted-stumps-32,validation,2025,310,16,29 4 24 47 45 7,1,1
boosted-stumps-32,validation,2025,311,37,29 4 10 49 47 45,1,1
boosted-stumps-32,validation,2025,312,14,29 4 49 2 7 45,1,1
boosted-stumps-32,validation,2025,313,38,4 29 49 2 47 7,1,1
boosted-stumps-32,validation,2025,314,23,4 49 29 39 24 7,1,1
boosted-stumps-32,validation,2025,315,4,4 29 49 24 7 2,0,0
boosted-stumps-32,validation,2025,316,24,4 49 29 7 2 1,1,0
boosted-stumps-32,validation,2025,317,18,4 29 17 49 2 1,1,1
boosted-stumps-32,validation,2025,318,6,17 4 29 39 32 2,1,1
boosted-stumps-32,validation,2025,319,45,6 4 29 39 20 32,1,1
boosted-stumps-32,validation,2025,320,28,29 17 39 20 22 32,1,1
boosted-stumps-32,validation,2025,321,23,29 20 7 39 22 32,1,1
boosted-stumps-32,validation,2025,322,47,29 20 23 7 22 10,1,0
boosted-stumps-32,validation,2025,323,9,29 20 17 23 7 22,1,1
boosted-stumps-32,validation,2025,324,15,17 23 29 19 7 20,1,1
boosted-stumps-32,validation,2025,325,4,17 29 7 20 31 6,1,0
boosted-stumps-32,validation,2025,326,19,29 17 6 46 20 33,1,1
boosted-stumps-32,validation,2025,327,37,46 33 17 6 31 34,1,1
boosted-stumps-32,validation,2025,328,3,46 31 33 22 17 34,1,1
boosted-stumps-32,validation,2025,329,17,28 46 31 33 22 17,0,0
boosted-stumps-32,validation,2025,330,36,28 46 44 13 31 33,1,1
boosted-stumps-32,validation,2025,331,26,28 46 6 44 13 31,1,1
boosted-stumps-32,validation,2025,332,26,28 46 22 6 44 13,1,1
boosted-stumps-32,validation,2025,333,6,26 19 44 28 46 22,1,1
boosted-stumps-32,validation,2025,334,46,26 44 37 22 28 13,1,1
boosted-stumps-32,validation,2025,335,44,26 44 37 33 22 13,0,0
boosted-stumps-32,validation,2025,336,17,26 46 44 37 31 22,1,1
boosted-stumps-32,validation,2025,337,9,17 26 44 37 13 31,1,1
boosted-stumps-32,validation,2025,338,8,17 26 42 44 13 6,1,1
boosted-stumps-32,validation,2025,339,48,17 26 42 44 13 6,1,1
boosted-stumps-32,validation,2025,340,16,26 42 13 31 6 44,1,1
boosted-stumps-32,validation,2025,341,6,26 42 13 31 22 44,1,1
boosted-stumps-32,validation,2025,342,4,6 42 13 31 34 44,1,1
boosted-stumps-32,validation,2025,343,38,6 42 17 15 13 31,1,1
boosted-stumps-32,validation,2025,344,27,42 17 15 13 34 41,1,1
boosted-stumps-32,validation,2025,345,24,42 17 15 13 10 34,1,0
boosted-stumps-32,validation,2025,346,3,42 17 13 10 28 22,1,1
boosted-stumps-32,validation,2025,347,13,42 17 28 22 11 34,1,1
boosted-stumps-32,validation,2025,348,16,42 17 8 28 22 24,1,1
boosted-stumps-32,validation,2025,349,22,16 42 17 31 28 22,0,0
boosted-stumps-32,validation,2025,350,49,16 42 17 46 28 22,1,1
boosted-stumps-32,validation,2025,351,4,42 46 28 11 34 47,1,1
boosted-stumps-32,validation,2025,352,44,42 4 15 46 28 11,1,1
boosted-stumps-32,validation,2025,353,1,42 46 28 11 47 21,1,1
boosted-stumps-32,validation,2025,354,30,42 11 47 21 26 40,1,1
boosted-stumps-32,validation,2025,355,8,15 11 26 28 40 3,1,1
boosted-stumps-32,validation,2025,356,24,15 28 21 26 40 9,1,1
boosted-stumps-32,validation,2025,357,49,3 8 15 28 21 26,1,1
boosted-stumps-32,validation,2025,358,7,49 3 15 35 13 11,1,1
boosted-stumps-32,validation,2025,359,11,49 3 42 15 26 35,1,0
boosted-stumps-32,validation,2025,360,41,49 3 42 15 26 35,1,1
boosted-stumps-32,validation,2025,361,24,42 15 26 35 3 13,1,1
boosted-stumps-32,validation,2025,362,23,24 42 15 26 35 30,1,1
boosted-stumps-32,validation,2025,363,26,24 30 8 42 15 26,0,0
boosted-stumps-32,validation,2025,364,12,24 30 8 42 15 35,1,1
boosted-stumps-32,validation,2025,365,26,24 11 8 42 15 35,1,1
boosted-stumps-32,evaluation,2026,1,29,26 24 23 11 2 43,1,1
boosted-stumps-32,evaluation,2026,2,22,26 23 11 2 43 27,1,1
boosted-stumps-32,evaluation,2026,3,9,26 23 22 11 43 27,1,1
boosted-stumps-32,evaluation,2026,4,45,26 23 11 15 30 27,1,0
boosted-stumps-32,evaluation,2026,5,43,26 22 15 30 7 27,1,0
boosted-stumps-32,evaluation,2026,6,13,26 22 43 30 7 15,1,1
boosted-stumps-32,evaluation,2026,7,41,26 6 22 43 15 7,1,1
boosted-stumps-32,evaluation,2026,8,21,26 22 43 15 7 13,1,0
boosted-stumps-32,evaluation,2026,9,28,45 22 43 36 7 44,1,1
boosted-stumps-32,evaluation,2026,10,27,45 44 6 22 36 7,1,1
boosted-stumps-32,evaluation,2026,11,11,44 6 22 36 7 49,1,1
boosted-stumps-32,evaluation,2026,12,11,44 6 22 48 36 7,1,0
boosted-stumps-32,evaluation,2026,13,1,11 44 6 22 41 36,1,1
boosted-stumps-32,evaluation,2026,14,26,11 6 44 22 41 19,1,1
boosted-stumps-32,evaluation,2026,15,31,11 6 44 41 13 45,1,1
boosted-stumps-32,evaluation,2026,16,6,11 6 44 41 49 15,0,0
boosted-stumps-32,evaluation,2026,17,32,11 44 48 26 49 45,1,1
boosted-stumps-32,evaluation,2026,18,39,11 44 48 26 49 45,1,1
boosted-stumps-32,evaluation,2026,19,46,11 44 31 48 49 30,1,1
boosted-stumps-32,evaluation,2026,20,12,11 44 31 38 30 19,1,1
boosted-stumps-32,evaluation,2026,21,42,11 12 31 44 26 25,1,1
boosted-stumps-32,evaluation,2026,22,18,12 31 44 24 33 26,1,1
boosted-stumps-32,evaluation,2026,23,47,12 31 44 24 25 8,1,1
boosted-stumps-32,evaluation,2026,24,28,12 31 24 47 25 18,1,1
boosted-stumps-32,evaluation,2026,25,37,31 44 25 42 24 47,1,1
boosted-stumps-32,evaluation,2026,26,19,44 25 42 46 6 24,1,1
boosted-stumps-32,evaluation,2026,27,45,24 42 25 46 6 47,1,1
boosted-stumps-32,evaluation,2026,28,3,24 42 46 25 18 6,1,1
boosted-stumps-32,evaluation,2026,29,1,47 24 46 42 25 18,1,1
boosted-stumps-32,evaluation,2026,30,41,47 18 24 6 14 37,1,1
boosted-stumps-32,evaluation,2026,31,26,47 18 6 4 24 46,1,1
boosted-stumps-32,evaluation,2026,32,6,47 18 6 4 25 5,0,0
boosted-stumps-32,evaluation,2026,33,41,47 23 6 4 18 25,1,1
boosted-stumps-32,evaluation,2026,34,19,41 4 47 25 5 18,1,1
boosted-stumps-32,evaluation,2026,35,27,41 19 4 47 24 23,1,1
boosted-stumps-32,evaluation,2026,36,1,19 41 24 4 47 23,1,1
boosted-stumps-32,evaluation,2026,37,43,41 1 4 47 39 23,1,1
boosted-stumps-32,evaluation,2026,38,42,41 1 4 47 39 23,1,1
boosted-stumps-32,evaluation,2026,39,11,41 1 4 47 39 23,1,1
boosted-stumps-32,evaluation,2026,40,28,41 4 11 39 23 6,1,1
boosted-stumps-32,evaluation,2026,41,36,11 23 27 39 1 6,1,1
boosted-stumps-32,evaluation,2026,42,16,23 27 39 11 1 6,1,1
boosted-stumps-32,evaluation,2026,43,13,27 11 1 6 49 45,1,1
boosted-stumps-32,evaluation,2026,44,19,42 27 11 1 6 49,1,0
boosted-stumps-32,evaluation,2026,45,1,19 42 32 27 39 11,1,0
boosted-stumps-32,evaluation,2026,46,3,1 42 27 39 11 19,1,1
boosted-stumps-32,evaluation,2026,47,39,1 42 27 39 19 6,0,0
boosted-stumps-32,evaluation,2026,48,24,1 42 39 27 19 6,1,1
boosted-stumps-32,evaluation,2026,49,13,1 39 38 32 27 19,1,1
boosted-stumps-32,evaluation,2026,50,23,13 1 39 38 32 27,1,1
boosted-stumps-32,evaluation,2026,51,1,13 1 39 38 32 27,0,0
boosted-stumps-32,evaluation,2026,52,38,13 1 39 38 19 47,0,0
boosted-stumps-32,evaluation,2026,53,15,13 1 38 39 40 14,1,1
boosted-stumps-32,evaluation,2026,54,48,1 38 39 12 16 14,1,1
boosted-stumps-32,evaluation,2026,55,14,1 38 12 32 16 14,0,0
boosted-stumps-32,evaluation,2026,56,48,14 38 39 12 32 16,1,1
boosted-stumps-32,evaluation,2026,57,23,48 14 38 12 32 16,1,1
boosted-stumps-32,evaluation,2026,58,31,23 48 14 38 21 12,1,1
boosted-stumps-32,evaluation,2026,59,10,23 48 14 38 31 21,1,1
boosted-stumps-32,evaluation,2026,60,9,23 48 14 38 10 21,1,1
boosted-stumps-32,evaluation,2026,61,29,48 14 6 26 30 9,1,1
boosted-stumps-32,evaluation,2026,62,24,48 13 26 21 30 33,1,1
boosted-stumps-32,evaluation,2026,63,28,48 26 21 30 19 12,1,0
boosted-stumps-32,evaluation,2026,64,18,48 28 21 30 19 34,1,1
boosted-stumps-32,evaluation,2026,65,5,28 21 39 9 29 31,1,1
boosted-stumps-32,evaluation,2026,66,37,29 6 21 1 46 41,1,1
boosted-stumps-32,evaluation,2026,67,5,29 37 26 21 28 46,1,0
boosted-stumps-32,evaluation,2026,68,23,5 29 37 34 26 28,1,1
boosted-stumps-32,evaluation,2026,69,24,5 29 37 23 34 17,1,1
boosted-stumps-32,evaluation,2026,70,25,24 5 37 23 17 26,1,1
boosted-stumps-32,evaluation,2026,71,48,24 5 37 23 26 6,1,1
boosted-stumps-32,evaluation,2026,72,46,24 5 26 23 1 48,1,1
boosted-stumps-32,evaluation,2026,73,34,5 26 24 23 48 2,1,0
boosted-stumps-32,evaluation,2026,74,10,5 23 26 24 34 48,1,1
boosted-stumps-32,evaluation,2026,75,33,5 23 26 41 10 30,1,1
boosted-stumps-32,evaluation,2026,76,2,23 28 10 30 2 26,0,0
boosted-stumps-32,evaluation,2026,77,29,23 10 1 30 36 26,1,1
boosted-stumps-32,evaluation,2026,78,46,23 10 1 49 36 26,1,1
boosted-stumps-32,evaluation,2026,79,35,46 23 1 36 41 25,1,1
boosted-stumps-32,evaluation,2026,80,3,46 41 23 1 24 12,1,1
boosted-stumps-32,evaluation,2026,81,17,46 41 25 12 26 13,1,1
boosted-stumps-32,evaluation,2026,82,27,46 41 25 12 33 26,1,1
boosted-stumps-32,evaluation,2026,83,5,41 33 25 26 23 28,1,1
boosted-stumps-32,evaluation,2026,84,16,41 25 17 48 5 26,1,1
boosted-stumps-32,evaluation,2026,85,19,41 20 17 26 28 11,1,1
boosted-stumps-32,evaluation,2026,86,12,41 20 33 17 26 28,1,1
boosted-stumps-32,evaluation,2026,87,26,41 20 33 36 14 17,1,1
boosted-stumps-32,evaluation,2026,88,27,17 41 21 20 2 33,1,1
boosted-stumps-32,evaluation,2026,89,49,27 20 41 21 36 14,1,1
boosted-stumps-32,evaluation,2026,90,36,27 36 14 41 5 21,0,0
boosted-stumps-32,evaluation,2026,91,37,27 36 14 41 5 21,1,1
boosted-stumps-32,evaluation,2026,92,6,27 5 24 21 8 20,1,1
boosted-stumps-32,evaluation,2026,93,40,5 24 42 46 8 20,1,1
boosted-stumps-32,evaluation,2026,94,17,5 24 20 47 42 17,0,0
boosted-stumps-32,evaluation,2026,95,35,17 5 24 47 42 41,1,1
boosted-stumps-32,evaluation,2026,96,43,17 42 24 21 47 38,1,1
boosted-stumps-32,evaluation,2026,97,11,17 47 42 21 25 38,1,1
boosted-stumps-32,evaluation,2026,98,17,42 26 25 38 46 8,1,0
boosted-stumps-32,evaluation,2026,99,12,17 26 38 48 25 8,1,1
boosted-stumps-32,evaluation,2026,100,33,17 26 28 25 38 48,1,1
boosted-stumps-32,evaluation,2026,101,39,17 28 19 27 11 1,1,1
boosted-stumps-32,evaluation,2026,102,20,17 28 19 27 11 1,1,1
boosted-stumps-32,evaluation,2026,103,6,17 28 19 27 11 20,1,1
boosted-stumps-32,evaluation,2026,104,1,17 28 19 27 1 6,0,0
boosted-stumps-32,evaluation,2026,105,28,28 20 19 27 8 17,0,0
boosted-stumps-32,evaluation,2026,106,22,20 17 28 27 8 6,1,1
boosted-stumps-32,evaluation,2026,107,49,20 17 22 28 11 27,1,1
boosted-stumps-32,evaluation,2026,108,45,20 11 17 49 22 27,1,1
boosted-stumps-32,evaluation,2026,109,16,20 17 11 45 22 6,1,1
boosted-stumps-32,evaluation,2026,110,30,20 11 19 45 6 27,1,1
boosted-stumps-32,evaluation,2026,111,1,19 20 11 6 17 45,1,1
boosted-stumps-32,evaluation,2026,112,9,1 19 6 30 20 48,1,1
boosted-stumps-32,evaluation,2026,113,2,1 19 6 30 48 45,1,1
boosted-stumps-32,evaluation,2026,114,30,1 19 6 45 43 48,1,0
boosted-stumps-32,evaluation,2026,115,4,30 19 6 43 45 28,1,1
boosted-stumps-32,evaluation,2026,116,22,30 19 6 28 43 45,1,1
boosted-stumps-32,evaluation,2026,117,16,30 19 28 43 45 15,1,1
boosted-stumps-32,evaluation,2026,118,8,16 30 19 45 28 15,1,1
boosted-stumps-32,evaluation,2026,119,11,16 30 19 8 28 22,1,1
boosted-stumps-32,evaluation,2026,120,6,30 19 16 22 8 28,1,1
boosted-stumps-32,evaluation,2026,121,44,6 22 8 4 30 2,1,1
boosted-stumps-32,evaluation,2026,122,1,6 22 8 4 30 2,1,1
boosted-stumps-32,evaluation,2026,123,46,22 8 30 4 1 2,1,0
boosted-stumps-32,evaluation,2026,124,39,22 8 30 44 1 4,1,1
boosted-stumps-32,evaluation,2026,125,31,22 8 1 44 4 7,1,1
boosted-stumps-32,evaluation,2026,126,49,22 8 1 44 31 45,1,1
boosted-stumps-32,evaluation,2026,127,45,8 44 31 1 45 23,0,0
boosted-stumps-32,evaluation,2026,128,37,45 8 31 44 1 23,1,1
boosted-stumps-32,evaluation,2026,129,41,45 31 44 1 23 18,1,1
boosted-stumps-32,evaluation,2026,130,29,45 1 31 44 23 17,1,1
boosted-stumps-32,evaluation,2026,131,7,45 1 41 31 44 17,1,0
boosted-stumps-32,evaluation,2026,132,30,7 45 1 41 31 17,1,1
boosted-stumps-32,evaluation,2026,133,7,7 30 45 1 41 31,0,0
boosted-stumps-32,evaluation,2026,134,37,7 1 30 45 41 31,1,1
boosted-stumps-32,evaluation,2026,135,30,7 37 30 45 41 31,0,0
boosted-stumps-32,evaluation,2026,136,48,30 7 37 45 41 25,1,1
boosted-stumps-32,evaluation,2026,137,26,30 7 37 45 41 25,1,1
boosted-stumps-32,evaluation,2026,138,49,30 37 7 26 41 25,1,1
boosted-stumps-32,evaluation,2026,139,24,30 7 26 41 49 48,1,1
boosted-stumps-32,evaluation,2026,140,16,30 7 24 26 49 44,1,0
boosted-stumps-32,evaluation,2026,141,33,30 7 26 17 49 37,1,1
boosted-stumps-32,evaluation,2026,142,23,30 7 26 38 20 49,1,1
boosted-stumps-32,evaluation,2026,143,44,7 26 20 49 30 23,1,1
boosted-stumps-32,evaluation,2026,144,43,44 26 46 20 49 30,1,1
boosted-stumps-32,evaluation,2026,145,5,44 43 26 46 20 49,1,1
boosted-stumps-32,evaluation,2026,146,42,44 26 43 46 49 30,1,1
boosted-stumps-32,evaluation,2026,147,13,42 44 26 43 46 49,1,1
boosted-stumps-32,evaluation,2026,148,48,42 44 13 43 46 49,1,0
boosted-stumps-32,evaluation,2026,149,27,42 44 13 43 46 1,1,1
boosted-stumps-32,evaluation,2026,150,9,42 13 43 44 46 1,1,1
boosted-stumps-32,evaluation,2026,151,31,42 13 43 44 46 1,1,1
boosted-stumps-32,evaluation,2026,152,45,13 43 42 44 46 24,1,1
boosted-stumps-32,evaluation,2026,153,41,13 43 42 44 24 30,1,1
boosted-stumps-32,evaluation,2026,154,41,13 43 42 41 25 24,0,0
boosted-stumps-32,evaluation,2026,155,7,41 13 42 25 20 24,1,1
boosted-stumps-32,evaluation,2026,156,1,41 42 13 25 20 24,1,1
boosted-stumps-32,evaluation,2026,157,40,41 13 25 20 24 30,1,1
boosted-stumps-32,evaluation,2026,158,16,41 40 20 24 30 1,1,1
boosted-stumps-32,evaluation,2026,159,39,41 40 1 31 46 24,1,1
boosted-stumps-32,evaluation,2026,160,2,41 40 1 31 30 37,1,1
boosted-stumps-32,evaluation,2026,161,8,41 1 31 40 25 37,1,1
boosted-stumps-32,evaluation,2026,162,32,41 1 25 37 46 49,1,1
boosted-stumps-32,evaluation,2026,163,37,41 1 25 20 32 37,0,0
boosted-stumps-32,evaluation,2026,164,21,1 25 20 32 16 37,1,1
boosted-stumps-32,evaluation,2026,165,3,1 40 25 20 21 32,1,1
boosted-stumps-32,evaluation,2026,166,6,1 25 20 21 32 40,1,1
boosted-stumps-32,evaluation,2026,167,19,1 8 25 32 40 46,1,1
boosted-stumps-32,evaluation,2026,168,15,46 1 8 25 19 32,1,1
boosted-stumps-32,evaluation,2026,169,24,46 1 8 25 19 32,1,1
boosted-stumps-32,evaluation,2026,170,3,1 46 25 20 21 15,1,1
boosted-stumps-32,evaluation,2026,171,28,3 1 25 21 15 19,1,1
boosted-stumps-32,evaluation,2026,172,44,3 1 24 21 15 19,1,1
boosted-stumps-32,evaluation,2026,173,26,3 24 21 15 19 1,1,1
boosted-stumps-32,evaluation,2026,174,41,3 24 20 21 15 1,1,1
boosted-stumps-32,evaluation,2026,175,26,3 46 20 24 41 1,1,1
boosted-stumps-32,evaluation,2026,176,10,26 46 20 24 41 37,1,1
boosted-stumps-32,evaluation,2026,177,14,26 46 24 20 10 41,1,1
boosted-stumps-32,evaluation,2026,178,18,26 46 24 20 10 14,1,1
boosted-stumps-32,evaluation,2026,179,15,26 28 20 10 24 14,1,1
boosted-stumps-32,evaluation,2026,180,21,26 15 28 14 18 41,1,1
boosted-stumps-32,evaluation,2026,181,19,26 28 46 21 15 18,1,1
boosted-stumps-32,evaluation,2026,182,41,26 46 21 18 15 6,1,0
boosted-stumps-32,evaluation,2026,183,24,26 41 46 21 18 15,1,1
boosted-stumps-32,evaluation,2026,184,1,41 46 30 21 10 14,1,1
boosted-stumps-32,evaluation,2026,185,36,46 30 10 6 14 18,1,1
boosted-stumps-32,evaluation,2026,186,23,15 46 19 10 6 26,1,1
boosted-stumps-32,evaluation,2026,187,1,46 23 15 19 6 37,1,1
boosted-stumps-32,evaluation,2026,188,16,46 1 15 6 37 21,1,0
boosted-stumps-32,evaluation,2026,189,15,1 46 38 15 6 37,0,0
boosted-stumps-32,evaluation,2026,190,16,1 46 38 21 23 30,1,0
boosted-stumps-32,evaluation,2026,191,29,16 1 23 46 38 36,1,1
boosted-stumps-32,evaluation,2026,192,25,1 16 19 23 46 38,1,1
boosted-stumps-32,evaluation,2026,193,9,1 38 16 46 36 23,1,1
boosted-stumps-32,evaluation,2026,194,26,1 38 16 46 36 29,1,1
boosted-stumps-32,evaluation,2026,195,25,1 16 46 36 29 23,1,1
boosted-stumps-32,evaluation,2026,196,39,16 25 19 46 1 29,1,1
boosted-stumps-32,evaluation,2026,197,8,25 16 19 46 29 1,1,1
boosted-stumps-32,evaluation,2026,198,7,25 16 19 46 29 40,1,1
boosted-stumps-32,evaluation,2026,199,36,25 46 19 29 40 39,1,1
boosted-stumps-32,evaluation,2026,200,39,25 46 45 19 29 40,1,0
boosted-stumps-32,evaluation,2026,201,32,39 19 25 40 46 30,1,1
boosted-stumps-32,evaluation,2026,202,40,39 25 19 46 40 38,0,0
boosted-stumps-32,evaluation,2026,203,25,39 40 45 19 46 38,1,0
boosted-stumps-32,evaluation,2026,204,5,39 25 40 45 19 46,1,1
boosted-stumps-32,evaluation,2026,205,3,39 19 46 25 40 38,1,1
boosted-stumps-32,evaluation,2026,206,47,19 39 40 46 38 5,1,1
boosted-stumps-32,evaluation,2026,207,31,19 46 40 38 5 45,1,1
boosted-stumps-32,evaluation,2026,208,19,46 40 19 38 5 45,0,0
boosted-stumps-32,evaluation,2026,209,8,40 46 19 38 5 11,1,1
boosted-stumps-32,evaluation,2026,210,49,40 46 19 11 30 41,1,1
boosted-stumps-32,evaluation,2026,211,1,40 19 46 26 11 41,1,0
boosted-stumps-32,evaluation,2026,212,6,40 19 46 26 7 11,1,1
boosted-stumps-32,evaluation,2026,213,35,40 46 19 26 7 44,1,1
boosted-stumps-32,evaluation,2026,214,4,40 46 19 26 7 35,1,1
boosted-stumps-32,evaluation,2026,215,14,40 46 19 38 35 37,1,1
boosted-stumps-32,evaluation,2026,216,37,40 46 19 38 39 35,1,0
boosted-stumps-32,evaluation,2026,217,26,40 46 19 38 39 37,1,0
boosted-stumps-32,evaluation,2026,218,17,40 30 46 19 38 39,1,1
boosted-stumps-32,evaluation,2026,219,43,19 30 40 38 46 39,1,1
boosted-stumps-32,evaluation,2026,220,48,19 38 46 37 1 39,1,1
boosted-stumps-32,evaluation,2026,221,1,19 46 38 12 1 26,0,0
boosted-stumps-32,evaluation,2026,222,26,19 46 38 12 1 37,1,0
boosted-stumps-32,evaluation,2026,223,23,26 46 19 38 12 1,1,1
boosted-stumps-32,evaluation,2026,224,9,26 1 19 12 38 46,1,1
boosted-stumps-32,evaluation,2026,225,1,26 1 19 46 38 41,0,0
boosted-stumps-32,evaluation,2026,226,17,1 26 19 46 38 41,1,0
boosted-stumps-32,evaluation,2026,227,16,1 26 17 19 46 38,1,1
boosted-stumps-32,evaluation,2026,228,23,1 17 19 46 38 11,1,1
boosted-stumps-32,evaluation,2026,229,38,1 23 19 38 46 11,0,0
boosted-stumps-32,evaluation,2026,230,16,1 23 38 19 11 46,1,0
boosted-stumps-32,evaluation,2026,231,20,1 23 16 38 19 11,1,1
boosted-stumps-32,evaluation,2026,232,42,23 16 38 19 11 1,1,1
boosted-stumps-32,evaluation,2026,233,7,23 16 38 19 46 11,1,1
boosted-stumps-32,evaluation,2026,234,39,16 38 19 46 11 26,1,1
boosted-stumps-32,evaluation,2026,235,32,16 38 19 11 46 23,1,1
boosted-stumps-32,evaluation,2026,236,11,16 38 19 46 11 23,0,0
boosted-stumps-32,evaluation,2026,237,12,16 11 38 19 46 23,1,1
boosted-stumps-32,evaluation,2026,238,17,11 38 19 46 23 39,1,1
boosted-stumps-32,evaluation,2026,239,5,11 38 19 46 39 16,1,1
boosted-stumps-32,evaluation,2026,240,27,11 19 38 46 26 39,1,1
boosted-stumps-32,evaluation,2026,241,49,11 19 38 27 42 20,1,0
boosted-stumps-32,evaluation,2026,242,9,11 29 19 38 49 42,1,1
boosted-stumps-32,evaluation,2026,243,21,11 29 19 38 49 12,1,0
boosted-stumps-32,evaluation,2026,244,46,11 29 19 38 49 12,1,1
boosted-stumps-32,evaluation,2026,245,18,46 11 29 19 38 49,1,1
boosted-stumps-32,evaluation,2026,246,30,46 11 29 19 38 18,1,1
boosted-stumps-32,evaluation,2026,247,40,46 29 19 38 30 49,1,1
boosted-stumps-32,evaluation,2026,248,20,46 29 19 38 49 30,1,1
boosted-stumps-32,evaluation,2026,249,23,46 29 19 38 20 49,1,1
boosted-stumps-32,evaluation,2026,250,14,46 29 19 38 49 30,1,1
boosted-stumps-32,evaluation,2026,251,30,46 29 19 38 49 30,0,0
boosted-stumps-32,evaluation,2026,252,22,30 46 29 19 38 20,1,1
boosted-stumps-32,evaluation,2026,253,16,30 46 29 19 38 22,1,1
boosted-stumps-32,evaluation,2026,254,2,30 46 29 19 38 22,1,1
boosted-stumps-32,evaluation,2026,255,44,30 29 19 38 46 2,1,1
boosted-stumps-32,evaluation,2026,256,1,30 29 19 38 46 11,1,1
boosted-stumps-32,evaluation,2026,257,7,29 19 38 46 30 2,1,1
boosted-stumps-32,evaluation,2026,258,46,29 19 38 46 30 2,0,0
boosted-stumps-32,evaluation,2026,259,22,46 29 19 38 30 2,1,0
boosted-stumps-32,evaluation,2026,260,20,22 46 29 19 38 30,1,1
boosted-stumps-32,evaluation,2026,261,24,22 46 38 19 2 44,1,1
boosted-stumps-32,evaluation,2026,262,30,22 46 38 19 29 2,1,1
boosted-stumps-32,evaluation,2026,263,9,46 19 29 38 2 44,1,1
boosted-stumps-32,evaluation,2026,264,21,46 19 29 38 2 44,1,0
boosted-stumps-32,evaluation,2026,265,49,29 19 38 46 44 22,1,0
boosted-stumps-32,evaluation,2026,266,8,46 29 19 38 22 49,1,1
consensus-two-stage,validation,2025,246,6,19 49 48 22 7 5,1,1
consensus-two-stage,validation,2025,247,25,22 5 48 14 49 7,1,1
consensus-two-stage,validation,2025,248,12,26 5 48 19 7 27,1,1
consensus-two-stage,validation,2025,249,2,26 5 19 7 27 48,1,1
consensus-two-stage,validation,2025,250,12,19 26 48 5 7 27,1,1
consensus-two-stage,validation,2025,251,35,19 26 35 11 5 48,0,0
consensus-two-stage,validation,2025,252,23,26 19 5 33 48 27,1,1
consensus-two-stage,validation,2025,253,33,19 26 49 48 27 7,1,1
consensus-two-stage,validation,2025,254,17,19 26 49 48 27 37,1,1
consensus-two-stage,validation,2025,255,42,19 26 37 48 27 49,1,1
consensus-two-stage,validation,2025,256,48,19 21 26 48 49 27,0,0
consensus-two-stage,validation,2025,257,28,19 36 5 49 11 27,1,1
consensus-two-stage,validation,2025,258,38,19 21 36 11 49 30,1,1
consensus-two-stage,validation,2025,259,47,19 5 21 26 36 49,1,1
consensus-two-stage,validation,2025,260,3,19 5 21 49 26 11,1,1
consensus-two-stage,validation,2025,261,33,19 11 21 4 36 5,1,1
consensus-two-stage,validation,2025,262,44,19 21 11 16 37 4,1,1
consensus-two-stage,validation,2025,263,38,21 19 16 4 27 26,1,1
consensus-two-stage,validation,2025,264,43,21 16 4 11 5 19,1,1
consensus-two-stage,validation,2025,265,10,19 21 16 4 32 34,1,1
consensus-two-stage,validation,2025,266,41,16 4 34 45 19 5,1,1
consensus-two-stage,validation,2025,267,29,26 4 16 19 6 1,1,1
consensus-two-stage,validation,2025,268,10,26 5 16 34 6 19,1,1
consensus-two-stage,validation,2025,269,31,16 5 26 45 9 19,1,0
consensus-two-stage,validation,2025,270,35,6 16 26 5 27 19,1,1
consensus-two-stage,validation,2025,271,6,16 5 6 19 26 27,0,0
consensus-two-stage,validation,2025,272,36,5 16 19 46 27 48,1,1
consensus-two-stage,validation,2025,273,4,5 19 27 48 40 16,1,1
consensus-two-stage,validation,2025,274,44,19 21 5 40 1 34,1,1
consensus-two-stage,validation,2025,275,45,19 5 21 22 39 40,1,1
consensus-two-stage,validation,2025,276,9,21 5 19 39 1 34,1,1
consensus-two-stage,validation,2025,277,16,21 5 19 22 1 34,1,1
consensus-two-stage,validation,2025,278,28,5 21 19 22 48 46,1,1
consensus-two-stage,validation,2025,279,27,21 19 22 48 46 3,1,1
consensus-two-stage,validation,2025,280,42,21 5 22 19 39 1,1,1
consensus-two-stage,validation,2025,281,47,21 22 19 49 5 34,1,1
consensus-two-stage,validation,2025,282,41,21 37 19 22 1 39,1,1
consensus-two-stage,validation,2025,283,45,21 37 19 22 39 5,1,1
consensus-two-stage,validation,2025,284,41,21 37 34 39 5 22,1,1
consensus-two-stage,validation,2025,285,24,21 39 5 34 1 37,1,1
consensus-two-stage,validation,2025,286,3,21 30 46 39 1 34,1,1
consensus-two-stage,validation,2025,287,34,21 30 34 1 39 37,0,0
consensus-two-stage,validation,2025,288,14,21 30 1 13 37 12,1,1
consensus-two-stage,validation,2025,289,42,21 30 12 1 13 46,1,1
consensus-two-stage,validation,2025,290,19,21 49 13 5 40 4,1,1
consensus-two-stage,validation,2025,291,44,21 5 49 37 1 18,1,1
consensus-two-stage,validation,2025,292,2,21 5 49 13 1 40,1,1
consensus-two-stage,validation,2025,293,47,21 5 13 17 40 6,1,1
consensus-two-stage,validation,2025,294,18,5 21 49 17 46 37,1,0
consensus-two-stage,validation,2025,295,5,5 21 49 17 35 37,0,0
consensus-two-stage,validation,2025,296,22,21 35 17 33 4 37,1,1
consensus-two-stage,validation,2025,297,44,17 49 4 21 35 31,1,1
consensus-two-stage,validation,2025,298,23,17 49 46 21 4 31,1,1
consensus-two-stage,validation,2025,299,49,49 17 4 37 35 21,0,0
consensus-two-stage,validation,2025,300,40,17 35 4 31 37 33,1,1
consensus-two-stage,validation,2025,301,5,17 4 29 37 33 21,1,1
consensus-two-stage,validation,2025,302,22,17 4 35 33 37 20,1,1
consensus-two-stage,validation,2025,303,15,29 17 4 13 35 7,1,1
consensus-two-stage,validation,2025,304,48,29 35 31 33 4 13,1,1
consensus-two-stage,validation,2025,305,42,17 35 31 4 13 33,1,1
consensus-two-stage,validation,2025,306,17,27 29 13 36 4 35,1,1
consensus-two-stage,validation,2025,307,20,29 27 35 4 31 37,1,1
consensus-two-stage,validation,2025,308,39,29 27 4 37 45 36,1,1
consensus-two-stage,validation,2025,309,6,27 29 4 35 31 33,1,0
consensus-two-stage,validation,2025,310,16,29 7 27 35 31 13,1,1
consensus-two-stage,validation,2025,311,37,29 27 31 9 33 35,1,1
consensus-two-stage,validation,2025,312,14,29 27 4 31 32 7,1,1
consensus-two-stage,validation,2025,313,38,7 27 31 46 32 4,1,1
consensus-two-stage,validation,2025,314,23,7 4 35 31 29 27,1,1
consensus-two-stage,validation,2025,315,4,29 7 4 19 32 26,0,0
consensus-two-stage,validation,2025,316,24,7 32 18 19 35 31,1,1
consensus-two-stage,validation,2025,317,18,32 7 18 35 19 31,0,0
consensus-two-stage,validation,2025,318,6,32 35 7 19 31 1,1,1
consensus-two-stage,validation,2025,319,45,7 32 19 35 46 30,1,1
consensus-two-stage,validation,2025,320,28,19 32 7 31 35 29,1,1
consensus-two-stage,validation,2025,321,23,7 32 19 49 35 17,1,1
consensus-two-stage,validation,2025,322,47,7 19 32 22 35 17,1,1
consensus-two-stage,validation,2025,323,9,7 34 32 19 49 22,1,1
consensus-two-stage,validation,2025,324,15,7 46 19 34 32 17,1,1
consensus-two-stage,validation,2025,325,4,7 19 30 49 34 32,1,1
consensus-two-stage,validation,2025,326,19,7 46 49 19 34 12,0,0
consensus-two-stage,validation,2025,327,37,7 46 49 32 34 17,1,1
consensus-two-stage,validation,2025,328,3,46 49 21 34 30 7,1,1
consensus-two-stage,validation,2025,329,17,46 8 7 13 21 17,0,0
consensus-two-stage,validation,2025,330,36,46 49 7 34 8 13,1,1
consensus-two-stage,validation,2025,331,26,13 46 32 49 8 20,1,1
consensus-two-stage,validation,2025,332,26,21 46 13 20 49 11,1,1
consensus-two-stage,validation,2025,333,6,8 13 46 49 20 21,1,1
consensus-two-stage,validation,2025,334,46,13 46 8 20 11 21,0,0
consensus-two-stage,validation,2025,335,44,13 8 20 21 1 35,1,1
consensus-two-stage,validation,2025,336,17,13 20 8 21 1 34,1,1
consensus-two-stage,validation,2025,337,9,8 21 34 1 35 49,1,1
consensus-two-stage,validation,2025,338,8,32 20 34 1 35 49,1,0
consensus-two-stage,validation,2025,339,48,13 32 49 29 35 22,1,0
consensus-two-stage,validation,2025,340,16,13 32 35 1 22 49,1,1
consensus-two-stage,validation,2025,341,6,13 20 35 29 22 49,1,1
consensus-two-stage,validation,2025,342,4,13 20 35 12 29 49,1,1
consensus-two-stage,validation,2025,343,38,13 20 35 49 22 12,1,1
consensus-two-stage,validation,2025,344,27,13 35 29 22 11 12,1,1
consensus-two-stage,validation,2025,345,24,11 35 40 13 22 21,1,1
consensus-two-stage,validation,2025,346,3,32 13 35 20 21 40,1,1
consensus-two-stage,validation,2025,347,13,32 11 13 21 22 40,0,0
consensus-two-stage,validation,2025,348,16,30 11 35 22 21 32,1,1
consensus-two-stage,validation,2025,349,22,21 11 35 15 22 40,0,0
consensus-two-stage,validation,2025,350,49,21 11 40 35 32 30,1,1
consensus-two-stage,validation,2025,351,4,7 21 11 35 32 41,1,1
consensus-two-stage,validation,2025,352,44,21 35 32 30 11 12,1,1
consensus-two-stage,validation,2025,353,1,21 35 11 32 30 12,1,1
consensus-two-stage,validation,2025,354,30,21 11 37 35 33 30,0,0
consensus-two-stage,validation,2025,355,8,21 11 33 8 46 34,0,0
consensus-two-stage,validation,2025,356,24,21 11 15 35 37 46,1,1
consensus-two-stage,validation,2025,357,49,21 35 43 46 5 15,1,1
consensus-two-stage,validation,2025,358,7,35 11 21 43 46 5,1,0
consensus-two-stage,validation,2025,359,11,35 43 11 15 21 26,0,0
consensus-two-stage,validation,2025,360,41,43 26 37 35 46 28,1,1
consensus-two-stage,validation,2025,361,24,12 43 26 35 46 28,1,1
consensus-two-stage,validation,2025,362,23,35 43 26 46 12 36,1,1
consensus-two-stage,validation,2025,363,26,43 35 37 26 12 15,0,0
consensus-two-stage,validation,2025,364,12,21 35 43 15 20 37,1,0
consensus-two-stage,validation,2025,365,26,43 21 13 36 27 15,1,1
consensus-two-stage,evaluation,2026,1,29,43 20 35 15 33 2,1,1
consensus-two-stage,evaluation,2026,2,22,35 20 33 37 27 21,1,0
consensus-two-stage,evaluation,2026,3,9,43 27 33 20 21 35,1,1
consensus-two-stage,evaluation,2026,4,45,20 43 33 37 27 21,1,0
consensus-two-stage,evaluation,2026,5,43,43 36 33 27 20 35,0,0
consensus-two-stage,evaluation,2026,6,13,36 2 19 27 15 21,1,1
consensus-two-stage,evaluation,2026,7,41,21 35 46 36 19 27,1,1
consensus-two-stage,evaluation,2026,8,21,21 46 36 20 35 33,0,0
consensus-two-stage,evaluation,2026,9,28,36 20 46 19 35 33,1,1
consensus-two-stage,evaluation,2026,10,27,36 15 46 19 35 33,1,1
consensus-two-stage,evaluation,2026,11,11,19 46 35 30 7 5,1,0
consensus-two-stage,evaluation,2026,12,11,36 5 35 32 19 46,1,1
consensus-two-stage,evaluation,2026,13,1,36 20 19 5 46 35,1,1
consensus-two-stage,evaluation,2026,14,26,36 20 19 5 46 35,1,1
consensus-two-stage,evaluation,2026,15,31,20 19 5 36 46 7,1,1
consensus-two-stage,evaluation,2026,16,6,20 5 19 7 36 8,1,1
consensus-two-stage,evaluation,2026,17,32,5 19 20 30 7 40,1,0
consensus-two-stage,evaluation,2026,18,39,5 19 30 7 20 8,1,1
consensus-two-stage,evaluation,2026,19,46,20 43 8 19 27 40,1,1
consensus-two-stage,evaluation,2026,20,12,7 19 20 40 8 5,1,1
consensus-two-stage,evaluation,2026,21,42,7 25 19 20 8 45,1,1
consensus-two-stage,evaluation,2026,22,18,25 7 19 45 8 43,1,1
consensus-two-stage,evaluation,2026,23,47,7 19 8 20 25 37,1,1
consensus-two-stage,evaluation,2026,24,28,7 8 30 43 37 25,1,1
consensus-two-stage,evaluation,2026,25,37,25 7 30 8 40 37,0,0
consensus-two-stage,evaluation,2026,26,19,7 10 48 40 2 31,1,0
consensus-two-stage,evaluation,2026,27,45,7 14 30 33 27 31,1,1
consensus-two-stage,evaluation,2026,28,3,25 7 27 14 36 31,1,1
consensus-two-stage,evaluation,2026,29,1,7 27 14 1 41 32,0,0
consensus-two-stage,evaluation,2026,30,41,5 8 14 41 27 32,0,0
consensus-two-stage,evaluation,2026,31,26,8 32 27 46 7 49,1,1
consensus-two-stage,evaluation,2026,32,6,5 8 14 25 46 10,1,1
consensus-two-stage,evaluation,2026,33,41,5 14 10 20 7 31,1,1
consensus-two-stage,evaluation,2026,34,19,8 44 5 25 32 46,1,1
consensus-two-stage,evaluation,2026,35,27,35 49 14 5 30 32,1,0
consensus-two-stage,evaluation,2026,36,1,49 8 35 44 5 32,1,1
consensus-two-stage,evaluation,2026,37,43,20 49 8 48 44 14,1,1
consensus-two-stage,evaluation,2026,38,42,8 14 35 48 32 30,1,1
consensus-two-stage,evaluation,2026,39,11,34 5 25 8 35 14,1,0
consensus-two-stage,evaluation,2026,40,28,20 34 14 35 8 5,1,1
consensus-two-stage,evaluation,2026,41,36,34 29 49 14 8 46,1,1
consensus-two-stage,evaluation,2026,42,16,20 8 49 34 29 46,1,1
consensus-two-stage,evaluation,2026,43,13,20 8 49 29 34 14,1,1
consensus-two-stage,evaluation,2026,44,19,35 32 8 39 34 29,1,1
consensus-two-stage,evaluation,2026,45,1,48 20 32 34 29 46,1,1
consensus-two-stage,evaluation,2026,46,3,20 48 39 46 8 49,1,1
consensus-two-stage,evaluation,2026,47,39,39 29 46 8 40 49,0,0
consensus-two-stage,evaluation,2026,48,24,35 20 29 49 8 40,1,1
consensus-two-stage,evaluation,2026,49,13,35 32 46 8 20 40,1,1
consensus-two-stage,evaluation,2026,50,23,32 35 29 46 8 49,1,1
consensus-two-stage,evaluation,2026,51,1,32 35 8 40 20 46,1,1
consensus-two-stage,evaluation,2026,52,38,20 35 14 46 33 44,1,1
consensus-two-stage,evaluation,2026,53,15,35 33 40 14 46 20,1,1
consensus-two-stage,evaluation,2026,54,48,33 35 20 12 44 40,1,0
consensus-two-stage,evaluation,2026,55,14,32 35 22 46 49 40,1,0
consensus-two-stage,evaluation,2026,56,48,20 31 46 12 22 33,1,1
consensus-two-stage,evaluation,2026,57,23,35 33 46 49 30 40,1,1
consensus-two-stage,evaluation,2026,58,31,32 30 12 21 40 37,1,0
consensus-two-stage,evaluation,2026,59,10,21 20 33 12 49 37,1,1
consensus-two-stage,evaluation,2026,60,9,21 30 20 12 40 37,1,1
consensus-two-stage,evaluation,2026,61,29,21 34 20 33 30 12,1,0
consensus-two-stage,evaluation,2026,62,24,20 21 30 12 37 33,1,1
consensus-two-stage,evaluation,2026,63,28,21 20 30 12 46 40,1,1
consensus-two-stage,evaluation,2026,64,18,21 2 46 49 30 40,1,1
consensus-two-stage,evaluation,2026,65,5,21 2 34 20 37 8,1,1
consensus-two-stage,evaluation,2026,66,37,34 37 33 21 46 12,0,0
consensus-two-stage,evaluation,2026,67,5,34 46 2 40 21 8,1,1
consensus-two-stage,evaluation,2026,68,23,20 34 33 46 36 44,1,1
consensus-two-stage,evaluation,2026,69,24,2 40 36 34 46 22,1,1
consensus-two-stage,evaluation,2026,70,25,46 34 2 36 40 35,1,1
consensus-two-stage,evaluation,2026,71,48,36 34 49 35 2 46,1,1
consensus-two-stage,evaluation,2026,72,46,2 30 34 49 44 36,1,1
consensus-two-stage,evaluation,2026,73,34,2 34 36 33 21 49,0,0
consensus-two-stage,evaluation,2026,74,10,7 30 2 33 36 21,1,1
consensus-two-stage,evaluation,2026,75,33,30 36 12 2 7 44,1,0
consensus-two-stage,evaluation,2026,76,2,36 30 12 49 2 21,0,0
consensus-two-stage,evaluation,2026,77,29,7 30 22 36 21 17,1,1
consensus-two-stage,evaluation,2026,78,46,32 30 7 36 12 49,1,1
consensus-two-stage,evaluation,2026,79,35,7 36 22 49 31 32,1,1
consensus-two-stage,evaluation,2026,80,3,7 20 12 49 36 44,1,1
consensus-two-stage,evaluation,2026,81,17,30 7 12 49 22 36,1,1
consensus-two-stage,evaluation,2026,82,27,7 4 12 49 22 34,1,1
consensus-two-stage,evaluation,2026,83,5,21 7 12 49 22 20,1,1
consensus-two-stage,evaluation,2026,84,16,36 21 20 12 30 8,1,1
consensus-two-stage,evaluation,2026,85,19,20 21 36 8 30 7,1,1
consensus-two-stage,evaluation,2026,86,12,20 36 7 14 21 30,1,0
consensus-two-stage,evaluation,2026,87,26,36 20 14 30 21 8,1,1
consensus-two-stage,evaluation,2026,88,27,20 21 8 36 14 15,1,1
consensus-two-stage,evaluation,2026,89,49,21 6 15 20 34 8,1,0
consensus-two-stage,evaluation,2026,90,36,21 20 36 14 15 34,0,0
consensus-two-stage,evaluation,2026,91,37,20 8 37 14 15 7,0,0
consensus-two-stage,evaluation,2026,92,6,8 21 20 34 30 7,1,0
consensus-two-stage,evaluation,2026,93,40,8 20 21 14 44 33,1,1
consensus-two-stage,evaluation,2026,94,17,8 34 21 14 18 44,1,0
consensus-two-stage,evaluation,2026,95,35,8 34 21 29 25 15,1,1
consensus-two-stage,evaluation,2026,96,43,21 8 34 20 29 5,1,1
consensus-two-stage,evaluation,2026,97,11,21 8 15 18 20 34,1,1
consensus-two-stage,evaluation,2026,98,17,8 21 44 18 20 33,1,1
consensus-two-stage,evaluation,2026,99,12,32 21 15 8 44 29,1,1
consensus-two-stage,evaluation,2026,100,33,8 32 15 21 20 33,0,0
consensus-two-stage,evaluation,2026,101,39,32 15 4 18 8 21,1,1
consensus-two-stage,evaluation,2026,102,20,32 20 4 15 8 18,0,0
consensus-two-stage,evaluation,2026,103,6,32 8 4 22 21 29,1,1
consensus-two-stage,evaluation,2026,104,1,8 15 22 32 21 29,1,1
consensus-two-stage,evaluation,2026,105,28,8 32 22 4 49 21,1,1
consensus-two-stage,evaluation,2026,106,22,32 34 8 4 44 22,0,0
consensus-two-stage,evaluation,2026,107,49,32 34 4 8 29 36,1,1
consensus-two-stage,evaluation,2026,108,45,32 34 8 21 18 14,1,1
consensus-two-stage,evaluation,2026,109,16,32 34 4 8 30 36,1,1
consensus-two-stage,evaluation,2026,110,30,36 34 8 43 32 48,1,1
consensus-two-stage,evaluation,2026,111,1,34 32 43 4 8 48,1,1
consensus-two-stage,evaluation,2026,112,9,32 8 36 20 34 46,1,1
consensus-two-stage,evaluation,2026,113,2,34 44 7 43 32 14,1,1
consensus-two-stage,evaluation,2026,114,30,32 8 43 34 36 15,1,1
consensus-two-stage,evaluation,2026,115,4,40 32 10 43 44 8,1,1
consensus-two-stage,evaluation,2026,116,22,40 21 7 25 8 43,1,0
consensus-two-stage,evaluation,2026,117,16,29 43 40 25 8 21,1,1
consensus-two-stage,evaluation,2026,118,8,29 25 7 40 10 8,0,0
consensus-two-stage,evaluation,2026,119,11,40 29 25 33 7 15,1,1
consensus-two-stage,evaluation,2026,120,6,32 46 40 29 7 33,1,1
consensus-two-stage,evaluation,2026,121,44,7 33 10 32 46 40,1,1
consensus-two-stage,evaluation,2026,122,1,46 32 40 25 7 21,1,1
consensus-two-stage,evaluation,2026,123,46,46 25 7 32 39 21,0,0
consensus-two-stage,evaluation,2026,124,39,40 25 20 7 32 39,0,0
consensus-two-stage,evaluation,2026,125,31,32 40 21 25 15 7,1,1
consensus-two-stage,evaluation,2026,126,49,7 20 32 25 45 15,1,1
consensus-two-stage,evaluation,2026,127,45,20 32 15 8 35 44,1,1
consensus-two-stage,evaluation,2026,128,37,7 20 32 40 35 12,1,1
consensus-two-stage,evaluation,2026,129,41,7 10 40 32 20 15,1,1
consensus-two-stage,evaluation,2026,130,29,7 20 25 34 21 22,1,1
consensus-two-stage,evaluation,2026,131,7,7 20 15 21 34 40,0,0
consensus-two-stage,evaluation,2026,132,30,21 40 25 32 10 22,1,1
consensus-two-stage,evaluation,2026,133,7,20 40 10 3 22 21,1,1
consensus-two-stage,evaluation,2026,134,37,40 25 10 22 15 21,1,1
consensus-two-stage,evaluation,2026,135,30,40 10 19 21 22 15,1,1
consensus-two-stage,evaluation,2026,136,48,40 20 10 9 19 35,1,0
consensus-two-stage,evaluation,2026,137,26,25 40 35 20 21 8,1,0
consensus-two-stage,evaluation,2026,138,49,20 40 25 32 10 15,1,1
consensus-two-stage,evaluation,2026,139,24,20 9 15 21 25 32,1,1
consensus-two-stage,evaluation,2026,140,16,20 40 15 25 5 12,1,1
consensus-two-stage,evaluation,2026,141,33,20 25 40 35 12 9,1,1
consensus-two-stage,evaluation,2026,142,23,35 25 40 14 15 12,1,1
consensus-two-stage,evaluation,2026,143,44,20 40 25 44 12 14,0,0
consensus-two-stage,evaluation,2026,144,43,20 25 40 12 5 46,1,1
consensus-two-stage,evaluation,2026,145,5,8 20 12 40 34 46,1,1
consensus-two-stage,evaluation,2026,146,42,20 35 12 34 40 26,1,1
consensus-two-stage,evaluation,2026,147,13,35 8 45 34 40 26,1,1
consensus-two-stage,evaluation,2026,148,48,2 8 35 22 34 26,1,1
consensus-two-stage,evaluation,2026,149,27,32 25 2 22 35 34,1,1
consensus-two-stage,evaluation,2026,150,9,25 32 20 22 39 35,1,1
consensus-two-stage,evaluation,2026,151,31,20 32 40 25 44 35,1,1
consensus-two-stage,evaluation,2026,152,45,20 25 32 2 39 44,1,1
consensus-two-stage,evaluation,2026,153,41,25 20 32 44 39 40,1,1
consensus-two-stage,evaluation,2026,154,41,20 25 7 32 4 22,1,1
consensus-two-stage,evaluation,2026,155,7,20 7 25 32 4 22,0,0
consensus-two-stage,evaluation,2026,156,1,25 20 4 22 10 46,1,1
consensus-two-stage,evaluation,2026,157,40,20 25 4 22 2 46,1,1
consensus-two-stage,evaluation,2026,158,16,34 4 2 22 25 32,1,1
consensus-two-stage,evaluation,2026,159,39,25 20 34 32 46 29,1,1
consensus-two-stage,evaluation,2026,160,2,34 25 32 20 29 19,1,1
consensus-two-stage,evaluation,2026,161,8,20 11 25 34 22 32,1,1
consensus-two-stage,evaluation,2026,162,32,20 25 46 31 34 12,1,0
consensus-two-stage,evaluation,2026,163,37,20 11 43 4 12 22,1,1
consensus-two-stage,evaluation,2026,164,21,12 20 43 29 22 4,1,1
consensus-two-stage,evaluation,2026,165,3,20 43 34 31 11 46,1,0
consensus-two-stage,evaluation,2026,166,6,29 26 31 34 40 46,1,1
consensus-two-stage,evaluation,2026,167,19,20 29 10 31 25 46,1,1
consensus-two-stage,evaluation,2026,168,15,20 31 29 34 26 22,1,1
consensus-two-stage,evaluation,2026,169,24,20 31 26 12 29 34,1,1
consensus-two-stage,evaluation,2026,170,3,4 31 20 12 26 34,1,1
consensus-two-stage,evaluation,2026,171,28,4 12 29 46 8 7,1,1
consensus-two-stage,evaluation,2026,172,44,4 12 26 20 29 46,1,1
consensus-two-stage,evaluation,2026,173,26,46 20 4 5 26 12,0,0
consensus-two-stage,evaluation,2026,174,41,46 20 5 29 22 43,1,1
consensus-two-stage,evaluation,2026,175,26,20 31 4 5 12 46,1,1
consensus-two-stage,evaluation,2026,176,10,42 20 5 46 22 15,1,1
consensus-two-stage,evaluation,2026,177,14,42 20 40 4 12 8,1,1
consensus-two-stage,evaluation,2026,178,18,40 20 34 8 12 4,1,1
consensus-two-stage,evaluation,2026,179,15,34 40 8 20 4 12,1,1
consensus-two-stage,evaluation,2026,180,21,34 8 40 20 38 12,1,1
consensus-two-stage,evaluation,2026,181,19,8 31 42 12 5 40,1,1
consensus-two-stage,evaluation,2026,182,41,8 31 42 28 5 46,1,1
consensus-two-stage,evaluation,2026,183,24,31 2 8 12 46 5,1,1
consensus-two-stage,evaluation,2026,184,1,31 2 40 12 46 22,1,1
consensus-two-stage,evaluation,2026,185,36,31 2 8 12 46 36,0,0
consensus-two-stage,evaluation,2026,186,23,31 2 9 40 22 46,1,1
consensus-two-stage,evaluation,2026,187,1,2 40 46 14 18 21,1,1
consensus-two-stage,evaluation,2026,188,16,22 2 31 8 46 42,1,1
consensus-two-stage,evaluation,2026,189,15,2 9 40 46 42 15,0,0
consensus-two-stage,evaluation,2026,190,16,12 38 40 8 42 5,1,1
consensus-two-stage,evaluation,2026,191,29,12 22 2 40 9 46,1,1
consensus-two-stage,evaluation,2026,192,25,12 5 38 9 33 27,1,1
consensus-two-stage,evaluation,2026,193,9,5 38 12 46 20 19,1,1
consensus-two-stage,evaluation,2026,194,26,12 38 22 5 46 40,1,1
consensus-two-stage,evaluation,2026,195,25,5 22 14 46 40 43,1,1
consensus-two-stage,evaluation,2026,196,39,5 27 38 46 12 19,1,1
consensus-two-stage,evaluation,2026,197,8,27 5 14 12 40 19,1,1
consensus-two-stage,evaluation,2026,198,7,2 31 46 22 14 19,1,1
consensus-two-stage,evaluation,2026,199,36,31 46 22 19 4 40,1,1
consensus-two-stage,evaluation,2026,200,39,48 22 2 46 19 14,1,1
consensus-two-stage,evaluation,2026,201,32,19 4 5 11 49 22,1,1
consensus-two-stage,evaluation,2026,202,40,22 48 38 19 21 4,1,1
consensus-two-stage,evaluation,2026,203,25,22 48 10 46 19 2,1,1
consensus-two-stage,evaluation,2026,204,5,5 19 10 46 21 4,0,0
consensus-two-stage,evaluation,2026,205,3,19 46 21 29 4 48,1,1
consensus-two-stage,evaluation,2026,206,47,19 21 48 46 22 29,1,1
consensus-two-stage,evaluation,2026,207,31,21 19 46 48 29 22,1,1
consensus-two-stage,evaluation,2026,208,19,21 19 46 22 32 5,0,0
consensus-two-stage,evaluation,2026,209,8,21 46 17 12 11 32,1,1
consensus-two-stage,evaluation,2026,210,49,12 49 46 40 21 32,0,0
consensus-two-stage,evaluation,2026,211,1,12 46 11 32 9 30,1,1
consensus-two-stage,evaluation,2026,212,6,13 21 11 46 44 48,1,1
consensus-two-stage,evaluation,2026,213,35,21 9 46 48 11 22,1,0
consensus-two-stage,evaluation,2026,214,4,29 21 17 11 44 5,1,1
consensus-two-stage,evaluation,2026,215,14,48 21 40 30 22 5,1,1
consensus-two-stage,evaluation,2026,216,37,21 13 48 40 47 22,1,1
consensus-two-stage,evaluation,2026,217,26,38 48 21 32 15 40,1,1
consensus-two-stage,evaluation,2026,218,17,48 30 21 5 40 15,1,1
consensus-two-stage,evaluation,2026,219,43,38 29 48 13 21 40,1,0
consensus-two-stage,evaluation,2026,220,48,30 38 32 48 21 46,0,0
consensus-two-stage,evaluation,2026,221,1,38 30 29 32 13 12,1,1
consensus-two-stage,evaluation,2026,222,26,12 32 13 5 46 21,1,1
consensus-two-stage,evaluation,2026,223,23,13 30 5 46 12 38,1,1
consensus-two-stage,evaluation,2026,224,9,12 38 30 29 32 18,1,1
consensus-two-stage,evaluation,2026,225,1,38 18 30 44 32 46,1,1
consensus-two-stage,evaluation,2026,226,17,18 44 13 5 32 29,1,0
consensus-two-stage,evaluation,2026,227,16,38 29 13 44 40 21,1,1
consensus-two-stage,evaluation,2026,228,23,18 13 21 5 31 11,1,1
consensus-two-stage,evaluation,2026,229,38,18 38 40 32 29 11,0,0
consensus-two-stage,evaluation,2026,230,16,13 40 21 11 29 5,1,1
consensus-two-stage,evaluation,2026,231,20,40 31 21 11 13 14,1,1
consensus-two-stage,evaluation,2026,232,42,13 49 44 11 21 29,1,1
consensus-two-stage,evaluation,2026,233,7,29 5 43 11 13 7,0,0
consensus-two-stage,evaluation,2026,234,39,13 49 40 4 14 10,1,1
consensus-two-stage,evaluation,2026,235,32,11 13 49 14 40 4,1,1
consensus-two-stage,evaluation,2026,236,11,13 14 11 4 43 46,0,0
consensus-two-stage,evaluation,2026,237,12,4 49 35 14 13 5,1,1
consensus-two-stage,evaluation,2026,238,17,13 14 4 43 5 29,1,1
consensus-two-stage,evaluation,2026,239,5,49 13 29 4 44 35,1,0
consensus-two-stage,evaluation,2026,240,27,35 14 29 13 4 38,1,1
consensus-two-stage,evaluation,2026,241,49,35 4 29 13 14 21,1,1
consensus-two-stage,evaluation,2026,242,9,29 35 14 21 38 42,1,1
consensus-two-stage,evaluation,2026,243,21,35 4 21 14 44 38,0,0
consensus-two-stage,evaluation,2026,244,46,4 14 35 13 44 31,1,1
consensus-two-stage,evaluation,2026,245,18,14 13 36 43 11 35,1,1
consensus-two-stage,evaluation,2026,246,30,14 35 4 36 38 31,1,1
consensus-two-stage,evaluation,2026,247,40,35 13 38 43 12 5,1,1
consensus-two-stage,evaluation,2026,248,20,35 43 4 12 7 19,1,1
consensus-two-stage,evaluation,2026,249,23,4 38 43 7 19 5,1,1
consensus-two-stage,evaluation,2026,250,14,14 35 4 43 38 7,0,0
consensus-two-stage,evaluation,2026,251,30,35 43 7 19 31 5,1,1
consensus-two-stage,evaluation,2026,252,22,43 35 10 19 7 38,1,1
consensus-two-stage,evaluation,2026,253,16,43 4 10 35 38 7,1,1
consensus-two-stage,evaluation,2026,254,2,42 43 11 10 35 5,1,1
consensus-two-stage,evaluation,2026,255,44,35 43 42 5 27 38,1,1
consensus-two-stage,evaluation,2026,256,1,35 41 11 5 27 7,1,1
consensus-two-stage,evaluation,2026,257,7,35 11 42 43 5 27,1,0
consensus-two-stage,evaluation,2026,258,46,35 47 10 43 42 46,0,0
consensus-two-stage,evaluation,2026,259,22,11 47 42 10 43 35,1,1
consensus-two-stage,evaluation,2026,260,20,35 5 42 27 11 4,1,1
consensus-two-stage,evaluation,2026,261,24,27 47 41 5 4 2,1,1
consensus-two-stage,evaluation,2026,262,30,35 5 27 41 42 47,1,1
consensus-two-stage,evaluation,2026,263,9,35 5 27 49 11 47,1,1
consensus-two-stage,evaluation,2026,264,21,35 27 5 41 49 42,1,1
consensus-two-stage,evaluation,2026,265,49,35 27 49 5 43 42,0,0
consensus-two-stage,evaluation,2026,266,8,35 27 47 43 5 3,1,1
