model,split,year,period,actual,pool20,excluded10,success20,success10
frequency-30,validation,2025,246,6,49 21 47 26 45 30 3 29 19 6 41 35 20 12 10 48 33 5 36 22,49 21 47 26 45 30 3 29 19 6,0,0
frequency-30,validation,2025,247,25,49 21 47 26 45 30 3 29 19 41 35 20 12 10 48 33 5 36 22 27,49 21 47 26 45 30 3 29 19 41,1,1
frequency-30,validation,2025,248,12,49 21 47 26 45 30 3 29 19 41 35 20 12 10 48 33 5 36 22 27,49 21 47 26 45 30 3 29 19 41,0,1
frequency-30,validation,2025,249,2,49 21 47 26 45 30 3 29 19 41 35 20 23 10 48 33 5 36 22 27,49 21 47 26 45 30 3 29 19 41,1,1
frequency-30,validation,2025,250,12,49 21 47 26 45 30 3 29 19 41 35 20 23 10 48 33 5 36 22 27,49 21 47 26 45 30 3 29 19 41,1,1
frequency-30,validation,2025,251,35,49 21 47 26 45 30 3 29 19 41 35 20 23 10 48 33 5 36 22 27,49 21 47 26 45 30 3 29 19 41,0,1
frequency-30,validation,2025,252,23,49 21 47 26 45 30 3 29 19 41 20 23 10 48 33 5 36 22 27 14,49 21 47 26 45 30 3 29 19 41,0,1
frequency-30,validation,2025,253,33,49 21 47 26 45 30 3 29 19 41 20 43 10 48 33 5 36 22 27 14,49 21 47 26 45 30 3 29 19 41,0,1
frequency-30,validation,2025,254,17,49 21 47 26 45 30 3 29 19 41 20 43 10 48 5 36 22 27 14 18,49 21 47 26 45 30 3 29 19 41,1,1
frequency-30,validation,2025,255,42,49 21 47 26 45 30 3 29 19 41 20 43 10 16 48 5 36 22 27 14,49 21 47 26 45 30 3 29 19 41,1,1
frequency-30,validation,2025,256,48,49 21 47 26 45 30 3 29 19 41 20 32 43 10 16 48 5 36 22 27,49 21 47 26 45 30 3 29 19 41,0,1
frequency-30,validation,2025,257,28,49 21 47 26 45 30 3 29 19 41 20 32 43 10 31 16 5 36 22 27,49 21 47 26 45 30 3 29 19 41,1,1
frequency-30,validation,2025,258,38,49 21 47 26 45 30 3 29 19 41 20 32 43 10 31 16 5 36 40 22,49 21 47 26 45 30 3 29 19 41,1,1
frequency-30,validation,2025,259,47,49 21 47 15 26 45 30 3 29 19 41 20 32 43 10 31 16 5 36 40,49 21 47 15 26 45 30 3 29 19,0,0
frequency-30,validation,2025,260,3,49 21 15 26 45 30 3 29 19 41 20 32 43 10 31 16 5 36 40 22,49 21 15 26 45 30 3 29 19 41,0,0
frequency-30,validation,2025,261,33,49 21 15 26 45 30 29 19 41 20 32 43 10 31 16 5 36 40 22 27,49 21 15 26 45 30 29 19 41 20,1,1
frequency-30,validation,2025,262,44,49 21 15 26 45 30 29 19 41 20 32 43 10 31 16 5 36 40 22 27,49 21 15 26 45 30 29 19 41 20,1,1
frequency-30,validation,2025,263,38,49 21 15 26 45 30 29 19 41 20 32 43 10 31 16 5 36 40 22 27,49 21 15 26 45 30 29 19 41 20,1,1
frequency-30,validation,2025,264,43,49 21 15 26 45 30 29 19 41 20 32 43 10 31 16 37 5 36 40 22,49 21 15 26 45 30 29 19 41 20,0,1
frequency-30,validation,2025,265,10,49 21 15 26 45 30 29 19 41 20 32 13 10 31 16 37 5 36 40 22,49 21 15 26 45 30 29 19 41 20,0,1
frequency-30,validation,2025,266,41,49 21 15 26 45 30 29 19 41 20 32 13 31 16 37 5 36 40 22 27,49 21 15 26 45 30 29 19 41 20,0,0
frequency-30,validation,2025,267,29,49 21 15 26 45 30 29 19 20 32 13 31 16 37 5 36 40 22 27 14,49 21 15 26 45 30 29 19 20 32,0,0
frequency-30,validation,2025,268,10,49 21 15 26 45 30 19 20 32 13 31 16 37 5 36 40 22 27 14 18,49 21 15 26 45 30 19 20 32 13,1,1
frequency-30,validation,2025,269,31,49 21 15 26 45 30 19 46 20 32 13 31 16 37 5 36 40 22 27 14,49 21 15 26 45 30 19 46 20 32,0,1
frequency-30,validation,2025,270,35,49 21 15 26 45 30 19 4 46 20 32 13 16 37 5 36 40 22 27 14,49 21 15 26 45 30 19 4 46 20,1,1
frequency-30,validation,2025,271,6,49 21 15 26 45 30 19 4 46 20 32 13 16 37 5 36 40 22 27 14,49 21 15 26 45 30 19 4 46 20,1,1
frequency-30,validation,2025,272,36,49 21 15 26 45 30 19 4 46 20 32 13 16 37 1 5 36 40 22 27,49 21 15 26 45 30 19 4 46 20,0,1
frequency-30,validation,2025,273,4,49 21 15 26 45 30 19 4 46 20 32 13 16 37 1 5 40 22 27 14,49 21 15 26 45 30 19 4 46 20,0,0
frequency-30,validation,2025,274,44,49 21 15 26 45 30 19 46 8 20 32 13 16 37 1 5 40 22 27 14,49 21 15 26 45 30 19 46 8 20,1,1
frequency-30,validation,2025,275,45,49 21 15 26 45 30 19 46 8 20 32 13 16 37 1 5 40 22 24 27,49 21 15 26 45 30 19 46 8 20,0,0
frequency-30,validation,2025,276,9,49 21 15 26 30 19 46 8 20 32 13 16 37 1 5 40 22 24 27 14,49 21 15 26 30 19 46 8 20 32,1,1
frequency-30,validation,2025,277,16,49 21 15 26 30 19 46 8 20 32 13 16 37 1 5 40 22 24 27 14,49 21 15 26 30 19 46 8 20 32,0,1
frequency-30,validation,2025,278,28,49 21 15 26 30 19 25 46 8 20 32 13 37 1 5 40 22 24 27 14,49 21 15 26 30 19 25 46 8 20,1,1
frequency-30,validation,2025,279,27,49 21 15 26 30 19 25 46 8 20 32 13 37 1 5 40 22 24 27 14,49 21 15 26 30 19 25 46 8 20,0,1
frequency-30,validation,2025,280,42,49 21 15 26 30 19 25 46 8 20 32 13 2 37 1 5 40 22 24 14,49 21 15 26 30 19 25 46 8 20,1,1
frequency-30,validation,2025,281,47,49 21 15 26 30 19 25 46 8 20 12 32 13 2 37 1 5 40 22 24,49 21 15 26 30 19 25 46 8 20,1,1
frequency-30,validation,2025,282,41,49 21 15 26 30 19 25 46 8 20 12 32 13 2 37 1 5 40 22 24,49 21 15 26 30 19 25 46 8 20,1,1
frequency-30,validation,2025,283,45,49 21 15 26 30 19 25 46 8 20 12 32 13 2 23 37 1 5 40 22,49 21 15 26 30 19 25 46 8 20,1,1
frequency-30,validation,2025,284,41,49 21 15 26 30 19 25 46 8 20 12 32 13 2 23 37 1 5 40 22,49 21 15 26 30 19 25 46 8 20,1,1
frequency-30,validation,2025,285,24,49 21 15 26 30 19 25 46 8 20 12 32 13 2 23 37 1 5 40 22,49 21 15 26 30 19 25 46 8 20,1,1
frequency-30,validation,2025,286,3,49 21 15 26 30 19 25 46 8 20 12 32 13 2 23 37 1 5 40 22,49 21 15 26 30 19 25 46 8 20,1,1
frequency-30,validation,2025,287,34,49 21 15 26 30 19 25 46 8 20 12 32 13 2 23 48 37 1 5 40,49 21 15 26 30 19 25 46 8 20,1,1
frequency-30,validation,2025,288,14,49 21 15 26 30 19 25 46 8 20 12 32 13 2 23 48 37 1 5 40,49 21 15 26 30 19 25 46 8 20,1,1
frequency-30,validation,2025,289,42,49 21 15 26 30 19 25 46 8 20 12 32 13 2 23 48 37 1 5 40,49 21 15 26 30 19 25 46 8 20,1,1
frequency-30,validation,2025,290,19,49 21 15 26 30 19 25 46 8 20 12 32 13 2 23 48 37 1 5 40,49 21 15 26 30 19 25 46 8 20,0,0
frequency-30,validation,2025,291,44,49 21 15 26 30 25 46 8 20 12 32 13 2 23 48 37 1 5 40 22,49 21 15 26 30 25 46 8 20 12,1,1
frequency-30,validation,2025,292,2,49 21 15 26 30 25 46 8 20 12 32 13 2 23 48 37 1 33 5 40,49 21 15 26 30 25 46 8 20 12,0,1
frequency-30,validation,2025,293,47,49 21 15 26 30 25 46 8 20 12 32 13 23 48 37 1 33 5 40 22,49 21 15 26 30 25 46 8 20 12,1,1
frequency-30,validation,2025,294,18,49 21 15 26 30 25 38 46 8 20 12 32 13 23 48 37 1 33 5 40,49 21 15 26 30 25 38 46 8 20,1,1
frequency-30,validation,2025,295,5,49 21 15 26 30 25 38 46 8 20 12 32 13 43 23 48 37 1 33 5,49 21 15 26 30 25 38 46 8 20,0,1
frequency-30,validation,2025,296,22,49 21 15 26 30 25 38 46 8 20 12 32 13 43 23 48 37 1 33 40,49 21 15 26 30 25 38 46 8 20,1,1
frequency-30,validation,2025,297,44,49 21 15 26 30 25 38 46 8 20 12 32 13 43 23 48 37 1 33 40,49 21 15 26 30 25 38 46 8 20,1,1
frequency-30,validation,2025,298,23,49 21 15 26 30 29 25 38 46 8 20 12 32 13 43 23 48 37 1 33,49 21 15 26 30 29 25 38 46 8,0,1
frequency-30,validation,2025,299,49,49 21 15 26 30 29 25 38 46 8 20 12 32 13 43 10 48 37 1 33,49 21 15 26 30 29 25 38 46 8,0,0
frequency-30,validation,2025,300,40,21 15 26 30 29 25 38 46 8 20 12 32 13 43 10 31 48 37 1 33,21 15 26 30 29 25 38 46 8 20,1,1
frequency-30,validation,2025,301,5,21 15 26 30 29 25 35 38 46 8 20 12 32 13 43 10 31 48 37 1,21 15 26 30 29 25 35 38 46 8,1,1
frequency-30,validation,2025,302,22,21 15 26 30 29 6 25 35 38 46 8 20 12 32 13 43 10 31 48 37,21 15 26 30 29 6 25 35 38 46,1,1
frequency-30,validation,2025,303,15,21 15 26 30 29 6 25 35 38 46 8 20 12 32 13 43 10 31 48 37,21 15 26 30 29 6 25 35 38 46,0,0
frequency-30,validation,2025,304,48,21 26 30 29 4 6 25 35 38 46 8 20 12 32 13 43 10 31 48 37,21 26 30 29 4 6 25 35 38 46,0,1
frequency-30,validation,2025,305,42,21 26 30 29 4 6 25 35 38 46 8 20 12 32 13 43 10 31 37 1,21 26 30 29 4 6 25 35 38 46,1,1
frequency-30,validation,2025,306,17,21 26 30 29 4 6 25 35 38 46 8 20 12 32 13 43 10 31 37 1,21 26 30 29 4 6 25 35 38 46,1,1
frequency-30,validation,2025,307,20,21 26 30 29 4 6 25 35 38 46 8 20 12 32 13 43 10 31 37 1,21 26 30 29 4 6 25 35 38 46,0,1
frequency-30,validation,2025,308,39,21 26 30 29 4 6 25 35 38 46 8 12 32 13 43 10 31 16 37 1,21 26 30 29 4 6 25 35 38 46,1,1
frequency-30,validation,2025,309,6,21 26 30 29 4 6 25 35 38 46 8 12 32 13 43 10 31 16 37 1,21 26 30 29 4 6 25 35 38 46,0,0
frequency-30,validation,2025,310,16,21 26 30 29 4 25 35 38 46 8 12 32 13 43 10 31 16 37 1 33,21 26 30 29 4 25 35 38 46 8,0,1
frequency-30,validation,2025,311,37,21 26 30 29 4 25 35 38 46 8 12 32 13 43 10 31 37 1 33 28,21 26 30 29 4 25 35 38 46 8,0,1
frequency-30,validation,2025,312,14,21 26 30 29 4 25 35 38 46 8 12 32 13 43 10 31 1 33 28 36,21 26 30 29 4 25 35 38 46 8,1,1
frequency-30,validation,2025,313,38,21 26 30 29 4 25 35 38 46 8 12 32 13 43 10 31 1 33 28 36,21 26 30 29 4 25 35 38 46 8,0,0
frequency-30,validation,2025,314,23,21 26 45 30 29 4 25 35 46 8 12 32 13 43 10 31 1 33 28 36,21 26 45 30 29 4 25 35 46 8,1,1
frequency-30,validation,2025,315,4,21 26 45 30 29 4 25 41 35 46 8 12 32 13 43 10 31 1 33 28,21 26 45 30 29 4 25 41 35 46,0,0
frequency-30,validation,2025,316,24,21 26 45 30 29 25 41 35 46 8 12 32 13 43 10 31 1 33 28 36,21 26 45 30 29 25 41 35 46 8,1,1
frequency-30,validation,2025,317,18,21 26 45 30 3 29 25 41 35 46 8 12 32 13 43 10 31 1 33 28,21 26 45 30 3 29 25 41 35 46,1,1
frequency-30,validation,2025,318,6,21 26 45 30 3 29 25 41 35 46 8 12 32 13 43 10 31 1 33 28,21 26 45 30 3 29 25 41 35 46,1,1
frequency-30,validation,2025,319,45,21 26 45 30 3 29 25 41 35 46 8 12 32 13 43 10 31 1 33 28,21 26 45 30 3 29 25 41 35 46,0,0
frequency-30,validation,2025,320,28,21 26 30 3 29 25 41 35 46 8 12 32 13 43 10 31 1 33 28 36,21 26 30 3 29 25 41 35 46 8,0,1
frequency-30,validation,2025,321,23,21 26 30 3 29 19 25 41 35 46 8 12 32 13 43 10 31 1 33 36,21 26 30 3 29 19 25 41 35 46,1,1
frequency-30,validation,2025,322,47,21 26 30 3 29 19 25 41 35 46 8 12 32 13 43 10 31 1 33 36,21 26 30 3 29 19 25 41 35 46,1,1
frequency-30,validation,2025,323,9,21 26 30 3 29 19 25 41 35 46 8 12 32 13 2 43 10 31 1 33,21 26 30 3 29 19 25 41 35 46,1,1
frequency-30,validation,2025,324,15,21 26 30 3 29 19 25 41 35 46 8 12 32 13 2 43 10 31 1 33,21 26 30 3 29 19 25 41 35 46,1,1
frequency-30,validation,2025,325,4,21 26 30 3 29 19 25 41 35 46 8 12 32 13 2 43 10 31 1 33,21 26 30 3 29 19 25 41 35 46,1,1
frequency-30,validation,2025,326,19,21 26 30 3 29 19 25 41 35 46 8 12 32 13 2 43 10 31 1 33,21 26 30 3 29 19 25 41 35 46,0,0
frequency-30,validation,2025,327,37,21 26 30 3 29 25 41 35 46 8 12 32 13 2 43 10 31 1 33 36,21 26 30 3 29 25 41 35 46 8,1,1
frequency-30,validation,2025,328,3,21 26 30 3 29 25 41 35 46 8 12 32 13 2 43 10 31 44 1 33,21 26 30 3 29 25 41 35 46 8,0,0
frequency-30,validation,2025,329,17,21 26 30 29 25 41 35 46 8 12 32 13 2 43 10 31 44 1 33 36,21 26 30 29 25 41 35 46 8 12,1,1
frequency-30,validation,2025,330,36,49 21 26 30 29 25 41 35 46 8 12 32 13 2 43 10 31 44 1 33,49 21 26 30 29 25 41 35 46 8,1,1
frequency-30,validation,2025,331,26,49 21 26 30 29 25 41 35 46 8 12 32 13 2 43 10 31 44 1 33,49 21 26 30 29 25 41 35 46 8,0,0
frequency-30,validation,2025,332,26,49 21 30 29 25 41 35 46 8 12 32 13 2 43 10 31 44 1 33 5,49 21 30 29 25 41 35 46 8 12,1,1
frequency-30,validation,2025,333,6,49 21 30 29 25 41 35 46 8 12 32 13 2 43 10 31 44 1 33 5,49 21 30 29 25 41 35 46 8 12,1,1
frequency-30,validation,2025,334,46,49 21 30 29 25 41 35 46 8 12 32 13 2 43 10 31 44 1 33 5,49 21 30 29 25 41 35 46 8 12,0,0
frequency-30,validation,2025,335,44,49 21 30 29 25 41 35 8 12 32 13 2 43 10 31 44 48 1 33 5,49 21 30 29 25 41 35 8 12 32,0,1
frequency-30,validation,2025,336,17,49 21 42 30 29 25 41 35 8 12 32 13 2 43 10 31 48 1 33 5,49 21 42 30 29 25 41 35 8 12,1,1
frequency-30,validation,2025,337,9,49 21 42 30 29 25 41 35 8 12 32 13 2 43 10 31 48 1 33 5,49 21 42 30 29 25 41 35 8 12,1,1
frequency-30,validation,2025,338,8,49 21 42 30 29 25 41 35 8 20 12 32 13 2 43 10 31 48 1 33,49 21 42 30 29 25 41 35 8 20,0,0
frequency-30,validation,2025,339,48,49 21 42 30 29 25 41 35 20 12 32 13 2 43 10 31 48 1 33 5,49 21 42 30 29 25 41 35 20 12,0,1
frequency-30,validation,2025,340,16,49 21 42 30 29 25 41 35 20 12 32 13 2 43 10 31 1 33 5 40,49 21 42 30 29 25 41 35 20 12,1,1
frequency-30,validation,2025,341,6,49 21 42 30 29 25 41 35 20 12 32 13 2 43 10 31 1 33 5 40,49 21 42 30 29 25 41 35 20 12,1,1
frequency-30,validation,2025,342,4,49 21 42 30 29 25 41 35 20 12 32 13 2 43 10 31 1 33 5 40,49 21 42 30 29 25 41 35 20 12,1,1
frequency-30,validation,2025,343,38,49 21 42 30 29 25 41 35 20 12 32 13 2 43 10 31 1 33 5 40,49 21 42 30 29 25 41 35 20 12,1,1
frequency-30,validation,2025,344,27,49 21 42 30 29 25 41 35 20 12 32 13 2 43 10 31 1 33 5 40,49 21 42 30 29 25 41 35 20 12,1,1
frequency-30,validation,2025,345,24,49 21 42 30 29 25 41 35 20 12 32 13 2 43 10 31 1 33 5 40,49 21 42 30 29 25 41 35 20 12,1,1
frequency-30,validation,2025,346,3,49 21 42 30 29 25 41 35 20 12 32 13 2 43 10 31 1 33 5 40,49 21 42 30 29 25 41 35 20 12,1,1
frequency-30,validation,2025,347,13,49 21 42 30 29 25 41 35 20 12 32 13 2 43 10 31 1 33 5 40,49 21 42 30 29 25 41 35 20 12,0,1
frequency-30,validation,2025,348,16,49 21 42 30 29 25 41 35 20 12 32 2 43 10 31 1 33 5 40 22,49 21 42 30 29 25 41 35 20 12,1,1
frequency-30,validation,2025,349,22,49 21 42 30 29 25 41 35 20 12 32 2 43 10 31 1 33 5 40 22,49 21 42 30 29 25 41 35 20 12,0,1
frequency-30,validation,2025,350,49,49 21 42 45 30 29 25 41 35 20 12 32 2 43 10 31 1 33 5 40,49 21 42 45 30 29 25 41 35 20,0,0
frequency-30,validation,2025,351,4,21 42 45 30 29 25 41 35 20 12 32 2 43 10 31 1 33 28 5 40,21 42 45 30 29 25 41 35 20 12,1,1
frequency-30,validation,2025,352,44,21 42 45 30 29 25 41 35 20 12 32 2 43 23 10 31 1 33 28 5,21 42 45 30 29 25 41 35 20 12,1,1
frequency-30,validation,2025,353,1,21 47 42 45 30 29 25 41 35 20 12 32 2 43 23 10 31 1 33 28,21 47 42 45 30 29 25 41 35 20,0,1
frequency-30,validation,2025,354,30,21 47 42 45 30 29 25 41 35 20 12 32 2 43 23 10 31 33 28 5,21 47 42 45 30 29 25 41 35 20,0,0
frequency-30,validation,2025,355,8,21 47 42 15 45 29 25 41 35 20 12 32 2 43 23 10 31 33 28 5,21 47 42 15 45 29 25 41 35 20,1,1
frequency-30,validation,2025,356,24,21 47 42 15 45 29 25 41 35 20 12 32 2 43 23 10 31 33 28 5,21 47 42 15 45 29 25 41 35 20,1,1
frequency-30,validation,2025,357,49,21 47 42 15 45 29 19 25 41 35 20 12 32 2 43 23 10 31 33 28,21 47 42 15 45 29 19 25 41 35,1,1
frequency-30,validation,2025,358,7,21 47 42 15 45 29 19 25 41 35 20 12 32 2 43 23 10 31 37 33,21 47 42 15 45 29 19 25 41 35,1,1
frequency-30,validation,2025,359,11,21 47 42 15 45 29 19 25 41 35 20 12 32 2 43 23 10 31 37 33,21 47 42 15 45 29 19 25 41 35,1,1
frequency-30,validation,2025,360,41,21 47 42 15 45 29 19 25 41 35 20 12 32 2 43 23 10 31 37 33,21 47 42 15 45 29 19 25 41 35,0,0
frequency-30,validation,2025,361,24,21 47 42 15 45 29 19 25 35 20 12 32 2 43 23 10 31 37 33 28,21 47 42 15 45 29 19 25 35 20,1,1
frequency-30,validation,2025,362,23,21 47 42 15 45 29 19 25 35 20 12 32 2 43 23 10 31 37 33 28,21 47 42 15 45 29 19 25 35 20,0,1
frequency-30,validation,2025,363,26,21 47 42 15 26 45 29 19 25 35 20 12 32 2 43 10 31 37 33 28,21 47 42 15 26 45 29 19 25 35,0,0
frequency-30,validation,2025,364,12,21 47 42 15 45 29 19 25 35 20 12 32 2 43 10 31 37 33 28 5,21 47 42 15 45 29 19 25 35 20,0,1
frequency-30,validation,2025,365,26,21 47 42 15 45 29 19 25 35 46 20 32 2 43 10 31 37 33 28 5,21 47 42 15 45 29 19 25 35 46,1,1
frequency-30,evaluation,2026,1,29,21 47 42 15 45 29 19 25 35 46 20 32 2 43 10 31 37 33 28 5,21 47 42 15 45 29 19 25 35 46,0,0
frequency-30,evaluation,2026,2,22,21 47 42 15 45 19 25 35 46 20 32 2 43 10 31 37 33 28 5 36,21 47 42 15 45 19 25 35 46 20,1,1
frequency-30,evaluation,2026,3,9,21 47 42 15 45 19 25 35 46 20 32 2 43 10 31 37 33 28 5 36,21 47 42 15 45 19 25 35 46 20,1,1
frequency-30,evaluation,2026,4,45,21 47 42 15 45 19 25 35 46 20 32 2 43 10 31 37 33 28 5 36,21 47 42 15 45 19 25 35 46 20,0,0
frequency-30,evaluation,2026,5,43,21 47 42 15 19 25 35 46 20 32 2 43 10 31 48 37 33 28 5 36,21 47 42 15 19 25 35 46 20 32,0,1
frequency-30,evaluation,2026,6,13,21 47 42 15 19 25 35 46 20 32 2 10 31 48 37 33 28 5 36 40,21 47 42 15 19 25 35 46 20 32,1,1
frequency-30,evaluation,2026,7,41,21 47 42 15 19 6 25 35 46 20 32 2 10 31 48 37 33 28 5 36,21 47 42 15 19 6 25 35 46 20,1,1
frequency-30,evaluation,2026,8,21,21 47 42 15 19 6 25 35 46 20 32 2 10 31 48 37 33 28 5 36,21 47 42 15 19 6 25 35 46 20,0,0
frequency-30,evaluation,2026,9,28,47 42 15 19 6 25 35 38 46 20 32 2 10 31 48 37 33 28 5 36,47 42 15 19 6 25 35 38 46 20,0,1
frequency-30,evaluation,2026,10,27,47 42 15 19 6 25 35 38 46 20 32 2 10 31 48 37 33 5 36 40,47 42 15 19 6 25 35 38 46 20,1,1
frequency-30,evaluation,2026,11,11,47 42 15 19 6 25 35 38 46 20 32 2 10 31 48 37 33 5 36 40,47 42 15 19 6 25 35 38 46 20,1,1
frequency-30,evaluation,2026,12,11,47 42 15 3 19 6 25 35 38 46 20 32 2 10 31 48 37 33 5 36,47 42 15 3 19 6 25 35 38 46,1,1
frequency-30,evaluation,2026,13,1,47 42 15 3 19 6 25 35 38 46 20 32 2 10 31 48 37 33 5 36,47 42 15 3 19 6 25 35 38 46,1,1
frequency-30,evaluation,2026,14,26,47 42 15 3 19 6 25 35 38 46 20 32 2 10 31 16 48 37 33 5,47 42 15 3 19 6 25 35 38 46,1,1
frequency-30,evaluation,2026,15,31,47 42 15 3 19 6 25 35 38 46 20 32 2 10 31 16 48 37 33 5,47 42 15 3 19 6 25 35 38 46,0,1
frequency-30,evaluation,2026,16,6,47 42 15 3 19 6 25 35 38 46 20 32 2 10 16 48 37 33 5 36,47 42 15 3 19 6 25 35 38 46,0,0
frequency-30,evaluation,2026,17,32,47 42 15 3 19 4 25 35 38 46 20 32 2 10 16 48 37 33 5 36,47 42 15 3 19 4 25 35 38 46,0,1
frequency-30,evaluation,2026,18,39,47 42 15 3 19 4 25 35 38 46 20 2 10 16 44 48 37 33 5 36,47 42 15 3 19 4 25 35 38 46,1,1
frequency-30,evaluation,2026,19,46,47 42 15 3 19 4 25 35 38 46 20 2 10 16 44 48 37 33 5 36,47 42 15 3 19 4 25 35 38 46,0,0
frequency-30,evaluation,2026,20,12,47 42 15 30 3 19 4 25 35 38 20 2 10 16 44 48 37 33 5 36,47 42 15 30 3 19 4 25 35 38,1,1
frequency-30,evaluation,2026,21,42,47 42 15 30 3 19 4 25 35 38 8 20 2 10 16 44 48 37 33 5,47 42 15 30 3 19 4 25 35 38,0,0
frequency-30,evaluation,2026,22,18,47 15 30 3 19 4 25 35 38 8 20 2 10 16 44 48 37 33 5 36,47 15 30 3 19 4 25 35 38 8,1,1
frequency-30,evaluation,2026,23,47,49 47 15 30 3 19 4 25 35 38 8 20 2 10 16 44 48 37 33 5,49 47 15 30 3 19 4 25 35 38,0,0
frequency-30,evaluation,2026,24,28,49 15 30 3 19 4 25 35 38 8 20 2 10 16 44 48 37 33 5 36,49 15 30 3 19 4 25 35 38 8,1,1
frequency-30,evaluation,2026,25,37,49 15 30 3 19 4 25 35 38 8 20 2 10 16 44 48 37 33 5 36,49 15 30 3 19 4 25 35 38 8,0,1
frequency-30,evaluation,2026,26,19,49 15 30 3 19 4 25 35 38 8 20 2 10 16 44 48 33 5 36 40,49 15 30 3 19 4 25 35 38 8,0,0
frequency-30,evaluation,2026,27,45,49 15 30 3 4 25 35 38 8 20 2 10 16 44 48 33 5 36 40 24,49 15 30 3 4 25 35 38 8 20,1,1
frequency-30,evaluation,2026,28,3,49 15 30 3 4 25 35 38 8 20 2 23 10 16 44 48 33 5 36 40,49 15 30 3 4 25 35 38 8 20,0,0
frequency-30,evaluation,2026,29,1,49 15 30 4 25 35 38 8 20 2 23 10 16 44 48 33 5 36 40 24,49 15 30 4 25 35 38 8 20 2,1,1
frequency-30,evaluation,2026,30,41,49 15 30 4 25 35 38 8 20 2 23 10 16 44 48 33 5 36 40 24,49 15 30 4 25 35 38 8 20 2,1,1
frequency-30,evaluation,2026,31,26,49 15 30 4 25 35 38 8 20 2 23 10 16 44 48 33 5 36 40 24,49 15 30 4 25 35 38 8 20 2,1,1
frequency-30,evaluation,2026,32,6,49 15 30 29 4 25 35 38 8 20 2 23 10 16 44 48 33 5 36 40,49 15 30 29 4 25 35 38 8 20,1,1
frequency-30,evaluation,2026,33,41,49 15 30 29 4 25 35 38 8 20 2 23 10 16 44 48 33 5 36 40,49 15 30 29 4 25 35 38 8 20,1,1
frequency-30,evaluation,2026,34,19,49 15 30 29 4 25 35 38 8 20 2 23 10 16 44 48 33 5 36 40,49 15 30 29 4 25 35 38 8 20,1,1
frequency-30,evaluation,2026,35,27,49 15 30 29 4 25 35 38 8 20 2 23 10 16 44 48 33 5 36 40,49 15 30 29 4 25 35 38 8 20,1,1
frequency-30,evaluation,2026,36,1,49 15 30 29 4 25 35 38 8 20 2 43 23 10 16 44 48 33 5 36,49 15 30 29 4 25 35 38 8 20,1,1
frequency-30,evaluation,2026,37,43,49 15 30 29 4 25 35 38 8 20 13 2 43 23 10 16 44 48 33 5,49 15 30 29 4 25 35 38 8 20,0,1
frequency-30,evaluation,2026,38,42,49 15 30 29 4 25 35 38 8 20 13 2 23 10 16 44 48 33 5 36,49 15 30 29 4 25 35 38 8 20,1,1
frequency-30,evaluation,2026,39,11,49 21 15 30 29 4 25 35 38 8 20 13 2 23 10 16 44 48 33 5,49 21 15 30 29 4 25 35 38 8,1,1
frequency-30,evaluation,2026,40,28,49 21 15 30 29 4 25 35 38 8 20 13 2 23 10 16 44 48 33 5,49 21 15 30 29 4 25 35 38 8,1,1
frequency-30,evaluation,2026,41,36,49 21 15 30 29 4 25 35 38 8 20 13 2 23 10 16 44 48 33 5,49 21 15 30 29 4 25 35 38 8,1,1
frequency-30,evaluation,2026,42,16,49 21 15 30 29 4 25 35 38 8 20 13 2 23 10 16 44 48 33 5,49 21 15 30 29 4 25 35 38 8,0,1
frequency-30,evaluation,2026,43,13,49 21 15 30 29 4 25 35 38 8 20 13 2 23 10 44 48 33 5 40,49 21 15 30 29 4 25 35 38 8,0,1
frequency-30,evaluation,2026,44,19,49 21 15 30 29 4 25 35 38 8 20 2 23 10 44 48 33 5 40 22,49 21 15 30 29 4 25 35 38 8,1,1
frequency-30,evaluation,2026,45,1,49 21 15 30 29 4 25 35 38 8 20 2 23 10 44 48 33 5 40 22,49 21 15 30 29 4 25 35 38 8,1,1
frequency-30,evaluation,2026,46,3,49 21 15 30 29 4 25 35 38 8 20 2 23 10 31 44 48 33 5 40,49 21 15 30 29 4 25 35 38 8,1,1
frequency-30,evaluation,2026,47,39,49 21 15 30 29 4 25 35 38 8 20 2 23 10 31 44 48 33 5 40,49 21 15 30 29 4 25 35 38 8,1,1
frequency-30,evaluation,2026,48,24,49 21 15 30 29 4 25 35 38 8 20 32 2 23 10 31 44 48 33 5,49 21 15 30 29 4 25 35 38 8,1,1
frequency-30,evaluation,2026,49,13,49 21 15 30 29 4 25 35 38 8 20 32 2 23 10 31 44 48 33 5,49 21 15 30 29 4 25 35 38 8,1,1
frequency-30,evaluation,2026,50,23,49 21 15 30 29 4 25 35 38 46 8 20 32 2 23 10 31 44 48 33,49 21 15 30 29 4 25 35 38 46,0,1
frequency-30,evaluation,2026,51,1,49 21 15 30 29 4 25 35 38 46 8 20 12 32 2 10 31 44 48 33,49 21 15 30 29 4 25 35 38 46,1,1
frequency-30,evaluation,2026,52,38,49 21 15 30 29 4 25 35 38 46 8 20 12 32 2 10 31 44 48 33,49 21 15 30 29 4 25 35 38 46,0,0
frequency-30,evaluation,2026,53,15,49 21 15 30 29 4 25 35 46 8 20 12 32 2 10 31 44 48 33 5,49 21 15 30 29 4 25 35 46 8,0,0
frequency-30,evaluation,2026,54,48,49 21 47 30 29 4 25 35 46 8 20 12 32 2 10 31 44 48 33 5,49 21 47 30 29 4 25 35 46 8,0,1
frequency-30,evaluation,2026,55,14,49 21 47 30 29 4 25 35 46 8 20 12 32 2 10 31 44 33 5 40,49 21 47 30 29 4 25 35 46 8,1,1
frequency-30,evaluation,2026,56,48,49 21 47 30 29 4 25 35 46 8 20 12 32 2 10 31 44 37 33 5,49 21 47 30 29 4 25 35 46 8,1,1
frequency-30,evaluation,2026,57,23,49 21 47 30 29 4 25 35 46 8 20 12 32 2 10 31 44 37 33 5,49 21 47 30 29 4 25 35 46 8,1,1
frequency-30,evaluation,2026,58,31,49 21 47 45 30 29 4 25 35 46 8 20 12 32 2 10 31 44 37 33,49 21 47 45 30 29 4 25 35 46,0,1
frequency-30,evaluation,2026,59,10,49 21 47 45 30 29 4 25 35 46 8 20 12 32 2 10 44 37 33 5,49 21 47 45 30 29 4 25 35 46,0,1
frequency-30,evaluation,2026,60,9,49 21 47 45 30 29 4 25 35 46 8 20 12 32 2 44 37 33 5 40,49 21 47 45 30 29 4 25 35 46,1,1
frequency-30,evaluation,2026,61,29,49 21 47 45 30 29 4 25 35 46 8 20 12 32 2 44 37 33 5 40,49 21 47 45 30 29 4 25 35 46,0,0
frequency-30,evaluation,2026,62,24,49 21 47 26 45 30 4 25 35 46 8 20 12 32 2 44 37 33 5 40,49 21 47 26 45 30 4 25 35 46,1,1
frequency-30,evaluation,2026,63,28,49 21 47 26 45 30 4 6 25 35 46 8 20 12 32 2 44 37 33 5,49 21 47 26 45 30 4 6 25 35,1,1
frequency-30,evaluation,2026,64,18,49 21 47 26 45 30 4 6 25 41 35 46 8 20 12 32 2 44 37 33,49 21 47 26 45 30 4 6 25 41,1,1
frequency-30,evaluation,2026,65,5,49 21 47 26 45 30 4 6 25 41 35 46 8 20 12 32 2 44 37 33,49 21 47 26 45 30 4 6 25 41,1,1
frequency-30,evaluation,2026,66,37,49 21 47 26 45 30 4 6 25 41 35 46 8 20 12 32 2 44 37 33,49 21 47 26 45 30 4 6 25 41,0,1
frequency-30,evaluation,2026,67,5,49 21 47 26 45 30 4 6 25 41 35 46 8 20 12 32 2 44 33 40,49 21 47 26 45 30 4 6 25 41,1,1
frequency-30,evaluation,2026,68,23,49 21 47 26 45 30 4 6 25 41 35 46 8 20 12 32 2 43 44 33,49 21 47 26 45 30 4 6 25 41,1,1
frequency-30,evaluation,2026,69,24,49 21 47 42 26 45 30 4 6 25 41 35 46 8 20 12 32 2 43 44,49 21 47 42 26 45 30 4 6 25,1,1
frequency-30,evaluation,2026,70,25,49 21 47 42 26 45 30 4 6 25 41 35 46 8 20 12 32 2 43 44,49 21 47 42 26 45 30 4 6 25,0,0
frequency-30,evaluation,2026,71,48,49 21 47 42 26 45 30 4 6 41 35 46 8 20 12 32 2 43 44 33,49 21 47 42 26 45 30 4 6 41,1,1
frequency-30,evaluation,2026,72,46,49 21 47 42 26 45 30 4 6 41 35 46 8 20 12 32 2 43 44 33,49 21 47 42 26 45 30 4 6 41,0,1
frequency-30,evaluation,2026,73,34,49 21 47 42 26 45 30 4 6 41 35 8 20 12 32 2 43 16 44 33,49 21 47 42 26 45 30 4 6 41,1,1
frequency-30,evaluation,2026,74,10,49 21 47 42 26 45 30 4 6 41 35 8 20 12 32 2 43 16 44 33,49 21 47 42 26 45 30 4 6 41,1,1
frequency-30,evaluation,2026,75,33,49 21 47 42 26 45 30 19 4 6 41 35 8 20 12 32 2 43 16 44,49 21 47 42 26 45 30 19 4 6,1,1
frequency-30,evaluation,2026,76,2,49 21 47 42 26 45 30 19 4 6 41 35 8 20 12 32 2 43 16 44,49 21 47 42 26 45 30 19 4 6,0,1
frequency-30,evaluation,2026,77,29,49 21 47 42 26 45 30 3 19 4 6 41 35 8 20 12 32 43 16 44,49 21 47 42 26 45 30 3 19 4,1,1
frequency-30,evaluation,2026,78,46,49 21 47 42 26 45 30 3 19 4 6 41 35 8 20 12 32 43 16 44,49 21 47 42 26 45 30 3 19 4,1,1
frequency-30,evaluation,2026,79,35,49 21 47 42 26 45 30 3 19 4 6 41 35 8 20 12 32 43 16 44,49 21 47 42 26 45 30 3 19 4,0,1
frequency-30,evaluation,2026,80,3,49 21 47 42 26 45 30 3 19 4 6 41 8 20 12 32 13 43 16 44,49 21 47 42 26 45 30 3 19 4,0,0
frequency-30,evaluation,2026,81,17,49 21 47 42 26 45 30 19 4 6 41 8 20 12 32 13 43 16 44 36,49 21 47 42 26 45 30 19 4 6,1,1
frequency-30,evaluation,2026,82,27,49 21 47 42 26 45 30 19 4 6 41 8 20 12 32 13 43 16 44 1,49 21 47 42 26 45 30 19 4 6,1,1
frequency-30,evaluation,2026,83,5,49 21 47 42 26 45 30 19 4 6 41 38 8 20 12 32 13 43 16 44,49 21 47 42 26 45 30 19 4 6,1,1
frequency-30,evaluation,2026,84,16,49 21 47 42 15 26 45 30 19 4 6 41 38 8 20 12 32 13 43 16,49 21 47 42 15 26 45 30 19 4,0,1
frequency-30,evaluation,2026,85,19,49 21 47 42 15 26 45 30 19 4 6 41 38 8 20 12 32 13 43 44,49 21 47 42 15 26 45 30 19 4,0,0
frequency-30,evaluation,2026,86,12,49 21 47 42 15 26 45 30 4 6 41 38 8 20 12 32 13 43 44 1,49 21 47 42 15 26 45 30 4 6,0,1
frequency-30,evaluation,2026,87,26,49 21 47 42 15 26 45 30 4 6 41 38 8 20 32 13 43 44 1 36,49 21 47 42 15 26 45 30 4 6,0,0
frequency-30,evaluation,2026,88,27,49 21 47 42 15 45 30 4 6 41 38 8 20 32 13 43 44 1 36 40,49 21 47 42 15 45 30 4 6 41,1,1
frequency-30,evaluation,2026,89,49,49 21 47 42 15 45 30 4 6 41 38 8 20 32 13 43 31 44 1 36,49 21 47 42 15 45 30 4 6 41,0,0
frequency-30,evaluation,2026,90,36,21 47 42 15 45 30 4 6 41 38 8 20 32 13 43 31 44 1 36 40,21 47 42 15 45 30 4 6 41 38,0,1
frequency-30,evaluation,2026,91,37,21 47 42 15 45 30 4 6 41 38 8 20 32 13 43 31 44 1 40 22,21 47 42 15 45 30 4 6 41 38,1,1
frequency-30,evaluation,2026,92,6,21 47 42 15 45 30 4 6 41 38 8 20 32 13 43 31 44 1 40 22,21 47 42 15 45 30 4 6 41 38,0,0
frequency-30,evaluation,2026,93,40,21 47 42 15 45 30 4 41 38 8 20 32 13 43 31 44 1 40 22 14,21 47 42 15 45 30 4 41 38 8,0,1
frequency-30,evaluation,2026,94,17,21 47 42 15 45 30 4 41 38 8 20 32 13 43 31 44 1 28 22 14,21 47 42 15 45 30 4 41 38 8,1,1
frequency-30,evaluation,2026,95,35,21 47 42 15 45 30 4 41 38 8 20 32 13 43 31 44 1 28 22 14,21 47 42 15 45 30 4 41 38 8,1,1
frequency-30,evaluation,2026,96,43,21 47 42 15 45 30 4 41 38 8 20 32 13 43 31 44 1 28 22 14,21 47 42 15 45 30 4 41 38 8,0,1
frequency-30,evaluation,2026,97,11,21 47 42 15 45 30 4 41 38 8 20 32 13 31 44 1 28 22 14 18,21 47 42 15 45 30 4 41 38 8,1,1
frequency-30,evaluation,2026,98,17,21 47 42 15 45 30 4 41 38 8 20 32 13 31 44 1 28 22 14 18,21 47 42 15 45 30 4 41 38 8,1,1
frequency-30,evaluation,2026,99,12,21 47 42 15 45 30 4 41 38 8 20 32 13 23 31 44 1 28 22 14,21 47 42 15 45 30 4 41 38 8,1,1
frequency-30,evaluation,2026,100,33,21 47 42 15 45 30 4 41 38 8 20 32 13 23 31 44 1 28 22 24,21 47 42 15 45 30 4 41 38 8,1,1
frequency-30,evaluation,2026,101,39,21 47 42 15 45 30 4 25 41 38 8 20 32 13 23 31 44 1 28 22,21 47 42 15 45 30 4 25 41 38,1,1
frequency-30,evaluation,2026,102,20,21 47 42 15 45 30 4 25 41 38 8 20 32 13 23 31 44 48 1 28,21 47 42 15 45 30 4 25 41 38,0,1
frequency-30,evaluation,2026,103,6,21 47 42 15 45 30 4 25 41 38 8 32 13 23 31 44 48 1 28 22,21 47 42 15 45 30 4 25 41 38,1,1
frequency-30,evaluation,2026,104,1,21 47 42 15 45 30 4 25 41 38 8 32 13 23 31 44 48 1 28 22,21 47 42 15 45 30 4 25 41 38,0,1
frequency-30,evaluation,2026,105,28,21 47 42 15 45 30 4 25 41 38 8 32 13 23 10 31 44 48 28 22,21 47 42 15 45 30 4 25 41 38,0,1
frequency-30,evaluation,2026,106,22,21 47 42 15 45 30 4 25 41 38 8 32 13 23 10 31 44 48 22 24,21 47 42 15 45 30 4 25 41 38,0,1
frequency-30,evaluation,2026,107,49,21 47 42 15 45 30 4 25 41 38 8 32 13 2 23 10 31 44 48 24,21 47 42 15 45 30 4 25 41 38,1,1
frequency-30,evaluation,2026,108,45,21 47 42 15 45 30 29 4 25 41 38 8 32 13 2 23 10 31 44 48,21 47 42 15 45 30 29 4 25 41,0,0
frequency-30,evaluation,2026,109,16,21 47 42 15 30 29 4 25 41 38 46 8 32 13 2 23 10 31 44 48,21 47 42 15 30 29 4 25 41 38,1,1
frequency-30,evaluation,2026,110,30,21 47 42 15 30 29 4 25 41 38 46 8 32 13 2 23 10 31 44 48,21 47 42 15 30 29 4 25 41 38,0,0
frequency-30,evaluation,2026,111,1,21 47 42 15 3 29 4 25 41 38 46 8 32 13 2 23 10 31 44 48,21 47 42 15 3 29 4 25 41 38,1,1
frequency-30,evaluation,2026,112,9,21 47 42 15 3 29 4 25 41 38 46 8 32 13 2 23 10 31 44 48,21 47 42 15 3 29 4 25 41 38,1,1
frequency-30,evaluation,2026,113,2,21 47 42 15 3 29 4 25 41 38 46 8 32 13 2 23 10 31 44 48,21 47 42 15 3 29 4 25 41 38,0,1
frequency-30,evaluation,2026,114,30,21 47 42 15 3 29 4 25 41 38 46 8 32 13 23 10 31 44 48 5,21 47 42 15 3 29 4 25 41 38,1,1
frequency-30,evaluation,2026,115,4,21 47 42 15 3 29 4 25 41 38 46 8 32 13 23 10 31 44 48 5,21 47 42 15 3 29 4 25 41 38,0,0
frequency-30,evaluation,2026,116,22,21 47 42 15 3 29 19 25 41 38 46 8 32 13 23 10 31 44 48 5,21 47 42 15 3 29 19 25 41 38,1,1
frequency-30,evaluation,2026,117,16,21 47 42 15 3 29 19 25 41 38 46 8 32 13 23 10 31 44 48 5,21 47 42 15 3 29 19 25 41 38,1,1
frequency-30,evaluation,2026,118,8,21 47 42 15 26 3 29 19 25 41 38 46 8 32 13 23 10 31 44 48,21 47 42 15 26 3 29 19 25 41,0,1
frequency-30,evaluation,2026,119,11,21 47 42 15 26 3 29 19 25 41 38 46 32 13 23 10 31 44 48 5,21 47 42 15 26 3 29 19 25 41,1,1
frequency-30,evaluation,2026,120,6,21 47 42 15 26 3 29 19 25 41 38 46 32 13 23 10 31 44 48 5,21 47 42 15 26 3 29 19 25 41,1,1
frequency-30,evaluation,2026,121,44,21 47 42 15 26 3 29 19 25 41 38 46 32 13 23 10 31 44 48 5,21 47 42 15 26 3 29 19 25 41,0,1
frequency-30,evaluation,2026,122,1,21 47 42 15 26 3 29 19 25 41 38 46 32 13 23 10 31 48 37 5,21 47 42 15 26 3 29 19 25 41,1,1
frequency-30,evaluation,2026,123,46,21 47 42 15 26 3 29 19 25 41 38 46 32 13 23 10 31 48 37 5,21 47 42 15 26 3 29 19 25 41,0,1
frequency-30,evaluation,2026,124,39,21 47 42 15 26 3 29 19 25 41 38 32 13 23 10 31 48 37 5 36,21 47 42 15 26 3 29 19 25 41,1,1
frequency-30,evaluation,2026,125,31,21 47 42 15 26 3 29 19 25 41 38 32 13 23 10 31 48 37 5 36,21 47 42 15 26 3 29 19 25 41,0,1
frequency-30,evaluation,2026,126,49,21 47 42 15 26 3 29 19 25 41 35 38 32 13 23 10 48 37 5 36,21 47 42 15 26 3 29 19 25 41,1,1
frequency-30,evaluation,2026,127,45,21 47 42 15 26 3 29 19 25 41 35 38 32 13 43 23 10 48 37 5,21 47 42 15 26 3 29 19 25 41,1,1
frequency-30,evaluation,2026,128,37,21 47 42 15 26 3 29 19 25 41 35 38 32 13 43 23 10 48 37 5,21 47 42 15 26 3 29 19 25 41,0,1
frequency-30,evaluation,2026,129,41,21 47 42 15 26 3 29 19 25 41 35 38 32 13 43 23 10 48 5 36,21 47 42 15 26 3 29 19 25 41,0,0
frequency-30,evaluation,2026,130,29,21 47 42 15 26 3 29 19 25 35 38 12 32 13 43 23 10 48 5 36,21 47 42 15 26 3 29 19 25 35,0,0
frequency-30,evaluation,2026,131,7,21 47 42 15 26 3 19 25 35 38 12 32 13 43 23 10 48 33 5 36,21 47 42 15 26 3 19 25 35 38,1,1
frequency-30,evaluation,2026,132,30,21 47 42 15 26 3 19 25 35 38 12 32 13 43 23 10 48 33 5 36,21 47 42 15 26 3 19 25 35 38,1,1
frequency-30,evaluation,2026,133,7,21 47 42 15 26 3 19 25 35 38 20 12 32 13 43 23 10 48 33 5,21 47 42 15 26 3 19 25 35 38,1,1
frequency-30,evaluation,2026,134,37,21 47 42 15 26 3 19 25 35 38 20 12 32 13 43 23 10 48 33 5,21 47 42 15 26 3 19 25 35 38,1,1
frequency-30,evaluation,2026,135,30,21 47 42 15 26 3 19 25 35 38 20 12 32 13 43 23 10 48 33 5,21 47 42 15 26 3 19 25 35 38,1,1
frequency-30,evaluation,2026,136,48,21 47 42 15 26 3 19 25 35 38 20 12 32 13 43 23 10 48 33 28,21 47 42 15 26 3 19 25 35 38,0,1
frequency-30,evaluation,2026,137,26,21 47 42 15 26 3 19 25 35 38 20 12 32 13 43 23 10 33 28 5,21 47 42 15 26 3 19 25 35 38,0,0
frequency-30,evaluation,2026,138,49,21 47 42 15 3 19 25 35 38 20 12 32 13 43 23 10 33 28 5 36,21 47 42 15 3 19 25 35 38 20,1,1
frequency-30,evaluation,2026,139,24,21 47 42 15 3 19 25 35 38 20 12 32 13 43 23 10 33 28 5 36,21 47 42 15 3 19 25 35 38 20,1,1
frequency-30,evaluation,2026,140,16,21 47 42 15 3 19 25 35 38 20 12 32 13 43 23 10 33 28 5 36,21 47 42 15 3 19 25 35 38 20,1,1
frequency-30,evaluation,2026,141,33,21 47 42 15 3 19 25 35 38 20 12 32 13 43 23 10 33 28 5 36,21 47 42 15 3 19 25 35 38 20,0,1
frequency-30,evaluation,2026,142,23,21 47 42 15 3 19 25 35 38 20 12 32 13 43 23 10 28 5 36 40,21 47 42 15 3 19 25 35 38 20,0,1
frequency-30,evaluation,2026,143,44,21 47 42 15 3 19 25 35 38 20 12 32 13 43 10 28 5 36 40 27,21 47 42 15 3 19 25 35 38 20,1,1
frequency-30,evaluation,2026,144,43,21 47 42 15 3 19 25 35 38 20 12 32 13 2 43 10 28 5 36 40,21 47 42 15 3 19 25 35 38 20,0,1
frequency-30,evaluation,2026,145,5,21 47 42 15 3 19 25 35 38 20 12 32 13 2 10 28 5 36 40 27,21 47 42 15 3 19 25 35 38 20,0,1
frequency-30,evaluation,2026,146,42,21 47 42 15 3 19 4 25 35 38 20 12 32 13 2 10 28 36 40 27,21 47 42 15 3 19 4 25 35 38,0,0
frequency-30,evaluation,2026,147,13,21 47 15 3 19 4 25 35 38 20 12 32 13 2 10 28 36 40 22 27,21 47 15 3 19 4 25 35 38 20,0,1
frequency-30,evaluation,2026,148,48,21 47 15 3 19 4 25 35 38 20 12 32 2 10 28 36 40 22 27 14,21 47 15 3 19 4 25 35 38 20,1,1
frequency-30,evaluation,2026,149,27,21 47 15 3 19 4 25 35 38 8 20 12 32 2 10 28 36 40 22 27,21 47 15 3 19 4 25 35 38 8,0,1
frequency-30,evaluation,2026,150,9,21 47 15 3 19 4 25 35 38 8 20 12 32 2 10 28 36 40 22 14,21 47 15 3 19 4 25 35 38 8,1,1
frequency-30,evaluation,2026,151,31,21 47 15 3 19 4 6 25 35 38 8 20 12 32 2 10 28 36 40 22,21 47 15 3 19 4 6 25 35 38,1,1
frequency-30,evaluation,2026,152,45,21 47 15 3 19 4 6 25 35 38 8 20 12 32 2 10 28 36 40 22,21 47 15 3 19 4 6 25 35 38,1,1
frequency-30,evaluation,2026,153,41,21 47 15 3 19 4 6 25 35 38 8 20 12 32 2 10 1 28 36 40,21 47 15 3 19 4 6 25 35 38,1,1
frequency-30,evaluation,2026,154,41,21 47 15 3 19 4 6 25 35 38 46 8 20 12 32 2 10 1 28 36,21 47 15 3 19 4 6 25 35 38,1,1
frequency-30,evaluation,2026,155,7,21 47 15 3 19 4 6 25 35 38 46 8 20 12 32 2 10 1 28 36,21 47 15 3 19 4 6 25 35 38,1,1
frequency-30,evaluation,2026,156,1,21 47 15 3 19 4 6 25 35 38 46 8 20 12 32 2 10 1 28 36,21 47 15 3 19 4 6 25 35 38,0,1
frequency-30,evaluation,2026,157,40,21 47 15 3 19 4 6 25 35 38 46 8 20 12 32 2 10 28 36 40,21 47 15 3 19 4 6 25 35 38,0,1
frequency-30,evaluation,2026,158,16,21 47 15 3 19 4 6 25 35 38 46 8 20 12 32 2 10 28 36 22,21 47 15 3 19 4 6 25 35 38,1,1
frequency-30,evaluation,2026,159,39,21 47 15 3 19 4 6 25 35 38 46 8 20 12 32 2 10 28 36 22,21 47 15 3 19 4 6 25 35 38,1,1
frequency-30,evaluation,2026,160,2,21 47 15 3 19 4 6 25 35 38 46 8 20 12 32 2 10 28 36 22,21 47 15 3 19 4 6 25 35 38,0,1
frequency-30,evaluation,2026,161,8,21 47 15 3 29 19 4 6 25 35 38 46 8 20 12 32 10 28 36 22,21 47 15 3 29 19 4 6 25 35,0,1
frequency-30,evaluation,2026,162,32,21 47 15 3 29 19 4 6 25 35 38 46 20 12 32 10 28 36 22 14,21 47 15 3 29 19 4 6 25 35,0,1
frequency-30,evaluation,2026,163,37,21 47 15 3 29 19 4 6 25 35 38 46 20 12 10 28 36 22 14 18,21 47 15 3 29 19 4 6 25 35,1,1
frequency-30,evaluation,2026,164,21,21 47 15 3 29 19 4 6 25 35 38 46 20 12 10 28 36 22 14 18,21 47 15 3 29 19 4 6 25 35,0,0
frequency-30,evaluation,2026,165,3,47 15 3 29 19 4 6 25 35 38 46 20 12 10 28 36 22 14 18 11,47 15 3 29 19 4 6 25 35 38,0,0
frequency-30,evaluation,2026,166,6,47 15 30 29 19 4 6 25 35 38 46 20 12 10 28 36 22 14 18 11,47 15 30 29 19 4 6 25 35 38,0,0
frequency-30,evaluation,2026,167,19,47 15 30 29 19 4 25 35 38 46 20 12 10 28 36 22 14 18 11 34,47 15 30 29 19 4 25 35 38 46,0,0
frequency-30,evaluation,2026,168,15,47 15 26 30 29 4 25 35 38 46 20 12 10 28 36 22 14 18 11 34,47 15 26 30 29 4 25 35 38 46,0,0
frequency-30,evaluation,2026,169,24,49 47 26 30 29 4 25 35 38 46 20 12 10 28 36 22 14 18 11 34,49 47 26 30 29 4 25 35 38 46,1,1
frequency-30,evaluation,2026,170,3,49 47 26 30 29 4 25 35 38 46 20 12 10 28 36 22 14 18 11 34,49 47 26 30 29 4 25 35 38 46,1,1
frequency-30,evaluation,2026,171,28,49 47 26 30 29 4 25 35 38 46 20 12 10 28 36 22 14 18 11 34,49 47 26 30 29 4 25 35 38 46,0,1
frequency-30,evaluation,2026,172,44,49 47 26 30 29 4 25 35 38 46 20 12 10 33 36 22 14 18 11 34,49 47 26 30 29 4 25 35 38 46,1,1
frequency-30,evaluation,2026,173,26,49 47 26 30 29 4 25 35 38 46 20 12 23 10 33 36 22 14 18 11,49 47 26 30 29 4 25 35 38 46,0,0
frequency-30,evaluation,2026,174,41,49 47 30 29 4 25 35 38 46 20 12 23 10 33 36 22 14 18 11 34,49 47 30 29 4 25 35 38 46 20,1,1
frequency-30,evaluation,2026,175,26,49 47 30 29 4 25 35 38 46 20 12 43 23 10 33 36 22 14 18 11,49 47 30 29 4 25 35 38 46 20,1,1
frequency-30,evaluation,2026,176,10,49 47 30 29 4 25 35 38 46 20 12 43 23 10 33 5 36 22 14 18,49 47 30 29 4 25 35 38 46 20,0,1
frequency-30,evaluation,2026,177,14,49 47 42 30 29 4 25 35 38 46 20 12 43 23 33 5 36 22 14 18,49 47 42 30 29 4 25 35 38 46,0,1
frequency-30,evaluation,2026,178,18,49 47 42 30 29 4 25 35 38 46 20 12 13 43 23 33 5 36 22 18,49 47 42 30 29 4 25 35 38 46,0,1
frequency-30,evaluation,2026,179,15,49 47 42 30 29 4 25 35 38 46 20 12 13 43 23 48 33 5 36 22,49 47 42 30 29 4 25 35 38 46,1,1
frequency-30,evaluation,2026,180,21,49 47 42 30 29 4 25 35 38 46 20 12 13 43 23 48 33 5 36 22,49 47 42 30 29 4 25 35 38 46,1,1
frequency-30,evaluation,2026,181,19,49 47 42 30 29 4 25 35 38 46 20 12 13 43 23 48 33 5 36 22,49 47 42 30 29 4 25 35 38 46,1,1
frequency-30,evaluation,2026,182,41,49 47 42 30 29 4 25 35 38 46 20 12 13 43 23 31 48 33 5 36,49 47 42 30 29 4 25 35 38 46,1,1
frequency-30,evaluation,2026,183,24,49 47 42 45 30 29 4 25 35 38 46 20 12 13 43 23 31 48 33 5,49 47 42 45 30 29 4 25 35 38,1,1
frequency-30,evaluation,2026,184,1,49 47 42 45 30 29 4 25 35 38 46 20 12 13 43 23 31 48 33 5,49 47 42 45 30 29 4 25 35 38,1,1
frequency-30,evaluation,2026,185,36,49 47 42 45 30 29 4 25 35 38 46 20 12 13 43 23 31 48 33 5,49 47 42 45 30 29 4 25 35 38,1,1
frequency-30,evaluation,2026,186,23,49 47 42 45 30 29 4 25 35 38 46 20 12 13 43 23 31 48 33 5,49 47 42 45 30 29 4 25 35 38,0,1
frequency-30,evaluation,2026,187,1,49 47 42 45 30 29 4 25 35 38 46 20 12 13 43 31 48 33 5 22,49 47 42 45 30 29 4 25 35 38,1,1
frequency-30,evaluation,2026,188,16,49 47 42 45 30 29 4 25 35 38 46 20 12 13 43 31 48 33 5 40,49 47 42 45 30 29 4 25 35 38,1,1
frequency-30,evaluation,2026,189,15,49 47 42 45 30 29 4 25 35 38 46 20 12 13 43 31 48 33 5 40,49 47 42 45 30 29 4 25 35 38,1,1
frequency-30,evaluation,2026,190,16,49 47 42 45 30 29 4 25 35 38 46 20 12 13 43 31 48 33 5 40,49 47 42 45 30 29 4 25 35 38,1,1
frequency-30,evaluation,2026,191,29,49 47 42 45 30 29 4 25 35 38 46 20 12 13 2 43 31 48 33 5,49 47 42 45 30 29 4 25 35 38,0,0
frequency-30,evaluation,2026,192,25,49 47 42 45 30 4 25 35 38 46 8 20 12 13 2 43 31 48 33 5,49 47 42 45 30 4 25 35 38 46,0,0
frequency-30,evaluation,2026,193,9,49 47 42 45 30 4 35 38 46 8 20 12 32 13 2 43 31 48 33 5,49 47 42 45 30 4 35 38 46 8,1,1
frequency-30,evaluation,2026,194,26,49 47 42 45 30 4 35 38 46 8 20 12 32 13 2 43 31 48 37 33,49 47 42 45 30 4 35 38 46 8,1,1
frequency-30,evaluation,2026,195,25,49 47 42 45 30 4 35 38 46 8 20 12 32 13 2 43 31 48 37 33,49 47 42 45 30 4 35 38 46 8,1,1
frequency-30,evaluation,2026,196,39,49 47 42 45 30 4 35 38 46 8 20 12 32 13 2 43 31 48 37 33,49 47 42 45 30 4 35 38 46 8,1,1
frequency-30,evaluation,2026,197,8,49 47 42 45 30 4 6 35 38 46 8 20 12 32 13 2 43 31 48 37,49 47 42 45 30 4 6 35 38 46,0,1
frequency-30,evaluation,2026,198,7,49 47 42 45 30 4 6 35 38 46 20 12 32 13 2 43 31 48 37 33,49 47 42 45 30 4 6 35 38 46,1,1
frequency-30,evaluation,2026,199,36,49 47 42 45 30 4 6 35 38 46 20 12 32 13 2 43 31 48 37 33,49 47 42 45 30 4 6 35 38 46,1,1
frequency-30,evaluation,2026,200,39,49 47 42 45 30 4 6 35 38 46 20 12 32 13 2 43 31 48 37 33,49 47 42 45 30 4 6 35 38 46,1,1
frequency-30,evaluation,2026,201,32,49 47 42 45 30 3 4 6 35 38 46 20 12 32 13 2 43 31 48 37,49 47 42 45 30 3 4 6 35 38,0,1
frequency-30,evaluation,2026,202,40,49 47 42 45 30 3 4 6 35 38 46 20 12 13 2 43 31 48 37 33,49 47 42 45 30 3 4 6 35 38,1,1
frequency-30,evaluation,2026,203,25,49 47 42 45 30 3 4 6 35 38 46 20 12 13 2 43 31 44 48 37,49 47 42 45 30 3 4 6 35 38,1,1
frequency-30,evaluation,2026,204,5,49 47 42 45 30 3 4 6 35 38 46 20 12 13 2 43 31 44 48 37,49 47 42 45 30 3 4 6 35 38,1,1
frequency-30,evaluation,2026,205,3,49 47 42 45 30 3 4 6 35 38 46 20 12 13 2 43 31 44 48 37,49 47 42 45 30 3 4 6 35 38,0,0
frequency-30,evaluation,2026,206,47,49 47 42 45 30 4 6 35 38 46 20 12 13 2 43 31 44 48 37 33,49 47 42 45 30 4 6 35 38 46,0,0
frequency-30,evaluation,2026,207,31,49 42 45 30 4 6 35 38 46 20 12 13 2 43 10 31 44 48 37 33,49 42 45 30 4 6 35 38 46 20,0,1
frequency-30,evaluation,2026,208,19,49 42 45 30 4 6 35 38 46 20 12 13 2 43 10 44 48 37 33 28,49 42 45 30 4 6 35 38 46 20,1,1
frequency-30,evaluation,2026,209,8,49 42 45 30 4 6 35 38 46 20 12 13 2 43 10 44 48 37 33 28,49 42 45 30 4 6 35 38 46 20,1,1
frequency-30,evaluation,2026,210,49,49 42 45 30 4 6 35 38 46 20 12 13 2 43 10 44 48 37 33 28,49 42 45 30 4 6 35 38 46 20,0,0
frequency-30,evaluation,2026,211,1,21 42 45 30 4 6 35 38 46 20 12 13 2 43 10 44 48 37 33 28,21 42 45 30 4 6 35 38 46 20,1,1
frequency-30,evaluation,2026,212,6,21 42 45 30 4 6 35 38 46 20 12 13 2 43 10 44 48 37 33 28,21 42 45 30 4 6 35 38 46 20,0,0
frequency-30,evaluation,2026,213,35,21 42 45 30 4 41 35 38 46 20 12 13 2 43 10 44 48 37 33 28,21 42 45 30 4 41 35 38 46 20,0,0
frequency-30,evaluation,2026,214,4,21 42 45 30 4 41 38 46 20 12 13 2 43 10 44 48 37 33 28 22,21 42 45 30 4 41 38 46 20 12,0,0
frequency-30,evaluation,2026,215,14,21 42 45 30 41 38 46 20 12 13 2 43 10 44 48 37 33 28 22 24,21 42 45 30 41 38 46 20 12 13,1,1
frequency-30,evaluation,2026,216,37,21 42 45 30 41 38 46 20 12 13 2 43 10 44 48 37 33 28 22 24,21 42 45 30 41 38 46 20 12 13,0,1
frequency-30,evaluation,2026,217,26,21 42 45 30 41 38 46 20 12 13 2 43 23 10 44 48 33 28 22 24,21 42 45 30 41 38 46 20 12 13,1,1
frequency-30,evaluation,2026,218,17,21 42 45 30 41 38 46 20 12 13 2 43 23 10 44 48 33 28 22 24,21 42 45 30 41 38 46 20 12 13,1,1
frequency-30,evaluation,2026,219,43,21 42 45 30 41 38 46 20 12 13 2 43 23 10 44 48 33 28 22 24,21 42 45 30 41 38 46 20 12 13,0,1
frequency-30,evaluation,2026,220,48,21 42 15 45 30 41 38 46 20 12 13 2 23 10 44 48 33 28 22 24,21 42 15 45 30 41 38 46 20 12,0,1
frequency-30,evaluation,2026,221,1,21 42 15 45 30 41 38 46 20 12 13 2 23 10 16 44 33 28 22 24,21 42 15 45 30 41 38 46 20 12,1,1
frequency-30,evaluation,2026,222,26,21 42 15 45 30 29 41 38 46 20 12 13 2 23 10 16 44 33 28 22,21 42 15 45 30 29 41 38 46 20,1,1
frequency-30,evaluation,2026,223,23,21 42 15 45 30 29 41 38 46 20 12 13 2 23 10 16 44 33 28 22,21 42 15 45 30 29 41 38 46 20,0,1
frequency-30,evaluation,2026,224,9,21 42 15 45 30 29 41 38 46 20 12 13 2 10 16 44 33 28 22 24,21 42 15 45 30 29 41 38 46 20,1,1
frequency-30,evaluation,2026,225,1,21 42 15 45 30 29 41 38 46 20 12 13 2 10 16 44 33 28 22 24,21 42 15 45 30 29 41 38 46 20,1,1
frequency-30,evaluation,2026,226,17,21 42 15 45 30 29 41 38 46 20 12 13 2 10 16 44 33 28 22 24,21 42 15 45 30 29 41 38 46 20,1,1
frequency-30,evaluation,2026,227,16,21 42 15 45 30 29 41 38 46 20 12 13 2 10 16 44 33 28 22 24,21 42 15 45 30 29 41 38 46 20,0,1
frequency-30,evaluation,2026,228,23,21 42 15 45 30 29 41 38 46 20 12 13 2 10 44 33 28 22 24 27,21 42 15 45 30 29 41 38 46 20,1,1
frequency-30,evaluation,2026,229,38,21 42 15 45 30 29 41 38 46 20 12 13 2 10 44 33 28 22 24 27,21 42 15 45 30 29 41 38 46 20,0,0
frequency-30,evaluation,2026,230,16,21 42 15 45 30 29 41 46 20 12 13 2 10 44 33 28 36 22 24 27,21 42 15 45 30 29 41 46 20 12,1,1
frequency-30,evaluation,2026,231,20,21 42 15 45 30 29 41 46 20 12 13 2 10 44 33 28 36 22 24 27,21 42 15 45 30 29 41 46 20 12,0,0
frequency-30,evaluation,2026,232,42,21 42 15 45 30 29 41 46 12 32 13 2 10 44 33 28 36 22 24 27,21 42 15 45 30 29 41 46 12 32,0,0
frequency-30,evaluation,2026,233,7,21 15 45 30 29 41 46 12 32 13 2 10 44 33 28 36 40 22 24 27,21 15 45 30 29 41 46 12 32 13,1,1
frequency-30,evaluation,2026,234,39,21 15 45 30 29 25 41 46 12 32 13 2 10 44 33 28 36 40 22 24,21 15 45 30 29 25 41 46 12 32,1,1
frequency-30,evaluation,2026,235,32,21 15 45 30 29 25 41 46 12 32 13 2 10 44 33 28 5 36 40 22,21 15 45 30 29 25 41 46 12 32,0,0
frequency-30,evaluation,2026,236,11,21 15 45 30 3 29 25 41 46 12 13 2 10 44 33 28 5 36 40 22,21 15 45 30 3 29 25 41 46 12,1,1
frequency-30,evaluation,2026,237,12,21 47 15 45 30 3 29 25 41 46 12 13 2 10 44 33 28 5 36 40,21 47 15 45 30 3 29 25 41 46,0,1
frequency-30,evaluation,2026,238,17,21 47 15 45 30 3 29 25 41 46 13 2 10 31 44 33 28 5 36 40,21 47 15 45 30 3 29 25 41 46,1,1
frequency-30,evaluation,2026,239,5,21 47 15 45 30 3 29 19 25 41 46 13 2 10 31 44 33 28 5 36,21 47 15 45 30 3 29 19 25 41,0,1
frequency-30,evaluation,2026,240,27,21 47 15 45 30 3 29 19 25 41 46 8 13 2 10 31 44 33 28 36,21 47 15 45 30 3 29 19 25 41,1,1
frequency-30,evaluation,2026,241,49,49 21 47 15 45 30 3 29 19 25 41 46 8 13 2 10 31 44 33 28,49 21 47 15 45 30 3 29 19 25,0,0
frequency-30,evaluation,2026,242,9,21 47 15 45 30 3 29 19 25 41 46 8 13 2 10 31 44 33 28 36,21 47 15 45 30 3 29 19 25 41,1,1
frequency-30,evaluation,2026,243,21,21 47 15 45 30 3 29 19 6 25 41 46 8 13 2 10 31 44 33 28,21 47 15 45 30 3 29 19 6 25,0,0
frequency-30,evaluation,2026,244,46,47 15 45 30 3 29 19 6 25 41 35 46 8 13 2 10 31 44 33 28,47 15 45 30 3 29 19 6 25 41,0,1
frequency-30,evaluation,2026,245,18,47 15 45 30 3 29 19 4 6 25 41 35 8 13 2 10 31 44 33 28,47 15 45 30 3 29 19 4 6 25,1,1
frequency-30,evaluation,2026,246,30,47 15 45 30 3 29 19 4 6 25 41 35 8 13 2 10 31 44 33 28,47 15 45 30 3 29 19 4 6 25,0,0
frequency-30,evaluation,2026,247,40,47 15 45 3 29 19 4 6 25 41 35 8 13 2 10 31 44 37 33 28,47 15 45 3 29 19 4 6 25 41,1,1
frequency-30,evaluation,2026,248,20,47 15 45 3 29 19 4 6 25 41 35 8 13 2 10 31 44 37 33 28,47 15 45 3 29 19 4 6 25 41,1,1
frequency-30,evaluation,2026,249,23,47 15 45 3 29 19 4 6 25 41 35 8 13 2 10 31 44 37 33 28,47 15 45 3 29 19 4 6 25 41,1,1
frequency-30,evaluation,2026,250,14,47 15 45 3 29 19 4 6 25 41 35 8 13 2 43 10 31 44 37 33,47 15 45 3 29 19 4 6 25 41,1,1
frequency-30,evaluation,2026,251,30,47 15 45 3 29 19 4 6 25 41 35 8 13 2 43 10 31 44 48 37,47 15 45 3 29 19 4 6 25 41,1,1
frequency-30,evaluation,2026,252,22,47 15 45 3 29 19 4 6 25 41 35 8 13 2 43 10 31 44 48 37,47 15 45 3 29 19 4 6 25 41,1,1
frequency-30,evaluation,2026,253,16,47 15 26 45 3 29 19 4 6 25 41 35 8 13 2 43 10 31 44 48,47 15 26 45 3 29 19 4 6 25,1,1
frequency-30,evaluation,2026,254,2,47 15 26 45 3 29 19 4 6 25 41 35 8 13 2 43 10 31 44 48,47 15 26 45 3 29 19 4 6 25,0,1
frequency-30,evaluation,2026,255,44,47 15 26 45 3 29 19 4 6 25 41 35 8 13 43 10 31 44 48 37,47 15 26 45 3 29 19 4 6 25,0,1
frequency-30,evaluation,2026,256,1,47 15 26 45 3 29 19 4 6 25 41 35 8 13 43 10 31 48 37 1,47 15 26 45 3 29 19 4 6 25,0,1
frequency-30,evaluation,2026,257,7,47 15 26 45 3 29 19 4 6 25 41 35 8 13 43 10 31 48 37 33,47 15 26 45 3 29 19 4 6 25,1,1
frequency-30,evaluation,2026,258,46,47 15 26 45 3 29 19 4 6 25 41 35 8 13 43 10 31 48 37 33,47 15 26 45 3 29 19 4 6 25,1,1
frequency-30,evaluation,2026,259,22,47 15 26 45 3 29 19 4 6 25 41 35 8 13 43 10 31 48 37 33,47 15 26 45 3 29 19 4 6 25,1,1
frequency-30,evaluation,2026,260,20,47 15 26 45 3 29 19 4 6 25 41 35 38 8 13 43 10 31 48 37,47 15 26 45 3 29 19 4 6 25,1,1
frequency-30,evaluation,2026,261,24,47 15 26 45 3 29 19 4 6 25 41 35 38 8 13 43 10 31 48 37,47 15 26 45 3 29 19 4 6 25,1,1
frequency-30,evaluation,2026,262,30,47 15 26 45 3 29 19 4 6 25 41 35 38 8 13 43 10 31 48 37,47 15 26 45 3 29 19 4 6 25,1,1
frequency-30,evaluation,2026,263,9,47 42 15 26 45 3 29 19 4 6 25 41 35 38 8 13 43 10 31 48,47 42 15 26 45 3 29 19 4 6,1,1
frequency-30,evaluation,2026,264,21,47 42 15 26 45 3 29 19 4 6 25 41 35 38 8 13 43 10 31 48,47 42 15 26 45 3 29 19 4 6,1,1
frequency-30,evaluation,2026,265,49,47 42 15 26 45 3 29 19 4 6 25 41 35 38 8 13 43 10 31 48,47 42 15 26 45 3 29 19 4 6,1,1
frequency-30,evaluation,2026,266,8,47 42 15 26 45 3 29 19 4 6 25 41 35 38 8 32 13 43 10 31,47 42 15 26 45 3 29 19 4 6,0,1
frequency-100,validation,2025,246,6,49 3 19 6 35 12 48 22 21 26 20 44 37 27 7 17 30 4 25 41,49 3 19 6 35 12 48 22 21 26,0,0
frequency-100,validation,2025,247,25,49 3 19 35 12 48 22 21 26 6 20 44 37 27 14 7 17 30 4 25,49 3 19 35 12 48 22 21 26 6,0,1
frequency-100,validation,2025,248,12,49 3 19 35 12 48 22 21 26 6 20 32 44 37 27 14 7 17 30 4,49 3 19 35 12 48 22 21 26 6,0,0
frequency-100,validation,2025,249,2,49 3 19 35 48 22 21 26 6 20 12 32 44 37 27 14 7 17 30 4,49 3 19 35 48 22 21 26 6 20,1,1
frequency-100,validation,2025,250,12,49 3 19 35 48 22 21 26 6 41 20 12 32 44 37 27 14 7 17 30,49 3 19 35 48 22 21 26 6 41,0,1
frequency-100,validation,2025,251,35,49 3 19 35 48 22 21 26 6 41 20 32 44 37 40 27 14 7 17 30,49 3 19 35 48 22 21 26 6 41,0,0
frequency-100,validation,2025,252,23,49 3 19 48 22 21 26 6 41 35 20 32 44 37 40 27 14 7 17 30,49 3 19 48 22 21 26 6 41 35,1,1
frequency-100,validation,2025,253,33,49 3 19 48 22 21 26 6 41 35 20 32 44 37 40 27 14 7 17 30,49 3 19 48 22 21 26 6 41 35,1,1
frequency-100,validation,2025,254,17,49 3 19 48 22 21 26 6 41 35 20 32 44 37 40 27 14 7 17 30,49 3 19 48 22 21 26 6 41 35,0,1
frequency-100,validation,2025,255,42,49 26 3 19 48 22 21 6 41 35 20 32 44 37 40 27 14 7 30 4,49 26 3 19 48 22 21 6 41 35,1,1
frequency-100,validation,2025,256,48,49 26 3 19 48 22 21 6 41 35 20 32 44 37 40 27 14 7 45 30,49 26 3 19 48 22 21 6 41 35,0,0
frequency-100,validation,2025,257,28,49 26 3 19 22 21 6 41 35 20 32 44 48 37 40 27 14 7 45 30,49 26 3 19 22 21 6 41 35 20,1,1
frequency-100,validation,2025,258,38,49 26 3 19 22 21 6 41 35 20 32 44 48 37 40 27 14 7 45 30,49 26 3 19 22 21 6 41 35 20,1,1
frequency-100,validation,2025,259,47,49 26 3 19 22 21 6 41 35 20 32 44 48 37 5 40 27 14 7 45,49 26 3 19 22 21 6 41 35 20,1,1
frequency-100,validation,2025,260,3,49 26 3 19 22 21 6 41 35 20 32 31 44 48 37 5 40 27 14 7,49 26 3 19 22 21 6 41 35 20,0,0
frequency-100,validation,2025,261,33,49 26 19 22 21 3 6 41 35 20 32 31 44 48 37 5 40 27 14 11,49 26 19 22 21 3 6 41 35 20,1,1
frequency-100,validation,2025,262,44,49 26 19 22 21 3 6 41 35 20 32 31 44 48 37 5 40 27 14 11,49 26 19 22 21 3 6 41 35 20,0,1
frequency-100,validation,2025,263,38,49 26 19 22 21 3 6 41 35 20 32 31 48 37 5 40 27 14 11 7,49 26 19 22 21 3 6 41 35 20,1,1
frequency-100,validation,2025,264,43,49 26 19 22 21 3 6 41 35 20 32 31 48 37 5 40 27 14 11 7,49 26 19 22 21 3 6 41 35 20,1,1
frequency-100,validation,2025,265,10,49 26 19 22 21 3 6 41 35 20 32 31 48 37 5 40 27 14 11 7,49 26 19 22 21 3 6 41 35 20,1,1
frequency-100,validation,2025,266,41,49 26 19 22 21 3 6 41 35 20 32 31 48 37 5 40 27 14 11 7,49 26 19 22 21 3 6 41 35 20,0,0
frequency-100,validation,2025,267,29,49 26 19 22 21 3 6 41 35 20 32 31 48 37 5 40 27 14 11 7,49 26 19 22 21 3 6 41 35 20,1,1
frequency-100,validation,2025,268,10,49 26 19 22 21 3 6 41 35 20 32 31 48 37 5 40 27 14 11 7,49 26 19 22 21 3 6 41 35 20,1,1
frequency-100,validation,2025,269,31,49 26 19 22 21 3 6 41 35 20 32 31 16 48 37 5 40 27 14 11,49 26 19 22 21 3 6 41 35 20,0,1
frequency-100,validation,2025,270,35,49 26 19 22 7 21 3 6 41 35 20 32 16 48 37 5 40 27 14 11,49 26 19 22 7 21 3 6 41 35,0,0
frequency-100,validation,2025,271,6,49 26 19 22 7 21 3 6 41 20 32 16 48 37 5 40 27 14 11 45,49 26 19 22 7 21 3 6 41 20,0,0
frequency-100,validation,2025,272,36,49 26 19 22 7 21 3 41 20 32 16 48 37 5 40 27 14 11 45 30,49 26 19 22 7 21 3 41 20 32,1,1
frequency-100,validation,2025,273,4,49 26 19 22 7 21 3 41 20 32 16 48 37 5 40 27 14 11 45 30,49 26 19 22 7 21 3 41 20 32,1,1
frequency-100,validation,2025,274,44,49 26 19 22 7 21 3 41 20 32 16 48 37 5 40 27 14 11 45 30,49 26 19 22 7 21 3 41 20 32,1,1
frequency-100,validation,2025,275,45,49 26 19 22 7 21 3 41 20 32 16 48 37 5 40 27 14 11 45 30,49 26 19 22 7 21 3 41 20 32,0,1
frequency-100,validation,2025,276,9,49 26 19 22 7 21 30 3 41 20 32 16 48 37 5 40 27 14 11 6,49 26 19 22 7 21 30 3 41 20,1,1
frequency-100,validation,2025,277,16,49 26 19 22 7 21 30 3 41 20 32 16 48 37 5 36 40 27 14 11,49 26 19 22 7 21 30 3 41 20,0,1
frequency-100,validation,2025,278,28,49 26 19 22 7 21 30 3 41 20 32 48 37 5 36 40 27 14 11 4,49 26 19 22 7 21 30 3 41 20,1,1
frequency-100,validation,2025,279,27,49 26 19 22 27 7 21 30 3 41 20 32 48 37 5 36 40 14 11 4,49 26 19 22 27 7 21 30 3 41,0,0
frequency-100,validation,2025,280,42,49 26 19 22 7 21 30 3 41 20 32 48 37 5 36 40 27 14 11 4,49 26 19 22 7 21 30 3 41 20,1,1
frequency-100,validation,2025,281,47,49 26 19 22 7 21 30 3 41 20 32 48 37 5 36 40 27 14 11 4,49 26 19 22 7 21 30 3 41 20,1,1
frequency-100,validation,2025,282,41,49 26 19 22 7 21 30 3 41 20 32 48 37 5 36 40 27 14 11 4,49 26 19 22 7 21 30 3 41 20,0,0
frequency-100,validation,2025,283,45,49 26 19 22 7 21 30 3 20 32 48 37 5 36 40 27 14 11 4 6,49 26 19 22 7 21 30 3 20 32,1,1
frequency-100,validation,2025,284,41,49 26 19 22 7 21 30 3 20 32 48 37 5 36 40 27 14 11 4 6,49 26 19 22 7 21 30 3 20 32,1,1
frequency-100,validation,2025,285,24,49 26 19 22 7 21 30 3 20 32 48 37 5 36 40 27 14 11 4 6,49 26 19 22 7 21 30 3 20 32,1,1
frequency-100,validation,2025,286,3,49 26 19 5 22 7 21 30 3 20 32 48 37 36 40 27 14 11 4 6,49 26 19 5 22 7 21 30 3 20,0,0
frequency-100,validation,2025,287,34,49 26 19 5 22 7 21 30 20 32 48 37 36 40 27 14 11 3 4 6,49 26 19 5 22 7 21 30 20 32,1,1
frequency-100,validation,2025,288,14,49 26 19 5 22 7 21 30 20 32 48 37 36 40 27 14 11 3 4 6,49 26 19 5 22 7 21 30 20 32,0,1
frequency-100,validation,2025,289,42,49 26 19 5 22 7 21 30 20 32 48 37 36 40 27 11 3 4 6 35,49 26 19 5 22 7 21 30 20 32,1,1
frequency-100,validation,2025,290,19,49 26 19 5 22 7 21 30 20 32 48 37 36 40 27 11 17 3 4 6,49 26 19 5 22 7 21 30 20 32,0,0
frequency-100,validation,2025,291,44,49 26 5 22 7 21 30 19 20 32 48 37 36 40 27 11 17 3 4 6,49 26 5 22 7 21 30 19 20 32,1,1
frequency-100,validation,2025,292,2,49 26 5 22 7 21 30 19 20 32 48 37 36 40 27 11 17 3 29 4,49 26 5 22 7 21 30 19 20 32,1,1
frequency-100,validation,2025,293,47,49 26 5 22 7 21 30 19 20 32 48 37 36 40 27 11 17 45 3 29,49 26 5 22 7 21 30 19 20 32,1,1
frequency-100,validation,2025,294,18,49 26 5 22 7 21 30 19 20 32 48 37 36 40 27 11 17 45 3 29,49 26 5 22 7 21 30 19 20 32,1,1
frequency-100,validation,2025,295,5,49 26 5 22 7 21 30 29 19 20 32 48 37 36 40 27 11 17 45 3,49 26 5 22 7 21 30 29 19 20,0,0
frequency-100,validation,2025,296,22,49 26 22 7 21 30 29 19 20 32 48 37 5 36 40 27 11 17 45 3,49 26 22 7 21 30 29 19 20 32,0,0
frequency-100,validation,2025,297,44,49 26 7 21 30 29 19 20 32 48 37 5 36 40 22 27 14 11 17 45,49 26 7 21 30 29 19 20 32 48,1,1
frequency-100,validation,2025,298,23,49 26 7 21 30 29 19 20 32 48 37 5 36 40 22 27 14 11 17 45,49 26 7 21 30 29 19 20 32 48,1,1
frequency-100,validation,2025,299,49,49 26 7 21 30 29 19 20 32 48 37 5 36 40 22 27 14 11 17 45,49 26 7 21 30 29 19 20 32 48,0,0
frequency-100,validation,2025,300,40,26 7 49 21 30 29 19 20 32 48 37 5 36 40 22 27 14 11 17 45,26 7 49 21 30 29 19 20 32 48,0,1
frequency-100,validation,2025,301,5,26 7 49 21 30 29 19 20 32 48 37 5 36 22 27 14 11 17 45 3,26 7 49 21 30 29 19 20 32 48,0,1
frequency-100,validation,2025,302,22,26 7 49 21 30 29 19 20 32 48 37 36 22 27 14 11 17 45 3 4,26 7 49 21 30 29 19 20 32 48,0,1
frequency-100,validation,2025,303,15,26 20 7 49 21 30 29 19 32 48 37 36 27 14 11 17 45 3 4 6,26 20 7 49 21 30 29 19 32 48,1,1
frequency-100,validation,2025,304,48,26 20 7 49 21 30 29 19 32 48 37 36 27 14 11 17 45 3 4 6,26 20 7 49 21 30 29 19 32 48,0,0
frequency-100,validation,2025,305,42,26 30 20 7 49 21 29 19 32 37 36 27 14 11 17 45 3 4 6 25,26 30 20 7 49 21 29 19 32 37,1,1
frequency-100,validation,2025,306,17,26 30 20 7 49 21 29 19 32 37 1 36 27 14 11 17 45 3 4 6,26 30 20 7 49 21 29 19 32 37,0,1
frequency-100,validation,2025,307,20,26 30 20 7 49 21 29 19 32 37 1 36 27 14 11 45 3 4 6 25,26 30 20 7 49 21 29 19 32 37,0,0
frequency-100,validation,2025,308,39,26 30 7 49 21 29 19 20 32 37 1 36 27 14 11 45 3 4 6 25,26 30 7 49 21 29 19 20 32 37,1,1
frequency-100,validation,2025,309,6,26 30 7 49 21 29 19 20 32 37 1 36 27 14 11 45 3 4 6 25,26 30 7 49 21 29 19 20 32 37,0,1
frequency-100,validation,2025,310,16,26 30 7 49 21 29 19 20 32 13 37 1 36 27 14 11 45 3 4 25,26 30 7 49 21 29 19 20 32 13,1,1
frequency-100,validation,2025,311,37,26 30 7 49 21 29 19 20 32 13 37 1 36 27 14 11 45 3 4 25,26 30 7 49 21 29 19 20 32 13,0,1
frequency-100,validation,2025,312,14,26 30 7 49 21 29 19 20 32 13 1 36 27 14 11 45 3 4 25 35,26 30 7 49 21 29 19 20 32 13,0,1
frequency-100,validation,2025,313,38,26 30 7 49 21 29 19 20 32 13 1 36 27 18 11 45 3 4 25 35,26 30 7 49 21 29 19 20 32 13,1,1
frequency-100,validation,2025,314,23,26 30 11 7 49 21 29 19 20 32 13 1 36 27 18 45 3 4 25 35,26 30 11 7 49 21 29 19 20 32,1,1
frequency-100,validation,2025,315,4,26 30 11 7 49 21 29 19 20 32 13 1 36 27 18 15 45 3 4 25,26 30 11 7 49 21 29 19 20 32,0,1
frequency-100,validation,2025,316,24,21 26 30 11 7 49 29 19 20 32 13 1 36 27 18 15 45 3 25 35,21 26 30 11 7 49 29 19 20 32,1,1
frequency-100,validation,2025,317,18,21 26 30 11 7 49 29 19 20 32 13 1 36 27 18 15 45 3 25 35,21 26 30 11 7 49 29 19 20 32,0,1
frequency-100,validation,2025,318,6,21 26 30 11 7 49 29 19 46 20 32 13 1 36 27 15 45 3 25 35,21 26 30 11 7 49 29 19 46 20,1,1
frequency-100,validation,2025,319,45,21 26 30 11 7 49 29 19 46 20 32 13 1 36 27 15 45 3 25 35,21 26 30 11 7 49 29 19 46 20,0,1
frequency-100,validation,2025,320,28,21 26 30 11 7 49 29 19 46 20 32 13 1 36 27 9 15 3 25 35,21 26 30 11 7 49 29 19 46 20,1,1
frequency-100,validation,2025,321,23,21 26 30 11 7 49 29 19 46 20 32 13 1 36 27 9 15 3 25 35,21 26 30 11 7 49 29 19 46 20,1,1
frequency-100,validation,2025,322,47,21 26 30 11 7 49 29 19 46 8 20 32 13 1 36 27 9 15 3 25,21 26 30 11 7 49 29 19 46 8,1,1
frequency-100,validation,2025,323,9,21 26 30 11 7 49 29 19 46 8 20 32 13 43 1 36 27 9 15 3,21 26 30 11 7 49 29 19 46 8,0,1
frequency-100,validation,2025,324,15,21 26 30 11 7 49 29 19 25 46 8 20 32 13 43 1 36 27 15 3,21 26 30 11 7 49 29 19 25 46,0,1
frequency-100,validation,2025,325,4,21 26 30 11 7 49 29 19 25 46 8 20 32 13 43 1 36 27 3 35,21 26 30 11 7 49 29 19 25 46,1,1
frequency-100,validation,2025,326,19,21 26 30 32 11 7 49 29 19 25 46 8 20 13 43 1 36 27 3 35,21 26 30 32 11 7 49 29 19 25,0,0
frequency-100,validation,2025,327,37,21 26 30 32 11 7 49 29 25 46 8 20 13 43 31 1 36 27 3 19,21 26 30 32 11 7 49 29 25 46,1,1
frequency-100,validation,2025,328,3,21 26 30 32 11 7 49 29 25 46 8 20 13 43 31 1 36 40 27 3,21 26 30 32 11 7 49 29 25 46,0,1
frequency-100,validation,2025,329,17,21 26 30 32 11 7 49 29 25 46 8 20 13 43 31 1 36 40 27 15,21 26 30 32 11 7 49 29 25 46,1,1
frequency-100,validation,2025,330,36,21 26 30 32 11 7 49 29 25 46 8 20 13 43 31 1 36 40 27 15,21 26 30 32 11 7 49 29 25 46,0,1
frequency-100,validation,2025,331,26,21 26 30 32 11 7 49 29 25 46 8 20 13 43 31 1 40 27 15 19,21 26 30 32 11 7 49 29 25 46,0,0
frequency-100,validation,2025,332,26,21 30 32 11 7 49 26 29 25 46 8 20 13 43 31 1 40 27 15 19,21 30 32 11 7 49 26 29 25 46,0,0
frequency-100,validation,2025,333,6,21 30 32 11 7 49 29 25 46 8 20 13 43 31 1 40 27 15 26 19,21 30 32 11 7 49 29 25 46 8,1,1
frequency-100,validation,2025,334,46,21 30 32 11 7 49 29 25 46 8 20 13 43 31 1 40 27 15 26 19,21 30 32 11 7 49 29 25 46 8,0,0
frequency-100,validation,2025,335,44,21 30 32 13 11 7 49 29 25 8 20 43 31 1 40 27 15 26 19 35,21 30 32 13 11 7 49 29 25 8,1,1
frequency-100,validation,2025,336,17,21 30 32 13 11 7 49 29 25 8 20 43 31 1 40 27 15 26 19 35,21 30 32 13 11 7 49 29 25 8,1,1
frequency-100,validation,2025,337,9,21 30 32 13 11 7 49 29 25 8 20 43 31 1 40 27 39 15 26 19,21 30 32 13 11 7 49 29 25 8,1,1
frequency-100,validation,2025,338,8,21 30 32 13 11 7 49 29 25 8 20 43 31 1 40 27 39 15 26 19,21 30 32 13 11 7 49 29 25 8,0,0
frequency-100,validation,2025,339,48,21 30 32 13 11 7 49 29 25 46 20 43 31 1 40 27 39 15 26 19,21 30 32 13 11 7 49 29 25 46,1,1
frequency-100,validation,2025,340,16,21 30 32 13 11 7 49 29 25 46 20 43 31 1 40 27 39 15 26 19,21 30 32 13 11 7 49 29 25 46,1,1
frequency-100,validation,2025,341,6,21 30 32 13 11 7 49 29 25 46 20 43 31 1 40 27 39 15 26 19,21 30 32 13 11 7 49 29 25 46,1,1
frequency-100,validation,2025,342,4,21 30 32 13 1 11 7 49 29 25 46 20 43 31 40 27 39 15 26 19,21 30 32 13 1 11 7 49 29 25,1,1
frequency-100,validation,2025,343,38,21 30 32 13 1 11 7 49 29 25 46 20 43 31 40 27 34 39 15 26,21 30 32 13 1 11 7 49 29 25,1,1
frequency-100,validation,2025,344,27,21 30 32 13 1 11 7 49 29 25 46 8 20 43 31 40 27 34 39 15,21 30 32 13 1 11 7 49 29 25,0,1
frequency-100,validation,2025,345,24,21 30 32 13 1 11 7 49 29 25 46 8 20 43 31 40 34 39 15 26,21 30 32 13 1 11 7 49 29 25,1,1
frequency-100,validation,2025,346,3,21 30 32 13 1 11 7 49 29 25 46 8 20 43 31 40 34 39 15 26,21 30 32 13 1 11 7 49 29 25,1,1
frequency-100,validation,2025,347,13,21 30 32 13 1 11 7 49 29 25 46 8 20 43 31 40 34 39 15 26,21 30 32 13 1 11 7 49 29 25,0,0
frequency-100,validation,2025,348,16,21 30 25 32 1 11 7 49 29 46 8 20 13 43 31 40 34 39 15 26,21 30 25 32 1 11 7 49 29 46,1,1
frequency-100,validation,2025,349,22,21 30 25 32 1 11 7 49 29 46 8 20 12 13 43 31 40 34 39 15,21 30 25 32 1 11 7 49 29 46,1,1
frequency-100,validation,2025,350,49,21 30 25 32 1 11 7 49 29 46 8 20 12 13 2 43 31 40 34 39,21 30 25 32 1 11 7 49 29 46,0,0
frequency-100,validation,2025,351,4,21 30 25 12 32 1 11 7 29 46 8 20 13 2 43 31 40 34 39 49,21 30 25 12 32 1 11 7 29 46,1,1
frequency-100,validation,2025,352,44,21 30 25 12 32 1 11 7 29 35 46 8 20 13 2 43 31 40 34 39,21 30 25 12 32 1 11 7 29 35,1,1
frequency-100,validation,2025,353,1,21 30 25 12 32 1 11 7 29 35 46 8 20 13 2 43 31 40 34 39,21 30 25 12 32 1 11 7 29 35,0,0
frequency-100,validation,2025,354,30,21 30 25 12 32 11 7 29 35 46 8 20 13 2 43 31 1 33 40 34,21 30 25 12 32 11 7 29 35 46,0,0
frequency-100,validation,2025,355,8,21 25 12 32 11 7 30 29 35 46 8 20 13 2 43 31 1 33 40 34,21 25 12 32 11 7 30 29 35 46,0,1
frequency-100,validation,2025,356,24,21 25 12 32 11 7 30 29 35 46 20 13 2 43 31 1 33 40 34 39,21 25 12 32 11 7 30 29 35 46,1,1
frequency-100,validation,2025,357,49,21 25 12 32 11 7 30 29 35 46 20 13 2 43 31 1 33 40 34 39,21 25 12 32 11 7 30 29 35 46,1,1
frequency-100,validation,2025,358,7,21 25 12 32 11 7 30 29 35 46 20 13 2 43 31 1 33 40 34 39,21 25 12 32 11 7 30 29 35 46,0,0
frequency-100,validation,2025,359,11,21 25 12 32 11 30 29 35 46 20 13 2 43 31 1 33 40 34 39 7,21 25 12 32 11 30 29 35 46 20,0,0
frequency-100,validation,2025,360,41,21 25 12 32 30 29 35 46 20 13 2 43 31 1 33 40 11 34 39 7,21 25 12 32 30 29 35 46 20 13,1,1
frequency-100,validation,2025,361,24,21 25 12 32 30 29 35 46 20 13 2 43 31 1 33 40 11 34 39 7,21 25 12 32 30 29 35 46 20 13,1,1
frequency-100,validation,2025,362,23,21 25 12 32 33 30 29 35 46 20 13 2 43 31 1 40 11 34 39 7,21 25 12 32 33 30 29 35 46 20,1,1
frequency-100,validation,2025,363,26,21 25 12 32 33 30 29 35 46 20 13 2 43 31 1 40 11 34 39 7,21 25 12 32 33 30 29 35 46 20,1,1
frequency-100,validation,2025,364,12,21 25 12 32 33 30 29 35 46 20 13 2 43 31 1 40 11 34 39 7,21 25 12 32 33 30 29 35 46 20,0,0
frequency-100,validation,2025,365,26,21 25 32 43 33 30 29 35 46 20 12 13 2 31 1 40 11 34 39 7,21 25 32 43 33 30 29 35 46 20,1,1
frequency-100,evaluation,2026,1,29,21 25 32 43 33 30 29 35 46 20 12 13 2 10 31 1 40 11 34 39,21 25 32 43 33 30 29 35 46 20,0,0
frequency-100,evaluation,2026,2,22,21 25 32 43 33 30 35 46 20 12 13 2 10 31 1 40 11 34 39 7,21 25 32 43 33 30 35 46 20 12,1,1
frequency-100,evaluation,2026,3,9,21 25 32 43 33 30 29 35 46 20 12 13 2 10 31 1 40 11 34 39,21 25 32 43 33 30 29 35 46 20,1,1
frequency-100,evaluation,2026,4,45,21 25 32 43 10 33 30 29 35 46 20 12 13 2 31 1 40 11 34 39,21 25 32 43 10 33 30 29 35 46,1,1
frequency-100,evaluation,2026,5,43,21 25 32 43 10 31 33 30 29 35 46 20 12 13 2 1 40 11 34 39,21 25 32 43 10 31 33 30 29 35,0,0
frequency-100,evaluation,2026,6,13,21 25 35 32 10 31 33 30 29 46 20 12 13 2 43 1 40 11 34 39,21 25 35 32 10 31 33 30 29 46,0,1
frequency-100,evaluation,2026,7,41,21 25 35 32 10 31 33 30 29 46 20 12 2 43 1 40 11 34 39 7,21 25 35 32 10 31 33 30 29 46,1,1
frequency-100,evaluation,2026,8,21,21 25 35 32 10 31 33 30 29 46 20 12 2 43 1 36 40 11 34 39,21 25 35 32 10 31 33 30 29 46,0,0
frequency-100,evaluation,2026,9,28,25 35 32 10 31 33 21 30 29 46 20 12 2 43 1 36 40 11 34 39,25 35 32 10 31 33 21 30 29 46,1,1
frequency-100,evaluation,2026,10,27,25 35 32 10 31 33 21 30 29 46 20 12 2 43 1 36 40 11 34 39,25 35 32 10 31 33 21 30 29 46,1,1
frequency-100,evaluation,2026,11,11,25 35 32 10 31 33 21 30 29 46 20 12 2 43 1 36 40 11 34 39,25 35 32 10 31 33 21 30 29 46,0,1
frequency-100,evaluation,2026,12,11,25 35 32 10 31 33 21 30 29 46 20 12 2 43 1 36 40 34 39 7,25 35 32 10 31 33 21 30 29 46,1,1
frequency-100,evaluation,2026,13,1,25 35 32 10 31 33 21 30 29 46 20 12 2 43 1 36 40 34 39 7,25 35 32 10 31 33 21 30 29 46,0,1
frequency-100,evaluation,2026,14,26,25 35 32 10 31 33 21 30 29 46 20 12 2 43 36 40 34 39 7 15,25 35 32 10 31 33 21 30 29 46,1,1
frequency-100,evaluation,2026,15,31,25 35 32 10 31 33 21 30 29 46 20 12 2 43 36 40 34 39 7 15,25 35 32 10 31 33 21 30 29 46,0,0
frequency-100,evaluation,2026,16,6,25 35 32 10 33 21 30 29 46 20 12 2 43 31 36 40 34 39 7 42,25 35 32 10 33 21 30 29 46 20,1,1
frequency-100,evaluation,2026,17,32,25 35 32 10 33 21 30 29 46 20 12 2 43 31 36 40 34 39 7 47,25 35 32 10 33 21 30 29 46 20,0,0
frequency-100,evaluation,2026,18,39,25 35 10 33 21 30 29 46 20 12 32 2 43 31 36 40 34 39 7 47,25 35 10 33 21 30 29 46 20 12,0,1
frequency-100,evaluation,2026,19,46,25 35 10 33 21 30 29 46 20 12 32 2 43 31 36 40 34 7 47 42,25 35 10 33 21 30 29 46 20 12,0,0
frequency-100,evaluation,2026,20,12,25 35 10 33 21 30 29 20 12 32 2 43 31 36 40 34 7 47 42 15,25 35 10 33 21 30 29 20 12 32,0,0
frequency-100,evaluation,2026,21,42,25 35 10 33 21 30 29 20 32 2 43 31 36 40 34 7 47 42 15 45,25 35 10 33 21 30 29 20 32 2,0,1
frequency-100,evaluation,2026,22,18,25 35 10 33 21 30 29 20 32 2 43 31 36 40 34 7 47 15 45 3,25 35 10 33 21 30 29 20 32 2,1,1
frequency-100,evaluation,2026,23,47,25 35 10 33 34 21 30 29 20 32 2 43 31 36 40 7 47 15 45 3,25 35 10 33 34 21 30 29 20 32,0,1
frequency-100,evaluation,2026,24,28,25 35 10 33 34 21 30 29 20 32 2 43 31 36 40 14 7 15 45 3,25 35 10 33 34 21 30 29 20 32,1,1
frequency-100,evaluation,2026,25,37,25 35 10 33 34 21 30 29 20 32 2 43 31 36 40 14 7 42 15 45,25 35 10 33 34 21 30 29 20 32,1,1
frequency-100,evaluation,2026,26,19,25 35 10 33 34 21 30 29 19 20 32 2 43 31 36 40 14 7 42 15,25 35 10 33 34 21 30 29 19 20,0,0
frequency-100,evaluation,2026,27,45,25 35 10 33 34 21 30 29 20 32 2 43 31 36 40 14 7 42 15 45,25 35 10 33 34 21 30 29 20 32,0,1
frequency-100,evaluation,2026,28,3,25 35 2 10 33 34 21 30 29 20 32 43 31 36 40 14 7 42 15 3,25 35 2 10 33 34 21 30 29 20,0,1
frequency-100,evaluation,2026,29,1,25 35 2 10 33 34 21 30 29 20 32 43 31 36 40 14 7 47 42 15,25 35 2 10 33 34 21 30 29 20,1,1
frequency-100,evaluation,2026,30,41,25 35 2 10 33 34 21 30 29 20 32 43 31 36 40 14 7 47 42 15,25 35 2 10 33 34 21 30 29 20,1,1
frequency-100,evaluation,2026,31,26,25 35 2 10 33 34 21 30 29 20 32 43 31 5 36 40 14 7 47 42,25 35 2 10 33 34 21 30 29 20,1,1
frequency-100,evaluation,2026,32,6,25 35 2 10 33 34 21 30 29 20 32 43 31 5 36 40 14 7 47 42,25 35 2 10 33 34 21 30 29 20,1,1
frequency-100,evaluation,2026,33,41,25 35 2 10 33 34 21 30 29 20 32 43 31 5 36 40 14 7 47 42,25 35 2 10 33 34 21 30 29 20,1,1
frequency-100,evaluation,2026,34,19,25 35 2 10 33 34 21 30 29 20 32 43 31 5 36 40 14 7 47 42,25 35 2 10 33 34 21 30 29 20,1,1
frequency-100,evaluation,2026,35,27,25 35 2 10 33 34 21 30 29 20 32 43 31 5 36 40 14 7 49 47,25 35 2 10 33 34 21 30 29 20,1,1
frequency-100,evaluation,2026,36,1,25 35 2 10 33 40 34 21 30 29 20 32 43 31 5 36 14 7 49 47,25 35 2 10 33 40 34 21 30 29,1,1
frequency-100,evaluation,2026,37,43,25 35 2 10 33 5 40 34 21 30 29 20 32 43 31 36 14 7 49 47,25 35 2 10 33 5 40 34 21 30,0,1
frequency-100,evaluation,2026,38,42,25 35 2 10 33 5 40 34 21 30 29 20 32 31 36 14 7 49 47 42,25 35 2 10 33 5 40 34 21 30,0,1
frequency-100,evaluation,2026,39,11,25 35 2 10 33 5 40 34 21 15 30 29 20 32 31 36 14 7 49 47,25 35 2 10 33 5 40 34 21 15,1,1
frequency-100,evaluation,2026,40,28,25 35 2 10 33 5 40 34 21 15 30 29 20 32 31 48 36 14 7 49,25 35 2 10 33 5 40 34 21 15,1,1
frequency-100,evaluation,2026,41,36,25 35 2 10 33 5 40 34 21 15 30 29 20 32 31 48 36 14 7 49,25 35 2 10 33 5 40 34 21 15,0,1
frequency-100,evaluation,2026,42,16,25 35 2 10 33 5 40 34 21 15 30 29 20 32 31 48 14 7 49 47,25 35 2 10 33 5 40 34 21 15,1,1
frequency-100,evaluation,2026,43,13,25 35 20 2 10 33 5 40 34 21 15 30 29 32 31 48 14 7 49 47,25 35 20 2 10 33 5 40 34 21,1,1
frequency-100,evaluation,2026,44,19,25 35 20 2 10 33 5 40 34 21 15 30 29 32 31 48 14 39 7 49,25 35 20 2 10 33 5 40 34 21,1,1
frequency-100,evaluation,2026,45,1,25 35 20 2 10 33 5 40 34 21 15 30 29 32 31 48 14 39 7 49,25 35 20 2 10 33 5 40 34 21,1,1
frequency-100,evaluation,2026,46,3,25 35 20 2 10 33 5 40 34 21 15 30 29 32 31 48 14 39 7 49,25 35 20 2 10 33 5 40 34 21,1,1
frequency-100,evaluation,2026,47,39,25 35 20 2 10 33 5 40 34 21 15 30 29 32 31 48 14 39 7 49,25 35 20 2 10 33 5 40 34 21,0,1
frequency-100,evaluation,2026,48,24,25 35 20 2 10 33 5 40 14 34 21 15 30 29 32 31 48 7 49 47,25 35 20 2 10 33 5 40 14 34,1,1
frequency-100,evaluation,2026,49,13,25 35 20 2 10 33 5 40 14 34 21 15 30 29 38 32 31 48 7 49,25 35 20 2 10 33 5 40 14 34,1,1
frequency-100,evaluation,2026,50,23,25 35 20 2 10 33 5 40 14 34 21 15 30 29 38 32 31 48 7 49,25 35 20 2 10 33 5 40 14 34,1,1
frequency-100,evaluation,2026,51,1,25 35 20 2 10 33 5 40 14 34 21 15 30 29 38 32 31 48 7 49,25 35 20 2 10 33 5 40 14 34,1,1
frequency-100,evaluation,2026,52,38,25 35 20 2 10 33 5 40 14 34 21 15 30 29 38 32 31 48 7 49,25 35 20 2 10 33 5 40 14 34,0,1
frequency-100,evaluation,2026,53,15,25 35 20 2 10 33 5 40 14 34 21 15 30 29 32 31 48 18 7 49,25 35 20 2 10 33 5 40 14 34,0,1
frequency-100,evaluation,2026,54,48,25 35 20 2 10 33 5 40 14 34 21 30 29 32 31 48 18 7 49 47,25 35 20 2 10 33 5 40 14 34,0,1
frequency-100,evaluation,2026,55,14,25 35 20 2 10 33 5 40 14 34 21 30 29 32 31 18 7 49 47 42,25 35 20 2 10 33 5 40 14 34,0,0
frequency-100,evaluation,2026,56,48,25 35 20 2 10 33 5 40 34 21 30 29 32 31 14 18 7 49 47 42,25 35 20 2 10 33 5 40 34 21,1,1
frequency-100,evaluation,2026,57,23,25 35 20 2 10 33 5 40 34 21 30 29 32 31 14 18 7 49 47 42,25 35 20 2 10 33 5 40 34 21,1,1
frequency-100,evaluation,2026,58,31,25 35 20 2 10 33 5 40 34 21 47 30 29 32 31 14 18 7 49 42,25 35 20 2 10 33 5 40 34 21,0,1
frequency-100,evaluation,2026,59,10,25 35 20 2 10 33 5 40 34 21 47 30 29 32 14 18 7 49 42 15,25 35 20 2 10 33 5 40 34 21,0,0
frequency-100,evaluation,2026,60,9,25 35 20 2 33 5 40 34 21 47 15 30 29 32 10 14 18 7 49 42,25 35 20 2 33 5 40 34 21 47,1,1
frequency-100,evaluation,2026,61,29,25 35 20 2 33 5 40 34 21 47 15 30 29 32 10 14 18 7 49 42,25 35 20 2 33 5 40 34 21 47,0,1
frequency-100,evaluation,2026,62,24,25 35 20 2 33 5 40 34 21 47 15 30 32 10 14 18 7 49 42 45,25 35 20 2 33 5 40 34 21 47,1,1
frequency-100,evaluation,2026,63,28,25 35 20 2 33 5 40 34 21 47 15 30 32 10 37 14 18 7 49 42,25 35 20 2 33 5 40 34 21 47,1,1
frequency-100,evaluation,2026,64,18,25 35 20 2 33 5 40 34 21 47 15 30 32 10 37 14 18 7 49 42,25 35 20 2 33 5 40 34 21 47,0,1
frequency-100,evaluation,2026,65,5,25 35 20 2 33 5 40 34 21 47 15 30 32 10 37 14 7 17 49 42,25 35 20 2 33 5 40 34 21 47,0,0
frequency-100,evaluation,2026,66,37,25 35 20 2 33 40 34 21 47 15 30 32 10 37 5 36 14 7 17 49,25 35 20 2 33 40 34 21 47 15,0,1
frequency-100,evaluation,2026,67,5,25 35 20 2 33 40 34 21 47 15 30 32 10 5 36 14 7 17 49 42,25 35 20 2 33 40 34 21 47 15,0,1
frequency-100,evaluation,2026,68,23,25 35 20 2 33 40 34 21 47 15 30 32 10 36 14 7 17 49 42 45,25 35 20 2 33 40 34 21 47 15,1,1
frequency-100,evaluation,2026,69,24,25 35 20 2 33 40 34 21 47 15 30 32 10 36 14 7 17 49 42 45,25 35 20 2 33 40 34 21 47 15,1,1
frequency-100,evaluation,2026,70,25,25 35 20 2 33 40 34 21 47 15 30 46 32 10 36 14 7 17 49 42,25 35 20 2 33 40 34 21 47 15,0,0
frequency-100,evaluation,2026,71,48,35 20 2 33 40 34 21 47 15 30 25 46 32 10 44 36 14 7 17 49,35 20 2 33 40 34 21 47 15 30,1,1
frequency-100,evaluation,2026,72,46,35 20 2 33 40 34 17 21 47 15 30 25 46 32 10 44 36 14 7 49,35 20 2 33 40 34 17 21 47 15,0,1
frequency-100,evaluation,2026,73,34,35 20 2 33 40 34 17 21 47 15 30 25 32 10 44 36 14 7 49 42,35 20 2 33 40 34 17 21 47 15,0,0
frequency-100,evaluation,2026,74,10,35 20 2 33 40 17 21 47 15 30 25 8 32 10 44 36 14 34 7 49,35 20 2 33 40 17 21 47 15 30,0,1
frequency-100,evaluation,2026,75,33,35 20 2 33 40 17 21 47 15 30 25 8 32 44 36 14 34 7 49 42,35 20 2 33 40 17 21 47 15 30,0,0
frequency-100,evaluation,2026,76,2,35 20 2 40 17 21 47 15 30 25 8 32 44 33 36 14 34 7 49 42,35 20 2 40 17 21 47 15 30 25,0,0
frequency-100,evaluation,2026,77,29,35 20 40 17 21 47 15 30 25 8 32 2 44 33 36 14 34 7 49 42,35 20 40 17 21 47 15 30 25 8,1,1
frequency-100,evaluation,2026,78,46,35 20 40 17 21 47 15 30 4 25 8 32 2 44 33 36 14 34 7 49,35 20 40 17 21 47 15 30 4 25,1,1
frequency-100,evaluation,2026,79,35,35 20 40 17 21 47 15 30 4 25 38 8 32 2 44 33 36 14 34 7,35 20 40 17 21 47 15 30 4 25,0,0
frequency-100,evaluation,2026,80,3,20 40 17 21 47 15 30 4 25 35 38 8 32 2 44 33 36 14 34 7,20 40 17 21 47 15 30 4 25 35,1,1
frequency-100,evaluation,2026,81,17,20 40 17 21 47 15 30 4 25 35 38 8 32 2 44 33 36 14 34 7,20 40 17 21 47 15 30 4 25 35,0,0
frequency-100,evaluation,2026,82,27,20 40 21 47 15 30 4 25 35 38 8 32 2 44 33 36 14 34 7 17,20 40 21 47 15 30 4 25 35 38,1,1
frequency-100,evaluation,2026,83,5,20 40 21 47 15 30 4 25 35 38 8 32 2 44 33 36 14 34 7 17,20 40 21 47 15 30 4 25 35 38,1,1
frequency-100,evaluation,2026,84,16,20 40 21 47 15 30 4 25 35 38 8 32 2 16 44 33 36 14 34 7,20 40 21 47 15 30 4 25 35 38,0,1
frequency-100,evaluation,2026,85,19,20 40 21 47 15 30 4 25 35 38 8 32 2 44 33 36 22 14 34 7,20 40 21 47 15 30 4 25 35 38,1,1
frequency-100,evaluation,2026,86,12,20 40 49 21 47 15 30 4 25 35 38 8 32 2 44 33 36 22 14 34,20 40 49 21 47 15 30 4 25 35,1,1
frequency-100,evaluation,2026,87,26,4 20 40 49 21 47 15 30 25 35 38 8 32 2 44 33 36 22 14 34,4 20 40 49 21 47 15 30 25 35,1,1
frequency-100,evaluation,2026,88,27,4 20 44 40 49 21 47 15 30 25 35 38 8 32 2 33 36 22 14 34,4 20 44 40 49 21 47 15 30 25,1,1
frequency-100,evaluation,2026,89,49,4 20 44 40 49 21 47 15 30 25 35 38 8 32 2 33 36 22 14 34,4 20 44 40 49 21 47 15 30 25,0,0
frequency-100,evaluation,2026,90,36,30 4 20 44 40 21 47 15 25 35 38 8 32 2 33 36 22 14 34 7,30 4 20 44 40 21 47 15 25 35,0,1
frequency-100,evaluation,2026,91,37,30 4 8 20 44 40 21 47 15 25 35 38 32 2 33 22 14 34 7 17,30 4 8 20 44 40 21 47 15 25,1,1
frequency-100,evaluation,2026,92,6,30 4 8 20 44 40 21 47 15 25 35 38 32 2 33 22 14 34 7 17,30 4 8 20 44 40 21 47 15 25,1,1
frequency-100,evaluation,2026,93,40,30 4 8 20 44 40 49 21 47 15 25 35 38 32 2 33 22 14 34 7,30 4 8 20 44 40 49 21 47 15,0,0
frequency-100,evaluation,2026,94,17,30 4 8 20 44 7 49 21 47 15 25 35 38 32 2 33 40 22 14 34,30 4 8 20 44 7 49 21 47 15,1,1
frequency-100,evaluation,2026,95,35,30 4 8 20 44 7 49 21 47 15 25 35 38 32 2 33 40 22 14 34,30 4 8 20 44 7 49 21 47 15,0,1
frequency-100,evaluation,2026,96,43,30 4 8 20 44 7 49 21 47 15 25 38 32 2 33 40 22 14 34 42,30 4 8 20 44 7 49 21 47 15,1,1
frequency-100,evaluation,2026,97,11,30 4 8 20 44 7 49 21 47 15 25 38 32 2 33 40 22 14 34 42,30 4 8 20 44 7 49 21 47 15,1,1
frequency-100,evaluation,2026,98,17,30 4 8 20 44 7 49 21 47 15 25 38 32 2 33 40 22 14 34 42,30 4 8 20 44 7 49 21 47 15,1,1
frequency-100,evaluation,2026,99,12,30 4 8 20 44 7 49 21 47 15 25 38 32 2 33 40 22 14 34 42,30 4 8 20 44 7 49 21 47 15,1,1
frequency-100,evaluation,2026,100,33,30 4 8 20 44 7 49 21 47 15 25 38 32 2 33 40 22 14 34 42,30 4 8 20 44 7 49 21 47 15,0,1
frequency-100,evaluation,2026,101,39,30 4 8 20 44 7 49 21 47 15 25 38 32 2 40 22 14 34 42 45,30 4 8 20 44 7 49 21 47 15,1,1
frequency-100,evaluation,2026,102,20,30 4 8 20 44 7 49 21 47 15 25 38 32 2 40 22 14 34 42 45,30 4 8 20 44 7 49 21 47 15,0,0
frequency-100,evaluation,2026,103,6,30 4 8 44 22 7 49 21 47 15 25 38 20 32 2 40 14 34 42 45,30 4 8 44 22 7 49 21 47 15,1,1
frequency-100,evaluation,2026,104,1,30 4 8 44 22 7 49 21 47 15 25 38 20 32 2 40 14 34 9 42,30 4 8 44 22 7 49 21 47 15,1,1
frequency-100,evaluation,2026,105,28,30 4 8 44 22 7 49 21 47 15 45 25 38 20 32 2 40 14 34 9,30 4 8 44 22 7 49 21 47 15,1,1
frequency-100,evaluation,2026,106,22,30 4 8 44 22 7 49 21 47 15 45 25 38 20 32 2 40 14 34 9,30 4 8 44 22 7 49 21 47 15,0,0
frequency-100,evaluation,2026,107,49,30 4 8 44 7 49 21 47 15 45 25 38 20 32 2 40 22 14 34 9,30 4 8 44 7 49 21 47 15 45,0,0
frequency-100,evaluation,2026,108,45,30 4 8 44 7 21 47 15 45 25 38 20 32 2 40 22 14 34 9 49,30 4 8 44 7 21 47 15 45 25,0,0
frequency-100,evaluation,2026,109,16,21 30 4 8 44 7 47 15 25 38 20 32 2 40 22 14 34 9 49 42,21 30 4 8 44 7 47 15 25 38,1,1
frequency-100,evaluation,2026,110,30,21 30 4 8 44 7 47 15 25 38 20 32 2 40 22 14 34 9 49 42,21 30 4 8 44 7 47 15 25 38,0,0
frequency-100,evaluation,2026,111,1,21 4 8 44 7 47 15 30 25 38 20 32 2 40 22 14 34 9 49 42,21 4 8 44 7 47 15 30 25 38,1,1
frequency-100,evaluation,2026,112,9,21 4 8 44 7 47 15 30 25 38 20 32 2 40 22 14 34 9 49 42,21 4 8 44 7 47 15 30 25 38,0,1
frequency-100,evaluation,2026,113,2,21 4 8 44 7 47 15 30 25 38 20 32 2 40 22 14 34 49 42 45,21 4 8 44 7 47 15 30 25 38,0,1
frequency-100,evaluation,2026,114,30,21 4 8 44 7 47 15 30 25 38 20 32 40 22 14 34 49 42 45 29,21 4 8 44 7 47 15 30 25 38,0,0
frequency-100,evaluation,2026,115,4,21 4 8 44 7 47 15 25 38 20 32 40 22 14 34 49 42 26 45 30,21 4 8 44 7 47 15 25 38 20,0,0
frequency-100,evaluation,2026,116,22,21 8 44 7 47 15 4 25 38 20 32 31 40 22 14 34 49 42 26 45,21 8 44 7 47 15 4 25 38 20,0,1
frequency-100,evaluation,2026,117,16,21 8 44 7 47 15 4 25 38 20 32 31 40 14 34 49 42 26 45 30,21 8 44 7 47 15 4 25 38 20,1,1
frequency-100,evaluation,2026,118,8,21 8 32 44 7 47 15 4 25 38 20 31 40 14 34 49 42 26 45 30,21 8 32 44 7 47 15 4 25 38,0,0
frequency-100,evaluation,2026,119,11,21 32 44 7 47 15 4 25 38 8 20 31 40 14 34 49 42 26 45 30,21 32 44 7 47 15 4 25 38 8,1,1
frequency-100,evaluation,2026,120,6,21 32 44 7 47 15 4 25 38 8 20 31 40 14 34 49 42 26 45 30,21 32 44 7 47 15 4 25 38 8,1,1
frequency-100,evaluation,2026,121,44,21 32 44 7 47 15 4 25 38 8 20 31 40 14 34 49 42 26 45 30,21 32 44 7 47 15 4 25 38 8,0,0
frequency-100,evaluation,2026,122,1,21 32 7 47 42 15 4 25 38 8 20 31 44 40 14 34 49 26 45 30,21 32 7 47 42 15 4 25 38 8,1,1
frequency-100,evaluation,2026,123,46,21 32 7 47 42 15 4 25 38 8 20 31 44 40 14 18 34 49 26 45,21 32 7 47 42 15 4 25 38 8,1,1
frequency-100,evaluation,2026,124,39,21 47 32 7 42 15 4 25 38 8 20 31 44 40 14 18 34 49 26 45,21 47 32 7 42 15 4 25 38 8,1,1
frequency-100,evaluation,2026,125,31,21 47 32 7 42 15 4 25 38 8 20 31 44 40 14 18 34 49 26 45,21 47 32 7 42 15 4 25 38 8,0,1
frequency-100,evaluation,2026,126,49,21 47 32 7 42 15 4 25 38 8 20 44 40 14 18 34 49 26 45 30,21 47 32 7 42 15 4 25 38 8,0,1
frequency-100,evaluation,2026,127,45,21 47 32 7 42 15 4 25 38 8 20 44 40 14 18 34 26 45 30 29,21 47 32 7 42 15 4 25 38 8,0,1
frequency-100,evaluation,2026,128,37,21 47 32 7 42 15 4 25 38 8 20 44 40 14 18 34 26 45 30 29,21 47 32 7 42 15 4 25 38 8,1,1
frequency-100,evaluation,2026,129,41,21 47 32 7 42 15 4 25 38 8 20 44 40 14 18 34 26 45 30 3,21 47 32 7 42 15 4 25 38 8,1,1
frequency-100,evaluation,2026,130,29,21 47 32 7 42 15 4 25 38 8 20 44 40 14 18 34 26 45 30 3,21 47 32 7 42 15 4 25 38 8,1,1
frequency-100,evaluation,2026,131,7,21 47 32 7 42 15 4 25 38 8 20 44 40 14 18 34 26 45 30 3,21 47 32 7 42 15 4 25 38 8,0,0
frequency-100,evaluation,2026,132,30,21 47 32 42 15 26 4 25 38 8 20 44 40 14 18 34 7 45 30 3,21 47 32 42 15 26 4 25 38 8,0,1
frequency-100,evaluation,2026,133,7,21 47 32 42 15 26 4 25 38 8 20 44 40 14 18 34 7 45 3 41,21 47 32 42 15 26 4 25 38 8,0,1
frequency-100,evaluation,2026,134,37,21 47 32 42 15 26 4 25 41 38 8 20 44 40 14 18 34 45 3 35,21 47 32 42 15 26 4 25 41 38,1,1
frequency-100,evaluation,2026,135,30,21 47 32 42 15 26 4 25 41 38 8 20 44 40 14 18 34 45 3 19,21 47 32 42 15 26 4 25 41 38,1,1
frequency-100,evaluation,2026,136,48,21 47 32 42 15 26 4 25 41 38 8 20 44 40 14 18 34 45 3 19,21 47 32 42 15 26 4 25 41 38,1,1
frequency-100,evaluation,2026,137,26,21 47 32 42 15 26 4 25 41 38 8 20 44 40 14 18 34 45 3 19,21 47 32 42 15 26 4 25 41 38,0,0
frequency-100,evaluation,2026,138,49,21 47 32 42 15 4 25 41 38 8 20 43 44 40 14 18 34 26 45 3,21 47 32 42 15 4 25 41 38 8,1,1
frequency-100,evaluation,2026,139,24,21 47 42 32 15 4 25 41 38 8 20 43 44 40 14 18 34 26 45 3,21 47 42 32 15 4 25 41 38 8,1,1
frequency-100,evaluation,2026,140,16,21 47 42 32 15 4 25 41 38 8 20 43 44 40 14 18 34 26 45 3,21 47 42 32 15 4 25 41 38 8,1,1
frequency-100,evaluation,2026,141,33,21 47 42 32 15 4 25 41 38 8 20 43 44 40 14 18 34 26 45 3,21 47 42 32 15 4 25 41 38 8,1,1
frequency-100,evaluation,2026,142,23,21 47 42 32 15 4 25 41 38 8 20 43 44 36 40 14 18 34 26 45,21 47 42 32 15 4 25 41 38 8,1,1
frequency-100,evaluation,2026,143,44,21 47 42 32 15 4 25 41 38 8 20 43 44 36 40 14 18 34 26 45,21 47 42 32 15 4 25 41 38 8,0,1
frequency-100,evaluation,2026,144,43,21 47 42 32 15 4 25 41 38 8 20 13 43 36 40 14 18 34 26 45,21 47 42 32 15 4 25 41 38 8,0,1
frequency-100,evaluation,2026,145,5,21 47 42 32 15 19 4 25 41 38 8 20 13 36 40 14 18 34 26 45,21 47 42 32 15 19 4 25 41 38,1,1
frequency-100,evaluation,2026,146,42,21 47 42 32 15 19 4 25 41 38 8 20 13 36 40 14 18 34 26 45,21 47 42 32 15 19 4 25 41 38,0,0
frequency-100,evaluation,2026,147,13,21 47 32 42 15 3 19 4 25 41 38 8 20 13 36 40 14 18 34 26,21 47 32 42 15 3 19 4 25 41,0,1
frequency-100,evaluation,2026,148,48,21 47 32 42 15 3 19 4 25 41 38 8 20 36 40 14 18 34 26 45,21 47 32 42 15 3 19 4 25 41,1,1
frequency-100,evaluation,2026,149,27,21 47 32 42 15 3 19 4 25 41 38 8 20 36 40 14 18 34 26 45,21 47 32 42 15 3 19 4 25 41,1,1
frequency-100,evaluation,2026,150,9,21 47 32 42 15 3 19 4 25 41 38 8 20 13 36 40 14 18 34 26,21 47 32 42 15 3 19 4 25 41,1,1
frequency-100,evaluation,2026,151,31,21 47 32 42 15 3 19 4 25 41 38 8 20 13 36 40 14 18 34 26,21 47 32 42 15 3 19 4 25 41,1,1
frequency-100,evaluation,2026,152,45,21 47 32 42 15 3 19 4 25 41 38 8 20 13 36 40 14 18 34 26,21 47 32 42 15 3 19 4 25 41,1,1
frequency-100,evaluation,2026,153,41,21 47 38 32 42 15 3 19 4 25 41 8 20 13 36 40 14 18 34 26,21 47 38 32 42 15 3 19 4 25,0,1
frequency-100,evaluation,2026,154,41,21 47 15 38 32 42 3 19 4 25 8 20 13 36 40 14 18 34 26 41,21 47 15 38 32 42 3 19 4 25,0,1
frequency-100,evaluation,2026,155,7,21 47 15 38 32 42 3 19 4 25 8 20 13 36 40 14 18 34 26 35,21 47 15 38 32 42 3 19 4 25,1,1
frequency-100,evaluation,2026,156,1,21 47 15 38 32 14 42 3 19 4 25 8 20 13 36 40 18 34 26 35,21 47 15 38 32 14 42 3 19 4,1,1
frequency-100,evaluation,2026,157,40,21 47 15 38 32 14 42 3 19 4 25 8 20 13 36 40 18 34 26 35,21 47 15 38 32 14 42 3 19 4,0,1
frequency-100,evaluation,2026,158,16,21 47 15 38 32 14 42 3 19 4 25 8 20 13 36 18 34 26 35 12,21 47 15 38 32 14 42 3 19 4,1,1
frequency-100,evaluation,2026,159,39,21 47 15 38 32 14 42 3 19 4 25 8 20 13 36 18 34 26 35 12,21 47 15 38 32 14 42 3 19 4,1,1
frequency-100,evaluation,2026,160,2,21 47 15 38 32 14 42 3 19 4 25 8 20 13 10 36 18 34 26 35,21 47 15 38 32 14 42 3 19 4,1,1
frequency-100,evaluation,2026,161,8,21 47 15 38 32 14 42 3 19 4 25 8 20 13 10 36 18 34 26 35,21 47 15 38 32 14 42 3 19 4,0,1
frequency-100,evaluation,2026,162,32,21 47 15 38 32 14 42 3 19 4 25 20 13 10 36 18 34 26 29 35,21 47 15 38 32 14 42 3 19 4,0,0
frequency-100,evaluation,2026,163,37,21 47 15 38 14 42 3 19 4 25 20 32 13 10 36 18 34 26 29 35,21 47 15 38 14 42 3 19 4 25,1,1
frequency-100,evaluation,2026,164,21,21 47 15 38 14 42 3 19 4 25 20 32 13 10 28 36 18 34 26 29,21 47 15 38 14 42 3 19 4 25,0,0
frequency-100,evaluation,2026,165,3,47 15 38 14 18 21 42 3 19 4 25 20 32 13 10 28 36 34 26 29,47 15 38 14 18 21 42 3 19 4,0,0
frequency-100,evaluation,2026,166,6,47 15 38 14 18 21 42 19 4 25 20 32 13 10 28 36 34 26 3 29,47 15 38 14 18 21 42 19 4 25,1,1
frequency-100,evaluation,2026,167,19,47 15 38 14 18 21 42 19 4 25 20 32 13 10 28 36 34 26 3 29,47 15 38 14 18 21 42 19 4 25,0,0
frequency-100,evaluation,2026,168,15,47 15 38 14 18 21 42 4 25 20 32 13 10 28 36 34 26 3 29 19,47 15 38 14 18 21 42 4 25 20,0,0
frequency-100,evaluation,2026,169,24,47 38 14 18 21 42 15 4 25 20 32 13 23 10 28 36 34 26 3 29,47 38 14 18 21 42 15 4 25 20,1,1
frequency-100,evaluation,2026,170,3,47 38 14 18 21 42 15 4 25 20 32 13 23 10 28 36 34 26 3 29,47 38 14 18 21 42 15 4 25 20,0,1
frequency-100,evaluation,2026,171,28,47 25 38 14 18 21 42 15 4 20 32 13 23 10 28 36 34 26 29 19,47 25 38 14 18 21 42 15 4 20,0,1
frequency-100,evaluation,2026,172,44,47 25 38 14 18 21 42 15 4 20 32 13 23 10 36 34 26 29 19 35,47 25 38 14 18 21 42 15 4 20,1,1
frequency-100,evaluation,2026,173,26,47 25 38 14 18 21 42 15 4 20 32 13 23 10 36 34 26 29 19 35,47 25 38 14 18 21 42 15 4 20,0,1
frequency-100,evaluation,2026,174,41,47 25 38 14 18 34 21 42 15 4 20 32 13 23 10 36 29 19 35 46,47 25 38 14 18 34 21 42 15 4,1,1
frequency-100,evaluation,2026,175,26,47 25 38 10 14 18 34 21 42 15 4 20 32 13 23 36 29 19 35 46,47 25 38 10 14 18 34 21 42 15,1,1
frequency-100,evaluation,2026,176,10,47 25 38 10 14 18 34 21 42 15 4 20 32 13 23 36 29 19 35 46,47 25 38 10 14 18 34 21 42 15,0,0
frequency-100,evaluation,2026,177,14,47 25 38 14 18 34 21 42 15 4 20 32 13 23 10 36 29 19 35 46,47 25 38 14 18 34 21 42 15 4,0,0
frequency-100,evaluation,2026,178,18,47 25 38 18 34 21 42 15 29 4 20 32 13 23 10 36 14 19 35 46,47 25 38 18 34 21 42 15 29 4,0,0
frequency-100,evaluation,2026,179,15,47 25 38 34 21 42 15 29 4 46 20 32 13 23 10 36 14 18 19 35,47 25 38 34 21 42 15 29 4 46,0,0
frequency-100,evaluation,2026,180,21,47 25 38 34 21 42 29 4 35 46 20 32 13 23 10 36 14 18 15 19,47 25 38 34 21 42 29 4 35 46,0,0
frequency-100,evaluation,2026,181,19,47 25 38 34 42 29 4 35 46 20 32 13 23 10 36 14 18 21 15 3,47 25 38 34 42 29 4 35 46 20,1,1
frequency-100,evaluation,2026,182,41,47 25 38 34 42 29 4 35 46 20 32 13 23 10 36 14 18 21 15 3,47 25 38 34 42 29 4 35 46 20,1,1
frequency-100,evaluation,2026,183,24,47 25 38 34 42 29 4 35 46 20 32 13 23 10 36 14 18 21 15 3,47 25 38 34 42 29 4 35 46 20,1,1
frequency-100,evaluation,2026,184,1,47 25 38 34 42 29 4 35 46 20 32 13 23 10 5 36 14 18 21 15,47 25 38 34 42 29 4 35 46 20,1,1
frequency-100,evaluation,2026,185,36,47 25 38 34 42 29 4 35 46 20 32 13 23 10 5 36 14 18 21 15,47 25 38 34 42 29 4 35 46 20,0,1
frequency-100,evaluation,2026,186,23,47 25 38 34 42 29 4 35 46 20 32 13 23 10 5 14 18 21 15 3,47 25 38 34 42 29 4 35 46 20,0,1
frequency-100,evaluation,2026,187,1,47 25 38 34 42 29 4 35 46 20 12 32 13 10 5 14 18 21 15 3,47 25 38 34 42 29 4 35 46 20,1,1
frequency-100,evaluation,2026,188,16,47 25 38 34 42 29 4 35 46 20 12 32 13 10 5 14 18 21 15 3,47 25 38 34 42 29 4 35 46 20,1,1
frequency-100,evaluation,2026,189,15,47 25 38 34 42 29 4 35 46 20 12 32 13 10 5 27 14 18 21 15,47 25 38 34 42 29 4 35 46 20,0,1
frequency-100,evaluation,2026,190,16,47 25 38 34 42 29 4 35 46 20 12 32 13 10 5 27 14 18 21 3,47 25 38 34 42 29 4 35 46 20,1,1
frequency-100,evaluation,2026,191,29,47 25 38 34 42 29 4 35 46 20 12 32 13 10 5 36 27 14 18 21,47 25 38 34 42 29 4 35 46 20,0,0
frequency-100,evaluation,2026,192,25,47 25 38 34 42 4 35 46 20 12 32 13 10 5 36 27 14 18 21 3,47 25 38 34 42 4 35 46 20 12,0,0
frequency-100,evaluation,2026,193,9,47 38 34 42 4 25 35 46 20 12 32 13 10 5 36 27 14 18 21 3,47 38 34 42 4 25 35 46 20 12,1,1
frequency-100,evaluation,2026,194,26,47 38 34 42 4 25 35 46 20 12 32 13 10 5 36 40 27 14 18 21,47 38 34 42 4 25 35 46 20 12,1,1
frequency-100,evaluation,2026,195,25,47 38 34 42 4 25 35 46 20 12 32 13 10 5 36 40 27 14 18 17,47 38 34 42 4 25 35 46 20 12,0,0
frequency-100,evaluation,2026,196,39,47 35 38 34 42 4 46 20 12 32 13 10 5 36 40 27 14 18 17 21,47 35 38 34 42 4 46 20 12 32,1,1
frequency-100,evaluation,2026,197,8,47 35 38 34 42 4 46 20 12 32 13 43 10 5 36 40 27 14 18 17,47 35 38 34 42 4 46 20 12 32,1,1
frequency-100,evaluation,2026,198,7,47 35 38 34 42 4 46 20 12 32 13 43 10 5 36 40 27 14 18 11,47 35 38 34 42 4 46 20 12 32,1,1
frequency-100,evaluation,2026,199,36,47 35 38 34 17 42 4 46 20 12 32 13 43 10 5 36 40 27 14 18,47 35 38 34 17 42 4 46 20 12,0,1
frequency-100,evaluation,2026,200,39,47 35 38 12 34 17 42 4 46 20 32 13 43 10 5 40 27 14 18 11,47 35 38 12 34 17 42 4 46 20,1,1
frequency-100,evaluation,2026,201,32,47 35 38 12 34 17 42 4 46 20 32 13 43 10 33 5 40 27 14 18,47 35 38 12 34 17 42 4 46 20,0,1
frequency-100,evaluation,2026,202,40,47 35 38 12 34 17 42 4 46 20 13 43 10 33 5 40 27 14 18 11,47 35 38 12 34 17 42 4 46 20,0,1
frequency-100,evaluation,2026,203,25,47 35 38 20 12 34 17 42 4 46 13 43 10 33 5 27 14 18 11 21,47 35 38 20 12 34 17 42 4 46,1,1
frequency-100,evaluation,2026,204,5,47 35 38 20 12 34 17 42 4 46 13 43 10 33 5 27 14 18 11 21,47 35 38 20 12 34 17 42 4 46,0,1
frequency-100,evaluation,2026,205,3,47 35 38 20 12 34 17 42 4 46 13 43 10 33 27 14 18 11 21 3,47 35 38 20 12 34 17 42 4 46,0,1
frequency-100,evaluation,2026,206,47,47 35 38 20 12 34 17 42 4 46 13 43 10 33 28 27 14 18 11 21,47 35 38 20 12 34 17 42 4 46,0,0
frequency-100,evaluation,2026,207,31,35 38 20 12 34 17 47 42 4 46 13 43 10 33 28 22 27 14 18 11,35 38 20 12 34 17 47 42 4 46,1,1
frequency-100,evaluation,2026,208,19,35 38 20 12 34 17 47 42 4 46 13 43 10 33 28 22 27 14 18 11,35 38 20 12 34 17 47 42 4 46,1,1
frequency-100,evaluation,2026,209,8,35 38 20 12 34 17 47 42 4 46 13 43 10 33 28 22 27 14 18 11,35 38 20 12 34 17 47 42 4 46,1,1
frequency-100,evaluation,2026,210,49,35 38 20 12 34 17 47 42 4 46 13 43 10 33 28 22 27 14 18 11,35 38 20 12 34 17 47 42 4 46,1,1
frequency-100,evaluation,2026,211,1,35 38 20 12 34 17 47 42 4 46 13 43 10 33 28 22 27 14 18 11,35 38 20 12 34 17 47 42 4 46,1,1
frequency-100,evaluation,2026,212,6,35 38 20 12 34 17 47 42 4 46 13 43 10 33 28 22 27 14 18 11,35 38 20 12 34 17 47 42 4 46,1,1
frequency-100,evaluation,2026,213,35,35 38 20 12 34 17 47 42 4 46 13 43 10 33 28 22 27 14 18 11,35 38 20 12 34 17 47 42 4 46,0,0
frequency-100,evaluation,2026,214,4,38 20 12 34 17 47 42 4 35 46 13 2 43 10 33 28 22 27 14 18,38 20 12 34 17 47 42 4 35 46,0,0
frequency-100,evaluation,2026,215,14,38 20 12 34 17 47 42 35 46 13 2 43 10 33 28 22 27 14 18 11,38 20 12 34 17 47 42 35 46 13,0,1
frequency-100,evaluation,2026,216,37,38 20 12 34 17 47 42 4 35 46 13 2 43 10 33 28 22 27 18 11,38 20 12 34 17 47 42 4 35 46,1,1
frequency-100,evaluation,2026,217,26,38 20 12 22 34 17 47 42 4 35 46 13 2 43 10 33 28 27 18 11,38 20 12 22 34 17 47 42 4 35,1,1
frequency-100,evaluation,2026,218,17,38 20 12 22 34 17 47 42 4 35 46 13 2 43 10 33 28 27 18 11,38 20 12 22 34 17 47 42 4 35,0,0
frequency-100,evaluation,2026,219,43,38 20 12 22 34 47 42 4 35 46 13 2 43 10 33 28 27 18 11 17,38 20 12 22 34 47 42 4 35 46,0,1
frequency-100,evaluation,2026,220,48,38 20 12 22 11 34 47 42 4 35 46 13 2 10 33 28 27 18 17 21,38 20 12 22 11 34 47 42 4 35,1,1
frequency-100,evaluation,2026,221,1,38 20 12 22 11 34 47 42 4 35 46 13 2 10 33 28 27 18 17 21,38 20 12 22 11 34 47 42 4 35,1,1
frequency-100,evaluation,2026,222,26,38 20 12 22 11 34 47 42 4 35 46 13 2 10 33 28 27 18 17 21,38 20 12 22 11 34 47 42 4 35,1,1
frequency-100,evaluation,2026,223,23,38 20 12 22 11 34 47 42 4 35 46 13 2 10 33 28 27 18 17 21,38 20 12 22 11 34 47 42 4 35,1,1
frequency-100,evaluation,2026,224,9,38 46 20 12 22 11 34 47 42 4 35 13 2 10 33 28 27 18 17 21,38 46 20 12 22 11 34 47 42 4,1,1
frequency-100,evaluation,2026,225,1,38 46 20 12 22 11 34 47 42 4 35 13 2 10 33 28 27 18 17 21,38 46 20 12 22 11 34 47 42 4,1,1
frequency-100,evaluation,2026,226,17,38 46 20 12 22 11 34 47 42 4 35 13 2 10 33 28 27 18 17 21,38 46 20 12 22 11 34 47 42 4,0,1
frequency-100,evaluation,2026,227,16,38 46 20 12 22 11 34 47 42 4 35 13 2 10 33 28 27 18 49 21,38 46 20 12 22 11 34 47 42 4,1,1
frequency-100,evaluation,2026,228,23,38 46 20 12 22 11 34 47 42 45 4 35 13 2 10 33 28 27 18 49,38 46 20 12 22 11 34 47 42 45,1,1
frequency-100,evaluation,2026,229,38,38 46 20 12 22 11 34 47 42 45 4 35 13 2 10 33 28 27 18 49,38 46 20 12 22 11 34 47 42 45,0,0
frequency-100,evaluation,2026,230,16,46 20 12 22 11 34 47 42 45 4 35 38 13 2 10 33 28 27 18 49,46 20 12 22 11 34 47 42 45 4,1,1
frequency-100,evaluation,2026,231,20,46 20 12 22 11 34 47 42 45 29 4 35 38 13 2 10 33 28 27 18,46 20 12 22 11 34 47 42 45 29,0,0
frequency-100,evaluation,2026,232,42,46 12 22 11 34 47 42 45 29 4 35 38 20 13 2 10 33 28 27 18,46 12 22 11 34 47 42 45 29 4,0,0
frequency-100,evaluation,2026,233,7,46 12 22 11 34 47 45 30 29 4 35 38 20 13 2 10 33 28 27 18,46 12 22 11 34 47 45 30 29 4,1,1
frequency-100,evaluation,2026,234,39,46 12 22 11 34 47 45 30 29 4 35 38 20 13 2 10 33 28 27 18,46 12 22 11 34 47 45 30 29 4,1,1
frequency-100,evaluation,2026,235,32,46 12 22 11 34 47 45 30 29 4 35 38 20 13 2 10 33 28 27 18,46 12 22 11 34 47 45 30 29 4,1,1
frequency-100,evaluation,2026,236,11,30 46 12 22 11 34 47 45 29 4 35 38 20 13 2 10 33 28 27 18,30 46 12 22 11 34 47 45 29 4,0,0
frequency-100,evaluation,2026,237,12,30 46 12 22 34 47 45 29 4 35 38 20 13 2 10 33 28 27 18 11,30 46 12 22 34 47 45 29 4 35,0,0
frequency-100,evaluation,2026,238,17,30 46 22 34 47 45 29 4 35 38 20 12 13 2 10 33 28 27 18 11,30 46 22 34 47 45 29 4 35 38,1,1
frequency-100,evaluation,2026,239,5,30 46 22 34 49 47 45 29 4 35 38 20 12 13 2 10 33 28 27 18,30 46 22 34 49 47 45 29 4 35,1,1
frequency-100,evaluation,2026,240,27,30 46 22 34 49 47 45 29 4 35 38 20 12 13 2 10 33 28 27 18,30 46 22 34 49 47 45 29 4 35,0,1
frequency-100,evaluation,2026,241,49,30 46 22 34 49 47 45 29 4 35 38 20 12 13 2 10 33 28 18 11,30 46 22 34 49 47 45 29 4 35,0,0
frequency-100,evaluation,2026,242,9,30 46 33 22 34 47 45 29 4 35 38 20 12 13 2 10 28 18 11 49,30 46 33 22 34 47 45 29 4 35,1,1
frequency-100,evaluation,2026,243,21,30 46 33 22 34 47 45 29 4 35 38 20 12 13 2 10 28 18 11 49,30 46 33 22 34 47 45 29 4 35,1,1
frequency-100,evaluation,2026,244,46,30 46 33 22 34 47 45 29 4 35 38 20 12 13 2 10 44 28 18 11,30 46 33 22 34 47 45 29 4 35,0,0
frequency-100,evaluation,2026,245,18,30 33 22 34 47 45 29 4 35 38 46 20 12 13 2 43 10 44 28 18,30 33 22 34 47 45 29 4 35 38,0,1
frequency-100,evaluation,2026,246,30,30 33 22 34 47 45 29 4 35 38 46 20 12 13 2 43 10 44 28 11,30 33 22 34 47 45 29 4 35 38,0,0
frequency-100,evaluation,2026,247,40,33 22 34 47 42 45 30 29 4 35 38 46 20 12 13 2 43 10 44 28,33 22 34 47 42 45 30 29 4 35,1,1
frequency-100,evaluation,2026,248,20,13 33 22 34 47 42 45 30 29 4 35 38 46 20 12 2 43 10 44 28,13 33 22 34 47 42 45 30 29 4,0,1
frequency-100,evaluation,2026,249,23,13 33 22 34 47 42 45 30 29 4 35 38 46 12 2 43 10 44 48 28,13 33 22 34 47 42 45 30 29 4,1,1
frequency-100,evaluation,2026,250,14,13 33 22 34 47 42 45 30 29 4 35 38 46 12 2 43 10 44 48 28,13 33 22 34 47 42 45 30 29 4,1,1
frequency-100,evaluation,2026,251,30,13 33 22 34 47 42 45 30 29 4 35 38 46 12 2 43 10 44 48 28,13 33 22 34 47 42 45 30 29 4,0,0
frequency-100,evaluation,2026,252,22,13 33 22 34 47 42 45 29 4 35 38 46 12 2 43 10 31 44 48 28,13 33 22 34 47 42 45 29 4 35,0,0
frequency-100,evaluation,2026,253,16,45 13 33 34 47 42 29 4 35 38 46 12 2 43 10 31 44 48 28 22,45 13 33 34 47 42 29 4 35 38,1,1
frequency-100,evaluation,2026,254,2,45 13 33 34 47 42 29 4 35 38 46 12 2 43 10 31 44 48 28 22,45 13 33 34 47 42 29 4 35 38,0,1
frequency-100,evaluation,2026,255,44,45 13 33 34 47 42 29 4 35 38 46 12 43 10 31 44 48 28 22 27,45 13 33 34 47 42 29 4 35 38,0,1
frequency-100,evaluation,2026,256,1,45 13 33 34 47 42 29 4 35 38 46 12 43 10 31 48 28 22 27 11,45 13 33 34 47 42 29 4 35 38,1,1
frequency-100,evaluation,2026,257,7,45 13 33 34 47 42 29 4 35 38 46 12 43 10 31 48 28 22 27 11,45 13 33 34 47 42 29 4 35 38,1,1
frequency-100,evaluation,2026,258,46,45 13 33 34 47 42 29 4 35 38 46 12 43 10 31 48 28 22 27 11,45 13 33 34 47 42 29 4 35 38,0,1
frequency-100,evaluation,2026,259,22,45 13 33 34 47 42 29 4 35 38 12 43 10 31 48 28 22 27 11 49,45 13 33 34 47 42 29 4 35 38,0,1
frequency-100,evaluation,2026,260,20,45 13 33 34 47 42 29 4 35 38 12 43 10 31 48 28 27 11 49 30,45 13 33 34 47 42 29 4 35 38,1,1
frequency-100,evaluation,2026,261,24,45 13 33 34 47 42 29 4 35 38 12 2 43 10 31 48 28 27 11 49,45 13 33 34 47 42 29 4 35 38,1,1
frequency-100,evaluation,2026,262,30,45 13 33 34 47 42 29 4 35 38 12 2 43 10 31 48 28 27 11 49,45 13 33 34 47 42 29 4 35 38,1,1
frequency-100,evaluation,2026,263,9,45 13 33 34 47 42 29 4 35 38 12 2 43 10 31 48 28 27 11 49,45 13 33 34 47 42 29 4 35 38,1,1
frequency-100,evaluation,2026,264,21,45 13 33 34 47 42 29 4 35 38 12 2 43 10 31 48 37 28 27 11,45 13 33 34 47 42 29 4 35 38,1,1
frequency-100,evaluation,2026,265,49,45 13 33 34 47 42 29 4 35 38 12 2 43 10 31 48 37 28 27 11,45 13 33 34 47 42 29 4 35 38,1,1
frequency-100,evaluation,2026,266,8,45 13 33 34 47 42 29 4 35 38 12 2 43 10 31 48 37 28 27 11,45 13 33 34 47 42 29 4 35 38,1,1
logistic-l2-0.01,validation,2025,246,6,34 9 29 46 16 38 43 19 37 14 23 4 10 25 42 13 1 7 2 49,34 9 29 46 16 38 43 19 37 14,1,1
logistic-l2-0.01,validation,2025,247,25,16 23 1 26 9 14 18 43 34 46 4 25 10 29 13 2 15 22 5 42,16 23 1 26 9 14 18 43 34 46,0,1
logistic-l2-0.01,validation,2025,248,12,1 10 15 38 16 44 9 23 43 34 46 4 26 29 13 25 47 14 22 5,1 10 15 38 16 44 9 23 43 34,1,1
logistic-l2-0.01,validation,2025,249,2,34 24 42 16 27 1 9 23 4 25 39 43 44 13 26 20 29 47 10 46,34 24 42 16 27 1 9 23 4 25,1,1
logistic-l2-0.01,validation,2025,250,12,9 1 4 19 16 34 48 23 37 43 25 44 24 42 26 10 38 27 47 15,9 1 4 19 16 34 48 23 37 43,1,1
logistic-l2-0.01,validation,2025,251,35,34 47 33 16 1 9 23 43 3 44 26 35 19 11 2 38 27 29 15 10,34 47 33 16 1 9 23 43 3 44,0,1
logistic-l2-0.01,validation,2025,252,23,15 18 16 34 5 6 1 47 23 9 12 26 44 36 2 19 43 33 24 10,15 18 16 34 5 6 1 47 23 9,0,0
logistic-l2-0.01,validation,2025,253,33,1 43 10 35 16 34 49 23 47 40 44 2 19 9 15 18 26 24 4 25,1 43 10 35 16 34 49 23 47 40,1,1
logistic-l2-0.01,validation,2025,254,17,19 6 1 39 37 16 34 23 8 9 2 35 43 10 44 18 47 26 30 25,19 6 1 39 37 16 34 23 8 9,1,1
logistic-l2-0.01,validation,2025,255,42,19 44 29 1 12 27 23 34 6 18 35 16 2 43 10 47 9 33 15 39,19 44 29 1 12 27 23 34 6 18,1,1
logistic-l2-0.01,validation,2025,256,48,15 39 25 1 20 24 23 19 6 34 35 18 21 16 10 43 33 2 12 44,15 39 25 1 20 24 23 19 6 34,1,1
logistic-l2-0.01,validation,2025,257,28,42 9 5 45 36 1 19 15 11 34 35 39 33 23 10 25 2 12 47 44,42 9 5 45 36 1 19 15 11 34,1,1
logistic-l2-0.01,validation,2025,258,38,1 23 4 42 21 11 30 9 19 35 39 34 12 33 15 5 2 47 48 16,1 23 4 42 21 11 30 9 19 35,1,1
logistic-l2-0.01,validation,2025,259,47,1 35 47 25 17 23 26 42 9 19 33 4 15 48 12 2 5 39 34 6,1 35 47 25 17 23 26 42 9 19,0,0
logistic-l2-0.01,validation,2025,260,3,42 9 45 8 35 38 1 30 47 23 33 25 12 15 34 19 17 5 39 43,42 9 45 8 35 38 1 30 47 23,1,1
logistic-l2-0.01,validation,2025,261,33,12 42 44 24 28 23 1 47 11 40 35 9 25 45 38 30 17 19 5 8,12 42 44 24 28 23 1 47 11 40,1,1
logistic-l2-0.01,validation,2025,262,44,9 30 34 42 16 1 37 47 23 45 25 44 46 38 19 24 33 29 35 17,9 30 34 42 16 1 37 47 23 45,0,1
logistic-l2-0.01,validation,2025,263,38,33 38 12 16 28 9 42 27 47 30 44 1 25 45 34 24 29 23 17 11,33 38 12 16 28 9 42 27 47 30,0,0
logistic-l2-0.01,validation,2025,264,43,25 9 42 39 38 43 48 47 44 16 3 12 20 33 1 28 30 34 45 24,25 9 42 39 38 43 48 47 44 16,0,0
logistic-l2-0.01,validation,2025,265,10,47 33 38 9 42 23 25 28 1 16 19 44 30 34 45 39 12 24 6 43,47 33 38 9 42 23 25 28 1 16,1,1
logistic-l2-0.01,validation,2025,266,41,1 23 44 34 38 48 9 33 47 6 42 28 25 16 30 43 12 45 4 11,1 23 44 34 38 48 9 33 47 6,1,1
logistic-l2-0.01,validation,2025,267,29,1 38 43 33 47 23 44 26 34 9 25 28 40 16 30 18 48 13 42 12,1 38 43 33 47 23 44 26 34 9,1,1
logistic-l2-0.01,validation,2025,268,10,9 25 38 48 33 1 47 40 44 34 43 23 16 5 12 26 28 42 30 6,9 25 38 48 33 1 47 40 44 34,1,1
logistic-l2-0.01,validation,2025,269,31,1 38 33 9 39 5 44 27 45 48 47 34 25 23 43 40 16 12 30 28,1 38 33 9 39 5 44 27 45 48,1,1
logistic-l2-0.01,validation,2025,270,35,33 38 1 44 9 25 34 23 43 40 2 48 16 46 47 39 17 21 28 6,33 38 1 44 9 25 34 23 43 40,1,1
logistic-l2-0.01,validation,2025,271,6,33 38 1 5 10 46 31 34 23 3 43 44 9 48 25 16 39 47 11 6,33 38 1 5 10 46 31 34 23 3,0,1
logistic-l2-0.01,validation,2025,272,36,44 48 38 27 33 3 1 9 23 5 10 8 25 6 43 39 31 47 34 40,44 48 38 27 33 3 1 9 23 5,1,1
logistic-l2-0.01,validation,2025,273,4,1 10 48 29 38 21 44 23 6 33 3 4 25 5 43 39 31 41 9 27,1 10 48 29 38 21 44 23 6 33,0,1
logistic-l2-0.01,validation,2025,274,44,1 10 34 43 2 19 44 6 33 48 5 23 38 31 29 4 9 3 21 25,1 10 34 43 2 19 44 6 33 48,0,0
logistic-l2-0.01,validation,2025,275,45,1 10 40 44 19 39 41 34 48 5 2 38 31 29 6 9 4 20 33 3,1 10 40 44 19 39 41 34 48 5,1,1
logistic-l2-0.01,validation,2025,276,9,5 21 1 34 10 25 44 47 40 39 2 31 28 4 9 3 19 29 41 33,5 21 1 34 10 25 44 47 40 39,0,1
logistic-l2-0.01,validation,2025,277,16,21 34 25 10 5 44 9 22 1 2 31 39 4 29 33 38 3 19 45 48,21 34 25 10 5 44 9 22 1 2,1,1
logistic-l2-0.01,validation,2025,278,28,33 21 34 10 41 48 46 44 5 31 9 2 11 1 39 25 4 45 19 47,33 21 34 10 41 48 46 44 5 31,1,1
logistic-l2-0.01,validation,2025,279,27,34 33 4 21 45 39 44 9 2 10 28 41 25 48 46 5 19 16 22 47,34 33 4 21 45 39 44 9 2 10,1,1
logistic-l2-0.01,validation,2025,280,42,34 39 33 21 1 44 4 28 10 30 42 41 25 45 9 37 5 16 47 22,34 39 33 21 1 44 4 28 10 30,0,1
logistic-l2-0.01,validation,2025,281,47,44 28 34 39 21 33 4 41 42 36 25 1 45 9 35 16 22 48 49 10,44 28 34 39 21 33 4 41 42 36,1,1
logistic-l2-0.01,validation,2025,282,41,34 28 10 39 21 37 36 44 33 4 42 47 41 1 25 45 13 23 16 22,34 28 10 39 21 37 36 44 33 4,0,1
logistic-l2-0.01,validation,2025,283,45,33 25 34 4 28 39 30 44 47 41 42 21 38 37 45 16 22 9 19 10,33 25 34 4 28 39 30 44 47 41,0,1
logistic-l2-0.01,validation,2025,284,41,21 28 25 33 34 39 44 45 41 47 42 35 30 18 37 29 4 16 38 8,21 28 25 33 34 39 44 45 41 47,0,0
logistic-l2-0.01,validation,2025,285,24,21 38 25 33 28 13 34 45 39 47 41 30 42 37 12 4 49 16 44 1,21 38 25 33 28 13 34 45 39 47,1,1
logistic-l2-0.01,validation,2025,286,3,41 28 25 37 21 33 38 45 34 46 13 30 39 42 4 47 16 44 1 35,41 28 25 37 21 33 38 45 34 46,1,1
logistic-l2-0.01,validation,2025,287,34,25 41 28 42 33 37 24 38 16 21 30 45 39 27 4 15 13 34 47 44,25 41 28 42 33 37 24 38 16 21,0,1
logistic-l2-0.01,validation,2025,288,14,42 28 25 10 41 49 36 38 33 34 37 21 24 40 45 39 30 47 4 13,42 28 25 10 41 49 36 38 33 34,1,1
logistic-l2-0.01,validation,2025,289,42,42 44 47 25 41 8 1 28 38 10 24 37 2 21 49 34 36 33 30 13,42 44 47 25 41 8 1 28 38 10,0,0
logistic-l2-0.01,validation,2025,290,19,44 10 24 35 25 41 42 4 28 23 21 38 49 36 34 47 33 13 37 8,44 10 24 35 25 41 42 4 28 23,1,1
logistic-l2-0.01,validation,2025,291,44,25 2 10 41 24 42 40 5 44 18 17 21 38 47 34 4 33 13 8 23,25 2 10 41 24 42 40 5 44 18,0,0
logistic-l2-0.01,validation,2025,292,2,25 24 10 44 41 42 6 2 30 21 38 43 40 4 33 5 18 8 34 35,25 24 10 44 41 42 6 2 30 21,0,0
logistic-l2-0.01,validation,2025,293,47,10 25 24 40 44 4 2 28 42 41 37 21 31 5 34 6 18 8 35 49,10 25 24 40 44 4 2 28 42 41,1,1
logistic-l2-0.01,validation,2025,294,18,10 25 44 2 24 1 40 18 42 41 46 4 14 47 28 5 6 34 37 21,10 25 44 2 24 1 40 18 42 41,0,0
logistic-l2-0.01,validation,2025,295,5,10 25 44 2 24 14 40 42 18 35 8 4 1 47 28 41 5 34 11 38,10 25 44 2 24 14 40 42 18 35,0,1
logistic-l2-0.01,validation,2025,296,22,42 18 10 4 2 44 25 40 38 5 24 14 47 33 45 8 35 1 34 41,42 18 10 4 2 44 25 40 38 5,1,1
logistic-l2-0.01,validation,2025,297,44,10 5 18 2 42 44 4 17 31 25 40 49 47 14 23 38 8 35 24 29,10 5 18 2 42 44 4 17 31 25,0,0
logistic-l2-0.01,validation,2025,298,23,10 44 24 18 2 4 1 41 11 5 42 17 25 19 43 31 47 14 38 8,10 44 24 18 2 4 1 41 11 5,1,1
logistic-l2-0.01,validation,2025,299,49,10 35 18 44 4 22 2 49 37 42 24 5 25 20 23 41 38 39 11 31,10 35 18 44 4 22 2 49 37 42,0,0
logistic-l2-0.01,validation,2025,300,40,18 35 10 31 19 44 49 2 33 5 4 39 41 25 22 24 42 11 23 47,18 35 10 31 19 44 49 2 33 5,1,1
logistic-l2-0.01,validation,2025,301,5,24 39 49 44 18 10 35 4 41 2 22 29 17 42 40 31 23 33 47 37,24 39 49 44 18 10 35 4 41 2,1,1
logistic-l2-0.01,validation,2025,302,22,10 41 38 18 49 47 35 39 4 45 24 5 42 2 44 31 22 40 33 37,10 41 38 18 49 47 35 39 4 45,0,1
logistic-l2-0.01,validation,2025,303,15,42 45 18 49 29 41 35 39 38 22 10 24 5 44 47 33 23 4 17 11,42 45 18 49 29 41 35 39 38 22,1,1
logistic-l2-0.01,validation,2025,304,48,18 31 47 42 41 39 35 45 2 49 38 10 22 24 5 44 29 33 23 27,18 31 47 42 41 39 35 45 2 49,1,1
logistic-l2-0.01,validation,2025,305,42,39 47 42 45 41 49 24 19 5 18 31 35 22 29 33 38 44 10 34 2,39 47 42 45 41 49 24 19 5 18,0,0
logistic-l2-0.01,validation,2025,306,17,24 29 45 39 42 33 47 27 49 41 31 22 35 11 10 23 44 17 18 5,24 29 45 39 42 33 47 27 49 41,0,1
logistic-l2-0.01,validation,2025,307,20,42 10 39 24 22 38 47 45 41 4 29 33 35 49 17 44 27 7 18 2,42 10 39 24 22 38 47 45 41 4,1,1
logistic-l2-0.01,validation,2025,308,39,24 29 42 4 39 44 47 45 10 22 17 38 35 49 27 33 18 2 31 41,24 29 42 4 39 44 47 45 10 22,0,0
logistic-l2-0.01,validation,2025,309,6,45 42 39 24 29 40 47 10 17 1 44 38 4 27 48 22 14 2 49 41,45 42 39 24 29 40 47 10 17 1,1,1
logistic-l2-0.01,validation,2025,310,16,4 42 24 45 29 47 39 49 10 7 17 44 32 38 6 40 22 2 41 13,4 42 24 45 29 47 39 49 10 7,1,1
logistic-l2-0.01,validation,2025,311,37,4 10 17 42 45 47 24 49 29 39 6 38 9 22 44 43 2 41 5 27,4 10 17 42 45 47 24 49 29 39,1,1
logistic-l2-0.01,validation,2025,312,14,4 39 6 42 2 24 7 17 45 29 10 49 47 22 44 32 16 27 38 18,4 39 6 42 2 24 7 17 45 29,1,1
logistic-l2-0.01,validation,2025,313,38,4 47 39 24 42 18 1 17 10 6 14 2 35 49 45 44 46 29 16 7,4 47 39 24 42 18 1 17 10 6,1,1
logistic-l2-0.01,validation,2025,314,23,39 10 49 4 29 42 38 22 24 17 14 6 47 3 44 2 1 16 45 7,39 10 49 4 29 42 38 22 24 17,1,1
logistic-l2-0.01,validation,2025,315,4,38 29 4 44 39 10 37 24 17 42 49 14 6 1 22 23 2 47 16 19,38 29 4 44 39 10 37 24 17 42,0,0
logistic-l2-0.01,validation,2025,316,24,4 37 39 38 10 20 17 14 44 19 49 29 6 43 23 22 42 2 16 47,4 37 39 38 10 20 17 14 44 19,1,1
logistic-l2-0.01,validation,2025,317,18,4 29 20 17 39 42 24 40 14 38 44 37 49 10 6 23 2 47 16 19,4 29 20 17 39 42 24 40 14 38,1,1
logistic-l2-0.01,validation,2025,318,6,4 6 10 39 14 18 32 38 3 37 1 17 29 24 49 5 44 23 42 2,4 6 10 39 14 18 32 38 3 37,0,0
logistic-l2-0.01,validation,2025,319,45,4 6 20 22 18 38 10 37 29 7 39 24 17 49 42 32 14 44 23 3,4 6 20 22 18 38 10 37 29 7,1,1
logistic-l2-0.01,validation,2025,320,28,29 22 17 6 4 18 38 37 16 20 39 10 31 24 45 14 3 2 49 42,29 22 17 6 4 18 38 37 16 20,1,1
logistic-l2-0.01,validation,2025,321,23,20 6 29 22 4 7 38 37 18 40 39 17 45 24 10 14 3 28 44 42,20 6 29 22 4 7 38 37 18 40,1,1
logistic-l2-0.01,validation,2025,322,47,29 20 10 22 24 28 38 6 18 4 17 23 3 8 45 39 34 37 14 40,29 20 10 22 24 28 38 6 18 4,1,1
logistic-l2-0.01,validation,2025,323,9,29 6 17 20 22 34 38 33 10 24 47 23 46 4 45 39 18 28 7 40,29 6 17 20 22 34 38 33 10 24,1,1
logistic-l2-0.01,validation,2025,324,15,29 28 6 20 17 19 46 22 24 48 23 4 47 34 45 38 7 10 33 40,29 28 6 20 17 19 46 22 24 48,1,1
logistic-l2-0.01,validation,2025,325,4,28 29 6 20 10 17 31 22 38 24 49 4 46 15 34 47 7 45 19 33,28 29 6 20 10 17 31 22 38 24,0,1
logistic-l2-0.01,validation,2025,326,19,17 29 28 33 6 49 20 22 10 24 5 31 46 2 34 4 7 47 48 40,17 29 28 33 6 49 20 22 10 24,1,1
logistic-l2-0.01,validation,2025,327,37,33 4 46 28 31 6 23 17 29 19 22 10 20 34 49 47 7 24 48 45,33 4 46 28 31 6 23 17 29 19,1,1
logistic-l2-0.01,validation,2025,328,3,31 22 28 33 17 46 29 4 9 6 23 19 20 21 34 7 44 49 47 13,31 22 28 33 17 46 29 4 9 6,1,1
logistic-l2-0.01,validation,2025,329,17,28 22 34 31 33 17 15 29 4 13 46 8 19 23 6 9 47 49 10 48,28 22 34 31 33 17 15 29 4 13,0,0
logistic-l2-0.01,validation,2025,330,36,28 46 19 17 13 37 4 44 34 33 45 31 22 29 15 23 6 47 9 48,28 46 19 17 13 37 4 44 34 33,1,1
logistic-l2-0.01,validation,2025,331,26,37 6 28 17 46 4 19 20 22 31 15 29 34 33 13 23 9 36 47 44,37 6 28 17 46 4 19 20 22 31,1,1
logistic-l2-0.01,validation,2025,332,26,22 17 47 46 37 4 28 6 19 2 42 31 24 29 33 15 21 13 44 36,22 17 47 46 37 4 28 6 19 2,1,1
logistic-l2-0.01,validation,2025,333,6,19 44 23 28 37 45 4 22 17 46 8 31 13 30 6 15 2 47 33 36,19 44 23 28 37 45 4 22 17 46,0,1
logistic-l2-0.01,validation,2025,334,46,37 31 19 44 22 4 6 11 17 36 28 13 46 23 45 43 33 26 2 15,37 31 19 44 22 4 6 11 17 36,0,1
logistic-l2-0.01,validation,2025,335,44,37 33 6 46 4 44 22 19 17 49 29 1 31 23 45 13 26 11 36 41,37 33 6 46 4 44 22 19 17 49,0,0
logistic-l2-0.01,validation,2025,336,17,46 31 13 44 37 3 6 19 22 34 35 17 23 4 26 36 45 28 33 11,46 31 13 44 37 3 6 19 22 34,0,1
logistic-l2-0.01,validation,2025,337,9,6 13 44 37 46 20 15 42 31 22 17 3 10 19 45 26 36 34 8 28,6 13 44 37 46 20 15 42 31 22,1,1
logistic-l2-0.01,validation,2025,338,8,44 13 6 42 46 32 37 24 17 3 14 20 31 22 19 45 15 36 26 34,44 13 6 42 46 32 37 24 17 3,1,1
logistic-l2-0.01,validation,2025,339,48,44 6 13 15 10 46 34 37 17 41 42 48 8 19 20 31 26 36 32 24,44 6 13 15 10 46 34 37 17 41,0,1
logistic-l2-0.01,validation,2025,340,16,31 6 36 24 44 22 46 13 42 17 37 8 15 10 20 48 26 34 40 3,31 6 36 24 44 22 46 13 42 17,1,1
logistic-l2-0.01,validation,2025,341,6,22 17 15 10 44 6 31 45 28 46 24 13 42 8 48 34 36 26 37 3,22 17 15 10 44 6 31 45 28 46,0,0
logistic-l2-0.01,validation,2025,342,4,34 42 35 44 6 31 15 10 17 13 22 46 8 48 24 36 45 5 7 28,34 42 35 44 6 31 15 10 17 13,1,1
logistic-l2-0.01,validation,2025,343,38,15 17 24 41 8 31 6 34 10 13 42 22 19 44 46 35 48 36 28 29,15 17 24 41 8 31 6 34 10 13,1,1
logistic-l2-0.01,validation,2025,344,27,41 46 35 15 28 17 45 34 13 42 24 10 6 22 31 44 8 11 48 19,41 46 35 15 28 17 45 34 13 42,1,1
logistic-l2-0.01,validation,2025,345,24,42 10 15 17 34 13 11 24 40 41 28 6 46 22 31 35 8 44 45 47,42 10 15 17 34 13 11 24 40 41,0,0
logistic-l2-0.01,validation,2025,346,3,41 11 42 15 17 24 10 9 32 6 28 22 23 3 34 13 8 45 48 46,41 11 42 15 17 24 10 9 32 6,0,1
logistic-l2-0.01,validation,2025,347,13,11 34 46 24 41 40 15 10 42 28 22 17 20 8 3 26 48 45 6 9,11 34 46 24 41 40 15 10 42 28,1,1
logistic-l2-0.01,validation,2025,348,16,24 28 8 41 11 34 26 15 46 10 17 22 40 3 42 37 48 45 30 6,24 28 8 41 11 34 26 15 46 10,1,1
logistic-l2-0.01,validation,2025,349,22,34 22 24 31 11 26 28 41 21 44 46 17 40 15 8 42 10 45 3 13,34 22 24 31 11 26 28 41 21 44,0,0
logistic-l2-0.01,validation,2025,350,49,11 46 34 28 40 24 22 41 26 4 15 33 17 8 42 3 10 13 45 31,11 46 34 28 40 24 22 41 26 4,1,1
logistic-l2-0.01,validation,2025,351,4,22 11 42 35 46 34 24 41 26 47 16 28 40 8 3 7 4 13 44 31,22 11 42 35 46 34 24 41 26 47,0,1
logistic-l2-0.01,validation,2025,352,44,11 3 46 15 16 22 41 24 10 26 42 34 28 40 4 35 47 8 31 12,11 3 46 15 16 22 41 24 10 26,1,1
logistic-l2-0.01,validation,2025,353,1,26 11 10 22 46 3 9 16 40 42 28 44 41 34 24 35 15 2 31 13,26 11 10 22 46 3 9 16 40 42,1,1
logistic-l2-0.01,validation,2025,354,30,26 16 11 46 22 3 10 44 40 42 6 24 34 15 9 4 48 31 47 13,26 16 11 46 22 3 10 44 40 42,1,1
logistic-l2-0.01,validation,2025,355,8,26 11 4 16 15 22 46 3 28 48 44 21 24 34 9 10 13 5 42 40,26 11 4 16 15 22 46 3 28 48,1,1
logistic-l2-0.01,validation,2025,356,24,15 26 28 16 22 30 6 11 46 9 4 44 3 8 34 48 10 21 13 40,15 26 28 16 22 30 6 11 46 9,1,1
logistic-l2-0.01,validation,2025,357,49,11 8 26 16 15 13 22 3 28 40 44 30 4 6 24 36 9 46 21 48,11 8 26 16 15 13 22 3 28 40,1,1
logistic-l2-0.01,validation,2025,358,7,15 16 11 13 24 26 35 22 41 2 43 3 6 4 8 28 44 46 40 9,15 16 11 13 24 26 35 22 41 2,1,1
logistic-l2-0.01,validation,2025,359,11,26 35 22 42 11 43 15 16 24 6 4 13 3 8 46 28 9 40 10 41,26 35 22 42 11 43 15 16 24 6,0,0
logistic-l2-0.01,validation,2025,360,41,42 6 26 11 15 16 35 24 38 43 22 3 8 45 23 9 13 37 4 28,42 6 26 11 15 16 35 24 38 43,1,1
logistic-l2-0.01,validation,2025,361,24,15 6 44 26 11 24 42 41 12 43 16 8 3 35 27 9 13 4 30 28,15 6 44 26 11 24 42 41 12 43,0,0
logistic-l2-0.01,validation,2025,362,23,11 6 30 38 15 2 26 24 41 43 42 44 35 8 9 13 20 28 48 16,11 6 30 38 15 2 26 24 41 43,1,1
logistic-l2-0.01,validation,2025,363,26,6 11 30 8 15 24 45 37 38 41 43 42 26 35 13 28 48 23 16 2,6 11 30 8 15 24 45 37 38 41,0,1
logistic-l2-0.01,validation,2025,364,12,15 11 13 6 23 30 9 4 24 8 21 41 26 42 43 35 28 45 38 2,15 11 13 6 23 30 9 4 24 8,1,1
logistic-l2-0.01,validation,2025,365,26,11 43 6 15 2 22 24 28 8 23 13 30 26 41 42 9 35 31 12 45,11 43 6 15 2 22 24 28 8 23,0,1
logistic-l2-0.01,evaluation,2026,1,29,11 6 16 24 26 20 23 49 15 13 2 33 43 42 22 10 41 8 30 45,11 6 16 24 26 20 23 49 15 13,1,1
logistic-l2-0.01,evaluation,2026,2,22,11 43 42 8 26 6 33 23 27 24 15 2 22 41 16 30 12 45 38 13,11 43 42 8 26 6 33 23 27 24,0,1
logistic-l2-0.01,evaluation,2026,3,9,11 15 26 4 6 22 23 7 42 43 3 48 8 33 30 16 12 27 38 45,11 15 26 4 6 22 23 7 42 43,1,1
logistic-l2-0.01,evaluation,2026,4,45,15 11 30 42 6 44 7 23 26 22 4 9 8 33 12 16 27 17 45 24,15 11 30 42 6 44 7 23 26 22,0,1
logistic-l2-0.01,evaluation,2026,5,43,22 11 15 7 49 30 26 9 6 4 23 35 42 8 45 33 12 44 16 36,22 11 15 7 49 30 26 9 6 4,1,1
logistic-l2-0.01,evaluation,2026,6,13,11 20 22 15 43 30 13 7 26 36 17 19 9 4 23 45 8 42 33 49,11 20 22 15 43 30 13 7 26 36,0,0
logistic-l2-0.01,evaluation,2026,7,41,15 11 22 6 13 26 43 9 7 46 23 35 41 21 4 45 8 30 49 42,15 11 22 6 13 26 43 9 7 46,0,1
logistic-l2-0.01,evaluation,2026,8,21,15 22 45 43 13 26 11 44 9 41 7 28 4 49 42 16 3 40 21 23,15 22 45 43 13 26 11 44 9 41,0,1
logistic-l2-0.01,evaluation,2026,9,28,45 15 22 43 29 36 19 11 41 26 7 13 44 21 9 49 16 42 3 28,45 15 22 43 29 36 19 11 41 26,0,1
logistic-l2-0.01,evaluation,2026,10,27,22 7 49 15 45 17 41 6 26 43 13 29 28 36 9 44 19 21 11 16,22 7 49 15 45 17 41 6 26 43,1,1
logistic-l2-0.01,evaluation,2026,11,11,49 22 11 15 7 45 30 41 13 28 27 43 24 23 21 36 44 6 19 17,49 22 11 15 7 45 30 41 13 28,0,0
logistic-l2-0.01,evaluation,2026,12,11,7 15 22 11 45 41 49 13 28 48 21 5 36 44 9 27 19 17 30 6,7 15 22 11 45 41 49 13 28 48,0,0
logistic-l2-0.01,evaluation,2026,13,1,41 45 7 49 26 15 11 36 19 22 44 27 9 17 21 28 13 20 5 23,41 45 7 49 26 15 11 36 19 22,1,1
logistic-l2-0.01,evaluation,2026,14,26,45 19 41 6 27 11 49 44 7 9 36 22 15 21 26 13 28 5 23 43,45 19 41 6 27 11 49 44 7 9,0,1
logistic-l2-0.01,evaluation,2026,15,31,41 13 26 43 11 6 45 27 38 15 19 21 12 28 5 49 44 7 8 23,41 13 26 43 11 6 45 27 38 15,1,1
logistic-l2-0.01,evaluation,2026,16,6,41 26 15 11 6 45 27 30 8 44 28 21 5 13 49 23 20 1 9 7,41 26 15 11 6 45 27 30 8 44,0,0
logistic-l2-0.01,evaluation,2026,17,32,26 41 6 11 27 38 45 48 12 28 1 44 23 5 30 49 15 7 9 34,26 41 6 11 27 38 45 48 12 28,1,1
logistic-l2-0.01,evaluation,2026,18,39,26 6 11 41 31 27 38 18 44 33 32 1 30 12 48 45 23 49 5 7,26 6 11 41 31 27 38 18 44 33,1,1
logistic-l2-0.01,evaluation,2026,19,46,26 31 6 11 27 43 15 41 32 38 30 12 23 49 8 48 18 44 7 33,26 31 6 11 27 43 15 41 32 38,1,1
logistic-l2-0.01,evaluation,2026,20,12,26 11 31 6 27 38 45 25 32 41 7 12 23 43 8 19 15 44 48 30,26 11 31 6 27 38 45 25 32 41,0,1
logistic-l2-0.01,evaluation,2026,21,42,26 11 12 31 6 9 41 32 15 37 24 44 43 45 25 33 39 48 7 14,26 11 12 31 6 9 41 32 15 37,1,1
logistic-l2-0.01,evaluation,2026,22,18,26 12 31 6 45 42 33 11 41 24 7 9 47 25 39 1 44 43 27 32,26 12 31 6 45 42 33 11 41 24,1,1
logistic-l2-0.01,evaluation,2026,23,47,12 26 42 31 6 39 18 37 8 46 9 30 44 1 45 32 20 24 43 27,12 26 42 31 6 39 18 37 8 46,1,1
logistic-l2-0.01,evaluation,2026,24,28,31 18 12 26 6 42 47 38 39 8 46 11 45 32 24 41 43 33 15 9,31 18 12 26 6 42 47 38 39 8,1,1
logistic-l2-0.01,evaluation,2026,25,37,18 47 12 31 45 6 42 15 44 26 23 25 39 28 46 24 33 32 41 10,18 47 12 31 45 6 42 15 44 26,1,1
logistic-l2-0.01,evaluation,2026,26,19,6 18 47 46 12 37 42 9 26 41 28 45 39 14 31 24 23 44 25 32,6 18 47 46 12 37 42 9 26 41,1,1
logistic-l2-0.01,evaluation,2026,27,45,37 42 18 47 44 24 12 46 28 19 39 6 45 9 26 31 23 25 32 41,37 42 18 47 44 24 12 46 28 19,0,1
logistic-l2-0.01,evaluation,2026,28,3,18 45 46 37 47 42 12 28 19 39 11 26 6 9 10 16 24 25 49 23,18 45 46 37 47 42 12 28 19 39,1,1
logistic-l2-0.01,evaluation,2026,29,1,47 45 37 28 18 46 42 12 19 39 3 49 6 24 9 11 32 26 44 17,47 45 37 28 18 46 42 12 19 39,1,1
logistic-l2-0.01,evaluation,2026,30,41,47 18 37 45 3 28 1 42 6 8 46 24 12 19 11 9 10 44 39 49,47 18 37 45 3 28 1 42 6 8,1,1
logistic-l2-0.01,evaluation,2026,31,26,47 3 18 1 45 6 37 41 28 42 4 46 19 10 44 39 49 24 8 11,47 3 18 1 45 6 37 41 28 42,1,1
logistic-l2-0.01,evaluation,2026,32,6,18 47 19 3 37 41 45 1 28 6 26 11 38 5 25 46 7 44 39 49,18 47 19 3 37 41 45 1 28 6,0,0
logistic-l2-0.01,evaluation,2026,33,41,6 47 41 3 1 45 11 18 28 10 19 26 37 23 39 17 5 25 49 46,6 47 41 3 1 45 11 18 28 10,0,0
logistic-l2-0.01,evaluation,2026,34,19,41 11 6 3 46 1 45 14 28 37 19 47 26 8 18 10 39 23 49 5,41 11 6 3 46 1 45 14 28 37,0,1
logistic-l2-0.01,evaluation,2026,35,27,41 6 19 45 3 1 23 11 38 47 37 24 26 18 35 46 14 39 5 30,41 6 19 45 3 1 23 11 38 47,1,1
logistic-l2-0.01,evaluation,2026,36,1,19 41 47 3 6 11 32 1 44 45 26 18 27 39 23 36 5 38 24 49,19 41 47 3 6 11 32 1 44 45,0,0
logistic-l2-0.01,evaluation,2026,37,43,11 39 41 27 47 19 1 44 3 6 45 20 18 26 48 38 23 32 5 8,11 39 41 27 47 19 1 44 3 6,1,1
logistic-l2-0.01,evaluation,2026,38,42,39 44 47 11 41 19 1 45 6 3 27 42 26 38 23 32 13 8 5 18,39 44 47 11 41 19 1 45 6 3,0,1
logistic-l2-0.01,evaluation,2026,39,11,6 41 1 11 19 20 47 39 27 44 42 12 34 26 38 45 23 49 3 18,6 41 1 11 19 20 47 39 27 44,0,0
logistic-l2-0.01,evaluation,2026,40,28,11 20 41 19 6 27 1 39 8 4 42 47 44 26 10 23 38 31 45 43,11 20 41 19 6 27 1 39 8 4,1,1
logistic-l2-0.01,evaluation,2026,41,36,11 27 6 19 20 41 39 49 44 42 46 29 1 26 45 23 38 8 47 43,11 27 6 19 20 41 39 49 44 42,1,1
logistic-l2-0.01,evaluation,2026,42,16,27 11 44 8 6 20 41 39 32 19 42 17 36 1 45 23 47 2 43 28,27 11 44 8 6 20 41 39 32 19,1,1
logistic-l2-0.01,evaluation,2026,43,13,19 27 1 11 44 38 8 41 18 17 42 20 36 6 39 22 45 47 32 16,19 27 1 11 44 38 8 41 18 17,1,1
logistic-l2-0.01,evaluation,2026,44,19,42 27 19 44 11 1 40 36 20 35 13 39 3 38 6 45 8 9 33 47,42 27 19 44 11 1 40 36 20 35,0,0
logistic-l2-0.01,evaluation,2026,45,1,27 39 47 17 44 19 42 38 11 1 46 48 20 36 13 6 32 8 18 16,27 39 47 17 44 19 42 38 11 1,0,0
logistic-l2-0.01,evaluation,2026,46,3,42 27 20 38 13 11 39 1 44 17 22 19 47 46 6 49 8 40 48 18,42 27 20 38 13 11 39 1 44 17,1,1
logistic-l2-0.01,evaluation,2026,47,39,20 13 39 42 22 36 9 38 27 17 11 1 19 44 3 47 46 49 8 6,20 13 39 42 22 36 9 38 27 17,0,0
logistic-l2-0.01,evaluation,2026,48,24,42 47 46 39 20 40 13 38 27 35 17 11 1 19 3 36 22 23 9 49,42 47 46 39 20 40 13 38 27 35,1,1
logistic-l2-0.01,evaluation,2026,49,13,38 46 39 8 29 16 13 32 27 20 47 42 17 1 11 19 3 36 22 9,38 46 39 8 29 16 13 32 27 20,0,0
logistic-l2-0.01,evaluation,2026,50,23,42 22 38 39 46 13 49 27 47 28 17 1 3 36 16 19 20 32 12 9,42 22 38 39 46 13 49 27 47 28,1,1
logistic-l2-0.01,evaluation,2026,51,1,13 39 38 42 44 22 46 17 33 47 1 3 10 19 23 36 16 20 27 32,13 39 38 42 44 22 46 17 33 47,0,1
logistic-l2-0.01,evaluation,2026,52,38,38 42 13 40 44 39 22 46 20 14 47 17 6 23 1 35 3 16 19 33,38 42 13 40 44 39 22 46 20 14,0,0
logistic-l2-0.01,evaluation,2026,53,15,13 38 46 40 35 39 42 14 22 23 44 47 3 20 1 9 33 19 10 17,13 38 46 40 35 39 42 14 22 23,1,1
logistic-l2-0.01,evaluation,2026,54,48,38 13 39 46 42 17 40 1 23 47 14 22 16 12 44 20 33 18 35 3,38 13 39 46 42 17 40 1 23 47,1,1
logistic-l2-0.01,evaluation,2026,55,14,13 38 42 39 46 32 49 1 40 22 23 14 20 44 37 30 3 35 16 47,13 38 42 39 46 32 49 1 40 22,0,1
logistic-l2-0.01,evaluation,2026,56,48,39 13 38 14 42 20 46 40 23 44 1 3 9 49 28 32 31 35 22 16,39 13 38 14 42 20 46 40 23 44,1,1
logistic-l2-0.01,evaluation,2026,57,23,38 13 46 39 42 14 40 6 10 9 49 44 23 32 35 48 47 1 16 20,38 13 46 39 42 14 40 6 10 9,0,1
logistic-l2-0.01,evaluation,2026,58,31,40 38 13 30 14 29 44 42 46 26 49 32 6 21 39 20 9 33 23 17,40 38 13 30 14 29 44 42 46 26,1,1
logistic-l2-0.01,evaluation,2026,59,10,13 38 40 20 33 21 14 31 44 30 42 6 23 48 49 9 1 39 12 11,13 38 40 20 33 21 14 31 44 30,1,1
logistic-l2-0.01,evaluation,2026,60,9,38 40 19 13 14 29 12 28 10 1 20 23 30 33 48 44 6 21 26 31,38 40 19 13 14 29 12 28 10 1,1,1
logistic-l2-0.01,evaluation,2026,61,29,40 38 1 39 9 14 27 13 48 19 20 34 21 31 23 10 29 6 26 12,40 38 1 39 9 14 27 13 48 19,0,1
logistic-l2-0.01,evaluation,2026,62,24,40 29 9 38 46 17 48 13 39 14 20 23 31 37 10 19 8 21 1 26,40 29 9 38 46 17 48 13 39 14,1,1
logistic-l2-0.01,evaluation,2026,63,28,29 46 9 40 49 6 42 48 39 24 31 20 19 21 13 38 35 10 23 14,29 46 9 40 49 6 42 48 39 24,1,1
logistic-l2-0.01,evaluation,2026,64,18,29 31 9 40 28 26 37 48 44 20 39 2 24 46 10 38 21 19 13 23,29 31 9 40 28 26 37 48 44 20,1,1
logistic-l2-0.01,evaluation,2026,65,5,40 29 44 34 9 28 23 2 31 8 39 20 46 13 26 10 24 21 42 6,40 29 44 34 9 28 23 2 31 8,1,1
logistic-l2-0.01,evaluation,2026,66,37,29 40 24 2 38 17 9 28 33 46 44 31 13 42 26 10 45 6 34 23,29 40 24 2 38 17 9 28 33 46,1,1
logistic-l2-0.01,evaluation,2026,67,5,24 28 29 2 44 40 20 37 38 13 31 46 9 42 23 36 34 17 8 10,24 28 29 2 44 40 20 37 38 13,1,1
logistic-l2-0.01,evaluation,2026,68,23,9 6 24 40 29 28 1 2 26 38 44 46 37 13 31 20 42 17 8 5,9 6 24 40 29 28 1 2 26 38,1,1
logistic-l2-0.01,evaluation,2026,69,24,2 38 26 1 29 24 28 44 49 40 46 37 9 17 6 42 8 23 21 5,2 38 26 1 29 24 28 44 49 40,0,0
logistic-l2-0.01,evaluation,2026,70,25,8 2 23 40 38 24 44 34 46 36 9 37 26 29 17 28 42 6 1 10,8 2 23 40 38 24 44 34 46 36,1,1
logistic-l2-0.01,evaluation,2026,71,48,23 17 2 38 24 44 10 40 26 46 37 8 42 28 29 6 13 1 36 9,23 17 2 38 24 44 10 40 26 46,1,1
logistic-l2-0.01,evaluation,2026,72,46,44 8 38 2 30 24 40 23 26 5 41 42 46 28 17 6 37 25 36 10,44 8 38 2 30 24 40 23 26 5,0,1
logistic-l2-0.01,evaluation,2026,73,34,44 28 42 1 23 2 25 38 24 40 26 46 8 12 37 30 36 17 10 5,44 28 42 1 23 2 25 38 24 40,1,1
logistic-l2-0.01,evaluation,2026,74,10,1 44 23 36 24 38 33 2 46 29 34 8 26 40 28 7 42 5 30 37,1 44 23 36 24 38 33 2 46 29,1,1
logistic-l2-0.01,evaluation,2026,75,33,24 25 1 49 44 12 23 10 38 2 46 26 31 28 42 36 34 5 8 37,24 25 1 49 44 12 23 10 38 2,1,1
logistic-l2-0.01,evaluation,2026,76,2,26 24 41 1 23 44 10 20 25 46 33 28 19 34 22 37 36 2 49 8,26 24 41 1 23 44 10 20 25 46,0,1
logistic-l2-0.01,evaluation,2026,77,29,24 41 12 1 23 10 26 2 7 25 46 33 22 44 28 34 38 49 5 8,24 41 12 1 23 10 26 2 7 25,1,1
logistic-l2-0.01,evaluation,2026,78,46,25 24 46 30 23 1 29 10 41 37 2 26 33 44 32 12 34 39 28 49,25 24 46 30 23 1 29 10 41 37,0,0
logistic-l2-0.01,evaluation,2026,79,35,10 24 33 2 25 41 1 46 8 29 12 26 44 17 28 23 34 30 7 18,10 24 33 2 25 41 1 46 8 29,1,1
logistic-l2-0.01,evaluation,2026,80,3,25 24 41 1 34 46 10 49 33 2 29 6 26 44 20 12 28 23 30 7,25 24 41 1 34 46 10 49 33 2,1,1
logistic-l2-0.01,evaluation,2026,81,17,46 1 24 2 41 48 33 29 17 42 25 26 10 18 9 12 44 34 21 28,46 1 24 2 41 48 33 29 17 42,0,0
logistic-l2-0.01,evaluation,2026,82,27,41 46 24 1 17 29 2 33 10 26 35 34 12 36 28 25 49 3 14 23,41 46 24 1 17 29 2 33 10 26,1,1
logistic-l2-0.01,evaluation,2026,83,5,41 33 24 25 17 2 3 29 46 37 10 1 26 21 34 27 49 12 28 23,41 33 24 25 17 2 3 29 46 37,1,1
logistic-l2-0.01,evaluation,2026,84,16,46 1 41 24 2 8 33 17 30 23 36 10 26 29 25 3 49 27 5 37,46 1 41 24 2 8 33 17 30 23,1,1
logistic-l2-0.01,evaluation,2026,85,19,2 24 41 46 5 20 33 17 1 7 26 29 8 3 25 31 23 27 36 10,2 24 41 46 5 20 33 17 1 7,1,1
logistic-l2-0.01,evaluation,2026,86,12,2 33 46 24 20 41 6 27 17 1 29 5 8 25 3 19 26 23 36 10,2 33 46 24 20 41 6 27 17 1,1,1
logistic-l2-0.01,evaluation,2026,87,26,24 36 46 26 17 34 2 41 33 1 29 5 12 20 14 8 27 25 23 15,24 36 46 26 17 34 2 41 33 1,0,0
logistic-l2-0.01,evaluation,2026,88,27,17 2 1 24 26 46 33 41 5 36 20 21 12 29 27 8 19 6 3 23,17 2 1 24 26 46 33 41 5 36,0,1
logistic-l2-0.01,evaluation,2026,89,49,24 12 46 17 27 2 26 1 36 41 42 5 10 20 33 18 6 8 16 19,24 12 46 17 27 2 26 1 36 41,1,1
logistic-l2-0.01,evaluation,2026,90,36,26 5 24 17 27 2 1 21 34 46 41 36 12 49 44 33 23 8 20 25,26 5 24 17 27 2 1 21 34 46,0,1
logistic-l2-0.01,evaluation,2026,91,37,36 17 26 24 27 2 5 29 20 46 8 37 41 12 1 49 33 23 19 25,36 17 26 24 27 2 5 29 20 46,0,1
logistic-l2-0.01,evaluation,2026,92,6,24 5 26 36 37 17 27 8 2 12 1 46 49 42 41 20 33 19 23 29,24 5 26 36 37 17 27 8 2 12,1,1
logistic-l2-0.01,evaluation,2026,93,40,26 36 5 24 46 37 6 19 27 17 12 42 2 1 8 25 20 23 49 41,26 36 5 24 46 37 6 19 27 17,1,1
logistic-l2-0.01,evaluation,2026,94,17,26 24 36 37 5 17 6 27 12 46 19 2 1 42 18 48 20 47 41 8,26 24 36 37 5 17 6 27 12 46,0,0
logistic-l2-0.01,evaluation,2026,95,35,17 26 36 24 27 37 12 6 25 19 5 1 46 42 41 49 16 28 29 38,17 26 36 24 27 37 12 6 25 19,1,1
logistic-l2-0.01,evaluation,2026,96,43,26 17 1 36 24 37 48 12 27 46 21 6 5 38 42 25 35 29 49 15,26 17 1 36 24 37 48 12 27 46,1,1
logistic-l2-0.01,evaluation,2026,97,11,26 17 37 25 5 1 35 36 46 6 27 43 42 48 15 24 49 21 29 12,26 17 37 25 5 1 35 36 46 6,1,1
logistic-l2-0.01,evaluation,2026,98,17,26 17 46 37 25 8 29 36 5 27 1 42 48 35 28 43 6 11 24 49,26 17 46 37 25 8 29 36 5 27,0,0
logistic-l2-0.01,evaluation,2026,99,12,17 26 8 24 37 25 46 5 49 36 48 1 35 43 29 6 42 3 11 32,17 26 8 24 37 25 46 5 49 36,1,1
logistic-l2-0.01,evaluation,2026,100,33,17 26 37 25 28 12 8 46 32 18 24 48 5 10 36 1 35 29 42 43,17 26 37 25 28 12 8 46 32 18,1,1
logistic-l2-0.01,evaluation,2026,101,39,17 24 48 32 26 25 37 3 46 33 12 28 8 4 5 1 43 35 42 6,17 24 48 32 26 25 37 3 46 33,1,1
logistic-l2-0.01,evaluation,2026,102,20,17 12 26 8 46 24 25 39 28 48 33 22 32 1 35 43 20 3 6 34,17 12 26 8 46 24 25 39 28 48,0,1
logistic-l2-0.01,evaluation,2026,103,6,17 39 32 3 26 46 12 20 24 48 33 43 28 35 36 8 1 11 25 18,17 39 32 3 26 46 12 20 24 48,1,1
logistic-l2-0.01,evaluation,2026,104,1,17 39 3 12 32 1 20 26 24 6 4 46 28 43 35 8 48 34 33 25,17 39 3 12 32 1 20 26 24 6,0,0
logistic-l2-0.01,evaluation,2026,105,28,39 3 1 20 17 48 12 32 26 46 6 35 24 8 33 43 28 11 37 5,39 3 1 20 17 48 12 32 26 46,0,1
logistic-l2-0.01,evaluation,2026,106,22,17 39 3 28 1 20 32 12 46 6 11 36 26 8 24 48 33 43 37 5,17 39 3 28 1 20 32 12 46 6,1,1
logistic-l2-0.01,evaluation,2026,107,49,17 39 1 28 46 20 3 11 48 22 32 12 6 8 5 33 36 24 26 34,17 39 1 28 46 20 3 11 48 22,1,1
logistic-l2-0.01,evaluation,2026,108,45,17 1 39 6 49 3 20 28 48 12 22 32 46 34 33 36 24 5 10 35,17 1 39 6 49 3 20 28 48 12,1,1
logistic-l2-0.01,evaluation,2026,109,16,6 48 1 39 20 28 17 3 49 45 12 22 26 32 46 36 34 33 5 11,6 48 1 39 20 28 17 3 49 45,1,1
logistic-l2-0.01,evaluation,2026,110,30,39 1 6 48 20 3 17 24 16 28 45 49 46 8 19 22 26 32 36 33,39 1 6 48 20 3 17 24 16 28,1,1
logistic-l2-0.01,evaluation,2026,111,1,1 39 6 3 20 45 19 30 48 17 28 49 16 43 46 22 26 36 40 5,1 39 6 3 20 45 19 30 48 17,0,0
logistic-l2-0.01,evaluation,2026,112,9,1 6 3 24 20 48 45 30 39 28 49 19 17 46 16 26 38 43 22 5,1 6 3 24 20 48 45 30 39 28,1,1
logistic-l2-0.01,evaluation,2026,113,2,1 19 30 6 48 24 45 3 17 49 28 26 39 16 46 10 43 5 20 22,1 19 30 6 48 24 45 3 17 49,1,1
logistic-l2-0.01,evaluation,2026,114,30,1 17 49 19 48 22 24 45 32 30 6 2 28 26 3 16 43 15 39 46,1 17 49 19 48 22 24 45 32 30,0,0
logistic-l2-0.01,evaluation,2026,115,4,1 30 45 19 17 10 48 49 24 6 36 28 22 26 32 43 41 3 46 16,1 30 45 19 17 10 48 49 24 6,1,1
logistic-l2-0.01,evaluation,2026,116,22,1 30 17 16 45 19 48 8 49 24 29 10 6 22 4 25 26 43 3 46,1 30 17 16 45 19 48 8 49 24,0,1
logistic-l2-0.01,evaluation,2026,117,16,1 10 48 16 30 22 17 46 19 45 49 15 24 43 3 6 8 33 26 29,1 10 48 16 30 22 17 46 19 45,0,0
logistic-l2-0.01,evaluation,2026,118,8,16 19 45 46 1 30 48 17 10 22 33 24 8 3 2 7 15 38 43 39,16 19 45 46 1 30 48 17 10 22,0,1
logistic-l2-0.01,evaluation,2026,119,11,8 22 16 1 46 19 30 49 17 38 48 45 24 10 3 33 40 37 43 2,8 22 16 1 46 19 30 49 17 38,1,1
logistic-l2-0.01,evaluation,2026,120,6,22 30 1 16 8 19 46 38 40 17 48 45 32 11 10 3 33 24 49 15,22 30 1 16 8 19 46 38 40 17,1,1
logistic-l2-0.01,evaluation,2026,121,44,22 1 48 16 46 24 30 8 6 19 38 7 10 17 45 32 33 18 11 49,22 1 48 16 46 24 30 8 6 19,1,1
logistic-l2-0.01,evaluation,2026,122,1,48 6 22 45 16 46 30 1 19 8 10 44 38 20 11 49 7 15 17 40,48 6 22 45 16 46 30 1 19 8,0,0
logistic-l2-0.01,evaluation,2026,123,46,22 45 1 48 16 6 15 46 25 8 30 18 19 23 38 10 32 49 40 11,22 45 1 48 16 6 15 46 25 8,0,0
logistic-l2-0.01,evaluation,2026,124,39,46 22 1 45 16 48 6 44 23 49 30 8 17 39 11 19 25 10 38 15,46 22 1 45 16 48 6 44 23 49,0,1
logistic-l2-0.01,evaluation,2026,125,31,46 22 39 1 48 16 45 6 17 8 10 23 11 44 49 19 15 30 3 7,46 22 39 1 48 16 45 6 17 8,1,1
logistic-l2-0.01,evaluation,2026,126,49,46 22 39 16 1 45 48 19 6 30 17 38 7 23 44 49 8 10 11 24,46 22 39 16 1 45 48 19 6 30,0,1
logistic-l2-0.01,evaluation,2026,127,45,46 1 49 22 39 45 6 16 10 48 3 17 19 30 23 44 11 8 5 15,46 1 49 22 39 45 6 16 10 48,0,0
logistic-l2-0.01,evaluation,2026,128,37,45 1 49 46 39 22 3 6 8 48 7 17 30 10 23 11 44 19 16 38,45 1 49 46 39 22 3 6 8 48,1,1
logistic-l2-0.01,evaluation,2026,129,41,45 46 1 39 22 49 7 6 48 30 10 3 17 23 37 44 19 11 16 25,45 46 1 39 22 49 7 6 48 30,1,1
logistic-l2-0.01,evaluation,2026,130,29,45 46 1 39 7 49 6 17 22 41 48 25 3 23 44 10 30 19 16 40,45 46 1 39 7 49 6 17 22 41,1,1
logistic-l2-0.01,evaluation,2026,131,7,45 46 1 39 49 41 29 7 25 22 5 17 44 6 10 30 3 16 48 19,45 46 1 39 49 41 29 7 25 22,0,0
logistic-l2-0.01,evaluation,2026,132,30,1 7 46 45 39 49 25 29 41 22 40 17 16 30 37 6 10 5 19 3,1 7 46 45 39 49 25 29 41 22,0,1
logistic-l2-0.01,evaluation,2026,133,7,7 39 30 46 45 1 49 29 41 48 11 25 17 16 37 44 22 5 10 19,7 39 30 46 45 1 49 29 41 48,0,0
logistic-l2-0.01,evaluation,2026,134,37,7 1 30 45 39 49 29 46 41 16 44 23 37 25 38 22 17 48 5 11,7 1 30 45 39 49 29 46 41 16,0,1
logistic-l2-0.01,evaluation,2026,135,30,7 49 1 46 37 30 45 40 44 22 29 25 16 41 24 11 48 39 17 5,7 49 1 46 37 30 45 40 44 22,0,0
logistic-l2-0.01,evaluation,2026,136,48,7 30 1 45 46 49 37 25 29 40 9 35 8 48 20 22 44 41 5 10,7 30 1 45 46 49 37 25 29 40,0,1
logistic-l2-0.01,evaluation,2026,137,26,7 1 48 30 45 17 37 24 25 46 29 14 40 41 12 15 44 49 22 16,7 1 48 30 45 17 37 24 25 46,1,1
logistic-l2-0.01,evaluation,2026,138,49,7 30 1 48 24 37 26 46 5 25 20 19 29 45 40 17 44 22 41 16,7 30 1 48 24 37 26 46 5 25,1,1
logistic-l2-0.01,evaluation,2026,139,24,7 24 49 30 46 1 48 22 20 38 37 26 29 25 6 17 40 44 41 16,7 24 49 30 46 1 48 22 20 38,0,0
logistic-l2-0.01,evaluation,2026,140,16,30 24 7 1 48 49 37 45 29 26 46 22 41 16 20 44 23 25 5 39,30 24 7 1 48 49 37 45 29 26,0,1
logistic-l2-0.01,evaluation,2026,141,33,24 7 30 16 46 1 48 49 37 26 22 10 20 44 45 23 17 25 39 38,24 7 30 16 46 1 48 49 37 26,1,1
logistic-l2-0.01,evaluation,2026,142,23,24 30 7 48 49 16 1 46 33 17 37 22 26 20 8 44 2 45 32 34,24 30 7 48 49 16 1 46 33 17,1,1
logistic-l2-0.01,evaluation,2026,143,44,24 23 7 49 26 30 48 1 46 16 45 37 33 22 15 35 17 18 20 44,24 23 7 49 26 30 48 1 46 16,0,1
logistic-l2-0.01,evaluation,2026,144,43,24 26 33 44 30 48 49 16 23 46 1 37 18 7 45 2 22 32 20 17,24 26 33 44 30 48 49 16 23 46,1,1
logistic-l2-0.01,evaluation,2026,145,5,26 24 33 48 30 22 16 49 23 46 44 1 7 43 29 45 20 17 18 8,26 24 33 48 30 22 16 49 23 46,1,1
logistic-l2-0.01,evaluation,2026,146,42,24 5 26 48 43 33 49 23 46 44 16 18 32 37 1 7 22 45 30 25,24 5 26 48 43 33 49 23 46 44,1,1
logistic-l2-0.01,evaluation,2026,147,13,5 24 16 26 30 49 23 33 44 42 20 46 43 7 1 45 48 22 18 11,5 24 16 26 30 49 23 33 44 42,1,1
logistic-l2-0.01,evaluation,2026,148,48,24 5 49 18 23 44 13 33 16 46 30 29 6 43 42 1 26 7 48 10,24 5 49 18 23 44 13 33 16 46,0,1
logistic-l2-0.01,evaluation,2026,149,27,48 24 23 5 44 33 16 13 30 43 42 31 18 26 1 46 7 45 17 49,48 24 23 5 44 33 16 13 30 43,1,1
logistic-l2-0.01,evaluation,2026,150,9,44 48 5 23 30 33 20 27 45 16 26 24 42 43 46 7 13 18 1 17,44 48 5 23 30 33 20 27 45 16,1,1
logistic-l2-0.01,evaluation,2026,151,31,44 48 5 9 23 33 25 30 26 22 43 24 27 45 42 1 46 18 20 7,44 48 5 9 23 33 25 30 26 22,1,1
logistic-l2-0.01,evaluation,2026,152,45,31 44 5 48 27 42 20 23 29 30 26 9 24 46 7 43 25 1 18 15,31 44 5 48 27 42 20 23 29 30,1,1
logistic-l2-0.01,evaluation,2026,153,41,44 45 5 48 31 1 27 30 9 42 24 26 20 16 46 7 43 29 25 17,44 45 5 48 31 1 27 30 9 42,1,1
logistic-l2-0.01,evaluation,2026,154,41,5 45 41 48 31 1 27 30 44 9 24 20 33 42 43 26 7 29 40 46,5 45 41 48 31 1 27 30 44 9,0,0
logistic-l2-0.01,evaluation,2026,155,7,41 31 45 5 42 48 46 1 44 20 30 24 27 9 28 23 34 7 25 26,41 31 45 5 42 48 46 1 44 20,0,1
logistic-l2-0.01,evaluation,2026,156,1,41 7 46 45 31 48 40 1 44 42 27 13 20 24 9 30 37 5 29 26,41 7 46 45 31 48 40 1 44 42,0,0
logistic-l2-0.01,evaluation,2026,157,40,31 1 41 7 45 48 27 37 44 16 46 24 9 20 11 30 29 13 40 26,31 1 41 7 45 48 27 37 44 16,0,1
logistic-l2-0.01,evaluation,2026,158,16,31 1 41 40 7 45 48 27 25 9 11 17 44 24 46 30 37 20 43 10,31 1 41 40 7 45 48 27 25 9,1,1
logistic-l2-0.01,evaluation,2026,159,39,1 41 16 40 7 31 45 48 27 9 44 23 43 24 46 20 12 30 26 25,1 41 16 40 7 31 45 48 27 9,1,1
logistic-l2-0.01,evaluation,2026,160,2,1 41 16 46 31 40 7 20 45 17 39 12 44 28 9 24 4 26 30 48,1 41 16 46 31 40 7 20 45 17,1,1
logistic-l2-0.01,evaluation,2026,161,8,1 16 41 31 40 2 7 30 45 26 46 29 39 20 44 24 8 17 48 37,1 16 41 31 40 2 7 30 45 26,0,1
logistic-l2-0.01,evaluation,2026,162,32,1 40 16 41 46 8 7 45 2 39 31 34 44 30 42 24 20 48 37 36,1 40 16 41 46 8 7 45 2 39,1,1
logistic-l2-0.01,evaluation,2026,163,37,1 41 16 7 40 32 8 46 26 23 2 24 33 31 39 37 30 28 17 48,1 41 16 7 40 32 8 46 26 23,0,1
logistic-l2-0.01,evaluation,2026,164,21,41 1 37 8 16 7 40 39 32 46 33 2 31 24 26 30 23 10 20 17,41 1 37 8 16 7 40 39 32 46,1,1
logistic-l2-0.01,evaluation,2026,165,3,1 16 37 2 46 8 7 40 32 21 12 39 41 4 33 31 26 30 24 17,1 16 37 2 46 8 7 40 32 21,1,1
logistic-l2-0.01,evaluation,2026,166,6,1 16 2 37 3 8 40 32 46 39 21 41 31 33 26 11 7 24 48 30,1 16 2 37 3 8 40 32 46 39,1,1
logistic-l2-0.01,evaluation,2026,167,19,1 16 6 2 21 8 3 37 40 32 46 39 41 20 4 33 26 7 31 28,1 16 6 2 21 8 3 37 40 32,1,1
logistic-l2-0.01,evaluation,2026,168,15,3 16 1 39 2 19 8 6 37 32 21 46 7 23 40 41 33 11 4 31,3 16 1 39 2 19 8 6 37 32,1,1
logistic-l2-0.01,evaluation,2026,169,24,2 1 3 8 37 33 19 15 6 40 39 16 32 21 41 11 46 7 24 4,2 1 3 8 37 33 19 15 6 40,0,1
logistic-l2-0.01,evaluation,2026,170,3,8 37 24 2 3 40 6 19 1 15 16 32 21 33 41 46 7 30 11 31,8 37 24 2 3 40 6 19 1 15,0,0
logistic-l2-0.01,evaluation,2026,171,28,3 6 37 24 8 19 1 40 46 15 32 21 33 16 41 27 7 2 11 31,3 6 37 24 8 19 1 40 46 15,1,1
logistic-l2-0.01,evaluation,2026,172,44,3 24 28 37 40 6 1 46 19 15 21 32 31 16 41 33 7 11 2 27,3 24 28 37 40 6 1 46 19 15,1,1
logistic-l2-0.01,evaluation,2026,173,26,3 28 37 44 24 6 40 1 19 15 21 8 16 46 41 33 11 7 31 42,3 28 37 44 24 6 40 1 19 15,1,1
logistic-l2-0.01,evaluation,2026,174,41,3 6 28 40 26 44 19 24 16 1 15 37 21 46 39 11 31 41 27 8,3 6 28 40 26 44 19 24 16 1,0,1
logistic-l2-0.01,evaluation,2026,175,26,28 3 41 6 44 24 40 15 26 19 1 8 37 16 11 46 27 31 21 34,28 3 41 6 44 24 40 15 26 19,0,0
logistic-l2-0.01,evaluation,2026,176,10,28 26 19 41 6 3 40 24 44 15 30 1 7 16 37 8 46 11 27 31,28 26 19 41 6 3 40 24 44 15,1,1
logistic-l2-0.01,evaluation,2026,177,14,28 26 41 40 3 15 44 24 19 30 31 10 6 37 8 16 1 46 27 7,28 26 41 40 3 15 44 24 19 30,1,1
logistic-l2-0.01,evaluation,2026,178,18,28 44 26 41 40 1 24 3 19 15 30 8 37 16 2 46 6 31 21 10,28 44 26 41 40 1 24 3 19 15,1,1
logistic-l2-0.01,evaluation,2026,179,15,44 26 28 41 40 3 31 46 1 24 30 8 19 37 16 6 10 7 2 18,44 26 28 41 40 3 31 46 1 24,1,1
logistic-l2-0.01,evaluation,2026,180,21,26 28 15 31 44 41 6 3 10 1 40 16 19 46 11 37 8 30 7 2,26 28 15 31 44 41 6 3 10 1,1,1
logistic-l2-0.01,evaluation,2026,181,19,26 28 21 41 15 44 10 37 19 30 31 1 40 16 6 14 8 46 49 7,26 28 21 41 15 44 10 37 19 30,0,0
logistic-l2-0.01,evaluation,2026,182,41,19 26 15 21 41 44 6 1 28 10 37 16 40 30 31 8 34 7 14 2,19 26 15 21 41 44 6 1 28 10,0,0
logistic-l2-0.01,evaluation,2026,183,24,26 41 15 19 21 6 10 1 30 28 40 31 39 37 16 24 44 46 7 8,26 41 15 19 21 6 10 1 30 28,0,1
logistic-l2-0.01,evaluation,2026,184,1,41 19 15 26 24 21 37 10 30 31 46 6 28 1 3 9 16 40 44 23,41 19 15 26 24 21 37 10 30 31,0,1
logistic-l2-0.01,evaluation,2026,185,36,1 19 24 26 15 41 21 10 37 30 44 11 31 6 14 9 46 2 40 28,1 19 24 26 15 41 21 10 37 30,1,1
logistic-l2-0.01,evaluation,2026,186,23,1 24 41 15 19 36 21 10 30 26 37 6 9 31 44 11 14 3 2 18,1 24 41 15 19 36 21 10 30 26,1,1
logistic-l2-0.01,evaluation,2026,187,1,1 24 23 41 19 15 21 36 26 6 30 37 44 9 14 17 11 39 31 18,1 24 23 41 19 15 21 36 26 6,0,0
logistic-l2-0.01,evaluation,2026,188,16,1 24 41 23 15 19 36 21 6 30 37 26 9 44 39 18 3 28 11 31,1 24 41 23 15 19 36 21 6 30,1,1
logistic-l2-0.01,evaluation,2026,189,15,1 24 23 41 16 19 15 36 21 30 9 6 37 26 39 44 11 10 38 28,1 24 23 41 16 19 15 36 21 30,0,0
logistic-l2-0.01,evaluation,2026,190,16,1 15 24 41 23 19 16 36 37 21 30 9 6 38 44 26 39 40 8 11,1 15 24 41 23 19 16 36 37 21,0,0
logistic-l2-0.01,evaluation,2026,191,29,1 16 15 19 24 23 41 37 36 38 9 6 30 46 44 39 12 40 29 11,1 16 15 19 24 23 41 37 36 38,0,1
logistic-l2-0.01,evaluation,2026,192,25,1 16 24 15 23 41 29 37 36 19 38 9 30 6 44 39 11 26 46 22,1 16 24 15 23 41 29 37 36 19,1,1
logistic-l2-0.01,evaluation,2026,193,9,1 16 24 15 29 37 23 19 36 25 38 30 41 9 44 39 6 11 26 3,1 16 24 15 29 37 23 19 36 25,0,1
logistic-l2-0.01,evaluation,2026,194,26,1 16 9 15 29 19 23 37 36 24 30 25 38 41 45 44 6 26 11 39,1 16 9 15 29 19 23 37 36 24,0,1
logistic-l2-0.01,evaluation,2026,195,25,1 16 26 9 15 29 23 19 37 30 36 25 38 45 24 41 22 6 11 44,1 16 26 9 15 29 23 19 37 30,0,1
logistic-l2-0.01,evaluation,2026,196,39,1 16 15 25 29 26 19 9 37 23 30 45 38 24 39 22 6 41 44 28,1 16 15 25 29 26 19 9 37 23,0,1
logistic-l2-0.01,evaluation,2026,197,8,16 1 39 15 26 25 9 29 19 37 30 45 24 38 23 44 6 22 41 11,16 1 39 15 26 25 9 29 19 37,1,1
logistic-l2-0.01,evaluation,2026,198,7,16 39 15 26 8 25 9 29 37 1 19 30 24 45 41 38 6 44 46 23,16 39 15 26 8 25 9 29 37 1,1,1
logistic-l2-0.01,evaluation,2026,199,36,16 39 26 19 15 25 37 9 29 8 30 7 1 24 45 41 44 6 38 46,16 39 26 19 15 25 37 9 29 8,1,1
logistic-l2-0.01,evaluation,2026,200,39,19 39 16 26 29 9 25 30 36 37 8 45 1 24 7 15 41 21 44 46,19 39 16 26 29 9 25 30 36 37,0,0
logistic-l2-0.01,evaluation,2026,201,32,39 19 26 9 25 29 30 45 8 24 37 1 36 16 7 15 41 21 44 28,39 19 26 9 25 29 30 45 8 24,1,1
logistic-l2-0.01,evaluation,2026,202,40,39 9 30 45 25 19 26 1 8 37 36 15 7 24 29 32 16 41 21 44,39 9 30 45 25 19 26 1 8 37,1,1
logistic-l2-0.01,evaluation,2026,203,25,39 19 9 26 25 30 36 45 1 29 40 15 24 7 8 37 16 41 32 21,39 19 9 26 25 30 36 45 1 29,0,0
logistic-l2-0.01,evaluation,2026,204,5,25 39 19 30 26 45 1 15 36 9 24 7 8 21 41 29 16 37 32 46,25 39 19 30 26 45 1 15 36 9,1,1
logistic-l2-0.01,evaluation,2026,205,3,25 39 5 19 30 45 36 37 1 9 24 16 15 29 41 8 32 44 7 21,25 39 5 19 30 45 36 37 1 9,1,1
logistic-l2-0.01,evaluation,2026,206,47,25 39 3 5 19 36 45 37 1 24 15 9 16 8 7 41 30 26 44 32,25 39 3 5 19 36 45 37 1 24,1,1
logistic-l2-0.01,evaluation,2026,207,31,25 39 5 19 45 1 3 30 36 16 47 7 24 37 26 8 15 44 29 41,25 39 5 19 45 1 3 30 36 16,1,1
logistic-l2-0.01,evaluation,2026,208,19,25 31 39 3 5 45 37 19 36 1 7 16 30 24 9 15 41 26 29 32,25 31 39 3 5 45 37 19 36 1,0,0
logistic-l2-0.01,evaluation,2026,209,8,19 25 39 3 5 31 9 36 37 16 1 26 32 30 47 40 45 41 15 24,19 25 39 3 5 31 9 36 37 16,1,1
logistic-l2-0.01,evaluation,2026,210,49,19 25 39 8 3 37 31 40 5 9 30 1 47 32 45 23 26 16 24 41,19 25 39 8 3 37 31 40 5 9,1,1
logistic-l2-0.01,evaluation,2026,211,1,19 25 49 3 8 40 5 31 39 9 37 1 47 23 45 26 44 24 16 32,19 25 49 3 8 40 5 31 39 9,0,1
logistic-l2-0.01,evaluation,2026,212,6,1 19 40 3 25 37 49 5 39 9 31 8 23 44 45 47 12 26 24 11,1 19 40 3 25 37 49 5 39 9,1,1
logistic-l2-0.01,evaluation,2026,213,35,37 19 1 3 39 25 5 49 8 12 31 40 6 44 9 23 26 11 48 30,37 19 1 3 39 25 5 49 8 12,1,1
logistic-l2-0.01,evaluation,2026,214,4,19 35 1 39 5 37 49 8 3 40 31 12 6 25 26 44 9 16 30 7,19 35 1 39 5 37 49 8 3 40,1,1
logistic-l2-0.01,evaluation,2026,215,14,19 1 39 35 37 8 49 3 4 40 12 31 5 9 6 16 15 25 26 23,19 1 39 35 37 8 49 3 4 40,1,1
logistic-l2-0.01,evaluation,2026,216,37,19 1 39 37 14 8 35 49 40 31 5 38 15 9 4 16 12 6 25 26,19 1 39 37 14 8 35 49 40 31,0,0
logistic-l2-0.01,evaluation,2026,217,26,37 19 1 39 8 14 31 49 35 40 6 4 16 25 5 15 38 26 44 12,37 19 1 39 8 14 31 49 35 40,0,1
logistic-l2-0.01,evaluation,2026,218,17,37 19 26 1 39 8 35 14 49 4 6 40 30 5 25 15 12 38 45 44,37 19 26 1 39 8 35 14 49 4,1,1
logistic-l2-0.01,evaluation,2026,219,43,37 26 1 39 17 19 8 49 14 35 6 4 30 25 15 12 40 5 44 45,37 26 1 39 17 19 8 49 14 35,1,1
logistic-l2-0.01,evaluation,2026,220,48,37 26 43 1 39 19 17 49 35 14 6 4 30 25 7 8 40 31 29 15,37 26 43 1 39 19 17 49 35 14,1,1
logistic-l2-0.01,evaluation,2026,221,1,37 26 1 48 43 39 19 17 35 25 4 14 7 30 8 6 31 12 38 41,37 26 1 48 43 39 19 17 35 25,0,0
logistic-l2-0.01,evaluation,2026,222,26,1 37 26 48 43 39 17 35 19 4 25 14 30 7 6 31 8 12 38 41,1 37 26 48 43 39 17 35 19 4,0,0
logistic-l2-0.01,evaluation,2026,223,23,26 1 37 48 14 43 39 17 35 38 19 4 12 30 7 31 25 41 49 40,26 1 37 48 14 43 39 17 35 38,1,1
logistic-l2-0.01,evaluation,2026,224,9,26 1 23 48 37 43 14 39 38 17 4 19 7 30 31 12 44 41 25 40,26 1 23 48 37 43 14 39 38 17,1,1
logistic-l2-0.01,evaluation,2026,225,1,26 1 9 48 37 23 14 43 38 19 17 39 25 7 8 49 12 18 41 44,26 1 9 48 37 23 14 43 38 19,0,0
logistic-l2-0.01,evaluation,2026,226,17,1 26 48 37 38 43 23 9 7 19 17 39 12 49 8 18 44 27 25 41,1 26 48 37 38 43 23 9 7 19,0,1
logistic-l2-0.01,evaluation,2026,227,16,1 17 26 48 38 43 7 23 9 19 29 12 39 8 49 25 27 14 18 37,1 17 26 48 38 43 7 23 9 19,1,1
logistic-l2-0.01,evaluation,2026,228,23,1 17 23 38 7 48 29 26 43 16 9 31 19 13 39 12 25 27 49 18,1 17 23 38 7 48 29 26 43 16,0,0
logistic-l2-0.01,evaluation,2026,229,38,1 23 38 29 26 17 7 43 48 9 18 8 19 16 39 27 31 25 49 12,1 23 38 29 26 17 7 43 48 9,0,0
logistic-l2-0.01,evaluation,2026,230,16,38 1 23 26 48 17 9 16 29 7 39 25 18 19 8 14 49 27 43 31,38 1 23 26 48 17 9 16 29 7,0,0
logistic-l2-0.01,evaluation,2026,231,20,38 1 16 23 26 7 17 9 29 18 19 13 8 25 31 48 27 11 37 39,38 1 16 23 26 7 17 9 29 18,1,1
logistic-l2-0.01,evaluation,2026,232,42,38 1 26 16 23 7 17 9 29 49 13 8 18 14 19 20 11 27 47 25,38 1 26 16 23 7 17 9 29 49,1,1
logistic-l2-0.01,evaluation,2026,233,7,38 23 1 16 26 7 8 42 13 11 9 17 29 19 49 39 18 14 37 31,38 23 1 16 26 7 8 42 13 11,0,0
logistic-l2-0.01,evaluation,2026,234,39,7 38 1 23 16 26 17 9 8 29 13 42 11 19 49 39 14 20 18 48,7 38 1 23 16 26 17 9 8 29,0,1
logistic-l2-0.01,evaluation,2026,235,32,38 39 1 7 16 23 17 26 29 8 13 42 49 4 20 14 11 18 9 19,38 39 1 7 16 23 17 26 29 8,1,1
logistic-l2-0.01,evaluation,2026,236,11,7 38 23 16 39 17 1 32 26 29 13 8 49 42 4 19 20 18 14 11,7 38 23 16 39 17 1 32 26 29,0,1
logistic-l2-0.01,evaluation,2026,237,12,7 16 23 38 11 39 26 1 17 32 8 13 42 29 49 20 14 19 18 4,7 16 23 38 11 39 26 1 17 32,1,1
logistic-l2-0.01,evaluation,2026,238,17,7 16 23 39 38 26 1 17 11 12 32 42 14 8 49 20 19 29 4 18,7 16 23 39 38 26 1 17 11 12,0,0
logistic-l2-0.01,evaluation,2026,239,5,17 16 7 39 38 1 11 26 32 12 42 14 23 8 20 49 41 4 13 29,17 16 7 39 38 1 11 26 32 12,1,1
logistic-l2-0.01,evaluation,2026,240,27,17 7 16 5 39 1 26 11 32 12 42 23 38 14 20 4 49 41 8 35,17 7 16 5 39 1 26 11 32 12,1,1
logistic-l2-0.01,evaluation,2026,241,49,17 7 27 39 1 26 5 32 11 23 12 42 16 38 20 14 4 41 8 35,17 7 27 39 1 26 5 32 11 23,1,1
logistic-l2-0.01,evaluation,2026,242,9,17 7 49 27 26 39 1 5 32 11 42 23 16 12 38 14 4 41 35 43,17 7 49 27 26 39 1 5 32 11,1,1
logistic-l2-0.01,evaluation,2026,243,21,17 7 9 27 26 49 1 5 11 39 32 12 38 23 14 16 41 29 4 35,17 7 9 27 26 49 1 5 11 39,1,1
logistic-l2-0.01,evaluation,2026,244,46,17 21 27 9 26 7 49 11 39 1 32 38 5 23 12 16 14 29 42 41,17 21 27 9 26 7 49 11 39 1,1,1
logistic-l2-0.01,evaluation,2026,245,18,17 46 9 21 26 27 49 1 32 7 11 5 16 23 12 38 42 14 39 41,17 46 9 21 26 27 49 1 32 7,1,1
logistic-l2-0.01,evaluation,2026,246,30,17 18 9 21 26 46 27 49 7 1 11 16 5 12 23 42 39 41 32 14,17 18 9 21 26 46 27 49 7 1,1,1
logistic-l2-0.01,evaluation,2026,247,40,17 9 21 18 26 27 46 49 30 7 23 1 16 5 12 14 39 41 32 38,17 9 21 18 26 27 46 49 30 7,1,1
logistic-l2-0.01,evaluation,2026,248,20,17 9 21 18 40 46 27 49 1 7 26 23 16 5 30 14 39 32 38 41,17 9 21 18 40 46 27 49 1 7,1,1
logistic-l2-0.01,evaluation,2026,249,23,9 20 17 18 21 46 27 49 1 40 26 7 16 5 23 30 14 29 39 38,9 20 17 18 21 46 27 49 1 40,0,1
logistic-l2-0.01,evaluation,2026,250,14,23 9 18 20 21 46 27 17 49 26 1 40 16 14 7 30 29 39 32 38,23 9 18 20 21 46 27 17 49 26,0,1
logistic-l2-0.01,evaluation,2026,251,30,14 23 9 20 18 21 49 46 17 40 1 26 16 30 7 39 32 27 29 41,14 23 9 20 18 21 49 46 17 40,0,1
logistic-l2-0.01,evaluation,2026,252,22,23 14 9 30 17 20 18 26 21 46 40 16 1 7 39 49 32 29 27 41,23 14 9 30 17 20 18 26 21 46,1,1
logistic-l2-0.01,evaluation,2026,253,16,23 14 22 30 20 17 21 9 18 16 40 1 26 46 7 39 49 41 32 29,23 14 22 30 20 17 21 9 18 16,0,0
logistic-l2-0.01,evaluation,2026,254,2,16 14 23 30 22 17 20 9 18 46 40 26 1 7 39 49 21 29 6 41,16 14 23 30 22 17 20 9 18 46,1,1
logistic-l2-0.01,evaluation,2026,255,44,16 23 14 2 30 22 17 20 26 18 40 9 1 7 39 6 49 21 29 46,16 23 14 2 30 22 17 20 26 18,1,1
logistic-l2-0.01,evaluation,2026,256,1,16 23 14 30 44 17 22 20 26 2 40 9 39 6 1 49 7 21 29 46,16 23 14 30 44 17 22 20 26 2,0,1
logistic-l2-0.01,evaluation,2026,257,7,16 1 23 14 22 20 44 30 26 17 2 40 9 39 6 49 7 46 21 13,16 1 23 14 22 20 44 30 26 17,0,1
logistic-l2-0.01,evaluation,2026,258,46,7 16 14 23 1 22 20 44 30 26 2 17 9 6 39 49 21 18 11 35,7 16 14 23 1 22 20 44 30 26,1,1
logistic-l2-0.01,evaluation,2026,259,22,46 16 7 14 1 22 44 30 2 23 17 26 39 9 6 20 49 32 47 41,46 16 7 14 1 22 44 30 2 23,0,0
logistic-l2-0.01,evaluation,2026,260,20,22 16 7 46 1 14 2 44 17 9 26 39 6 30 20 23 21 32 35 5,22 16 7 46 1 14 2 44 17 9,0,1
logistic-l2-0.01,evaluation,2026,261,24,20 22 46 7 1 16 30 44 2 17 9 39 14 23 26 21 35 6 49 5,20 22 46 7 1 16 30 44 2 17,1,1
logistic-l2-0.01,evaluation,2026,262,30,22 7 20 24 16 1 46 44 26 17 2 9 6 14 39 35 23 21 49 5,22 7 20 24 16 1 46 44 26 17,1,1
logistic-l2-0.01,evaluation,2026,263,9,30 22 46 16 7 1 20 44 24 26 6 2 17 9 35 14 39 23 21 49,30 22 46 16 7 1 20 44 24 26,0,1
logistic-l2-0.01,evaluation,2026,264,21,9 22 30 7 46 20 1 44 6 26 24 16 47 2 17 14 39 23 21 36,9 22 30 7 46 20 1 44 6 26,0,1
logistic-l2-0.01,evaluation,2026,265,49,21 9 22 46 7 30 20 1 44 24 6 26 47 3 14 36 16 17 23 39,21 9 22 46 7 30 20 1 44 24,1,1
logistic-l2-0.01,evaluation,2026,266,8,9 49 22 21 46 24 7 30 1 20 6 47 26 3 14 16 44 36 23 17,9 49 22 21 46 24 7 30 1 20,1,1
logistic-l2-0.1,validation,2025,246,6,29 9 34 37 38 46 43 42 25 19 14 16 22 23 4 7 15 10 48 49,29 9 34 37 38 46 43 42 25 19,1,1
logistic-l2-0.1,validation,2025,247,25,16 23 1 9 26 18 14 43 25 46 29 34 42 15 4 22 38 37 10 24,16 23 1 9 26 18 14 43 25 46,0,0
logistic-l2-0.1,validation,2025,248,12,1 15 38 10 9 44 16 23 25 43 34 46 29 4 42 3 24 22 26 13,1 15 38 10 9 44 16 23 25 43,1,1
logistic-l2-0.1,validation,2025,249,2,42 34 24 16 1 39 27 25 9 23 4 38 20 15 29 44 43 13 8 46,42 34 24 16 1 39 27 25 9 23,1,1
logistic-l2-0.1,validation,2025,250,12,9 1 4 19 37 16 48 24 42 23 25 34 38 15 43 44 27 29 2 46,9 1 4 19 37 16 48 24 42 23,1,1
logistic-l2-0.1,validation,2025,251,35,34 47 33 16 1 9 23 11 3 35 38 26 15 43 29 19 4 10 27 42,34 47 33 16 1 9 23 11 3 35,0,0
logistic-l2-0.1,validation,2025,252,23,15 18 16 1 34 5 23 47 9 12 6 42 36 26 2 24 33 4 10 43,15 18 16 1 34 5 23 47 9 12,0,0
logistic-l2-0.1,validation,2025,253,33,1 35 23 16 10 43 34 47 15 40 49 2 18 44 42 9 4 24 25 12,1 35 23 16 10 43 34 47 15 40,1,1
logistic-l2-0.1,validation,2025,254,17,6 19 1 37 39 23 8 16 34 12 35 18 2 15 9 33 43 10 25 24,6 19 1 37 39 23 8 16 34 12,1,1
logistic-l2-0.1,validation,2025,255,42,19 12 1 44 29 23 27 34 6 18 15 35 2 37 43 39 42 9 33 10,19 12 1 44 29 23 27 34 6 18,0,1
logistic-l2-0.1,validation,2025,256,48,15 39 1 25 24 23 20 42 6 12 19 35 18 34 33 10 21 43 44 16,15 39 1 25 24 23 20 42 6 12,1,1
logistic-l2-0.1,validation,2025,257,28,42 9 5 1 15 36 39 45 12 11 23 35 33 25 34 48 19 2 24 10,42 9 5 1 15 36 39 45 12 11,1,1
logistic-l2-0.1,validation,2025,258,38,1 23 42 11 4 12 21 39 30 9 15 35 19 34 33 24 48 5 6 36,1 23 42 11 4 12 21 39 30 9,1,1
logistic-l2-0.1,validation,2025,259,47,1 35 25 47 17 23 42 9 12 15 19 11 4 26 33 48 39 6 5 36,1 35 25 47 17 23 42 9 12 15,0,0
logistic-l2-0.1,validation,2025,260,3,42 1 9 35 38 47 12 23 8 30 45 25 11 15 33 39 17 5 6 19,42 1 9 35 38 47 12 23 8 30,1,1
logistic-l2-0.1,validation,2025,261,33,42 12 1 23 24 28 11 47 38 44 35 9 25 40 8 15 30 17 45 39,42 12 1 23 24 28 11 47 38 44,1,1
logistic-l2-0.1,validation,2025,262,44,9 30 42 1 37 12 11 34 23 25 24 16 47 38 46 45 44 8 39 35,9 30 42 1 37 12 11 34 23 25,0,1
logistic-l2-0.1,validation,2025,263,38,12 38 9 42 33 28 16 30 11 27 1 44 24 25 47 37 23 45 15 8,12 38 9 42 33 28 16 30 11 27,0,0
logistic-l2-0.1,validation,2025,264,43,9 25 12 38 42 11 1 39 30 24 16 43 44 15 28 3 20 45 48 23,9 25 12 38 42 11 1 39 30 24,0,1
logistic-l2-0.1,validation,2025,265,10,9 42 38 25 12 1 11 33 24 47 30 43 28 39 23 16 15 45 44 3,9 42 38 25 12 1 11 33 24 47,1,1
logistic-l2-0.1,validation,2025,266,41,9 38 1 23 33 12 42 47 11 25 28 44 30 48 43 34 16 24 3 6,9 38 1 23 33 12 42 47 11 25,1,1
logistic-l2-0.1,validation,2025,267,29,1 38 23 12 43 33 9 44 25 47 28 34 30 48 11 42 6 24 3 16,1 38 23 12 43 33 9 44 25 47,1,1
logistic-l2-0.1,validation,2025,268,10,1 9 38 25 48 12 43 33 44 47 23 34 40 28 6 42 29 24 3 16,1 9 38 25 48 12 43 33 44 47,1,1
logistic-l2-0.1,validation,2025,269,31,1 9 12 48 25 38 23 43 33 40 5 39 44 27 34 6 28 42 45 16,1 9 12 48 25 38 23 43 33 40,1,1
logistic-l2-0.1,validation,2025,270,35,1 33 12 9 25 38 48 23 43 44 40 39 34 27 5 6 28 24 16 11,1 33 12 9 25 38 48 23 43 44,1,1
logistic-l2-0.1,validation,2025,271,6,1 33 38 48 5 9 23 25 43 46 12 39 27 34 6 3 10 11 16 40,1 33 38 48 5 9 23 25 43 46,0,1
logistic-l2-0.1,validation,2025,272,36,1 48 33 38 5 6 3 27 9 23 25 44 43 39 12 10 46 31 11 40,1 48 33 38 5 6 3 27 9 23,1,1
logistic-l2-0.1,validation,2025,273,4,1 48 10 3 6 5 9 23 25 44 43 38 33 27 39 31 46 11 29 12,1 48 10 3 6 5 9 23 25 44,1,1
logistic-l2-0.1,validation,2025,274,44,1 10 48 6 5 9 44 3 33 23 43 4 27 38 31 25 12 29 46 11,1 10 48 6 5 9 44 3 33 23,0,0
logistic-l2-0.1,validation,2025,275,45,1 44 10 48 5 9 43 3 27 6 34 40 11 31 46 39 29 38 25 23,1 44 10 48 5 9 43 3 27 6,1,1
logistic-l2-0.1,validation,2025,276,9,1 10 5 9 43 40 44 39 48 45 3 25 27 19 31 41 11 46 21 4,1 10 5 9 43 40 44 39 48 45,0,0
logistic-l2-0.1,validation,2025,277,16,9 10 5 1 25 44 21 34 45 48 31 3 39 4 29 43 27 38 33 19,9 10 5 1 25 44 21 34 45 48,1,1
logistic-l2-0.1,validation,2025,278,28,10 9 1 21 34 44 25 5 16 45 31 39 3 43 4 27 6 38 33 35,10 9 1 21 34 44 25 5 16 45,1,1
logistic-l2-0.1,validation,2025,279,27,9 28 21 44 34 48 46 1 33 25 10 11 41 16 3 5 43 19 4 6,9 28 21 44 34 48 46 1 33 25,1,1
logistic-l2-0.1,validation,2025,280,42,34 9 28 33 27 44 10 45 4 25 41 16 21 48 39 11 1 3 43 35,34 9 28 33 27 44 10 45 4 25,1,1
logistic-l2-0.1,validation,2025,281,47,42 34 9 39 27 1 4 45 33 21 25 48 16 41 44 28 10 6 43 22,42 34 9 39 27 1 4 45 33 21,1,1
logistic-l2-0.1,validation,2025,282,41,28 34 1 47 39 44 42 9 4 45 33 27 25 21 16 41 48 22 19 43,28 34 1 47 39 44 42 9 4 45,0,1
logistic-l2-0.1,validation,2025,283,45,41 28 9 44 34 39 42 45 47 27 1 16 37 25 11 48 33 19 10 4,41 28 9 44 34 39 42 45 47 27,0,0
logistic-l2-0.1,validation,2025,284,41,45 25 33 28 9 34 39 41 1 44 42 27 37 47 11 48 16 4 12 46,45 25 33 28 9 34 39 41 1 44,0,0
logistic-l2-0.1,validation,2025,285,24,25 1 34 33 11 9 39 37 21 45 48 46 41 28 5 18 23 4 42 27,25 1 34 33 11 9 39 37 21 45,1,1
logistic-l2-0.1,validation,2025,286,3,33 1 21 25 9 12 34 11 13 39 48 24 37 45 38 27 4 42 41 18,33 1 21 25 9 12 34 11 13 39,1,1
logistic-l2-0.1,validation,2025,287,34,37 25 33 41 1 28 46 21 12 39 38 34 48 13 24 45 4 11 18 3,37 25 33 41 1 28 46 21 12 39,0,1
logistic-l2-0.1,validation,2025,288,14,25 34 24 42 28 37 41 33 12 27 38 1 39 21 45 46 13 15 18 35,25 34 24 42 28 37 41 33 12 27,1,1
logistic-l2-0.1,validation,2025,289,42,25 42 24 41 37 1 10 27 12 36 34 38 28 44 21 49 46 33 13 15,25 42 24 41 37 1 10 27 12 36,0,0
logistic-l2-0.1,validation,2025,290,19,25 42 24 44 1 10 12 37 46 21 33 34 27 36 49 28 41 38 5 23,25 42 24 44 1 10 12 37 46 21,1,1
logistic-l2-0.1,validation,2025,291,44,25 10 24 42 44 1 41 23 37 34 21 38 33 12 5 4 46 27 47 35,25 10 24 42 44 1 41 23 37 34,0,0
logistic-l2-0.1,validation,2025,292,2,25 24 44 10 42 1 5 21 12 41 38 34 40 33 4 18 27 46 6 23,25 24 44 10 42 1 5 21 12 41,1,1
logistic-l2-0.1,validation,2025,293,47,25 24 10 44 1 5 42 2 40 34 37 21 27 6 46 41 43 4 19 12,25 24 10 44 1 5 42 2 40 34,1,1
logistic-l2-0.1,validation,2025,294,18,25 1 10 24 5 44 46 40 37 34 27 11 42 19 18 21 12 47 4 6,25 1 10 24 5 44 46 40 37 34,0,1
logistic-l2-0.1,validation,2025,295,5,25 18 1 24 44 10 5 34 42 46 27 37 40 19 4 48 11 12 47 2,25 18 1 24 44 10 5 34 42 46,0,0
logistic-l2-0.1,validation,2025,296,22,5 44 10 25 18 1 34 24 47 19 42 2 27 11 14 40 3 46 9 37,5 44 10 25 18 1 34 24 47 19,1,1
logistic-l2-0.1,validation,2025,297,44,5 18 10 44 42 25 47 1 2 34 24 22 4 19 11 14 38 35 46 45,5 18 10 44 42 25 47 1 2 34,0,0
logistic-l2-0.1,validation,2025,298,23,44 5 10 18 1 25 11 42 4 24 46 38 37 23 19 47 2 35 27 22,44 5 10 18 1 25 11 42 4 24,0,1
logistic-l2-0.1,validation,2025,299,49,5 23 44 18 10 25 1 11 19 24 42 4 22 46 47 37 34 35 2 38,5 23 44 18 10 25 1 11 19 24,1,1
logistic-l2-0.1,validation,2025,300,40,44 49 23 5 18 47 1 25 42 22 24 10 2 34 9 11 4 41 27 45,44 49 23 5 18 47 1 25 42 22,1,1
logistic-l2-0.1,validation,2025,301,5,44 40 23 18 5 49 47 42 2 22 1 9 34 25 19 27 41 10 45 4,44 40 23 18 5 49 47 42 2 22,0,0
logistic-l2-0.1,validation,2025,302,22,5 44 23 42 18 40 2 24 49 34 28 1 4 25 19 22 27 35 16 12,5 44 23 42 18 40 2 24 49 34,0,1
logistic-l2-0.1,validation,2025,303,15,44 24 23 1 10 2 25 18 42 9 34 41 28 38 5 22 19 35 4 12,44 24 23 1 10 2 25 18 42 9,1,1
logistic-l2-0.1,validation,2025,304,48,42 24 44 15 45 23 41 5 10 38 1 35 25 19 49 9 39 47 34 28,42 24 44 15 45 23 41 5 10 38,1,1
logistic-l2-0.1,validation,2025,305,42,42 24 47 45 18 41 44 5 23 10 2 39 49 38 35 48 27 19 15 1,42 24 47 45 18 41 44 5 23 10,0,0
logistic-l2-0.1,validation,2025,306,17,42 24 47 39 49 19 5 18 10 35 23 27 45 1 44 41 25 22 38 29,42 24 47 39 49 19 5 18 10 35,1,1
logistic-l2-0.1,validation,2025,307,20,42 24 17 5 44 47 18 23 45 27 49 10 1 48 19 39 25 15 38 40,42 24 17 5 44 47 18 23 45 27,1,1
logistic-l2-0.1,validation,2025,308,39,42 24 44 5 47 10 23 18 38 45 1 20 27 49 22 15 39 17 25 40,42 24 44 5 47 10 23 18 38 45,0,1
logistic-l2-0.1,validation,2025,309,6,42 39 5 44 23 15 48 40 24 49 22 18 25 47 1 20 17 41 10 2,42 39 5 44 23 15 48 40 24 49,1,1
logistic-l2-0.1,validation,2025,310,16,42 5 6 39 44 15 23 24 40 22 48 18 49 47 1 25 20 17 19 10,42 5 6 39 44 15 23 24 40 22,1,1
logistic-l2-0.1,validation,2025,311,37,42 5 16 39 44 24 6 23 22 15 18 48 47 25 1 20 41 19 40 38,42 5 16 39 44 24 6 23 22 15,1,1
logistic-l2-0.1,validation,2025,312,14,42 37 44 16 39 5 22 24 6 17 15 48 23 18 49 41 45 10 20 40,42 37 44 16 39 5 22 24 6 17,1,1
logistic-l2-0.1,validation,2025,313,38,42 39 14 37 44 16 6 24 5 10 48 23 15 17 4 49 45 1 38 40,42 39 14 37 44 16 6 24 5 10,0,1
logistic-l2-0.1,validation,2025,314,23,38 42 39 37 14 16 44 6 5 48 17 24 23 49 18 1 22 10 4 47,38 42 39 37 14 16 44 6 5 48,0,1
logistic-l2-0.1,validation,2025,315,4,23 38 39 42 37 14 16 6 44 10 49 17 4 24 1 5 22 18 20 29,23 38 39 42 37 14 16 6 44 10,0,1
logistic-l2-0.1,validation,2025,316,24,23 4 38 14 39 37 16 6 42 5 17 44 20 22 18 34 48 40 49 19,23 4 38 14 39 37 16 6 42 5,1,1
logistic-l2-0.1,validation,2025,317,18,23 24 14 38 16 37 4 6 39 42 5 20 44 22 34 48 15 18 40 19,23 24 14 38 16 37 4 6 39 42,0,1
logistic-l2-0.1,validation,2025,318,6,18 23 14 16 24 38 6 37 42 4 39 5 44 22 48 15 40 2 47 20,18 23 14 16 24 38 6 37 42 4,0,0
logistic-l2-0.1,validation,2025,319,45,6 23 18 16 24 42 38 14 44 37 5 4 48 15 2 40 47 39 34 28,6 23 18 16 24 42 38 14 44 37,1,1
logistic-l2-0.1,validation,2025,320,28,23 6 45 18 44 24 38 14 37 16 5 4 42 48 15 2 40 47 22 39,23 6 45 18 44 24 38 14 37 16,1,1
logistic-l2-0.1,validation,2025,321,23,6 18 28 23 45 37 24 38 4 5 44 22 14 16 42 39 15 17 49 40,6 18 28 23 45 37 24 38 4 5,0,0
logistic-l2-0.1,validation,2025,322,47,23 6 18 22 20 24 28 38 5 45 4 40 37 29 17 16 48 10 39 49,23 6 18 22 20 24 28 38 5 45,1,1
logistic-l2-0.1,validation,2025,323,9,6 47 23 24 18 22 20 28 29 38 17 45 4 5 10 37 40 34 49 48,6 47 23 24 18 22 20 28 29 38,1,1
logistic-l2-0.1,validation,2025,324,15,6 23 28 20 9 29 17 24 22 18 48 47 19 5 40 37 45 34 46 4,6 23 28 20 9 29 17 24 22 18,1,1
logistic-l2-0.1,validation,2025,325,4,28 6 15 29 20 10 24 17 23 22 49 9 4 38 45 48 46 47 34 18,28 6 15 29 20 10 24 17 23 22,0,1
logistic-l2-0.1,validation,2025,326,19,17 28 29 6 49 33 20 5 22 10 4 46 34 48 40 24 31 30 15 38,17 28 29 6 49 33 20 5 22 10,1,1
logistic-l2-0.1,validation,2025,327,37,23 28 6 4 33 46 17 19 31 5 15 48 34 20 22 49 10 30 29 38,23 28 6 4 33 46 17 19 31 5,1,1
logistic-l2-0.1,validation,2025,328,3,31 28 22 23 33 46 17 9 4 21 6 37 34 48 19 20 49 13 29 15,31 28 22 23 33 46 17 9 4 21,1,1
logistic-l2-0.1,validation,2025,329,17,28 34 22 15 31 33 17 23 4 13 8 46 9 29 19 48 49 3 6 21,28 34 22 15 31 33 17 23 4 13,0,0
logistic-l2-0.1,validation,2025,330,36,28 17 37 19 46 15 13 23 34 33 4 44 9 45 31 22 48 6 3 8,28 17 37 19 46 15 13 23 34 33,1,1
logistic-l2-0.1,validation,2025,331,26,37 6 17 28 19 4 36 23 15 46 9 11 20 34 1 22 33 13 31 44,37 6 17 28 19 4 36 23 15 46,1,1
logistic-l2-0.1,validation,2025,332,26,37 22 17 47 4 19 6 42 28 24 46 15 9 2 23 36 33 44 21 26,37 22 17 47 4 19 6 42 28 24,0,1
logistic-l2-0.1,validation,2025,333,6,19 44 23 45 37 4 28 22 46 6 17 8 42 24 47 30 33 9 13 31,19 44 23 45 37 4 28 22 46 6,0,0
logistic-l2-0.1,validation,2025,334,46,37 31 11 44 19 22 4 36 23 43 45 6 46 13 33 17 27 28 1 49,37 31 11 44 19 22 4 36 23 43,0,1
logistic-l2-0.1,validation,2025,335,44,37 33 1 49 6 44 19 23 4 46 29 45 22 35 17 11 41 31 42 36,37 33 1 49 6 44 19 23 4 46,0,0
logistic-l2-0.1,validation,2025,336,17,46 37 31 3 13 34 44 6 19 35 23 26 36 11 1 17 45 4 33 22,46 37 31 3 13 34 44 6 19 35,0,1
logistic-l2-0.1,validation,2025,337,9,13 6 15 42 20 37 10 44 1 31 46 22 11 34 35 19 45 21 3 36,13 6 15 42 20 37 10 44 1 31,1,1
logistic-l2-0.1,validation,2025,338,8,13 44 42 24 32 14 37 6 1 46 11 15 34 35 20 19 31 45 10 8,13 44 42 24 32 14 37 6 1 46,0,1
logistic-l2-0.1,validation,2025,339,48,10 34 15 25 41 44 48 6 37 13 42 46 24 1 19 45 11 35 9 36,10 34 15 25 41 44 48 6 37 13,0,0
logistic-l2-0.1,validation,2025,340,16,24 36 6 44 31 22 37 42 1 39 10 46 48 34 13 9 40 15 8 11,24 36 6 44 31 22 37 42 1 39,1,1
logistic-l2-0.1,validation,2025,341,6,10 22 15 17 24 44 45 31 46 42 34 13 6 28 1 48 37 36 8 29,10 22 15 17 24 44 45 31 46 42,0,1
logistic-l2-0.1,validation,2025,342,4,34 35 10 42 31 13 7 15 1 5 22 24 12 39 46 45 25 29 33 44,34 35 10 42 31 13 7 15 1 5,1,1
logistic-l2-0.1,validation,2025,343,38,15 24 34 10 41 31 13 35 17 42 19 8 22 1 29 46 7 25 39 11,15 24 34 10 41 31 13 35 17 42,1,1
logistic-l2-0.1,validation,2025,344,27,35 41 46 34 15 10 13 11 28 24 45 31 42 22 8 17 1 29 7 19,35 41 46 34 15 10 13 11 28 24,1,1
logistic-l2-0.1,validation,2025,345,24,10 42 11 15 34 40 13 24 35 46 21 41 31 22 17 28 8 45 19 20,10 42 11 15 34 40 13 24 35 46,0,0
logistic-l2-0.1,validation,2025,346,3,11 41 10 32 42 15 24 34 13 40 9 22 35 17 3 8 28 21 46 31,11 41 10 32 42 15 24 34 13 40,0,1
logistic-l2-0.1,validation,2025,347,13,11 34 10 40 41 46 24 32 42 15 22 20 35 8 13 31 21 28 45 7,11 34 10 40 41 46 24 32 42 15,0,1
logistic-l2-0.1,validation,2025,348,16,24 11 34 8 41 28 10 40 46 15 22 30 35 26 37 42 20 45 21 31,24 11 34 8 41 28 10 40 46 15,1,1
logistic-l2-0.1,validation,2025,349,22,34 11 22 31 24 21 40 10 28 46 41 26 8 35 42 44 45 37 15 30,34 11 22 31 24 21 40 10 28 46,0,0
logistic-l2-0.1,validation,2025,350,49,11 34 46 40 10 24 22 21 28 41 8 31 35 26 33 45 42 39 30 20,11 34 46 40 10 24 22 21 28 41,1,1
logistic-l2-0.1,validation,2025,351,4,11 46 34 40 22 24 35 42 41 21 26 28 8 10 7 31 4 33 39 47,11 46 34 40 22 24 35 42 41 21,0,1
logistic-l2-0.1,validation,2025,352,44,11 46 40 10 34 35 21 41 22 42 28 31 24 15 8 26 33 12 39 30,11 46 40 10 34 35 21 41 22 42,1,1
logistic-l2-0.1,validation,2025,353,1,11 10 46 40 26 21 34 35 25 22 12 31 29 30 7 32 28 2 39 41,11 10 46 40 26 21 34 35 25 22,1,1
logistic-l2-0.1,validation,2025,354,30,11 26 46 10 40 16 21 34 22 42 31 9 12 35 3 25 2 30 47 7,11 26 46 10 40 16 21 34 22 42,0,1
logistic-l2-0.1,validation,2025,355,8,11 26 46 15 16 21 22 28 10 4 34 48 40 3 9 30 24 5 31 35,11 26 46 15 16 21 22 28 10 4,1,1
logistic-l2-0.1,validation,2025,356,24,15 26 28 11 46 30 16 22 10 21 9 34 4 6 40 48 43 8 31 42,15 26 28 11 46 30 16 22 10 21,1,1
logistic-l2-0.1,validation,2025,357,49,11 15 26 8 28 40 16 13 30 22 21 3 46 10 9 48 4 36 6 43,11 15 26 8 28 40 16 13 30 22,1,1
logistic-l2-0.1,validation,2025,358,7,11 15 35 13 2 43 26 40 28 21 41 16 10 46 22 48 9 24 3 6,11 15 35 13 2 43 26 40 28 21,1,1
logistic-l2-0.1,validation,2025,359,11,35 11 26 43 42 15 22 13 10 16 40 28 46 3 2 6 41 24 9 48,35 11 26 43 42 15 22 13 10 16,0,0
logistic-l2-0.1,validation,2025,360,41,6 42 38 26 16 15 35 43 23 11 45 3 22 37 9 2 13 28 48 24,6 42 38 26 16 15 35 43 23 11,1,1
logistic-l2-0.1,validation,2025,361,24,6 15 44 12 26 43 27 38 41 11 16 3 39 9 48 42 13 2 4 24,6 15 44 12 26 43 27 38 41 11,0,1
logistic-l2-0.1,validation,2025,362,23,2 38 30 6 43 15 20 26 33 11 9 48 12 18 28 27 42 13 23 35,2 38 30 6 43 15 20 26 33 11,0,1
logistic-l2-0.1,validation,2025,363,26,6 30 11 8 37 45 38 43 15 2 48 26 13 28 35 23 12 42 20 27,6 30 11 8 37 45 38 43 15 2,0,1
logistic-l2-0.1,validation,2025,364,12,15 13 23 21 9 4 30 6 43 8 11 37 2 38 45 27 18 28 33 12,15 13 23 21 9 4 30 6 43 8,0,1
logistic-l2-0.1,validation,2025,365,26,11 43 2 22 6 28 13 23 31 30 8 24 38 37 4 9 12 15 45 44,11 43 2 22 6 28 13 23 31 30,1,1
logistic-l2-0.1,evaluation,2026,1,29,33 29 20 49 10 2 43 13 16 11 6 37 38 22 8 45 4 31 30 35,33 29 20 49 10 2 43 13 16 11,0,0
logistic-l2-0.1,evaluation,2026,2,22,43 11 33 27 6 42 8 2 23 38 29 13 37 49 20 22 4 30 45 44,43 11 33 27 6 42 8 2 23 38,0,1
logistic-l2-0.1,evaluation,2026,3,9,27 11 4 33 23 43 7 6 38 49 20 48 30 3 18 37 42 8 15 2,27 11 4 33 23 43 7 6 38 49,1,1
logistic-l2-0.1,evaluation,2026,4,45,30 7 44 11 33 15 27 42 23 49 29 38 20 6 4 17 37 12 2 9,30 7 44 11 33 15 27 42 23 49,1,1
logistic-l2-0.1,evaluation,2026,5,43,49 7 22 29 19 30 33 36 27 11 12 45 20 1 4 31 13 44 24 8,49 7 22 29 19 30 33 36 27 11,1,1
logistic-l2-0.1,evaluation,2026,6,13,49 13 22 29 43 24 20 17 19 36 45 4 1 23 7 9 30 27 12 44,49 13 22 29 43 24 20 17 19 36,0,0
logistic-l2-0.1,evaluation,2026,7,41,13 49 29 45 22 23 1 12 24 9 4 43 27 14 7 26 44 18 5 17,13 49 29 45 22 23 1 12 24 9,1,1
logistic-l2-0.1,evaluation,2026,8,21,29 41 1 12 13 49 14 24 9 43 22 27 32 7 19 5 25 17 18 23,29 41 1 12 13 49 14 24 9 43,1,1
logistic-l2-0.1,evaluation,2026,9,28,41 24 1 12 49 14 13 22 9 21 27 43 18 23 26 17 32 47 25 16,41 24 1 12 49 14 13 22 9 21,1,1
logistic-l2-0.1,evaluation,2026,10,27,41 24 1 14 9 13 12 28 47 45 26 21 29 23 32 43 27 25 16 3,41 24 1 14 9 13 12 28 47 45,0,1
logistic-l2-0.1,evaluation,2026,11,11,27 41 13 9 1 29 45 22 21 28 43 14 12 32 47 24 3 4 26 44,27 41 13 9 1 29 45 22 21 28,1,1
logistic-l2-0.1,evaluation,2026,12,11,27 41 14 1 9 47 12 13 25 21 45 16 24 26 23 43 28 3 18 22,27 41 14 1 9 47 12 13 25 21,1,1
logistic-l2-0.1,evaluation,2026,13,1,14 1 47 27 12 9 32 3 18 16 23 37 24 34 31 8 5 21 2 40,14 1 47 27 12 9 32 3 18 16,0,0
logistic-l2-0.1,evaluation,2026,14,26,14 1 47 12 18 41 34 23 32 3 24 16 31 21 5 25 8 26 27 48,14 1 47 12 18 41 34 23 32 3,0,1
logistic-l2-0.1,evaluation,2026,15,31,14 1 47 32 34 18 39 3 27 21 25 40 41 5 16 23 48 17 2 24,14 1 47 32 34 18 39 3 27 21,1,1
logistic-l2-0.1,evaluation,2026,16,6,14 1 47 41 16 18 27 32 26 3 34 23 21 39 5 24 40 25 4 28,14 1 47 41 16 18 27 32 26 3,1,1
logistic-l2-0.1,evaluation,2026,17,32,1 14 47 16 32 3 27 18 21 41 23 39 31 25 5 28 24 2 4 9,1 14 47 16 32 3 27 18 21 41,0,0
logistic-l2-0.1,evaluation,2026,18,39,1 14 47 32 16 27 3 26 21 23 24 28 25 9 4 39 5 12 29 17,1 14 47 32 16 27 3 26 21 23,0,1
logistic-l2-0.1,evaluation,2026,19,46,1 26 32 14 39 47 16 27 24 3 23 28 9 4 21 11 29 12 5 6,1 26 32 14 39 47 16 27 24 3,1,1
logistic-l2-0.1,evaluation,2026,20,12,26 1 32 39 14 27 16 23 24 47 46 3 9 21 12 6 4 11 5 41,26 1 32 39 14 27 16 23 24 47,0,1
logistic-l2-0.1,evaluation,2026,21,42,26 1 39 32 12 46 6 16 23 4 3 28 21 27 5 49 31 41 17 29,26 1 39 32 12 46 6 16 23 4,1,1
logistic-l2-0.1,evaluation,2026,22,18,1 26 32 12 39 46 16 23 3 6 27 21 4 28 14 5 9 41 49 29,1 26 32 12 39 46 16 23 3 6,1,1
logistic-l2-0.1,evaluation,2026,23,47,26 1 12 32 18 6 16 23 28 42 3 4 41 21 39 27 46 31 9 14,26 1 12 32 18 6 16 23 28 42,1,1
logistic-l2-0.1,evaluation,2026,24,28,26 12 32 47 1 39 46 42 18 23 28 16 41 4 27 21 3 6 9 11,26 12 32 47 1 39 46 42 18 23,0,1
logistic-l2-0.1,evaluation,2026,25,37,28 12 47 26 32 18 39 6 42 46 1 41 16 27 4 31 21 9 24 3,28 12 47 26 32 18 39 6 42 46,1,1
logistic-l2-0.1,evaluation,2026,26,19,28 12 26 47 32 18 37 39 1 42 6 27 46 16 21 4 23 13 3 24,28 12 26 47 32 18 37 39 1 42,1,1
logistic-l2-0.1,evaluation,2026,27,45,28 12 26 47 32 18 39 19 1 37 46 27 16 23 42 21 4 3 22 6,28 12 26 47 32 18 39 19 1 37,1,1
logistic-l2-0.1,evaluation,2026,28,3,28 12 26 47 1 39 18 19 32 27 37 45 21 3 4 5 23 42 16 17,28 12 26 47 1 39 18 19 32 27,0,1
logistic-l2-0.1,evaluation,2026,29,1,3 12 28 26 45 18 37 47 19 1 42 27 46 21 4 23 32 6 9 22,3 12 28 26 45 18 37 47 19 1,0,0
logistic-l2-0.1,evaluation,2026,30,41,1 28 3 45 37 12 47 19 18 42 26 6 11 22 27 9 4 39 21 23,1 28 3 45 37 12 47 19 18 42,1,1
logistic-l2-0.1,evaluation,2026,31,26,1 41 28 3 45 37 47 19 42 18 26 6 11 22 12 9 27 4 39 23,1 41 28 3 45 37 47 19 42 18,0,1
logistic-l2-0.1,evaluation,2026,32,6,26 1 41 28 45 19 3 37 47 18 11 6 46 39 42 32 12 9 13 31,26 1 41 28 45 19 3 37 47 18,0,1
logistic-l2-0.1,evaluation,2026,33,41,1 28 41 26 3 45 37 47 19 6 21 27 12 32 39 43 2 11 14 31,1 28 41 26 3 45 37 47 19 6,0,0
logistic-l2-0.1,evaluation,2026,34,19,41 1 28 3 37 26 19 45 14 6 21 2 33 27 32 43 12 29 8 35,41 1 28 3 37 26 19 45 14 6,0,0
logistic-l2-0.1,evaluation,2026,35,27,1 41 3 19 35 26 37 2 21 27 45 30 32 23 16 12 43 14 48 36,1 41 3 19 35 26 37 2 21 27,0,0
logistic-l2-0.1,evaluation,2026,36,1,19 41 3 1 32 27 36 47 44 45 26 35 2 6 34 29 21 43 40 5,19 41 3 1 32 27 36 47 44 45,0,0
logistic-l2-0.1,evaluation,2026,37,43,20 44 11 10 48 39 27 33 35 7 45 15 34 8 22 46 29 30 5 40,20 44 11 10 48 39 27 33 35 7,1,1
logistic-l2-0.1,evaluation,2026,38,42,44 39 34 45 13 42 11 10 20 19 47 33 41 35 8 3 22 38 7 46,44 39 34 45 13 42 11 10 20 19,0,0
logistic-l2-0.1,evaluation,2026,39,11,20 34 44 11 10 6 35 19 41 40 8 33 5 38 39 42 49 47 7 22,20 34 44 11 10 6 35 19 41 40,0,0
logistic-l2-0.1,evaluation,2026,40,28,2 14 5 21 43 35 36 29 25 40 16 48 27 34 30 41 33 17 9 23,2 14 5 21 43 35 36 29 25 40,1,1
logistic-l2-0.1,evaluation,2026,41,36,27 5 14 25 29 2 34 40 35 36 49 20 48 33 43 30 21 38 23 10,27 5 14 25 29 2 34 40 35 36,0,0
logistic-l2-0.1,evaluation,2026,42,16,27 44 8 2 36 20 17 10 34 32 43 33 40 25 14 11 29 35 5 42,27 44 8 2 36 20 17 10 34 32,1,1
logistic-l2-0.1,evaluation,2026,43,13,11 19 44 20 38 27 10 8 17 22 42 34 36 33 18 29 49 46 40 43,11 19 44 20 38 27 10 8 17 22,1,1
logistic-l2-0.1,evaluation,2026,44,19,42 11 40 27 33 35 44 20 19 13 10 36 8 34 38 43 39 9 29 17,42 11 40 27 33 35 44 20 19 13,0,0
logistic-l2-0.1,evaluation,2026,45,1,17 39 38 48 20 47 44 10 46 40 34 33 27 8 35 11 25 42 29 2,17 39 38 48 20 47 44 10 46 40,1,1
logistic-l2-0.1,evaluation,2026,46,3,20 38 10 22 44 34 33 40 42 17 35 8 31 39 29 25 46 11 15 48,20 38 10 22 44 34 33 40 42 17,1,1
logistic-l2-0.1,evaluation,2026,47,39,20 22 10 39 44 33 34 38 40 17 35 13 8 9 31 25 29 15 46 36,20 22 10 39 44 33 34 38 40 17,0,0
logistic-l2-0.1,evaluation,2026,48,24,10 20 15 33 34 35 40 44 25 22 8 31 7 5 29 30 11 38 17 2,10 20 15 33 34 35 40 44 25 22,1,1
logistic-l2-0.1,evaluation,2026,49,13,20 10 38 33 35 40 34 8 29 15 46 22 25 44 17 31 5 2 32 7,20 10 38 33 35 40 34 8 29 15,1,1
logistic-l2-0.1,evaluation,2026,50,23,20 10 33 34 35 40 25 38 15 5 2 31 22 14 46 7 30 29 44 8,20 10 33 34 35 40 25 38 15 5,1,1
logistic-l2-0.1,evaluation,2026,51,1,10 20 33 34 35 40 15 38 44 25 46 30 5 2 22 7 31 14 29 8,10 20 33 34 35 40 15 38 44 25,1,1
logistic-l2-0.1,evaluation,2026,52,38,10 20 38 40 44 33 34 46 35 15 22 31 8 42 25 5 30 14 2 7,10 20 38 40 44 33 34 46 35 15,0,0
logistic-l2-0.1,evaluation,2026,53,15,34 10 20 33 7 25 2 5 15 31 21 30 8 48 29 17 18 44 22 35,34 10 20 33 7 25 2 5 15 31,0,0
logistic-l2-0.1,evaluation,2026,54,48,34 25 5 10 2 20 7 21 35 31 48 29 30 40 8 32 14 49 44 4,34 25 5 10 2 20 7 21 35 31,0,1
logistic-l2-0.1,evaluation,2026,55,14,34 10 20 25 5 33 2 7 35 8 31 21 40 44 46 29 47 48 17 22,34 10 20 25 5 33 2 7 35 8,1,1
logistic-l2-0.1,evaluation,2026,56,48,10 34 15 8 44 11 46 33 22 7 45 25 35 5 2 38 17 42 47 24,10 34 15 8 44 11 46 33 22 7,1,1
logistic-l2-0.1,evaluation,2026,57,23,20 46 44 22 11 33 8 34 35 42 10 17 40 31 47 49 15 30 5 2,20 46 44 22 11 33 8 34 35 42,1,1
logistic-l2-0.1,evaluation,2026,58,31,20 46 44 11 10 22 35 8 42 33 47 17 31 45 49 6 40 2 5 7,20 46 44 11 10 22 35 8 42 33,0,1
logistic-l2-0.1,evaluation,2026,59,10,46 11 44 22 8 10 35 42 20 47 17 45 34 6 49 33 30 5 39 4,46 11 44 22 8 10 35 42 20 47,0,0
logistic-l2-0.1,evaluation,2026,60,9,22 11 46 8 42 44 20 35 47 17 45 49 4 6 39 27 2 25 5 34,22 11 46 8 42 44 20 35 47 17,1,1
logistic-l2-0.1,evaluation,2026,61,29,22 11 44 46 8 42 20 47 35 45 17 13 49 6 4 36 25 33 37 2,22 11 44 46 8 42 20 47 35 45,1,1
logistic-l2-0.1,evaluation,2026,62,24,42 11 44 22 6 47 13 45 15 35 3 10 36 20 8 38 41 46 4 49,42 11 44 22 6 47 13 45 15 35,1,1
logistic-l2-0.1,evaluation,2026,63,28,44 22 11 15 42 20 38 46 47 13 8 45 10 35 40 33 36 6 4 32,44 22 11 15 42 20 38 46 47 13,1,1
logistic-l2-0.1,evaluation,2026,64,18,22 42 15 44 11 20 47 38 35 46 33 10 45 8 41 13 40 18 17 6,22 42 15 44 11 20 47 38 35 46,0,1
logistic-l2-0.1,evaluation,2026,65,5,11 42 44 20 22 46 15 38 10 13 40 6 35 33 8 47 17 30 32 41,11 42 44 20 22 46 15 38 10 13,1,1
logistic-l2-0.1,evaluation,2026,66,37,11 42 46 20 13 44 38 22 10 15 6 39 40 8 35 33 31 17 9 49,11 42 46 20 13 44 38 22 10 15,1,1
logistic-l2-0.1,evaluation,2026,67,5,11 42 10 13 6 46 44 15 20 22 38 9 39 31 28 8 37 40 35 41,11 42 10 13 6 46 44 15 20 22,1,1
logistic-l2-0.1,evaluation,2026,68,23,11 42 6 46 13 40 38 15 22 20 44 10 8 9 35 39 49 30 26 41,11 42 6 46 13 40 38 15 22 20,1,1
logistic-l2-0.1,evaluation,2026,69,24,42 11 38 46 40 20 13 6 44 22 10 33 8 15 35 49 17 26 39 30,42 11 38 46 40 20 13 6 44 22,1,1
logistic-l2-0.1,evaluation,2026,70,25,42 11 40 46 20 22 38 6 44 10 13 33 35 8 15 17 30 39 45 34,42 11 40 46 20 22 38 6 44 10,1,1
logistic-l2-0.1,evaluation,2026,71,48,40 42 11 38 20 46 10 22 44 13 6 17 33 15 39 8 35 30 9 41,40 42 11 38 20 46 10 22 44 13,1,1
logistic-l2-0.1,evaluation,2026,72,46,40 42 46 44 38 11 8 20 30 22 6 33 17 10 15 13 35 39 41 9,40 42 46 44 38 11 8 20 30 22,0,0
logistic-l2-0.1,evaluation,2026,73,34,42 40 44 46 11 38 6 20 8 33 22 10 35 28 30 15 39 17 13 12,42 40 44 46 11 38 6 20 8 33,1,1
logistic-l2-0.1,evaluation,2026,74,10,11 42 46 40 38 6 44 33 13 20 22 29 39 26 8 10 30 28 15 35,11 42 46 40 38 6 44 33 13 20,0,1
logistic-l2-0.1,evaluation,2026,75,33,40 11 42 46 6 44 13 49 38 20 8 22 26 12 31 28 10 35 30 19,40 11 42 46 6 44 13 49 38 20,1,1
logistic-l2-0.1,evaluation,2026,76,2,11 46 40 26 42 6 13 38 19 20 22 41 33 44 37 8 45 39 28 27,11 46 40 26 42 6 13 38 19 20,1,1
logistic-l2-0.1,evaluation,2026,77,29,11 24 46 13 40 42 38 28 6 44 2 41 37 22 45 33 26 39 19 3,11 24 46 13 40 42 38 28 6 44,1,1
logistic-l2-0.1,evaluation,2026,78,46,11 46 6 13 37 39 38 42 40 28 30 26 24 29 44 45 9 33 15 2,11 46 6 13 37 39 38 42 40 28,0,0
logistic-l2-0.1,evaluation,2026,79,35,11 26 13 6 28 42 1 40 38 24 45 44 9 49 46 19 15 43 21 39,11 26 13 6 28 42 1 40 38 24,1,1
logistic-l2-0.1,evaluation,2026,80,3,11 24 26 13 1 6 28 23 46 44 38 49 42 19 9 45 40 41 29 37,11 24 26 13 1 6 28 23 46 44,1,1
logistic-l2-0.1,evaluation,2026,81,17,26 11 24 46 6 13 1 28 42 23 38 44 40 10 9 2 29 41 8 19,26 11 24 46 6 13 1 28 42 23,1,1
logistic-l2-0.1,evaluation,2026,82,27,11 24 26 13 23 1 46 28 29 10 6 38 44 19 45 2 17 41 8 37,11 24 26 13 23 1 46 28 29 10,1,1
logistic-l2-0.1,evaluation,2026,83,5,11 24 1 46 26 23 28 44 10 29 6 38 27 2 13 42 41 8 17 19,11 24 1 46 26 23 28 44 10 29,1,1
logistic-l2-0.1,evaluation,2026,84,16,11 1 26 46 44 24 6 28 10 29 38 42 2 23 41 8 33 49 13 30,11 1 26 46 44 24 6 28 10 29,1,1
logistic-l2-0.1,evaluation,2026,85,19,24 1 46 26 2 6 44 41 10 11 29 28 23 8 33 42 38 20 17 49,24 1 46 26 2 6 44 41 10 11,1,1
logistic-l2-0.1,evaluation,2026,86,12,24 6 46 2 33 1 26 19 41 44 10 20 29 8 23 17 11 38 42 27,24 6 46 2 33 1 26 19 41 44,1,1
logistic-l2-0.1,evaluation,2026,87,26,24 46 26 12 2 41 33 6 1 29 44 19 17 23 8 36 20 10 38 42,24 46 26 12 2 41 33 6 1 29,0,0
logistic-l2-0.1,evaluation,2026,88,27,26 46 24 33 12 19 6 17 2 41 44 8 20 10 5 38 23 27 1 42,26 46 24 33 12 19 6 17 2 41,0,1
logistic-l2-0.1,evaluation,2026,89,49,24 2 46 33 8 17 44 27 6 26 41 20 10 36 42 1 19 23 12 11,24 2 46 33 8 17 44 27 6 26,1,1
logistic-l2-0.1,evaluation,2026,90,36,24 49 46 26 2 17 33 27 6 41 8 44 10 20 12 42 1 23 19 36,24 49 46 26 2 17 33 27 6 41,0,1
logistic-l2-0.1,evaluation,2026,91,37,24 36 46 49 26 27 17 19 12 33 10 2 11 23 6 41 42 29 44 5,24 36 46 49 26 27 17 19 12 33,1,1
logistic-l2-0.1,evaluation,2026,92,6,37 49 27 26 19 46 36 11 12 41 10 6 23 33 38 44 2 24 28 29,37 49 27 26 19 46 36 11 12 41,0,1
logistic-l2-0.1,evaluation,2026,93,40,6 37 26 27 36 49 12 5 41 33 23 11 24 10 19 28 46 17 2 1,6 37 26 27 36 49 12 5 41 33,1,1
logistic-l2-0.1,evaluation,2026,94,17,6 37 27 26 46 36 19 24 12 40 5 23 49 41 17 1 33 10 29 2,6 37 27 26 46 36 19 24 12 40,0,1
logistic-l2-0.1,evaluation,2026,95,35,17 27 6 37 26 19 36 12 46 23 24 49 5 41 40 1 10 11 3 29,17 27 6 37 26 19 36 12 46 23,1,1
logistic-l2-0.1,evaluation,2026,96,43,26 17 6 27 37 35 36 46 24 12 19 23 1 49 41 5 10 33 29 40,26 17 6 27 37 35 36 46 24 12,1,1
logistic-l2-0.1,evaluation,2026,97,11,17 26 6 27 46 36 37 43 49 1 24 19 35 23 10 41 33 12 5 40,17 26 6 27 46 36 37 43 49 1,1,1
logistic-l2-0.1,evaluation,2026,98,17,17 26 46 11 36 37 27 6 35 25 1 24 49 43 29 5 10 19 12 41,17 26 46 11 36 37 27 6 35 25,0,0
logistic-l2-0.1,evaluation,2026,99,12,17 46 26 24 37 36 1 11 6 27 19 41 29 25 12 5 10 35 49 43,17 46 26 24 37 36 1 11 6 27,0,1
logistic-l2-0.1,evaluation,2026,100,33,17 12 46 26 37 24 6 1 25 36 10 29 28 11 42 5 8 19 35 41,17 12 46 26 37 24 6 1 25 36,1,1
logistic-l2-0.1,evaluation,2026,101,39,17 24 33 46 26 48 37 12 1 28 3 5 25 32 6 11 43 19 35 29,17 24 33 46 26 48 37 12 1 28,1,1
logistic-l2-0.1,evaluation,2026,102,20,17 12 39 46 26 24 33 1 28 8 48 6 25 35 37 3 43 19 11 5,17 12 39 46 26 24 33 1 28 8,1,1
logistic-l2-0.1,evaluation,2026,103,6,17 12 20 26 39 43 33 11 1 28 35 3 27 48 24 37 5 46 19 18,17 12 20 26 39 43 33 11 1 28,1,1
logistic-l2-0.1,evaluation,2026,104,1,17 39 3 6 12 43 26 28 1 32 24 46 35 20 48 11 33 5 37 27,17 39 3 6 12 43 26 28 1 32,0,0
logistic-l2-0.1,evaluation,2026,105,28,1 17 12 39 6 35 33 43 26 3 20 11 46 32 24 37 27 5 28 36,1 17 12 39 6 35 33 43 26 3,0,1
logistic-l2-0.1,evaluation,2026,106,22,28 17 39 20 1 12 6 3 33 43 46 26 24 37 35 8 48 5 11 49,28 17 39 20 1 12 6 3 33 43,1,1
logistic-l2-0.1,evaluation,2026,107,49,17 1 28 22 39 6 20 12 33 3 11 26 36 27 37 46 35 19 24 32,17 1 28 22 39 6 20 12 33 3,1,1
logistic-l2-0.1,evaluation,2026,108,45,17 49 1 28 39 12 20 6 22 33 3 46 26 27 5 48 36 11 37 19,17 49 1 28 39 12 20 6 22 33,1,1
logistic-l2-0.1,evaluation,2026,109,16,1 28 49 6 45 17 12 20 39 33 22 27 3 5 35 37 26 36 46 11,1 28 49 6 45 17 12 20 39 33,1,1
logistic-l2-0.1,evaluation,2026,110,30,1 6 16 20 17 39 49 28 45 33 22 26 48 46 3 5 36 12 24 11,1 6 16 20 17 39 49 28 45 33,1,1
logistic-l2-0.1,evaluation,2026,111,1,1 6 17 28 16 39 20 30 49 45 22 26 46 12 5 48 24 36 37 19,1 6 17 28 16 39 20 30 49 45,0,0
logistic-l2-0.1,evaluation,2026,112,9,1 20 6 17 49 28 16 30 45 22 26 46 24 39 8 48 3 12 19 5,1 20 6 17 49 28 16 30 45 22,1,1
logistic-l2-0.1,evaluation,2026,113,2,1 6 17 30 49 24 19 26 20 28 46 45 16 48 39 8 22 9 3 5,1 6 17 30 49 24 19 26 20 28,1,1
logistic-l2-0.1,evaluation,2026,114,30,1 17 49 2 19 22 30 24 6 45 26 48 28 20 16 39 46 32 3 43,1 17 49 2 19 22 30 24 6 45,0,0
logistic-l2-0.1,evaluation,2026,115,4,1 17 30 19 6 49 45 24 48 26 46 10 28 39 3 22 36 32 20 2,1 17 30 19 6 49 45 24 48 26,1,1
logistic-l2-0.1,evaluation,2026,116,22,1 17 30 6 49 24 19 45 48 26 46 4 16 8 10 39 3 22 29 36,1 17 30 6 49 24 19 45 48 26,0,1
logistic-l2-0.1,evaluation,2026,117,16,1 17 46 48 10 22 19 16 24 30 6 39 49 3 45 26 8 33 28 29,1 17 46 48 10 22 19 16 24 30,0,0
logistic-l2-0.1,evaluation,2026,118,8,17 46 1 19 48 16 10 24 39 8 6 3 49 22 28 38 42 20 25 26,17 46 1 19 48 16 10 24 39 8,0,0
logistic-l2-0.1,evaluation,2026,119,11,1 17 8 19 46 16 6 28 48 24 22 49 45 3 39 10 33 30 37 36,1 17 8 19 46 16 6 28 48 24,1,1
logistic-l2-0.1,evaluation,2026,120,6,1 17 46 19 16 8 22 11 48 24 45 10 6 28 3 49 30 38 33 37,1 17 46 19 16 8 22 11 48 24,0,1
logistic-l2-0.1,evaluation,2026,121,44,46 1 48 19 6 22 24 38 17 10 16 8 30 45 49 33 32 3 40 28,46 1 48 19 6 22 24 38 17 10,1,1
logistic-l2-0.1,evaluation,2026,122,1,48 1 6 19 16 22 45 46 30 10 17 49 24 28 38 3 44 8 11 40,48 1 6 19 16 22 45 46 30 10,0,0
logistic-l2-0.1,evaluation,2026,123,46,48 22 1 45 46 16 6 15 19 25 18 38 8 10 24 32 49 30 40 3,48 22 1 45 46 16 6 15 19 25,0,0
logistic-l2-0.1,evaluation,2026,124,39,46 1 22 16 45 48 6 23 30 49 19 11 17 39 44 3 28 8 15 24,46 1 22 16 45 48 6 23 30 49,0,1
logistic-l2-0.1,evaluation,2026,125,31,39 1 16 22 46 48 45 6 11 19 23 3 30 49 8 15 44 24 33 43,39 1 16 22 46 48 45 6 11 19,1,1
logistic-l2-0.1,evaluation,2026,126,49,46 22 1 39 45 48 6 16 19 17 23 49 31 30 10 11 44 8 3 24,46 22 1 39 45 48 6 16 19 17,0,1
logistic-l2-0.1,evaluation,2026,127,45,49 46 1 39 22 16 6 45 48 11 19 30 23 17 3 44 31 8 24 10,49 46 1 39 22 16 6 45 48 11,0,0
logistic-l2-0.1,evaluation,2026,128,37,45 1 49 39 6 46 11 31 16 22 48 44 3 17 8 19 30 23 24 10,45 1 49 39 6 46 11 31 16 22,1,1
logistic-l2-0.1,evaluation,2026,129,41,1 45 46 39 49 6 37 22 11 48 44 16 30 17 19 10 31 3 23 24,1 45 46 39 49 6 37 22 11 48,1,1
logistic-l2-0.1,evaluation,2026,130,29,45 1 46 39 41 49 6 22 17 37 44 7 48 16 30 3 19 31 10 23,45 1 46 39 41 49 6 22 17 37,1,1
logistic-l2-0.1,evaluation,2026,131,7,45 1 46 39 29 49 41 22 37 6 44 16 30 7 17 25 31 5 11 19,45 1 46 39 29 49 41 22 37 6,0,1
logistic-l2-0.1,evaluation,2026,132,30,1 49 7 29 45 37 46 39 41 6 31 16 30 22 11 28 2 48 19 44,1 49 7 29 45 37 46 39 41 6,0,1
logistic-l2-0.1,evaluation,2026,133,7,30 49 29 37 39 1 45 46 41 31 7 16 6 11 28 22 48 19 44 2,30 49 29 37 39 1 45 46 41 31,0,1
logistic-l2-0.1,evaluation,2026,134,37,37 1 49 30 31 28 29 16 6 13 39 24 27 4 36 45 43 23 33 41,37 1 49 30 31 28 29 16 6 13,0,0
logistic-l2-0.1,evaluation,2026,135,30,37 1 49 16 24 30 28 46 29 6 22 31 17 27 39 36 13 33 48 2,37 1 49 16 24 30 28 46 29 6,0,0
logistic-l2-0.1,evaluation,2026,136,48,28 17 1 24 35 13 36 18 48 20 23 6 33 16 39 5 43 12 27 19,28 17 1 24 35 13 36 18 48 20,0,0
logistic-l2-0.1,evaluation,2026,137,26,28 1 17 24 12 13 48 36 31 37 16 5 27 6 33 43 39 4 11 15,28 1 17 24 12 13 48 36 31 37,1,1
logistic-l2-0.1,evaluation,2026,138,49,28 37 5 16 13 6 31 27 36 19 30 29 48 24 39 33 4 3 26 11,28 37 5 16 13 6 31 27 36 19,1,1
logistic-l2-0.1,evaluation,2026,139,24,6 28 13 37 49 27 31 16 36 4 43 29 30 11 3 48 33 2 39 23,6 28 13 37 49 27 31 16 36 4,1,1
logistic-l2-0.1,evaluation,2026,140,16,28 37 31 13 4 27 43 16 29 34 2 33 3 6 47 49 39 30 11 36,28 37 31 13 4 27 43 16 29 34,0,0
logistic-l2-0.1,evaluation,2026,141,33,16 28 37 43 31 27 3 13 29 26 4 2 33 47 11 34 6 36 49 30,16 28 37 43 31 27 3 13 29 26,0,1
logistic-l2-0.1,evaluation,2026,142,23,33 37 16 31 28 43 27 26 30 29 49 4 13 11 3 47 2 6 36 9,33 37 16 31 28 43 27 26 30 29,1,1
logistic-l2-0.1,evaluation,2026,143,44,23 37 33 26 16 30 31 49 28 4 27 11 29 48 43 47 13 6 3 39,23 37 33 26 16 30 31 49 28 4,1,1
logistic-l2-0.1,evaluation,2026,144,43,33 37 44 16 23 31 26 49 30 28 27 11 13 4 29 43 48 3 47 6,33 37 44 16 23 31 26 49 30 28,0,1
logistic-l2-0.1,evaluation,2026,145,5,43 49 33 44 16 23 30 26 48 29 31 37 24 39 28 22 6 11 3 41,43 49 33 44 16 23 30 26 48 29,1,1
logistic-l2-0.1,evaluation,2026,146,42,5 43 44 49 16 23 37 33 48 24 26 30 36 25 29 39 8 41 31 7,5 43 44 49 16 23 37 33 48 24,1,1
logistic-l2-0.1,evaluation,2026,147,13,16 5 42 49 44 23 30 24 33 43 26 37 11 48 29 39 1 7 6 31,16 5 42 49 44 23 30 24 33 43,1,1
logistic-l2-0.1,evaluation,2026,148,48,44 49 24 5 23 13 16 42 33 7 29 30 43 37 6 48 1 46 40 31,44 49 24 5 23 13 16 42 33 7,0,1
logistic-l2-0.1,evaluation,2026,149,27,48 24 23 44 5 42 33 16 13 43 49 7 46 28 30 37 31 1 4 27,48 24 23 44 5 42 33 16 13 43,0,1
logistic-l2-0.1,evaluation,2026,150,9,48 44 5 42 27 33 7 23 24 46 30 1 16 49 43 13 26 20 17 41,48 44 5 42 27 33 7 23 24 46,1,1
logistic-l2-0.1,evaluation,2026,151,31,44 48 5 9 42 24 46 7 33 23 30 26 1 25 20 49 43 17 27 13,44 48 5 9 42 24 46 7 33 23,1,1
logistic-l2-0.1,evaluation,2026,152,45,48 44 46 24 5 42 7 31 1 17 23 20 9 8 30 26 25 49 41 43,48 44 46 24 5 42 7 31 1 17,1,1
logistic-l2-0.1,evaluation,2026,153,41,45 48 44 5 46 24 7 42 17 9 1 8 26 49 43 21 30 25 31 20,45 48 44 5 46 24 7 42 17 9,1,1
logistic-l2-0.1,evaluation,2026,154,41,41 48 45 5 24 7 46 42 26 9 1 17 8 43 49 2 30 31 25 13,41 48 45 5 24 7 46 42 26 9,0,0
logistic-l2-0.1,evaluation,2026,155,7,46 48 26 24 45 41 17 5 7 8 42 1 25 20 2 21 34 9 32 22,46 48 26 24 45 41 17 5 7 8,0,0
logistic-l2-0.1,evaluation,2026,156,1,46 48 41 7 45 24 17 26 25 21 1 8 40 42 20 2 32 13 22 10,46 48 41 7 45 24 17 26 25 21,0,1
logistic-l2-0.1,evaluation,2026,157,40,41 48 7 1 45 17 8 9 31 3 24 26 2 12 25 32 46 13 5 49,41 48 7 1 45 17 8 9 31 3,1,1
logistic-l2-0.1,evaluation,2026,158,16,7 48 41 9 45 1 17 8 49 10 5 2 40 39 27 26 43 24 30 31,7 48 41 9 45 1 17 8 49 10,1,1
logistic-l2-0.1,evaluation,2026,159,39,7 41 45 1 8 9 24 2 48 32 26 40 27 49 39 5 18 14 17 3,7 41 45 1 8 9 24 2 48 32,0,1
logistic-l2-0.1,evaluation,2026,160,2,7 41 45 39 1 17 40 20 46 24 8 26 9 32 2 16 25 18 5 30,7 41 45 39 1 17 40 20 46 24,0,1
logistic-l2-0.1,evaluation,2026,161,8,1 41 7 2 16 45 26 8 40 39 30 31 24 25 29 44 32 20 48 46,1 41 7 2 16 45 26 8 40 39,0,0
logistic-l2-0.1,evaluation,2026,162,32,41 7 2 8 45 39 40 1 16 24 44 48 26 30 5 20 42 49 22 32,41 7 2 8 45 39 40 1 16 24,0,1
logistic-l2-0.1,evaluation,2026,163,37,41 7 16 1 2 8 32 39 40 24 48 26 33 23 5 45 30 44 49 37,41 7 16 1 2 8 32 39 40 24,0,1
logistic-l2-0.1,evaluation,2026,164,21,8 41 32 7 1 39 2 37 16 40 24 33 48 44 45 26 20 10 30 5,8 41 32 7 1 39 2 37 16 40,1,1
logistic-l2-0.1,evaluation,2026,165,3,2 1 16 32 8 37 21 7 40 39 46 41 48 24 45 30 26 33 44 5,2 1 16 32 8 37 21 7 40 39,1,1
logistic-l2-0.1,evaluation,2026,166,6,32 16 37 21 1 40 8 3 39 2 48 41 45 44 24 5 7 26 27 33,32 16 37 21 1 40 8 3 39 2,1,1
logistic-l2-0.1,evaluation,2026,167,19,16 6 32 3 8 21 37 40 2 39 1 41 7 24 26 45 46 44 31 48,16 6 32 3 8 21 37 40 2 39,1,1
logistic-l2-0.1,evaluation,2026,168,15,16 19 6 32 3 8 37 21 2 39 1 41 7 40 45 31 24 48 44 46,16 19 6 32 3 8 37 21 2 39,1,1
logistic-l2-0.1,evaluation,2026,169,24,6 15 19 37 3 8 32 2 21 39 16 1 41 40 7 33 45 48 31 24,6 15 19 37 3 8 32 2 21 39,0,1
logistic-l2-0.1,evaluation,2026,170,3,6 24 19 15 32 3 2 21 37 16 8 41 1 31 45 43 48 33 7 39,6 24 19 15 32 3 2 21 37 16,0,0
logistic-l2-0.1,evaluation,2026,171,28,3 37 19 32 24 15 6 21 16 8 1 31 41 45 43 2 48 33 39 13,3 37 19 32 24 15 6 21 16 8,1,1
logistic-l2-0.1,evaluation,2026,172,44,3 28 6 37 19 32 15 21 16 24 1 41 45 2 48 43 39 7 8 44,3 28 6 37 19 32 15 21 16 24,0,1
logistic-l2-0.1,evaluation,2026,173,26,3 44 6 19 24 37 15 28 21 16 41 1 32 2 7 48 39 43 27 31,3 44 6 19 24 37 15 28 21 16,1,1
logistic-l2-0.1,evaluation,2026,174,41,3 26 44 28 6 24 15 19 21 41 1 37 16 2 7 27 45 43 31 9,3 26 44 28 6 24 15 19 21 41,0,0
logistic-l2-0.1,evaluation,2026,175,26,41 3 44 28 6 26 24 19 15 37 1 16 40 27 2 39 7 8 31 45,41 3 44 28 6 26 24 19 15 37,0,0
logistic-l2-0.1,evaluation,2026,176,10,28 26 41 6 3 44 19 24 40 15 37 16 27 1 8 39 31 30 7 11,28 26 41 6 3 44 19 24 40 15,1,1
logistic-l2-0.1,evaluation,2026,177,14,28 26 41 3 44 40 19 24 15 6 37 10 27 16 30 31 8 39 7 13,28 26 41 3 44 40 19 24 15 6,1,1
logistic-l2-0.1,evaluation,2026,178,18,28 44 41 26 40 24 19 3 1 15 37 30 6 16 8 31 27 2 21 10,28 44 41 26 40 24 19 3 1 15,1,1
logistic-l2-0.1,evaluation,2026,179,15,44 28 26 41 31 40 1 30 19 37 3 16 6 8 46 24 2 7 15 39,44 28 26 41 31 40 1 30 19 37,0,1
logistic-l2-0.1,evaluation,2026,180,21,26 28 15 31 6 44 41 3 1 16 19 40 10 37 30 11 2 8 46 39,26 28 15 31 6 44 41 3 1 16,1,1
logistic-l2-0.1,evaluation,2026,181,19,26 28 21 41 37 15 44 30 31 19 10 6 16 1 40 14 49 2 39 8,26 28 21 41 37 15 44 30 31 19,0,0
logistic-l2-0.1,evaluation,2026,182,41,26 19 41 21 44 16 15 37 6 1 28 10 30 14 31 49 39 40 2 7,26 19 41 21 44 16 15 37 6 1,0,0
logistic-l2-0.1,evaluation,2026,183,24,41 19 26 6 15 30 37 31 21 28 16 1 40 10 39 49 11 44 2 9,41 19 26 6 15 30 37 31 21 28,1,1
logistic-l2-0.1,evaluation,2026,184,1,41 19 26 15 30 31 6 21 24 37 16 28 49 10 1 11 39 2 44 9,41 19 26 15 30 31 6 21 24 37,0,1
logistic-l2-0.1,evaluation,2026,185,36,1 41 19 37 9 26 31 30 15 6 10 21 14 49 2 24 39 23 16 27,1 41 19 37 9 26 31 30 15 6,1,1
logistic-l2-0.1,evaluation,2026,186,23,1 36 24 15 19 37 6 31 21 10 14 41 49 26 11 2 16 44 39 27,1 36 24 15 19 37 6 31 21 10,1,1
logistic-l2-0.1,evaluation,2026,187,1,41 23 24 36 19 15 21 1 6 14 37 26 9 30 49 16 39 31 44 18,41 23 24 36 19 15 21 1 6 14,0,0
logistic-l2-0.1,evaluation,2026,188,16,1 41 49 6 9 37 21 24 16 15 19 13 43 14 33 2 39 31 30 18,1 41 49 6 9 37 21 24 16 15,0,0
logistic-l2-0.1,evaluation,2026,189,15,16 36 23 41 9 15 24 6 21 37 49 27 30 13 31 2 33 39 11 12,16 36 23 41 9 15 24 6 21 37,0,0
logistic-l2-0.1,evaluation,2026,190,16,9 16 27 13 36 49 41 33 23 39 6 35 30 14 2 31 1 47 29 11,9 16 27 13 36 49 41 33 23 39,0,0
logistic-l2-0.1,evaluation,2026,191,29,9 12 27 38 13 5 35 47 34 2 39 33 11 42 36 23 49 31 22 17,9 12 27 38 13 5 35 47 34 2,1,1
logistic-l2-0.1,evaluation,2026,192,25,9 13 27 2 33 49 31 11 35 12 5 47 8 37 30 6 42 4 7 29,9 13 27 2 33 49 31 11 35 12,1,1
logistic-l2-0.1,evaluation,2026,193,9,9 2 13 49 16 6 39 41 31 33 11 12 29 36 5 14 42 23 35 28,9 2 13 49 16 6 39 41 31 33,0,0
logistic-l2-0.1,evaluation,2026,194,26,9 16 1 37 6 15 13 23 31 41 30 28 36 27 39 44 21 33 42 4,9 16 1 37 6 15 13 23 31 41,1,1
logistic-l2-0.1,evaluation,2026,195,25,9 37 13 27 16 31 36 23 29 6 47 42 5 2 39 49 11 28 33 35,9 37 13 27 16 31 36 23 29 6,1,1
logistic-l2-0.1,evaluation,2026,196,39,37 13 27 30 31 6 5 33 49 42 38 43 28 2 11 12 45 47 35 7,37 13 27 30 31 6 5 33 49 42,1,1
logistic-l2-0.1,evaluation,2026,197,8,13 6 31 33 27 35 42 47 5 28 7 49 30 40 32 2 17 39 12 9,13 6 31 33 27 35 42 47 5 28,1,1
logistic-l2-0.1,evaluation,2026,198,7,13 6 27 31 33 35 47 16 9 42 5 37 8 49 14 2 12 43 36 29,13 6 27 31 33 35 47 16 9 42,1,1
logistic-l2-0.1,evaluation,2026,199,36,37 9 13 29 27 14 6 16 39 8 31 30 43 26 49 47 38 19 15 42,37 9 13 29 27 14 6 16 39 8,1,1
logistic-l2-0.1,evaluation,2026,200,39,37 9 19 29 30 39 16 27 13 36 14 6 24 26 31 48 2 8 28 21,37 9 19 29 30 39 16 27 13 36,0,0
logistic-l2-0.1,evaluation,2026,201,32,37 13 45 30 19 27 49 31 47 38 4 12 14 2 9 42 34 6 28 17,37 13 45 30 19 27 49 31 47 38,1,1
logistic-l2-0.1,evaluation,2026,202,40,37 30 45 9 5 29 13 49 2 12 34 35 6 22 15 21 14 24 27 4,37 30 45 9 5 29 13 49 2 12,1,1
logistic-l2-0.1,evaluation,2026,203,25,9 19 37 30 29 49 39 5 14 35 2 28 6 16 36 26 24 12 41 38,9 19 37 30 29 49 39 5 14 35,1,1
logistic-l2-0.1,evaluation,2026,204,5,9 30 14 49 2 27 35 5 6 4 13 28 29 22 43 47 16 48 33 41,9 30 14 49 2 27 35 5 6 4,0,0
logistic-l2-0.1,evaluation,2026,205,3,9 49 30 16 14 2 27 41 37 6 29 4 22 1 35 33 48 13 43 36,9 49 30 16 14 2 27 41 37 6,1,1
logistic-l2-0.1,evaluation,2026,206,47,9 16 14 2 1 49 36 41 37 27 6 22 4 23 29 18 33 15 26 45,9 16 14 2 1 49 36 41 37 27,1,1
logistic-l2-0.1,evaluation,2026,207,31,1 16 19 41 24 45 26 23 30 29 39 15 14 36 6 44 22 5 25 2,1 16 19 41 24 45 26 23 30 29,1,1
logistic-l2-0.1,evaluation,2026,208,19,16 1 41 19 39 24 36 30 15 37 31 29 25 45 8 6 14 22 5 18,16 1 41 19 39 24 36 30 15 37,0,0
logistic-l2-0.1,evaluation,2026,209,8,16 41 36 39 1 6 14 8 27 19 32 2 47 33 9 24 18 4 5 25,16 41 36 39 1 6 14 8 27 19,0,0
logistic-l2-0.1,evaluation,2026,210,49,8 41 16 37 36 9 19 3 47 27 1 25 6 24 32 49 30 29 43 45,8 41 16 37 36 9 19 3 47 27,0,1
logistic-l2-0.1,evaluation,2026,211,1,49 19 8 25 16 41 3 1 36 39 9 29 47 24 32 5 31 45 43 26,49 19 8 25 16 41 3 1 36 39,0,0
logistic-l2-0.1,evaluation,2026,212,6,3 47 35 49 5 9 43 27 14 19 48 31 1 45 11 36 25 4 40 41,3 47 35 49 5 9 43 27 14 19,1,1
logistic-l2-0.1,evaluation,2026,213,35,37 12 3 5 35 49 9 11 48 17 44 40 25 38 23 6 31 13 28 47,37 12 3 5 35 49 9 11 48 17,0,0
logistic-l2-0.1,evaluation,2026,214,4,35 19 39 37 49 3 8 40 31 25 6 48 44 47 45 26 38 30 23 11,35 19 39 37 49 3 8 40 31 25,1,1
logistic-l2-0.1,evaluation,2026,215,14,19 39 1 35 37 12 40 4 8 49 5 3 9 15 25 23 48 16 44 26,19 39 1 35 37 12 40 4 8 49,1,1
logistic-l2-0.1,evaluation,2026,216,37,19 39 1 37 40 14 35 8 5 31 49 12 25 15 9 38 23 29 44 45,19 39 1 37 40 14 35 8 5 31,0,0
logistic-l2-0.1,evaluation,2026,217,26,37 19 1 8 14 35 39 49 31 25 4 6 40 16 5 15 26 3 9 7,37 19 1 8 14 35 39 49 31 25,0,1
logistic-l2-0.1,evaluation,2026,218,17,37 19 26 1 35 8 14 4 49 39 6 25 40 5 38 45 15 9 29 31,37 19 26 1 35 8 14 4 49 39,1,1
logistic-l2-0.1,evaluation,2026,219,43,37 17 26 1 8 35 49 14 39 4 19 6 25 40 5 15 31 7 9 32,37 17 26 1 8 35 49 14 39 4,1,1
logistic-l2-0.1,evaluation,2026,220,48,26 37 43 1 17 49 35 25 14 39 4 6 19 40 8 5 3 9 7 31,26 37 43 1 17 49 35 25 14 39,1,1
logistic-l2-0.1,evaluation,2026,221,1,26 48 37 1 17 43 35 25 14 6 4 39 19 8 40 31 7 5 3 29,26 48 37 1 17 43 35 25 14 6,0,0
logistic-l2-0.1,evaluation,2026,222,26,1 26 37 17 48 43 35 25 4 14 6 39 8 19 40 5 31 49 3 9,1 26 37 17 48 43 35 25 4 14,0,0
logistic-l2-0.1,evaluation,2026,223,23,26 48 17 38 4 35 14 12 43 1 37 39 11 19 25 47 40 5 31 46,26 48 17 38 4 35 14 12 43 1,1,1
logistic-l2-0.1,evaluation,2026,224,9,23 43 26 48 1 14 4 17 38 37 39 47 12 35 25 8 19 31 44 32,23 43 26 48 1 14 4 17 38 37,1,1
logistic-l2-0.1,evaluation,2026,225,1,9 14 1 43 48 23 38 25 8 17 26 18 19 49 39 47 36 37 12 4,9 14 1 43 48 23 38 25 8 17,0,0
logistic-l2-0.1,evaluation,2026,226,17,38 27 18 47 12 43 17 34 35 48 14 10 13 49 36 32 22 4 7 19,38 27 18 47 12 43 17 34 35 48,0,0
logistic-l2-0.1,evaluation,2026,227,16,38 4 18 27 29 11 49 47 33 12 14 7 34 13 8 35 22 36 10 25,38 4 18 27 29 11 49 47 33 12,1,1
logistic-l2-0.1,evaluation,2026,228,23,38 29 13 31 7 27 18 12 11 23 47 49 46 4 14 24 19 22 25 43,38 29 13 31 7 27 18 12 11 23,0,0
logistic-l2-0.1,evaluation,2026,229,38,38 18 27 29 12 11 13 49 31 22 4 46 47 14 34 7 28 8 35 10,38 18 27 29 12 11 13 49 31 22,0,0
logistic-l2-0.1,evaluation,2026,230,16,35 47 14 32 49 6 2 3 4 43 42 20 10 5 22 34 36 27 18 17,35 47 14 32 49 6 2 3 4 43,1,1
logistic-l2-0.1,evaluation,2026,231,20,35 22 20 34 2 12 42 27 33 32 4 13 18 45 5 11 46 43 6 3,35 22 20 34 2 12 42 27 33 32,0,0
logistic-l2-0.1,evaluation,2026,232,42,47 49 18 14 27 29 7 12 35 33 43 10 4 22 34 6 25 38 5 21,47 49 18 14 27 29 7 12 35 33,1,1
logistic-l2-0.1,evaluation,2026,233,7,11 13 38 7 8 49 18 14 47 27 12 26 43 39 33 35 31 6 48 19,11 13 38 7 8 49 18 14 47 27,0,0
logistic-l2-0.1,evaluation,2026,234,39,7 35 47 14 13 11 17 43 29 8 6 12 27 38 48 10 22 31 33 26,7 35 47 14 13 11 17 43 29 8,1,1
logistic-l2-0.1,evaluation,2026,235,32,35 4 47 49 14 6 43 22 20 34 33 48 31 11 13 3 38 9 10 18,35 4 47 49 14 6 43 22 20 34,1,1
logistic-l2-0.1,evaluation,2026,236,11,38 4 29 11 49 7 47 1 23 13 46 37 14 8 31 20 18 30 19 17,38 4 29 11 49 7 47 1 23 13,0,0
logistic-l2-0.1,evaluation,2026,237,12,1 11 23 48 49 4 20 6 16 43 32 7 17 8 37 31 38 39 47 19,1 11 23 48 49 4 20 6 16 43,1,1
logistic-l2-0.1,evaluation,2026,238,17,17 26 1 16 35 23 12 49 32 7 9 42 20 48 4 8 39 43 14 11,17 26 1 16 35 23 12 49 32 7,0,0
logistic-l2-0.1,evaluation,2026,239,5,17 16 1 32 48 20 6 43 42 9 12 49 39 26 14 8 3 2 37 33,17 16 1 32 48 20 6 43 42 9,1,1
logistic-l2-0.1,evaluation,2026,240,27,5 1 16 32 17 20 48 23 12 42 6 39 26 9 49 11 35 14 37 38,5 1 16 32 17 20 48 23 12 42,1,1
logistic-l2-0.1,evaluation,2026,241,49,1 17 16 27 32 5 20 42 23 48 39 12 6 9 43 11 26 35 14 3,1 17 16 27 32 5 20 42 23 48,1,1
logistic-l2-0.1,evaluation,2026,242,9,17 16 49 1 23 5 32 39 26 12 48 11 20 9 42 6 27 43 37 7,17 16 49 1 23 5 32 39 26 12,0,1
logistic-l2-0.1,evaluation,2026,243,21,9 17 16 1 23 49 12 5 11 39 27 26 32 7 20 48 42 38 43 37,9 17 16 1 23 49 12 5 11 39,1,1
logistic-l2-0.1,evaluation,2026,244,46,9 17 1 5 16 11 49 39 21 23 12 32 27 20 38 48 26 43 4 37,9 17 1 5 16 11 49 39 21 23,1,1
logistic-l2-0.1,evaluation,2026,245,18,16 5 1 49 32 39 48 23 20 46 11 9 21 12 26 27 43 17 37 15,16 5 1 49 32 39 48 23 20 46,1,1
logistic-l2-0.1,evaluation,2026,246,30,16 1 9 18 5 17 49 21 39 26 48 32 11 12 27 20 46 37 43 23,16 1 9 18 5 17 49 21 39 26,1,1
logistic-l2-0.1,evaluation,2026,247,40,9 16 17 30 26 18 5 1 21 32 49 39 23 27 48 12 46 43 42 7,9 16 17 30 26 18 5 1 21 32,1,1
logistic-l2-0.1,evaluation,2026,248,20,17 16 40 9 18 1 21 5 49 32 30 27 23 39 26 48 20 7 42 46,17 16 40 9 18 1 21 5 49 32,0,1
logistic-l2-0.1,evaluation,2026,249,23,20 9 16 1 18 40 21 17 5 23 30 32 49 27 46 26 7 39 48 42,20 9 16 1 18 40 21 17 5 23,0,0
logistic-l2-0.1,evaluation,2026,250,14,23 20 9 16 18 40 21 49 1 32 30 27 17 5 46 39 26 48 7 42,23 20 9 16 18 40 21 49 1 32,1,1
logistic-l2-0.1,evaluation,2026,251,30,23 20 16 40 18 9 14 30 21 1 32 49 5 7 39 12 11 46 48 15,23 20 16 40 18 9 14 30 21 1,0,0
logistic-l2-0.1,evaluation,2026,252,22,30 23 16 20 9 32 18 14 40 21 1 5 26 39 17 49 7 42 41 15,30 23 16 20 9 32 18 14 40 21,1,1
logistic-l2-0.1,evaluation,2026,253,16,16 23 30 20 32 18 1 21 40 14 5 22 39 9 7 49 17 15 42 26,16 23 30 20 32 18 1 21 40 14,0,0
logistic-l2-0.1,evaluation,2026,254,2,16 30 23 20 14 40 18 22 1 9 17 32 46 21 5 49 39 7 42 27,16 30 23 20 14 40 18 22 1 9,1,1
logistic-l2-0.1,evaluation,2026,255,44,16 23 30 2 20 14 40 17 22 18 1 26 7 21 39 9 46 32 49 5,16 23 30 2 20 14 40 17 22 18,1,1
logistic-l2-0.1,evaluation,2026,256,1,16 23 30 44 14 20 2 17 40 22 21 9 1 26 7 18 32 46 49 39,16 23 30 44 14 20 2 17 40 22,0,1
logistic-l2-0.1,evaluation,2026,257,7,16 1 23 30 20 14 44 22 2 40 17 46 21 49 18 9 39 27 11 7,16 1 23 30 20 14 44 22 2 40,0,1
logistic-l2-0.1,evaluation,2026,258,46,7 16 20 23 30 1 2 44 14 22 18 21 32 17 49 9 5 40 42 12,7 16 20 23 30 1 2 44 14 22,1,1
logistic-l2-0.1,evaluation,2026,259,22,16 1 46 2 7 30 44 14 20 22 32 18 49 42 40 12 48 9 39 27,16 1 46 2 7 30 44 14 20 22,0,0
logistic-l2-0.1,evaluation,2026,260,20,16 22 1 2 20 32 7 18 44 14 46 42 40 23 12 48 21 5 25 31,16 22 1 2 20 32 7 18 44 14,0,0
logistic-l2-0.1,evaluation,2026,261,24,20 16 1 22 7 2 30 46 18 23 14 21 5 40 9 49 42 39 12 3,20 16 1 22 7 2 30 46 18 23,1,1
logistic-l2-0.1,evaluation,2026,262,30,20 24 22 16 1 7 44 2 32 30 23 5 49 18 21 14 39 40 46 9,20 24 22 16 1 7 44 2 32 30,0,0
logistic-l2-0.1,evaluation,2026,263,9,30 16 20 1 24 44 46 2 6 26 32 35 3 22 5 23 49 7 21 14,30 16 20 1 24 44 46 2 6 26,1,1
logistic-l2-0.1,evaluation,2026,264,21,9 20 1 30 7 22 16 46 32 6 36 18 47 24 44 33 2 48 23 26,9 20 1 30 7 22 16 46 32 6,1,1
logistic-l2-0.1,evaluation,2026,265,49,21 20 7 30 1 9 44 46 32 24 16 3 36 47 33 22 2 18 48 25,21 20 7 30 1 9 44 46 32 24,1,1
logistic-l2-0.1,evaluation,2026,266,8,49 20 24 21 7 1 9 22 30 3 32 33 47 46 2 16 36 6 48 43,49 20 24 21 7 1 9 22 30 3,1,1
knn-15,validation,2025,246,6,49 21 47 15 26 45 30 3 29 19 6 25 41 35 20 12 32 43 23 10,49 21 47 15 26 45 30 3 29 19,0,1
knn-15,validation,2025,247,25,49 21 47 15 26 45 30 3 29 19 25 41 35 38 20 12 32 43 23 10,49 21 47 15 26 45 30 3 29 19,0,1
knn-15,validation,2025,248,12,49 21 47 15 26 45 30 3 29 19 41 35 38 20 12 32 43 23 10 31,49 21 47 15 26 45 30 3 29 19,0,1
knn-15,validation,2025,249,2,49 21 47 15 26 45 30 3 29 19 41 35 38 20 32 43 23 10 31 16,49 21 47 15 26 45 30 3 29 19,1,1
knn-15,validation,2025,250,12,49 21 47 15 26 45 30 3 29 19 41 35 38 20 32 13 43 23 10 31,49 21 47 15 26 45 30 3 29 19,1,1
knn-15,validation,2025,251,35,49 21 47 42 15 26 45 30 3 29 19 41 35 38 20 32 13 43 23 10,49 21 47 42 15 26 45 30 3 29,0,1
knn-15,validation,2025,252,23,49 21 47 42 15 26 45 30 3 29 19 41 38 20 32 13 43 23 10 31,49 21 47 42 15 26 45 30 3 29,0,1
knn-15,validation,2025,253,33,49 21 47 42 15 26 45 30 3 29 19 41 38 20 32 13 43 10 31 16,49 21 47 42 15 26 45 30 3 29,1,1
knn-15,validation,2025,254,17,49 21 47 42 15 26 45 30 3 29 19 41 38 46 20 32 13 43 10 31,49 21 47 42 15 26 45 30 3 29,1,1
knn-15,validation,2025,255,42,49 21 47 42 15 26 45 30 3 29 19 4 41 38 46 20 32 13 43 10,49 21 47 42 15 26 45 30 3 29,0,0
knn-15,validation,2025,256,48,49 21 47 15 26 45 30 3 29 19 4 41 38 46 20 32 13 43 10 31,49 21 47 15 26 45 30 3 29 19,1,1
knn-15,validation,2025,257,28,49 21 47 15 26 45 30 3 29 19 4 41 38 46 20 32 13 43 10 31,49 21 47 15 26 45 30 3 29 19,1,1
knn-15,validation,2025,258,38,49 21 47 15 26 45 30 3 29 19 4 41 38 46 20 32 13 43 10 31,49 21 47 15 26 45 30 3 29 19,0,1
knn-15,validation,2025,259,47,49 21 47 15 26 45 30 3 29 19 4 41 46 8 20 32 13 43 10 31,49 21 47 15 26 45 30 3 29 19,0,0
knn-15,validation,2025,260,3,49 21 15 26 45 30 3 29 19 4 41 46 8 20 32 13 43 10 31 16,49 21 15 26 45 30 3 29 19 4,0,0
knn-15,validation,2025,261,33,49 21 15 26 45 30 29 19 4 41 46 8 20 32 13 43 10 31 16 44,49 21 15 26 45 30 29 19 4 41,1,1
knn-15,validation,2025,262,44,49 21 15 26 45 30 29 19 4 6 41 46 8 20 32 13 43 10 31 16,49 21 15 26 45 30 29 19 4 6,1,1
knn-15,validation,2025,263,38,49 21 15 26 45 30 29 19 4 6 41 46 8 20 32 13 43 10 31 16,49 21 15 26 45 30 29 19 4 6,1,1
knn-15,validation,2025,264,43,49 21 15 26 45 30 29 19 4 6 25 41 46 8 20 32 13 43 10 31,49 21 15 26 45 30 29 19 4 6,0,1
knn-15,validation,2025,265,10,49 21 15 26 45 30 29 19 4 6 25 41 46 8 20 32 13 2 10 31,49 21 15 26 45 30 29 19 4 6,0,1
knn-15,validation,2025,266,41,49 21 15 26 45 30 29 19 4 6 25 41 46 8 20 12 32 13 2 31,49 21 15 26 45 30 29 19 4 6,0,1
knn-15,validation,2025,267,29,49 21 15 26 45 30 29 19 4 6 25 35 46 8 20 12 32 13 2 31,49 21 15 26 45 30 29 19 4 6,0,0
knn-15,validation,2025,268,10,49 21 15 26 45 30 19 4 6 25 35 46 8 20 12 32 13 2 31 16,49 21 15 26 45 30 19 4 6 25,1,1
knn-15,validation,2025,269,31,49 21 15 26 45 30 19 4 6 25 35 46 8 20 12 32 13 2 23 31,49 21 15 26 45 30 19 4 6 25,0,1
knn-15,validation,2025,270,35,49 21 42 15 26 45 30 19 4 6 25 35 46 8 12 32 13 2 23 16,49 21 42 15 26 45 30 19 4 6,0,1
knn-15,validation,2025,271,6,49 21 42 15 26 45 30 19 4 6 25 46 8 12 32 13 2 23 16 48,49 21 42 15 26 45 30 19 4 6,0,0
knn-15,validation,2025,272,36,49 21 42 15 26 45 30 19 4 25 46 8 12 32 13 2 23 16 48 37,49 21 42 15 26 45 30 19 4 25,1,1
knn-15,validation,2025,273,4,49 21 42 15 26 45 30 19 4 25 46 8 20 12 32 13 2 23 16 48,49 21 42 15 26 45 30 19 4 25,0,0
knn-15,validation,2025,274,44,49 21 42 15 26 45 30 19 25 46 8 20 12 32 13 2 23 16 48 37,49 21 42 15 26 45 30 19 25 46,1,1
knn-15,validation,2025,275,45,49 21 47 42 15 26 45 30 19 25 46 8 20 12 32 13 2 23 16 48,49 21 47 42 15 26 45 30 19 25,0,0
knn-15,validation,2025,276,9,49 21 47 42 15 26 30 3 19 25 46 8 20 12 32 13 2 23 16 48,49 21 47 42 15 26 30 3 19 25,1,1
knn-15,validation,2025,277,16,49 21 47 42 15 26 30 3 19 25 46 8 20 12 32 13 2 23 16 48,49 21 47 42 15 26 30 3 19 25,0,1
knn-15,validation,2025,278,28,49 21 47 42 15 26 30 3 19 25 46 8 20 12 32 13 2 23 48 37,49 21 47 42 15 26 30 3 19 25,1,1
knn-15,validation,2025,279,27,49 21 47 42 15 26 30 3 19 25 38 46 8 20 12 32 13 2 23 48,49 21 47 42 15 26 30 3 19 25,1,1
knn-15,validation,2025,280,42,49 21 47 42 15 26 30 3 19 25 38 46 8 20 12 32 13 2 43 23,49 21 47 42 15 26 30 3 19 25,0,0
knn-15,validation,2025,281,47,49 21 47 15 26 30 3 19 25 38 46 8 20 12 32 13 2 43 23 48,49 21 47 15 26 30 3 19 25 38,0,0
knn-15,validation,2025,282,41,49 21 15 26 30 3 19 25 41 38 46 8 20 12 32 13 2 43 23 48,49 21 15 26 30 3 19 25 41 38,0,0
knn-15,validation,2025,283,45,49 21 15 26 30 3 29 19 25 38 46 8 20 12 32 13 2 43 23 48,49 21 15 26 30 3 29 19 25 38,1,1
knn-15,validation,2025,284,41,49 21 15 26 30 3 29 19 25 38 46 8 20 12 32 13 2 43 23 10,49 21 15 26 30 3 29 19 25 38,1,1
knn-15,validation,2025,285,24,49 21 15 26 30 3 29 19 6 25 38 46 8 20 12 32 13 2 43 23,49 21 15 26 30 3 29 19 6 25,1,1
knn-15,validation,2025,286,3,49 21 15 26 30 3 29 19 6 25 38 46 8 20 12 32 13 2 43 23,49 21 15 26 30 3 29 19 6 25,0,0
knn-15,validation,2025,287,34,49 21 15 26 30 29 19 6 25 38 46 8 20 12 32 13 2 43 23 10,49 21 15 26 30 29 19 6 25 38,1,1
knn-15,validation,2025,288,14,49 21 15 26 30 29 19 6 25 35 38 46 8 20 12 32 13 2 43 23,49 21 15 26 30 29 19 6 25 35,1,1
knn-15,validation,2025,289,42,49 21 15 26 30 29 19 4 6 25 35 38 46 8 20 12 32 13 2 43,49 21 15 26 30 29 19 4 6 25,1,1
knn-15,validation,2025,290,19,49 21 15 26 30 29 19 4 6 25 35 38 46 8 20 12 32 13 2 43,49 21 15 26 30 29 19 4 6 25,0,0
knn-15,validation,2025,291,44,49 21 15 26 30 29 4 6 25 35 38 46 8 20 12 32 13 2 43 23,49 21 15 26 30 29 4 6 25 35,1,1
knn-15,validation,2025,292,2,49 21 15 26 30 29 4 6 25 35 38 46 8 20 12 32 13 2 43 23,49 21 15 26 30 29 4 6 25 35,0,1
knn-15,validation,2025,293,47,49 21 15 26 30 29 4 6 25 35 38 46 8 20 12 32 13 43 23 10,49 21 15 26 30 29 4 6 25 35,1,1
knn-15,validation,2025,294,18,49 21 15 26 30 29 4 6 25 35 38 46 8 20 12 32 13 43 23 10,49 21 15 26 30 29 4 6 25 35,1,1
knn-15,validation,2025,295,5,49 21 15 26 30 29 4 6 25 35 38 46 8 20 12 32 13 43 23 10,49 21 15 26 30 29 4 6 25 35,1,1
knn-15,validation,2025,296,22,49 21 15 26 30 29 4 6 25 35 38 46 8 20 12 32 13 43 23 10,49 21 15 26 30 29 4 6 25 35,1,1
knn-15,validation,2025,297,44,49 21 15 26 30 29 4 6 25 35 38 46 8 20 12 32 13 43 23 10,49 21 15 26 30 29 4 6 25 35,1,1
knn-15,validation,2025,298,23,49 21 15 26 30 29 4 6 25 35 38 46 8 20 12 32 13 43 23 10,49 21 15 26 30 29 4 6 25 35,0,1
knn-15,validation,2025,299,49,49 21 15 26 45 30 29 4 6 25 35 38 46 8 20 12 32 13 43 10,49 21 15 26 45 30 29 4 6 25,0,0
knn-15,validation,2025,300,40,21 15 26 45 30 29 4 6 25 41 35 38 46 8 20 12 32 13 43 10,21 15 26 45 30 29 4 6 25 41,1,1
knn-15,validation,2025,301,5,21 15 26 45 30 3 29 4 6 25 41 35 38 46 8 20 12 32 13 43,21 15 26 45 30 3 29 4 6 25,1,1
knn-15,validation,2025,302,22,21 15 26 45 30 3 29 4 6 25 41 35 38 46 8 20 12 32 13 43,21 15 26 45 30 3 29 4 6 25,1,1
knn-15,validation,2025,303,15,21 15 26 45 30 3 29 4 6 25 41 35 38 46 8 20 12 32 13 43,21 15 26 45 30 3 29 4 6 25,0,0
knn-15,validation,2025,304,48,21 26 45 30 3 29 4 6 25 41 35 38 46 8 20 12 32 13 43 10,21 26 45 30 3 29 4 6 25 41,1,1
knn-15,validation,2025,305,42,21 42 26 45 30 3 29 4 6 25 41 35 38 46 8 20 12 32 13 43,21 42 26 45 30 3 29 4 6 25,0,0
knn-15,validation,2025,306,17,21 26 45 30 3 29 19 4 6 25 41 35 38 46 8 20 12 32 13 43,21 26 45 30 3 29 19 4 6 25,1,1
knn-15,validation,2025,307,20,21 26 45 30 3 29 19 4 6 25 41 35 38 46 8 20 12 32 13 43,21 26 45 30 3 29 19 4 6 25,0,1
knn-15,validation,2025,308,39,21 26 45 30 3 29 19 4 6 25 41 35 38 46 8 12 32 13 2 43,21 26 45 30 3 29 19 4 6 25,1,1
knn-15,validation,2025,309,6,21 47 26 45 30 3 29 19 4 6 25 41 35 38 46 8 12 32 13 2,21 47 26 45 30 3 29 19 4 6,0,0
knn-15,validation,2025,310,16,21 47 26 45 30 3 29 19 4 25 41 35 38 46 8 12 32 13 2 43,21 47 26 45 30 3 29 19 4 25,1,1
knn-15,validation,2025,311,37,21 47 26 45 30 3 29 19 4 25 41 35 38 46 8 12 32 13 2 43,21 47 26 45 30 3 29 19 4 25,1,1
knn-15,validation,2025,312,14,21 47 26 45 30 3 29 19 4 25 41 35 38 46 8 12 32 13 2 43,21 47 26 45 30 3 29 19 4 25,1,1
knn-15,validation,2025,313,38,21 47 26 45 30 3 29 19 4 25 41 35 38 46 8 12 32 13 2 43,21 47 26 45 30 3 29 19 4 25,0,1
knn-15,validation,2025,314,23,21 47 26 45 30 3 29 19 4 25 41 35 46 8 12 32 13 2 43 23,21 47 26 45 30 3 29 19 4 25,0,1
knn-15,validation,2025,315,4,49 21 47 26 45 30 3 29 19 4 25 41 35 46 8 12 32 13 2 43,49 21 47 26 45 30 3 29 19 4,0,0
knn-15,validation,2025,316,24,49 21 47 26 45 30 3 29 19 25 41 35 46 8 12 32 13 2 43 10,49 21 47 26 45 30 3 29 19 25,1,1
knn-15,validation,2025,317,18,49 21 47 26 45 30 3 29 19 25 41 35 46 8 12 32 13 2 43 10,49 21 47 26 45 30 3 29 19 25,1,1
knn-15,validation,2025,318,6,49 21 47 26 45 30 3 29 19 25 41 35 46 8 12 32 13 2 43 10,49 21 47 26 45 30 3 29 19 25,1,1
knn-15,validation,2025,319,45,49 21 47 26 45 30 3 29 19 25 41 35 46 8 12 32 13 2 43 10,49 21 47 26 45 30 3 29 19 25,0,0
knn-15,validation,2025,320,28,49 21 47 26 30 3 29 19 25 41 35 46 8 12 32 13 2 43 10 31,49 21 47 26 30 3 29 19 25 41,1,1
knn-15,validation,2025,321,23,49 21 47 42 26 30 3 29 19 25 41 35 46 8 12 32 13 2 43 10,49 21 47 42 26 30 3 29 19 25,1,1
knn-15,validation,2025,322,47,49 21 47 42 15 26 30 3 29 19 25 41 35 46 8 12 32 13 2 43,49 21 47 42 15 26 30 3 29 19,0,0
knn-15,validation,2025,323,9,49 21 42 15 26 30 3 29 19 25 41 35 46 8 20 12 32 13 2 43,49 21 42 15 26 30 3 29 19 25,1,1
knn-15,validation,2025,324,15,49 21 42 15 26 30 3 29 19 25 41 35 46 8 20 12 32 13 2 43,49 21 42 15 26 30 3 29 19 25,0,0
knn-15,validation,2025,325,4,49 21 42 26 30 3 29 19 25 41 35 46 8 20 12 32 13 2 43 10,49 21 42 26 30 3 29 19 25 41,1,1
knn-15,validation,2025,326,19,49 21 42 26 30 3 29 19 25 41 35 46 8 20 12 32 13 2 43 10,49 21 42 26 30 3 29 19 25 41,0,0
knn-15,validation,2025,327,37,49 21 42 26 30 3 29 25 41 35 46 8 20 12 32 13 2 43 10 31,49 21 42 26 30 3 29 25 41 35,1,1
knn-15,validation,2025,328,3,49 21 42 26 30 3 29 25 41 35 46 8 20 12 32 13 2 43 10 31,49 21 42 26 30 3 29 25 41 35,0,0
knn-15,validation,2025,329,17,49 21 42 26 30 29 25 41 35 38 46 8 20 12 32 13 2 43 10 31,49 21 42 26 30 29 25 41 35 38,1,1
knn-15,validation,2025,330,36,49 21 42 26 30 29 25 41 35 38 46 8 20 12 32 13 2 43 10 31,49 21 42 26 30 29 25 41 35 38,1,1
knn-15,validation,2025,331,26,49 21 42 26 30 29 25 41 35 38 46 8 20 12 32 13 2 43 10 31,49 21 42 26 30 29 25 41 35 38,0,0
knn-15,validation,2025,332,26,49 21 42 30 29 25 41 35 38 46 8 20 12 32 13 2 43 10 31 16,49 21 42 30 29 25 41 35 38 46,1,1
knn-15,validation,2025,333,6,49 21 42 30 29 25 41 35 38 46 8 20 12 32 13 2 43 10 31 16,49 21 42 30 29 25 41 35 38 46,1,1
knn-15,validation,2025,334,46,49 21 42 30 29 25 41 35 38 46 8 20 12 32 13 2 43 10 31 16,49 21 42 30 29 25 41 35 38 46,0,0
knn-15,validation,2025,335,44,49 21 42 45 30 29 25 41 35 38 8 20 12 32 13 2 43 10 31 16,49 21 42 45 30 29 25 41 35 38,1,1
knn-15,validation,2025,336,17,49 21 42 45 30 29 25 41 35 38 8 20 12 32 13 2 43 10 31 16,49 21 42 45 30 29 25 41 35 38,1,1
knn-15,validation,2025,337,9,49 21 42 45 30 29 25 41 35 38 8 20 12 32 13 2 43 23 10 31,49 21 42 45 30 29 25 41 35 38,1,1
knn-15,validation,2025,338,8,49 21 47 42 45 30 29 25 41 35 38 8 20 12 32 13 2 43 23 10,49 21 47 42 45 30 29 25 41 35,0,1
knn-15,validation,2025,339,48,49 21 47 42 45 30 29 25 41 35 38 20 12 32 13 2 43 23 10 31,49 21 47 42 45 30 29 25 41 35,1,1
knn-15,validation,2025,340,16,49 21 47 42 15 45 30 29 25 41 35 38 20 12 32 13 2 43 23 10,49 21 47 42 15 45 30 29 25 41,1,1
knn-15,validation,2025,341,6,49 21 47 42 15 45 30 29 4 25 41 35 38 20 12 32 13 2 43 23,49 21 47 42 15 45 30 29 4 25,1,1
knn-15,validation,2025,342,4,49 21 47 42 15 45 30 29 19 4 25 41 35 38 20 12 32 13 2 43,49 21 47 42 15 45 30 29 19 4,0,0
knn-15,validation,2025,343,38,49 21 47 42 15 45 30 3 29 19 25 41 35 38 20 12 32 13 2 43,49 21 47 42 15 45 30 3 29 19,0,1
knn-15,validation,2025,344,27,49 21 47 42 15 45 30 3 29 19 25 41 35 20 12 32 13 2 43 23,49 21 47 42 15 45 30 3 29 19,1,1
knn-15,validation,2025,345,24,49 21 47 42 15 45 30 3 29 19 25 41 35 20 12 32 13 2 43 23,49 21 47 42 15 45 30 3 29 19,1,1
knn-15,validation,2025,346,3,49 21 47 42 15 45 30 3 29 19 25 41 35 20 12 32 13 2 43 23,49 21 47 42 15 45 30 3 29 19,0,0
knn-15,validation,2025,347,13,49 21 47 42 15 45 30 29 19 25 41 35 20 12 32 13 2 43 23 10,49 21 47 42 15 45 30 29 19 25,0,1
knn-15,validation,2025,348,16,49 21 47 42 15 26 45 30 29 19 25 41 35 20 12 32 2 43 23 10,49 21 47 42 15 26 45 30 29 19,1,1
knn-15,validation,2025,349,22,49 21 47 42 15 26 45 30 29 19 25 41 35 20 12 32 2 43 23 10,49 21 47 42 15 26 45 30 29 19,1,1
knn-15,validation,2025,350,49,49 21 47 42 15 26 45 30 29 19 25 41 35 20 12 32 2 43 23 10,49 21 47 42 15 26 45 30 29 19,0,0
knn-15,validation,2025,351,4,21 47 42 15 26 45 30 29 19 25 41 35 46 20 12 32 2 43 23 10,21 47 42 15 26 45 30 29 19 25,1,1
knn-15,validation,2025,352,44,21 47 42 15 26 45 30 29 19 25 41 35 46 20 12 32 2 43 23 10,21 47 42 15 26 45 30 29 19 25,1,1
knn-15,validation,2025,353,1,21 47 42 15 26 45 30 29 19 25 41 35 46 20 12 32 2 43 23 10,21 47 42 15 26 45 30 29 19 25,1,1
knn-15,validation,2025,354,30,21 47 42 15 26 45 30 29 19 25 41 35 46 8 20 12 32 2 43 23,21 47 42 15 26 45 30 29 19 25,0,0
knn-15,validation,2025,355,8,21 47 42 15 26 45 29 19 25 41 35 46 8 20 12 32 2 43 23 10,21 47 42 15 26 45 29 19 25 41,0,1
knn-15,validation,2025,356,24,21 47 42 15 26 45 29 19 25 41 35 46 20 12 32 2 43 23 10 31,21 47 42 15 26 45 29 19 25 41,1,1
knn-15,validation,2025,357,49,21 47 42 15 26 45 29 19 6 25 41 35 46 20 12 32 2 43 23 10,21 47 42 15 26 45 29 19 6 25,1,1
knn-15,validation,2025,358,7,21 47 42 15 26 45 29 19 6 25 41 35 46 20 12 32 2 43 23 10,21 47 42 15 26 45 29 19 6 25,1,1
knn-15,validation,2025,359,11,21 47 42 15 26 45 29 19 6 25 41 35 38 46 20 12 32 2 43 23,21 47 42 15 26 45 29 19 6 25,1,1
knn-15,validation,2025,360,41,21 47 42 15 26 45 29 19 6 25 41 35 38 46 20 12 32 2 43 23,21 47 42 15 26 45 29 19 6 25,0,1
knn-15,validation,2025,361,24,21 47 42 15 26 45 29 19 6 25 35 38 46 20 12 32 2 43 23 10,21 47 42 15 26 45 29 19 6 25,1,1
knn-15,validation,2025,362,23,21 47 42 15 26 45 29 19 6 25 35 38 46 20 12 32 13 2 43 23,21 47 42 15 26 45 29 19 6 25,0,1
knn-15,validation,2025,363,26,21 47 42 15 26 45 29 19 6 25 35 38 46 20 12 32 13 2 43 10,21 47 42 15 26 45 29 19 6 25,0,0
knn-15,validation,2025,364,12,21 47 42 15 45 3 29 19 6 25 35 38 46 20 12 32 13 2 43 10,21 47 42 15 45 3 29 19 6 25,0,1
knn-15,validation,2025,365,26,21 47 42 15 45 3 29 19 6 25 35 38 46 20 32 13 2 43 10 31,21 47 42 15 45 3 29 19 6 25,1,1
knn-15,evaluation,2026,1,29,21 47 42 15 45 3 29 19 6 25 35 38 46 20 32 13 2 43 10 31,21 47 42 15 45 3 29 19 6 25,0,0
knn-15,evaluation,2026,2,22,21 47 42 15 45 3 19 4 6 25 35 38 46 20 32 13 2 43 10 31,21 47 42 15 45 3 19 4 6 25,1,1
knn-15,evaluation,2026,3,9,21 47 42 15 45 3 19 4 6 25 35 38 46 20 32 13 2 43 10 31,21 47 42 15 45 3 19 4 6 25,1,1
knn-15,evaluation,2026,4,45,21 47 42 15 45 3 19 4 6 25 35 38 46 20 32 13 2 43 10 31,21 47 42 15 45 3 19 4 6 25,0,0
knn-15,evaluation,2026,5,43,21 47 42 15 30 3 19 4 6 25 35 38 46 20 32 13 2 43 10 31,21 47 42 15 30 3 19 4 6 25,0,1
knn-15,evaluation,2026,6,13,21 47 42 15 30 3 19 4 6 25 35 38 46 20 32 13 2 10 31 16,21 47 42 15 30 3 19 4 6 25,0,1
knn-15,evaluation,2026,7,41,21 47 42 15 30 3 19 4 6 25 35 38 46 8 20 32 2 10 31 16,21 47 42 15 30 3 19 4 6 25,1,1
knn-15,evaluation,2026,8,21,49 21 47 42 15 30 3 19 4 6 25 35 38 46 8 20 32 2 10 31,49 21 47 42 15 30 3 19 4 6,0,0
knn-15,evaluation,2026,9,28,49 47 42 15 30 3 19 4 6 25 35 38 46 8 20 32 2 10 31 16,49 47 42 15 30 3 19 4 6 25,1,1
knn-15,evaluation,2026,10,27,49 47 42 15 30 3 19 4 6 25 35 38 46 8 20 32 2 10 31 16,49 47 42 15 30 3 19 4 6 25,1,1
knn-15,evaluation,2026,11,11,49 47 42 15 30 3 19 4 6 25 35 38 46 8 20 32 2 10 31 16,49 47 42 15 30 3 19 4 6 25,1,1
knn-15,evaluation,2026,12,11,49 47 42 15 30 3 19 4 6 25 35 38 46 8 20 32 2 10 31 16,49 47 42 15 30 3 19 4 6 25,1,1
knn-15,evaluation,2026,13,1,49 47 42 15 30 3 19 4 6 25 35 38 46 8 20 32 2 10 31 16,49 47 42 15 30 3 19 4 6 25,1,1
knn-15,evaluation,2026,14,26,49 47 42 15 30 3 19 4 6 25 35 38 46 8 20 32 2 23 10 31,49 47 42 15 30 3 19 4 6 25,1,1
knn-15,evaluation,2026,15,31,49 47 42 15 30 3 19 4 6 25 35 38 46 8 20 12 32 2 23 10,49 47 42 15 30 3 19 4 6 25,1,1
knn-15,evaluation,2026,16,6,49 47 42 15 30 3 19 4 6 25 35 38 46 8 20 12 32 2 23 10,49 47 42 15 30 3 19 4 6 25,0,0
knn-15,evaluation,2026,17,32,49 47 42 15 30 3 29 19 4 25 35 38 46 8 20 12 32 2 23 10,49 47 42 15 30 3 29 19 4 25,0,1
knn-15,evaluation,2026,18,39,49 47 42 15 30 3 29 19 4 25 35 38 46 8 20 12 2 23 10 16,49 47 42 15 30 3 29 19 4 25,1,1
knn-15,evaluation,2026,19,46,49 47 42 15 30 3 29 19 4 25 35 38 46 8 20 12 2 23 10 16,49 47 42 15 30 3 29 19 4 25,0,1
knn-15,evaluation,2026,20,12,49 47 42 15 45 30 3 29 19 4 25 35 38 8 20 12 2 23 10 16,49 47 42 15 45 30 3 29 19 4,0,1
knn-15,evaluation,2026,21,42,49 47 42 15 45 30 3 29 19 4 25 35 38 8 20 2 43 23 10 16,49 47 42 15 45 30 3 29 19 4,0,0
knn-15,evaluation,2026,22,18,49 47 15 45 30 3 29 19 4 25 41 35 38 8 20 2 43 23 10 16,49 47 15 45 30 3 29 19 4 25,1,1
knn-15,evaluation,2026,23,47,49 47 15 45 30 3 29 19 4 25 41 35 38 8 20 13 2 43 23 10,49 47 15 45 30 3 29 19 4 25,0,0
knn-15,evaluation,2026,24,28,49 21 15 45 30 3 29 19 4 25 41 35 38 8 20 13 2 43 23 10,49 21 15 45 30 3 29 19 4 25,1,1
knn-15,evaluation,2026,25,37,49 21 15 45 30 3 29 19 4 25 41 35 38 8 20 13 2 43 23 10,49 21 15 45 30 3 29 19 4 25,1,1
knn-15,evaluation,2026,26,19,49 21 15 45 30 3 29 19 4 25 41 35 38 8 20 13 2 43 23 10,49 21 15 45 30 3 29 19 4 25,0,0
knn-15,evaluation,2026,27,45,49 21 15 45 30 3 29 4 25 41 35 38 8 20 13 2 43 23 10 16,49 21 15 45 30 3 29 4 25 41,0,0
knn-15,evaluation,2026,28,3,49 21 15 30 3 29 4 25 41 35 38 8 20 13 2 43 23 10 16 44,49 21 15 30 3 29 4 25 41 35,0,0
knn-15,evaluation,2026,29,1,49 21 15 30 29 4 25 41 35 38 8 20 13 2 43 23 10 16 44 48,49 21 15 30 29 4 25 41 35 38,1,1
knn-15,evaluation,2026,30,41,49 21 15 26 30 29 4 25 41 35 38 8 20 13 2 43 23 10 16 44,49 21 15 26 30 29 4 25 41 35,0,0
knn-15,evaluation,2026,31,26,49 21 15 26 30 29 4 25 35 38 8 20 13 2 43 23 10 31 16 44,49 21 15 26 30 29 4 25 35 38,0,0
knn-15,evaluation,2026,32,6,49 21 15 30 29 4 6 25 35 38 8 20 13 2 43 23 10 31 16 44,49 21 15 30 29 4 6 25 35 38,0,0
knn-15,evaluation,2026,33,41,49 21 15 30 29 4 25 35 38 8 20 32 13 2 43 23 10 31 16 44,49 21 15 30 29 4 25 35 38 8,1,1
knn-15,evaluation,2026,34,19,49 21 15 30 29 4 25 35 38 46 8 20 32 13 2 43 23 10 31 16,49 21 15 30 29 4 25 35 38 46,1,1
knn-15,evaluation,2026,35,27,49 21 15 30 29 4 25 35 38 46 8 20 32 13 2 43 23 10 31 16,49 21 15 30 29 4 25 35 38 46,1,1
knn-15,evaluation,2026,36,1,49 21 15 30 29 4 25 35 38 46 8 20 12 32 13 2 43 23 10 31,49 21 15 30 29 4 25 35 38 46,1,1
knn-15,evaluation,2026,37,43,49 21 42 15 30 29 4 25 35 38 46 8 20 12 32 13 2 43 23 10,49 21 42 15 30 29 4 25 35 38,0,1
knn-15,evaluation,2026,38,42,49 21 42 15 30 29 4 25 35 38 46 8 20 12 32 13 2 23 10 31,49 21 42 15 30 29 4 25 35 38,0,0
knn-15,evaluation,2026,39,11,49 21 47 15 30 29 4 25 35 38 46 8 20 12 32 13 2 23 10 31,49 21 47 15 30 29 4 25 35 38,1,1
knn-15,evaluation,2026,40,28,49 21 47 15 30 29 4 25 35 38 46 8 20 12 32 13 2 23 10 31,49 21 47 15 30 29 4 25 35 38,1,1
knn-15,evaluation,2026,41,36,49 21 47 15 30 29 4 25 35 38 46 8 20 12 32 13 2 23 10 31,49 21 47 15 30 29 4 25 35 38,1,1
knn-15,evaluation,2026,42,16,49 21 47 15 30 29 4 25 35 38 46 8 20 12 32 13 2 23 10 31,49 21 47 15 30 29 4 25 35 38,1,1
knn-15,evaluation,2026,43,13,49 21 47 15 45 30 29 4 25 35 38 46 8 20 12 32 13 2 23 10,49 21 47 15 45 30 29 4 25 35,0,1
knn-15,evaluation,2026,44,19,49 21 47 15 45 30 3 29 4 25 35 38 46 8 20 12 32 2 23 10,49 21 47 15 45 30 3 29 4 25,1,1
knn-15,evaluation,2026,45,1,49 21 47 15 45 30 3 29 4 25 35 38 46 8 20 12 32 2 23 10,49 21 47 15 45 30 3 29 4 25,1,1
knn-15,evaluation,2026,46,3,49 21 47 15 45 30 3 29 4 25 35 38 46 8 20 12 32 2 23 10,49 21 47 15 45 30 3 29 4 25,0,0
knn-15,evaluation,2026,47,39,49 21 47 15 45 30 29 4 6 25 35 38 46 8 20 12 32 2 23 10,49 21 47 15 45 30 29 4 6 25,1,1
knn-15,evaluation,2026,48,24,49 21 47 15 26 45 30 29 4 6 25 35 38 46 8 20 12 32 2 23,49 21 47 15 26 45 30 29 4 6,1,1
knn-15,evaluation,2026,49,13,49 21 47 15 26 45 30 29 4 6 25 41 35 38 46 8 20 12 32 2,49 21 47 15 26 45 30 29 4 6,1,1
knn-15,evaluation,2026,50,23,49 21 47 15 26 45 30 29 4 6 25 41 35 38 46 8 20 12 32 2,49 21 47 15 26 45 30 29 4 6,1,1
knn-15,evaluation,2026,51,1,49 21 47 15 26 45 30 29 4 6 25 41 35 38 46 8 20 12 32 2,49 21 47 15 26 45 30 29 4 6,1,1
knn-15,evaluation,2026,52,38,49 21 47 15 26 45 30 29 4 6 25 41 35 38 46 8 20 12 32 2,49 21 47 15 26 45 30 29 4 6,0,1
knn-15,evaluation,2026,53,15,49 21 47 15 26 45 30 29 4 6 25 41 35 46 8 20 12 32 2 43,49 21 47 15 26 45 30 29 4 6,0,0
knn-15,evaluation,2026,54,48,49 21 47 26 45 30 29 4 6 25 41 35 46 8 20 12 32 2 43 10,49 21 47 26 45 30 29 4 6 25,1,1
knn-15,evaluation,2026,55,14,49 21 47 42 26 45 30 29 4 6 25 41 35 46 8 20 12 32 2 43,49 21 47 42 26 45 30 29 4 6,1,1
knn-15,evaluation,2026,56,48,49 21 47 42 26 45 30 29 4 6 25 41 35 46 8 20 12 32 2 43,49 21 47 42 26 45 30 29 4 6,1,1
knn-15,evaluation,2026,57,23,49 21 47 42 26 45 30 29 4 6 25 41 35 46 8 20 12 32 2 43,49 21 47 42 26 45 30 29 4 6,1,1
knn-15,evaluation,2026,58,31,49 21 47 42 26 45 30 29 4 6 25 41 35 46 8 20 12 32 2 43,49 21 47 42 26 45 30 29 4 6,1,1
knn-15,evaluation,2026,59,10,49 21 47 42 26 45 30 29 4 6 25 41 35 46 8 20 12 32 2 43,49 21 47 42 26 45 30 29 4 6,1,1
knn-15,evaluation,2026,60,9,49 21 47 42 26 45 30 29 19 4 6 25 41 35 46 8 20 12 32 2,49 21 47 42 26 45 30 29 19 4,1,1
knn-15,evaluation,2026,61,29,49 21 47 42 26 45 30 29 19 4 6 25 41 35 46 8 20 12 32 2,49 21 47 42 26 45 30 29 19 4,0,0
knn-15,evaluation,2026,62,24,49 21 47 42 26 45 30 19 4 6 25 41 35 46 8 20 12 32 2 43,49 21 47 42 26 45 30 19 4 6,1,1
knn-15,evaluation,2026,63,28,49 21 47 42 26 45 30 3 19 4 6 25 41 35 46 8 20 12 32 2,49 21 47 42 26 45 30 3 19 4,1,1
knn-15,evaluation,2026,64,18,49 21 47 42 26 45 30 3 19 4 6 25 41 35 46 8 20 12 32 2,49 21 47 42 26 45 30 3 19 4,1,1
knn-15,evaluation,2026,65,5,49 21 47 42 26 45 30 3 19 4 6 25 41 35 46 8 20 12 32 13,49 21 47 42 26 45 30 3 19 4,1,1
knn-15,evaluation,2026,66,37,49 21 47 42 26 45 30 3 19 4 6 25 41 35 46 8 20 12 32 13,49 21 47 42 26 45 30 3 19 4,1,1
knn-15,evaluation,2026,67,5,49 21 47 42 26 45 30 3 19 4 6 25 41 35 46 8 20 12 32 13,49 21 47 42 26 45 30 3 19 4,1,1
knn-15,evaluation,2026,68,23,49 21 47 42 26 45 30 3 19 4 6 25 41 35 38 46 8 20 12 32,49 21 47 42 26 45 30 3 19 4,1,1
knn-15,evaluation,2026,69,24,49 21 47 42 15 26 45 30 3 19 4 6 25 41 35 38 46 8 20 12,49 21 47 42 15 26 45 30 3 19,1,1
knn-15,evaluation,2026,70,25,49 21 47 42 15 26 45 30 3 19 4 6 25 41 35 38 46 8 20 12,49 21 47 42 15 26 45 30 3 19,0,1
knn-15,evaluation,2026,71,48,49 21 47 42 15 26 45 30 3 19 4 6 41 35 38 46 8 20 12 32,49 21 47 42 15 26 45 30 3 19,1,1
knn-15,evaluation,2026,72,46,49 21 47 42 15 26 45 30 3 19 4 6 41 35 38 46 8 20 12 32,49 21 47 42 15 26 45 30 3 19,0,1
knn-15,evaluation,2026,73,34,49 21 47 42 15 26 45 30 3 19 4 6 41 35 38 8 20 12 32 13,49 21 47 42 15 26 45 30 3 19,1,1
knn-15,evaluation,2026,74,10,49 21 47 42 15 26 45 30 3 19 4 6 41 35 38 8 20 12 32 13,49 21 47 42 15 26 45 30 3 19,1,1
knn-15,evaluation,2026,75,33,49 21 47 42 15 26 45 30 3 19 4 6 41 35 38 8 20 12 32 13,49 21 47 42 15 26 45 30 3 19,1,1
knn-15,evaluation,2026,76,2,49 21 47 42 15 26 45 30 3 19 4 6 41 35 38 8 20 12 32 13,49 21 47 42 15 26 45 30 3 19,1,1
knn-15,evaluation,2026,77,29,49 21 47 42 15 26 45 30 3 29 19 4 6 41 35 38 8 20 12 32,49 21 47 42 15 26 45 30 3 29,0,0
knn-15,evaluation,2026,78,46,49 21 47 42 15 26 45 30 3 19 4 6 41 35 38 8 20 12 32 13,49 21 47 42 15 26 45 30 3 19,1,1
knn-15,evaluation,2026,79,35,49 21 47 42 15 26 45 30 3 19 4 6 41 35 38 8 20 12 32 13,49 21 47 42 15 26 45 30 3 19,0,1
knn-15,evaluation,2026,80,3,49 21 47 42 15 26 45 30 3 19 4 6 41 38 8 20 12 32 13 43,49 21 47 42 15 26 45 30 3 19,0,0
knn-15,evaluation,2026,81,17,49 21 47 42 15 26 45 30 19 4 6 41 38 8 20 12 32 13 43 31,49 21 47 42 15 26 45 30 19 4,1,1
knn-15,evaluation,2026,82,27,49 21 47 42 15 26 45 30 19 4 6 41 38 8 20 12 32 13 43 31,49 21 47 42 15 26 45 30 19 4,1,1
knn-15,evaluation,2026,83,5,49 21 47 42 15 26 45 30 19 4 6 41 38 8 20 12 32 13 43 31,49 21 47 42 15 26 45 30 19 4,1,1
knn-15,evaluation,2026,84,16,49 21 47 42 15 26 45 30 19 4 6 41 38 8 20 12 32 13 43 23,49 21 47 42 15 26 45 30 19 4,1,1
knn-15,evaluation,2026,85,19,49 21 47 42 15 26 45 30 19 4 6 41 38 8 20 12 32 13 43 23,49 21 47 42 15 26 45 30 19 4,0,0
knn-15,evaluation,2026,86,12,49 21 47 42 15 26 45 30 4 6 25 41 38 8 20 12 32 13 43 23,49 21 47 42 15 26 45 30 4 6,0,1
knn-15,evaluation,2026,87,26,49 21 47 42 15 26 45 30 4 6 25 41 38 8 20 32 13 43 23 31,49 21 47 42 15 26 45 30 4 6,0,0
knn-15,evaluation,2026,88,27,49 21 47 42 15 45 30 4 6 25 41 38 8 20 32 13 43 23 31 44,49 21 47 42 15 45 30 4 6 25,1,1
knn-15,evaluation,2026,89,49,49 21 47 42 15 45 30 4 6 25 41 38 8 20 32 13 43 23 31 44,49 21 47 42 15 45 30 4 6 25,0,0
knn-15,evaluation,2026,90,36,21 47 42 15 45 30 4 6 25 41 38 8 20 32 13 43 23 31 44 48,21 47 42 15 45 30 4 6 25 41,1,1
knn-15,evaluation,2026,91,37,21 47 42 15 45 30 4 6 25 41 38 8 20 32 13 43 23 10 31 44,21 47 42 15 45 30 4 6 25 41,1,1
knn-15,evaluation,2026,92,6,21 47 42 15 45 30 4 6 25 41 38 8 20 32 13 2 43 23 10 31,21 47 42 15 45 30 4 6 25 41,0,0
knn-15,evaluation,2026,93,40,21 47 42 15 45 30 29 4 25 41 38 8 20 32 13 2 43 23 10 31,21 47 42 15 45 30 29 4 25 41,1,1
knn-15,evaluation,2026,94,17,21 47 42 15 45 30 29 4 25 41 38 46 8 20 32 13 2 43 23 10,21 47 42 15 45 30 29 4 25 41,1,1
knn-15,evaluation,2026,95,35,21 47 42 15 45 30 29 4 25 41 35 38 46 8 20 32 13 2 43 23,21 47 42 15 45 30 29 4 25 41,0,1
knn-15,evaluation,2026,96,43,21 47 42 15 45 30 3 29 4 25 41 38 46 8 20 32 13 2 43 23,21 47 42 15 45 30 3 29 4 25,0,1
knn-15,evaluation,2026,97,11,21 47 42 15 45 30 3 29 4 25 41 38 46 8 20 32 13 2 23 10,21 47 42 15 45 30 3 29 4 25,1,1
knn-15,evaluation,2026,98,17,21 47 42 15 45 30 3 29 4 25 41 38 46 8 20 32 13 2 23 10,21 47 42 15 45 30 3 29 4 25,1,1
knn-15,evaluation,2026,99,12,21 47 42 15 45 30 3 29 4 25 41 38 46 8 20 32 13 2 23 10,21 47 42 15 45 30 3 29 4 25,1,1
knn-15,evaluation,2026,100,33,21 47 42 15 45 30 3 29 4 25 41 38 46 8 20 32 13 2 23 10,21 47 42 15 45 30 3 29 4 25,1,1
knn-15,evaluation,2026,101,39,21 47 42 15 45 30 3 29 19 4 25 41 38 46 8 20 32 13 2 23,21 47 42 15 45 30 3 29 19 4,1,1
knn-15,evaluation,2026,102,20,21 47 42 15 45 30 3 29 19 4 25 41 38 46 8 20 32 13 2 23,21 47 42 15 45 30 3 29 19 4,0,1
knn-15,evaluation,2026,103,6,21 47 42 15 26 45 30 3 29 19 4 25 41 38 46 8 32 13 2 23,21 47 42 15 26 45 30 3 29 19,1,1
knn-15,evaluation,2026,104,1,21 47 42 15 26 45 30 3 29 19 4 25 41 38 46 8 32 13 2 23,21 47 42 15 26 45 30 3 29 19,1,1
knn-15,evaluation,2026,105,28,49 21 47 42 15 26 45 30 3 29 19 4 25 41 38 46 8 32 13 2,49 21 47 42 15 26 45 30 3 29,1,1
knn-15,evaluation,2026,106,22,49 21 47 42 15 26 45 30 3 29 19 4 25 41 38 46 8 32 13 2,49 21 47 42 15 26 45 30 3 29,1,1
knn-15,evaluation,2026,107,49,49 21 47 42 15 26 45 30 3 29 19 4 25 41 38 46 8 32 13 2,49 21 47 42 15 26 45 30 3 29,0,0
knn-15,evaluation,2026,108,45,21 47 42 15 26 45 30 3 29 19 4 25 41 38 46 8 32 13 2 23,21 47 42 15 26 45 30 3 29 19,0,0
knn-15,evaluation,2026,109,16,21 47 42 15 26 30 3 29 19 4 25 41 38 46 8 32 13 2 23 10,21 47 42 15 26 30 3 29 19 4,1,1
knn-15,evaluation,2026,110,30,21 47 42 15 26 30 3 29 19 4 25 41 38 46 8 32 13 2 23 10,21 47 42 15 26 30 3 29 19 4,0,0
knn-15,evaluation,2026,111,1,21 47 42 15 26 3 29 19 4 25 41 35 38 46 8 32 13 2 23 10,21 47 42 15 26 3 29 19 4 25,1,1
knn-15,evaluation,2026,112,9,21 47 42 15 26 3 29 19 4 25 41 35 38 46 8 32 13 2 43 23,21 47 42 15 26 3 29 19 4 25,1,1
knn-15,evaluation,2026,113,2,21 47 42 15 26 3 29 19 4 25 41 35 38 46 8 32 13 2 43 23,21 47 42 15 26 3 29 19 4 25,0,1
knn-15,evaluation,2026,114,30,21 47 42 15 26 3 29 19 4 25 41 35 38 46 8 32 13 43 23 10,21 47 42 15 26 3 29 19 4 25,1,1
knn-15,evaluation,2026,115,4,21 47 42 15 26 3 29 19 4 25 41 35 38 46 8 12 32 13 43 23,21 47 42 15 26 3 29 19 4 25,0,0
knn-15,evaluation,2026,116,22,21 47 42 15 26 3 29 19 25 41 35 38 46 8 12 32 13 43 23 10,21 47 42 15 26 3 29 19 25 41,1,1
knn-15,evaluation,2026,117,16,21 47 42 15 26 3 29 19 25 41 35 38 46 8 12 32 13 43 23 10,21 47 42 15 26 3 29 19 25 41,1,1
knn-15,evaluation,2026,118,8,21 47 42 15 26 3 29 19 25 41 35 38 46 8 20 12 32 13 43 23,21 47 42 15 26 3 29 19 25 41,0,1
knn-15,evaluation,2026,119,11,21 47 42 15 26 3 29 19 6 25 41 35 38 46 20 12 32 13 43 23,21 47 42 15 26 3 29 19 6 25,1,1
knn-15,evaluation,2026,120,6,21 47 42 15 26 3 29 19 6 25 41 35 38 46 20 12 32 13 43 23,21 47 42 15 26 3 29 19 6 25,0,0
knn-15,evaluation,2026,121,44,21 47 42 15 26 3 29 19 25 41 35 38 46 20 12 32 13 43 23 10,21 47 42 15 26 3 29 19 25 41,1,1
knn-15,evaluation,2026,122,1,21 47 42 15 26 3 29 19 25 41 35 38 46 20 12 32 13 43 23 10,21 47 42 15 26 3 29 19 25 41,1,1
knn-15,evaluation,2026,123,46,49 21 47 42 15 26 3 29 19 25 41 35 38 46 20 12 32 13 43 23,49 21 47 42 15 26 3 29 19 25,0,1
knn-15,evaluation,2026,124,39,49 21 47 42 15 26 45 3 29 19 25 41 35 38 20 12 32 13 43 23,49 21 47 42 15 26 45 3 29 19,1,1
knn-15,evaluation,2026,125,31,49 21 47 42 15 26 45 3 29 19 25 41 35 38 20 12 32 13 43 23,49 21 47 42 15 26 45 3 29 19,1,1
knn-15,evaluation,2026,126,49,49 21 47 42 15 26 45 3 29 19 25 41 35 38 20 12 32 13 43 23,49 21 47 42 15 26 45 3 29 19,0,0
knn-15,evaluation,2026,127,45,21 47 42 15 26 45 3 29 19 25 41 35 38 20 12 32 13 43 23 10,21 47 42 15 26 45 3 29 19 25,0,0
knn-15,evaluation,2026,128,37,21 47 42 15 26 3 29 19 25 41 35 38 20 12 32 13 43 23 10 48,21 47 42 15 26 3 29 19 25 41,1,1
knn-15,evaluation,2026,129,41,21 47 42 15 26 3 29 19 25 41 35 38 20 12 32 13 2 43 23 10,21 47 42 15 26 3 29 19 25 41,0,0
knn-15,evaluation,2026,130,29,21 47 42 15 26 30 3 29 19 25 35 38 20 12 32 13 2 43 23 10,21 47 42 15 26 30 3 29 19 25,0,0
knn-15,evaluation,2026,131,7,21 47 42 15 26 30 3 19 4 25 35 38 20 12 32 13 2 43 23 10,21 47 42 15 26 30 3 19 4 25,1,1
knn-15,evaluation,2026,132,30,21 47 42 15 26 30 3 19 4 25 35 38 20 12 32 13 2 43 23 10,21 47 42 15 26 30 3 19 4 25,0,0
knn-15,evaluation,2026,133,7,21 47 42 15 26 3 19 4 25 35 38 20 12 32 13 2 43 23 10 16,21 47 42 15 26 3 19 4 25 35,1,1
knn-15,evaluation,2026,134,37,21 47 42 15 26 3 19 4 25 35 38 8 20 12 32 13 2 43 23 10,21 47 42 15 26 3 19 4 25 35,1,1
knn-15,evaluation,2026,135,30,21 47 42 15 26 3 19 4 25 35 38 8 20 12 32 13 2 43 23 10,21 47 42 15 26 3 19 4 25 35,1,1
knn-15,evaluation,2026,136,48,21 47 42 15 26 3 19 4 6 25 35 38 8 20 12 32 13 2 43 23,21 47 42 15 26 3 19 4 6 25,1,1
knn-15,evaluation,2026,137,26,21 47 42 15 26 3 19 4 6 25 35 38 8 20 12 32 13 2 43 23,21 47 42 15 26 3 19 4 6 25,0,0
knn-15,evaluation,2026,138,49,21 47 42 15 3 19 4 6 25 35 38 8 20 12 32 13 2 43 23 10,21 47 42 15 3 19 4 6 25 35,1,1
knn-15,evaluation,2026,139,24,21 47 42 15 3 19 4 6 25 35 38 46 8 20 12 32 13 2 43 23,21 47 42 15 3 19 4 6 25 35,1,1
knn-15,evaluation,2026,140,16,21 47 42 15 3 19 4 6 25 35 38 46 8 20 12 32 13 2 43 23,21 47 42 15 3 19 4 6 25 35,1,1
knn-15,evaluation,2026,141,33,21 47 42 15 3 19 4 6 25 35 38 46 8 20 12 32 13 2 43 23,21 47 42 15 3 19 4 6 25 35,1,1
knn-15,evaluation,2026,142,23,21 47 42 15 3 19 4 6 25 35 38 46 8 20 12 32 13 2 43 23,21 47 42 15 3 19 4 6 25 35,0,1
knn-15,evaluation,2026,143,44,21 47 42 15 3 19 4 6 25 35 38 46 8 20 12 32 13 2 43 10,21 47 42 15 3 19 4 6 25 35,1,1
knn-15,evaluation,2026,144,43,21 47 42 15 45 3 19 4 6 25 35 38 46 8 20 12 32 13 2 43,21 47 42 15 45 3 19 4 6 25,0,1
knn-15,evaluation,2026,145,5,21 47 42 15 45 3 19 4 6 25 41 35 38 46 8 20 12 32 13 2,21 47 42 15 45 3 19 4 6 25,1,1
knn-15,evaluation,2026,146,42,21 47 42 15 45 3 29 19 4 6 25 41 35 38 46 8 20 12 32 13,21 47 42 15 45 3 29 19 4 6,0,0
knn-15,evaluation,2026,147,13,21 47 15 45 3 29 19 4 6 25 41 35 38 46 8 20 12 32 13 2,21 47 15 45 3 29 19 4 6 25,0,1
knn-15,evaluation,2026,148,48,21 47 15 45 3 29 19 4 6 25 41 35 38 46 8 20 12 32 2 10,21 47 15 45 3 29 19 4 6 25,1,1
knn-15,evaluation,2026,149,27,21 47 15 45 3 29 19 4 6 25 41 35 38 46 8 20 12 32 2 10,21 47 15 45 3 29 19 4 6 25,1,1
knn-15,evaluation,2026,150,9,21 47 15 45 3 29 19 4 6 25 41 35 38 46 8 20 12 32 2 10,21 47 15 45 3 29 19 4 6 25,1,1
knn-15,evaluation,2026,151,31,21 47 15 45 30 3 29 19 4 6 25 41 35 38 46 8 20 12 32 2,21 47 15 45 30 3 29 19 4 6,1,1
knn-15,evaluation,2026,152,45,21 47 15 45 30 3 29 19 4 6 25 41 35 38 46 8 20 12 32 2,21 47 15 45 30 3 29 19 4 6,0,0
knn-15,evaluation,2026,153,41,21 47 15 30 3 29 19 4 6 25 41 35 38 46 8 20 12 32 2 10,21 47 15 30 3 29 19 4 6 25,0,1
knn-15,evaluation,2026,154,41,49 21 47 15 30 3 29 19 4 6 25 35 38 46 8 20 12 32 2 10,49 21 47 15 30 3 29 19 4 6,1,1
knn-15,evaluation,2026,155,7,49 21 47 15 26 30 3 29 19 4 6 25 35 38 46 8 20 12 32 2,49 21 47 15 26 30 3 29 19 4,1,1
knn-15,evaluation,2026,156,1,49 21 47 15 26 30 3 29 19 4 6 25 35 38 46 8 20 12 32 2,49 21 47 15 26 30 3 29 19 4,1,1
knn-15,evaluation,2026,157,40,49 21 47 15 26 30 3 29 19 4 6 25 35 38 46 8 20 12 32 2,49 21 47 15 26 30 3 29 19 4,1,1
knn-15,evaluation,2026,158,16,49 21 47 15 26 30 3 29 19 4 6 25 35 38 46 8 20 12 32 2,49 21 47 15 26 30 3 29 19 4,1,1
knn-15,evaluation,2026,159,39,49 21 47 15 26 30 3 29 19 4 6 25 35 38 46 8 20 12 32 2,49 21 47 15 26 30 3 29 19 4,1,1
knn-15,evaluation,2026,160,2,49 21 47 15 26 30 3 29 19 4 6 25 35 38 46 8 20 12 32 2,49 21 47 15 26 30 3 29 19 4,0,1
knn-15,evaluation,2026,161,8,49 21 47 15 26 30 3 29 19 4 6 25 35 38 46 8 20 12 32 43,49 21 47 15 26 30 3 29 19 4,0,1
knn-15,evaluation,2026,162,32,49 21 47 42 15 26 30 3 29 19 4 6 25 35 38 46 20 12 32 43,49 21 47 42 15 26 30 3 29 19,0,1
knn-15,evaluation,2026,163,37,49 21 47 42 15 26 30 3 29 19 4 6 25 35 38 46 20 12 13 43,49 21 47 42 15 26 30 3 29 19,1,1
knn-15,evaluation,2026,164,21,49 21 47 42 15 26 30 3 29 19 4 6 25 35 38 46 20 12 13 43,49 21 47 42 15 26 30 3 29 19,0,0
knn-15,evaluation,2026,165,3,49 47 42 15 26 30 3 29 19 4 6 25 35 38 46 20 12 13 43 23,49 47 42 15 26 30 3 29 19 4,0,0
knn-15,evaluation,2026,166,6,49 47 42 15 26 30 29 19 4 6 25 35 38 46 20 12 13 43 23 10,49 47 42 15 26 30 29 19 4 6,0,0
knn-15,evaluation,2026,167,19,49 47 42 15 26 30 29 19 4 25 35 38 46 20 12 13 43 23 10 31,49 47 42 15 26 30 29 19 4 25,0,0
knn-15,evaluation,2026,168,15,49 47 42 15 26 30 29 4 25 35 38 46 20 12 13 43 23 10 31 44,49 47 42 15 26 30 29 4 25 35,0,0
knn-15,evaluation,2026,169,24,49 47 42 26 45 30 29 4 25 35 38 46 20 12 13 43 23 10 31 44,49 47 42 26 45 30 29 4 25 35,1,1
knn-15,evaluation,2026,170,3,49 47 42 26 45 30 29 4 25 41 35 38 46 20 12 13 43 23 10 31,49 47 42 26 45 30 29 4 25 41,1,1
knn-15,evaluation,2026,171,28,49 47 42 26 45 30 29 4 25 41 35 38 46 20 12 13 43 23 10 31,49 47 42 26 45 30 29 4 25 41,1,1
knn-15,evaluation,2026,172,44,49 47 42 26 45 30 29 4 25 41 35 38 46 20 12 13 43 23 10 31,49 47 42 26 45 30 29 4 25 41,1,1
knn-15,evaluation,2026,173,26,49 47 42 26 45 30 29 4 25 41 35 38 46 20 12 13 43 23 10 31,49 47 42 26 45 30 29 4 25 41,0,0
knn-15,evaluation,2026,174,41,49 47 42 45 30 29 4 25 41 35 38 46 20 12 13 43 23 10 31 16,49 47 42 45 30 29 4 25 41 35,0,0
knn-15,evaluation,2026,175,26,49 47 42 45 30 29 4 25 35 38 46 20 12 13 2 43 23 10 31 16,49 47 42 45 30 29 4 25 35 38,1,1
knn-15,evaluation,2026,176,10,49 47 42 45 30 29 4 25 35 38 46 20 12 13 2 43 23 10 31 16,49 47 42 45 30 29 4 25 35 38,0,1
knn-15,evaluation,2026,177,14,49 47 42 45 30 29 4 25 35 38 46 8 20 12 13 2 43 23 31 16,49 47 42 45 30 29 4 25 35 38,1,1
knn-15,evaluation,2026,178,18,49 47 42 45 30 29 4 25 35 38 46 8 20 12 32 13 2 43 23 31,49 47 42 45 30 29 4 25 35 38,1,1
knn-15,evaluation,2026,179,15,49 47 42 45 30 29 4 25 35 38 46 8 20 12 32 13 2 43 23 31,49 47 42 45 30 29 4 25 35 38,1,1
knn-15,evaluation,2026,180,21,49 21 47 42 45 30 29 4 25 35 38 46 8 20 12 32 13 2 43 23,49 21 47 42 45 30 29 4 25 35,0,0
knn-15,evaluation,2026,181,19,49 47 42 45 30 29 4 25 35 38 46 8 20 12 32 13 2 43 23 31,49 47 42 45 30 29 4 25 35 38,1,1
knn-15,evaluation,2026,182,41,49 47 42 45 30 29 4 6 25 35 38 46 8 20 12 32 13 2 43 23,49 47 42 45 30 29 4 6 25 35,1,1
knn-15,evaluation,2026,183,24,49 47 42 45 30 29 4 6 25 35 38 46 8 20 12 32 13 2 43 23,49 47 42 45 30 29 4 6 25 35,1,1
knn-15,evaluation,2026,184,1,49 47 42 45 30 29 4 6 25 35 38 46 8 20 12 32 13 2 43 23,49 47 42 45 30 29 4 6 25 35,1,1
knn-15,evaluation,2026,185,36,49 47 42 45 30 29 4 6 25 35 38 46 8 20 12 32 13 2 43 23,49 47 42 45 30 29 4 6 25 35,1,1
knn-15,evaluation,2026,186,23,49 47 42 45 30 3 29 4 6 25 35 38 46 8 20 12 32 13 2 43,49 47 42 45 30 3 29 4 6 25,1,1
knn-15,evaluation,2026,187,1,49 47 42 45 30 3 29 4 6 25 35 38 46 8 20 12 32 13 2 43,49 47 42 45 30 3 29 4 6 25,1,1
knn-15,evaluation,2026,188,16,49 47 42 45 30 3 29 4 6 25 35 38 46 8 20 12 32 13 2 43,49 47 42 45 30 3 29 4 6 25,1,1
knn-15,evaluation,2026,189,15,49 47 42 45 30 3 29 4 6 25 35 38 46 8 20 12 32 13 2 43,49 47 42 45 30 3 29 4 6 25,1,1
knn-15,evaluation,2026,190,16,49 47 42 45 30 3 29 4 6 25 35 38 46 8 20 12 32 13 2 43,49 47 42 45 30 3 29 4 6 25,1,1
knn-15,evaluation,2026,191,29,49 47 42 26 45 30 3 29 4 6 25 35 38 46 8 20 12 32 13 2,49 47 42 26 45 30 3 29 4 6,0,0
knn-15,evaluation,2026,192,25,49 47 42 26 45 30 3 4 6 25 35 38 46 8 20 12 32 13 2 43,49 47 42 26 45 30 3 4 6 25,0,0
knn-15,evaluation,2026,193,9,49 47 42 26 45 30 3 4 6 35 38 46 8 20 12 32 13 2 43 10,49 47 42 26 45 30 3 4 6 35,1,1
knn-15,evaluation,2026,194,26,49 47 42 26 45 30 3 4 6 35 38 46 8 20 12 32 13 2 43 10,49 47 42 26 45 30 3 4 6 35,0,0
knn-15,evaluation,2026,195,25,49 47 42 45 30 3 4 6 35 38 46 8 20 12 32 13 2 43 10 31,49 47 42 45 30 3 4 6 35 38,1,1
knn-15,evaluation,2026,196,39,49 47 42 45 30 3 19 4 6 35 38 46 8 20 12 32 13 2 43 10,49 47 42 45 30 3 19 4 6 35,1,1
knn-15,evaluation,2026,197,8,49 21 47 42 45 30 3 19 4 6 35 38 46 8 20 12 32 13 2 43,49 21 47 42 45 30 3 19 4 6,0,1
knn-15,evaluation,2026,198,7,49 21 47 42 45 30 3 19 4 6 41 35 38 46 20 12 32 13 2 43,49 21 47 42 45 30 3 19 4 6,1,1
knn-15,evaluation,2026,199,36,49 21 47 42 45 30 3 19 4 6 41 35 38 46 20 12 32 13 2 43,49 21 47 42 45 30 3 19 4 6,1,1
knn-15,evaluation,2026,200,39,49 21 47 42 45 30 3 19 4 6 41 35 38 46 20 12 32 13 2 43,49 21 47 42 45 30 3 19 4 6,1,1
knn-15,evaluation,2026,201,32,49 21 47 42 45 30 3 19 4 6 41 35 38 46 20 12 32 13 2 43,49 21 47 42 45 30 3 19 4 6,0,1
knn-15,evaluation,2026,202,40,49 21 47 42 45 30 3 19 4 6 41 35 38 46 20 12 13 2 43 23,49 21 47 42 45 30 3 19 4 6,1,1
knn-15,evaluation,2026,203,25,49 21 47 42 45 30 3 19 4 6 41 35 38 46 20 12 13 2 43 23,49 21 47 42 45 30 3 19 4 6,1,1
knn-15,evaluation,2026,204,5,49 21 47 42 45 30 3 19 4 6 41 35 38 46 20 12 13 2 43 23,49 21 47 42 45 30 3 19 4 6,1,1
knn-15,evaluation,2026,205,3,49 21 47 42 45 30 3 19 4 6 41 35 38 46 20 12 13 2 43 23,49 21 47 42 45 30 3 19 4 6,0,0
knn-15,evaluation,2026,206,47,49 21 47 42 15 45 30 19 4 6 41 35 38 46 20 12 13 2 43 23,49 21 47 42 15 45 30 19 4 6,0,0
knn-15,evaluation,2026,207,31,49 21 42 15 45 30 29 19 4 6 41 35 38 46 20 12 13 2 43 23,49 21 42 15 45 30 29 19 4 6,1,1
knn-15,evaluation,2026,208,19,49 21 42 15 45 30 29 19 4 6 41 35 38 46 20 12 13 2 43 23,49 21 42 15 45 30 29 19 4 6,0,0
knn-15,evaluation,2026,209,8,49 21 42 15 45 30 29 4 6 41 35 38 46 20 12 13 2 43 23 10,49 21 42 15 45 30 29 4 6 41,1,1
knn-15,evaluation,2026,210,49,49 21 42 15 45 30 29 4 6 41 35 38 46 20 12 13 2 43 23 10,49 21 42 15 45 30 29 4 6 41,0,0
knn-15,evaluation,2026,211,1,21 42 15 26 45 30 29 4 6 41 35 38 46 20 12 13 2 43 23 10,21 42 15 26 45 30 29 4 6 41,1,1
knn-15,evaluation,2026,212,6,21 42 15 26 45 30 29 4 6 41 35 38 46 20 12 13 2 43 23 10,21 42 15 26 45 30 29 4 6 41,0,0
knn-15,evaluation,2026,213,35,21 42 15 26 45 30 29 4 41 35 38 46 20 12 13 2 43 23 10 16,21 42 15 26 45 30 29 4 41 35,0,0
knn-15,evaluation,2026,214,4,21 42 15 26 45 30 29 4 41 38 46 20 12 13 2 43 23 10 16 44,21 42 15 26 45 30 29 4 41 38,0,0
knn-15,evaluation,2026,215,14,21 42 15 26 45 30 29 41 38 46 20 12 13 2 43 23 10 16 44 48,21 42 15 26 45 30 29 41 38 46,1,1
knn-15,evaluation,2026,216,37,21 42 15 26 45 30 29 41 38 46 20 12 13 2 43 23 10 16 44 48,21 42 15 26 45 30 29 41 38 46,1,1
knn-15,evaluation,2026,217,26,21 42 15 26 45 30 29 41 38 46 20 12 32 13 2 43 23 10 16 44,21 42 15 26 45 30 29 41 38 46,0,0
knn-15,evaluation,2026,218,17,21 42 15 45 30 29 41 38 46 20 12 32 13 2 43 23 10 16 44 48,21 42 15 45 30 29 41 38 46 20,1,1
knn-15,evaluation,2026,219,43,21 42 15 45 30 29 25 41 38 46 20 12 32 13 2 43 23 10 16 44,21 42 15 45 30 29 25 41 38 46,0,1
knn-15,evaluation,2026,220,48,21 42 15 45 30 29 25 41 38 46 20 12 32 13 2 23 10 16 44 48,21 42 15 45 30 29 25 41 38 46,0,1
knn-15,evaluation,2026,221,1,21 47 42 15 45 30 29 25 41 38 46 20 12 32 13 2 23 10 16 44,21 47 42 15 45 30 29 25 41 38,1,1
knn-15,evaluation,2026,222,26,21 47 42 15 45 30 3 29 25 41 38 46 20 12 32 13 2 23 10 16,21 47 42 15 45 30 3 29 25 41,1,1
knn-15,evaluation,2026,223,23,21 47 42 15 45 30 3 29 25 41 38 46 20 12 32 13 2 23 10 31,21 47 42 15 45 30 3 29 25 41,0,1
knn-15,evaluation,2026,224,9,21 47 42 15 45 30 3 29 19 25 41 38 46 20 12 32 13 2 10 31,21 47 42 15 45 30 3 29 19 25,1,1
knn-15,evaluation,2026,225,1,21 47 42 15 45 30 3 29 19 25 41 38 46 8 20 12 32 13 2 10,21 47 42 15 45 30 3 29 19 25,1,1
knn-15,evaluation,2026,226,17,49 21 47 42 15 45 30 3 29 19 25 41 38 46 8 20 12 32 13 2,49 21 47 42 15 45 30 3 29 19,1,1
knn-15,evaluation,2026,227,16,49 21 47 42 15 45 30 3 29 19 25 41 38 46 8 20 12 32 13 2,49 21 47 42 15 45 30 3 29 19,1,1
knn-15,evaluation,2026,228,23,49 21 47 42 15 45 30 3 29 19 6 25 41 38 46 8 20 12 32 13,49 21 47 42 15 45 30 3 29 19,1,1
knn-15,evaluation,2026,229,38,49 21 47 42 15 45 30 3 29 19 6 25 41 38 46 8 20 12 32 13,49 21 47 42 15 45 30 3 29 19,0,1
knn-15,evaluation,2026,230,16,49 21 47 42 15 45 30 3 29 19 6 25 41 35 46 8 20 12 32 13,49 21 47 42 15 45 30 3 29 19,1,1
knn-15,evaluation,2026,231,20,49 21 47 42 15 45 30 3 29 19 6 25 41 35 46 8 20 12 32 13,49 21 47 42 15 45 30 3 29 19,0,1
knn-15,evaluation,2026,232,42,49 21 47 42 15 45 30 3 29 19 4 6 25 41 35 46 8 12 32 13,49 21 47 42 15 45 30 3 29 19,0,0
knn-15,evaluation,2026,233,7,49 21 47 15 45 30 3 29 19 4 6 25 41 35 46 8 12 32 13 2,49 21 47 15 45 30 3 29 19 4,1,1
knn-15,evaluation,2026,234,39,49 21 47 15 45 30 3 19 4 6 25 41 35 46 8 12 32 13 2 43,49 21 47 15 45 30 3 19 4 6,1,1
knn-15,evaluation,2026,235,32,49 21 47 15 45 30 3 19 4 6 25 41 35 46 8 12 32 13 2 43,49 21 47 15 45 30 3 19 4 6,0,1
knn-15,evaluation,2026,236,11,49 21 47 15 45 30 3 29 19 4 6 25 41 35 46 8 12 13 2 43,49 21 47 15 45 30 3 29 19 4,1,1
knn-15,evaluation,2026,237,12,49 21 47 15 45 30 3 29 19 4 6 25 41 35 46 8 12 13 2 43,49 21 47 15 45 30 3 29 19 4,0,1
knn-15,evaluation,2026,238,17,49 21 47 15 26 45 30 3 29 19 4 6 25 41 35 46 8 13 2 43,49 21 47 15 26 45 30 3 29 19,1,1
knn-15,evaluation,2026,239,5,49 21 47 15 26 45 30 3 29 19 4 6 25 41 35 46 8 13 2 43,49 21 47 15 26 45 30 3 29 19,1,1
knn-15,evaluation,2026,240,27,49 21 47 15 26 45 30 3 29 19 4 6 25 41 35 46 8 13 2 43,49 21 47 15 26 45 30 3 29 19,1,1
knn-15,evaluation,2026,241,49,49 21 47 15 26 45 30 3 29 19 4 6 25 41 35 46 8 13 2 43,49 21 47 15 26 45 30 3 29 19,0,0
knn-15,evaluation,2026,242,9,21 47 15 26 45 30 3 29 19 4 6 25 41 35 46 8 13 2 43 10,21 47 15 26 45 30 3 29 19 4,1,1
knn-15,evaluation,2026,243,21,21 47 15 26 45 30 3 29 19 4 6 25 41 35 46 8 13 2 43 10,21 47 15 26 45 30 3 29 19 4,0,0
knn-15,evaluation,2026,244,46,47 15 26 45 30 3 29 19 4 6 25 41 35 46 8 13 2 43 23 10,47 15 26 45 30 3 29 19 4 6,0,1
knn-15,evaluation,2026,245,18,47 15 26 45 30 3 29 19 4 6 25 41 35 38 8 13 2 43 23 10,47 15 26 45 30 3 29 19 4 6,1,1
knn-15,evaluation,2026,246,30,47 15 26 45 30 3 29 19 4 6 25 41 35 38 8 13 2 43 23 10,47 15 26 45 30 3 29 19 4 6,0,0
knn-15,evaluation,2026,247,40,47 42 15 26 45 3 29 19 4 6 25 41 35 38 8 13 2 43 23 10,47 42 15 26 45 3 29 19 4 6,1,1
knn-15,evaluation,2026,248,20,47 42 15 26 45 3 29 19 4 6 25 41 35 38 8 20 13 2 43 23,47 42 15 26 45 3 29 19 4 6,0,1
knn-15,evaluation,2026,249,23,47 42 15 26 45 3 29 19 4 6 25 41 35 38 8 13 2 43 23 10,47 42 15 26 45 3 29 19 4 6,0,1
knn-15,evaluation,2026,250,14,47 42 15 26 45 3 29 19 4 6 25 41 35 38 8 32 13 2 43 10,47 42 15 26 45 3 29 19 4 6,1,1
knn-15,evaluation,2026,251,30,47 42 15 26 45 3 29 19 4 6 25 41 35 38 8 32 13 2 43 10,47 42 15 26 45 3 29 19 4 6,1,1
knn-15,evaluation,2026,252,22,47 42 15 26 45 3 29 19 4 6 25 41 35 38 8 32 13 2 43 10,47 42 15 26 45 3 29 19 4 6,1,1
knn-15,evaluation,2026,253,16,47 42 15 26 45 3 29 19 4 6 25 41 35 38 8 12 32 13 2 43,47 42 15 26 45 3 29 19 4 6,1,1
knn-15,evaluation,2026,254,2,47 42 15 26 45 3 29 19 4 6 25 41 35 38 8 12 32 13 2 43,47 42 15 26 45 3 29 19 4 6,0,1
knn-15,evaluation,2026,255,44,47 42 15 26 45 3 29 19 4 6 25 41 35 38 8 12 32 13 43 10,47 42 15 26 45 3 29 19 4 6,1,1
knn-15,evaluation,2026,256,1,47 42 15 26 45 3 29 19 4 6 25 41 35 38 8 12 32 13 43 10,47 42 15 26 45 3 29 19 4 6,1,1
knn-15,evaluation,2026,257,7,49 47 42 15 26 45 3 29 19 4 6 25 41 35 38 8 12 32 13 43,49 47 42 15 26 45 3 29 19 4,1,1
knn-15,evaluation,2026,258,46,49 47 42 15 26 45 3 29 19 4 6 25 41 35 38 8 12 32 13 43,49 47 42 15 26 45 3 29 19 4,1,1
knn-15,evaluation,2026,259,22,49 21 47 42 15 26 45 3 29 19 4 6 25 41 35 38 8 12 32 13,49 21 47 42 15 26 45 3 29 19,1,1
knn-15,evaluation,2026,260,20,49 21 47 42 15 26 45 3 29 19 4 6 25 41 35 38 8 12 32 13,49 21 47 42 15 26 45 3 29 19,1,1
knn-15,evaluation,2026,261,24,49 21 47 42 15 26 45 3 29 19 4 6 25 41 35 38 8 12 32 13,49 21 47 42 15 26 45 3 29 19,1,1
knn-15,evaluation,2026,262,30,49 21 47 42 15 26 45 3 29 19 4 6 25 41 35 38 8 12 32 13,49 21 47 42 15 26 45 3 29 19,1,1
knn-15,evaluation,2026,263,9,49 21 47 42 15 26 45 3 29 19 4 6 25 41 35 38 8 12 32 13,49 21 47 42 15 26 45 3 29 19,1,1
knn-15,evaluation,2026,264,21,49 21 47 42 15 26 45 3 29 19 4 6 25 41 35 38 8 12 32 13,49 21 47 42 15 26 45 3 29 19,0,0
knn-15,evaluation,2026,265,49,49 47 42 15 26 45 3 29 19 4 6 25 41 35 38 8 12 32 13 43,49 47 42 15 26 45 3 29 19 4,0,0
knn-15,evaluation,2026,266,8,47 42 15 26 45 3 29 19 4 6 25 41 35 38 8 12 32 13 43 23,47 42 15 26 45 3 29 19 4 6,0,1
knn-30,validation,2025,246,6,49 47 26 3 29 19 6 41 35 20 12 10 48 33 5 36 22 27 14 18,49 47 26 3 29 19 6 41 35 20,0,0
knn-30,validation,2025,247,25,49 47 26 45 30 3 29 19 41 35 20 12 10 33 5 36 27 14 18 11,49 47 26 45 30 3 29 19 41 35,1,1
knn-30,validation,2025,248,12,49 47 26 45 30 3 29 19 41 35 20 12 10 33 5 36 22 27 14 18,49 47 26 45 30 3 29 19 41 35,0,1
knn-30,validation,2025,249,2,49 47 26 45 30 3 29 19 41 35 20 43 10 33 5 36 27 14 18 11,49 47 26 45 30 3 29 19 41 35,1,1
knn-30,validation,2025,250,12,49 47 26 45 30 3 29 19 41 35 20 43 10 16 33 5 36 27 14 18,49 47 26 45 30 3 29 19 41 35,1,1
knn-30,validation,2025,251,35,49 47 26 45 30 3 29 19 41 35 20 32 31 16 33 5 36 22 27 14,49 47 26 45 30 3 29 19 41 35,0,0
knn-30,validation,2025,252,23,49 47 15 26 45 30 3 29 19 41 32 31 16 48 33 36 40 22 27 14,49 47 15 26 45 30 3 29 19 41,1,1
knn-30,validation,2025,253,33,49 47 15 26 45 30 3 19 41 32 10 31 16 48 33 5 36 40 22 27,49 47 15 26 45 30 3 19 41 32,0,1
knn-30,validation,2025,254,17,49 21 15 26 45 30 3 29 19 41 32 43 31 16 5 36 40 22 14 11,49 21 15 26 45 30 3 29 19 41,1,1
knn-30,validation,2025,255,42,49 21 15 26 45 30 3 29 19 41 32 43 31 16 48 5 36 40 22 14,49 21 15 26 45 30 3 29 19 41,1,1
knn-30,validation,2025,256,48,49 21 47 15 26 45 30 3 29 19 41 32 43 31 16 48 5 36 40 22,49 21 47 15 26 45 30 3 29 19,0,1
knn-30,validation,2025,257,28,49 21 47 15 26 45 30 3 29 19 41 32 43 31 16 5 36 40 22 27,49 21 47 15 26 45 30 3 29 19,1,1
knn-30,validation,2025,258,38,49 21 47 15 26 45 30 3 29 19 41 38 32 43 31 16 5 36 40 22,49 21 47 15 26 45 30 3 29 19,0,1
knn-30,validation,2025,259,47,49 21 47 15 26 45 3 29 19 41 32 43 10 31 16 5 36 40 22 27,49 21 47 15 26 45 3 29 19 41,0,0
knn-30,validation,2025,260,3,49 21 15 26 45 3 29 19 41 32 13 43 10 31 16 37 5 36 22 27,49 21 15 26 45 3 29 19 41 32,0,0
knn-30,validation,2025,261,33,21 15 26 45 30 29 19 41 32 13 43 10 31 16 37 5 36 22 27 14,21 15 26 45 30 29 19 41 32 13,1,1
knn-30,validation,2025,262,44,49 21 15 26 30 29 19 41 32 13 43 10 31 16 37 5 36 22 27 14,49 21 15 26 30 29 19 41 32 13,1,1
knn-30,validation,2025,263,38,49 21 15 26 45 29 19 41 32 13 43 10 31 16 37 5 36 22 27 14,49 21 15 26 45 29 19 41 32 13,1,1
knn-30,validation,2025,264,43,49 21 15 26 30 29 19 4 41 46 32 13 43 31 16 37 5 36 22 27,49 21 15 26 30 29 19 4 41 46,0,1
knn-30,validation,2025,265,10,49 21 15 26 30 29 19 4 41 46 32 13 31 16 37 5 36 40 22 27,49 21 15 26 30 29 19 4 41 46,1,1
knn-30,validation,2025,266,41,49 21 26 45 29 19 4 41 46 32 13 31 16 37 5 36 40 22 27 14,49 21 26 45 29 19 4 41 46 32,0,0
knn-30,validation,2025,267,29,49 21 26 29 19 4 46 32 13 31 16 37 1 5 36 40 22 24 27 14,49 21 26 29 19 4 46 32 13 31,0,0
knn-30,validation,2025,268,10,49 21 26 45 19 4 46 8 32 13 31 16 37 1 5 36 40 22 24 27,49 21 26 45 19 4 46 8 32 13,1,1
knn-30,validation,2025,269,31,49 21 26 45 19 4 6 25 46 8 32 13 2 31 16 37 1 5 36 22,49 21 26 45 19 4 6 25 46 8,0,1
knn-30,validation,2025,270,35,49 21 26 45 19 4 6 25 46 8 12 32 13 2 16 37 1 5 36 22,49 21 26 45 19 4 6 25 46 8,1,1
knn-30,validation,2025,271,6,49 21 26 45 19 4 6 25 46 8 12 32 13 2 16 37 1 5 36 22,49 21 26 45 19 4 6 25 46 8,0,0
knn-30,validation,2025,272,36,49 21 26 45 19 4 25 46 8 12 32 13 2 16 37 1 5 36 22 24,49 21 26 45 19 4 25 46 8 12,0,1
knn-30,validation,2025,273,4,49 21 26 45 19 4 25 46 8 12 32 13 2 23 16 37 1 5 22 24,49 21 26 45 19 4 25 46 8 12,0,0
knn-30,validation,2025,274,44,49 21 26 45 19 25 46 8 12 32 13 2 23 16 37 1 5 22 24 27,49 21 26 45 19 25 46 8 12 32,1,1
knn-30,validation,2025,275,45,49 21 26 45 19 25 46 8 12 32 13 2 23 16 37 1 5 22 27 14,49 21 26 45 19 25 46 8 12 32,0,0
knn-30,validation,2025,276,9,49 21 26 19 25 46 8 12 32 13 2 23 16 37 1 5 22 24 27 14,49 21 26 19 25 46 8 12 32 13,1,1
knn-30,validation,2025,277,16,49 21 42 26 19 25 46 8 12 32 13 2 23 16 37 1 5 40 22 27,49 21 42 26 19 25 46 8 12 32,0,1
knn-30,validation,2025,278,28,49 21 42 26 19 25 46 8 12 32 13 2 23 48 37 1 5 22 27 14,49 21 42 26 19 25 46 8 12 32,1,1
knn-30,validation,2025,279,27,49 21 42 26 19 25 46 8 12 32 13 2 23 48 37 1 5 22 27 14,49 21 42 26 19 25 46 8 12 32,0,1
knn-30,validation,2025,280,42,49 21 47 42 26 3 19 25 46 8 12 32 13 2 23 48 37 1 5 22,49 21 47 42 26 3 19 25 46 8,0,0
knn-30,validation,2025,281,47,49 21 47 26 19 25 46 8 12 32 13 2 23 48 37 1 5 22 14 18,49 21 47 26 19 25 46 8 12 32,0,0
knn-30,validation,2025,282,41,21 15 26 30 19 25 46 8 12 32 13 23 48 37 1 5 40 22 14 18,21 15 26 30 19 25 46 8 12 32,1,1
knn-30,validation,2025,283,45,21 15 26 30 3 19 46 8 12 32 13 23 48 37 1 5 40 22 14 18,21 15 26 30 3 19 46 8 12 32,1,1
knn-30,validation,2025,284,41,21 15 26 30 3 19 25 46 8 12 32 13 23 48 37 1 5 40 22 24,21 15 26 30 3 19 25 46 8 12,1,1
knn-30,validation,2025,285,24,21 15 26 30 3 19 25 38 46 8 12 32 23 48 37 1 33 5 40 22,21 15 26 30 3 19 25 38 46 8,1,1
knn-30,validation,2025,286,3,21 15 26 30 3 19 38 46 8 12 32 43 23 48 37 1 33 5 40 22,21 15 26 30 3 19 38 46 8 12,0,0
knn-30,validation,2025,287,34,21 15 26 30 19 25 38 46 8 20 12 32 43 23 48 37 1 5 40 22,21 15 26 30 19 25 38 46 8 20,1,1
knn-30,validation,2025,288,14,21 15 26 30 19 25 38 46 8 20 12 32 13 43 23 48 37 1 5 40,21 15 26 30 19 25 38 46 8 20,1,1
knn-30,validation,2025,289,42,21 15 26 30 19 25 38 46 8 20 12 32 43 23 48 37 1 33 5 40,21 15 26 30 19 25 38 46 8 20,1,1
knn-30,validation,2025,290,19,49 21 15 26 30 19 25 38 46 8 12 32 13 43 23 48 37 1 33 5,49 21 15 26 30 19 25 38 46 8,0,0
knn-30,validation,2025,291,44,49 21 15 26 25 38 46 8 12 32 13 2 43 23 48 37 1 33 5 40,49 21 15 26 25 38 46 8 12 32,1,1
knn-30,validation,2025,292,2,49 21 15 26 30 25 46 8 12 32 13 2 43 23 48 37 1 33 5 40,49 21 15 26 30 25 46 8 12 32,0,1
knn-30,validation,2025,293,47,49 21 15 26 30 25 38 46 8 12 32 43 23 48 37 1 33 5 40 22,49 21 15 26 30 25 38 46 8 12,1,1
knn-30,validation,2025,294,18,49 21 15 26 30 25 38 46 8 12 32 13 43 23 48 37 1 33 5 40,49 21 15 26 30 25 38 46 8 12,1,1
knn-30,validation,2025,295,5,49 21 26 30 29 25 38 46 8 20 12 32 43 23 10 48 37 1 33 5,49 21 26 30 29 25 38 46 8 20,0,1
knn-30,validation,2025,296,22,49 21 15 26 6 25 35 38 46 8 20 12 32 43 23 31 48 37 33 36,49 21 15 26 6 25 35 38 46 8,1,1
knn-30,validation,2025,297,44,49 21 15 26 4 6 25 35 38 46 8 20 12 32 43 23 31 48 37 33,49 21 15 26 4 6 25 35 38 46,1,1
knn-30,validation,2025,298,23,49 21 15 26 30 29 25 38 46 8 12 32 13 43 23 10 31 48 37 1,49 21 15 26 30 29 25 38 46 8,0,1
knn-30,validation,2025,299,49,49 21 26 30 4 6 25 35 38 46 8 20 12 32 13 43 10 31 48 37,49 21 26 30 4 6 25 35 38 46,0,0
knn-30,validation,2025,300,40,21 15 26 30 4 6 25 35 38 46 8 20 12 32 13 43 10 31 48 37,21 15 26 30 4 6 25 35 38 46,1,1
knn-30,validation,2025,301,5,21 15 26 30 4 6 25 35 38 46 8 20 12 32 43 10 31 16 48 37,21 15 26 30 4 6 25 35 38 46,1,1
knn-30,validation,2025,302,22,21 26 30 4 6 25 35 38 46 8 20 12 32 43 10 31 16 48 37 1,21 26 30 4 6 25 35 38 46 8,1,1
knn-30,validation,2025,303,15,21 15 26 30 29 4 6 25 35 38 46 8 20 12 32 13 43 10 31 16,21 15 26 30 29 4 6 25 35 38,0,0
knn-30,validation,2025,304,48,21 26 30 29 4 6 25 35 38 46 8 20 12 32 13 43 10 31 16 48,21 26 30 29 4 6 25 35 38 46,0,1
knn-30,validation,2025,305,42,21 26 30 29 4 6 25 35 38 46 8 20 12 32 13 43 10 31 16 37,21 26 30 29 4 6 25 35 38 46,1,1
knn-30,validation,2025,306,17,21 26 30 29 4 6 25 35 38 46 8 20 12 32 13 43 10 31 16 37,21 26 30 29 4 6 25 35 38 46,1,1
knn-30,validation,2025,307,20,21 26 30 29 4 6 25 35 38 46 8 20 12 32 13 43 10 31 16 37,21 26 30 29 4 6 25 35 38 46,0,1
knn-30,validation,2025,308,39,21 26 30 29 4 6 25 35 38 46 8 12 32 13 43 10 31 16 37 1,21 26 30 29 4 6 25 35 38 46,1,1
knn-30,validation,2025,309,6,21 26 30 29 4 6 25 35 38 46 8 12 32 13 43 10 31 16 37 1,21 26 30 29 4 6 25 35 38 46,0,0
knn-30,validation,2025,310,16,21 26 45 30 29 4 25 35 38 46 8 12 32 13 43 10 31 16 37 1,21 26 45 30 29 4 25 35 38 46,0,1
knn-30,validation,2025,311,37,21 26 45 29 4 25 35 38 46 8 12 32 13 43 10 31 37 1 33 28,21 26 45 29 4 25 35 38 46 8,0,1
knn-30,validation,2025,312,14,21 26 45 30 3 29 4 25 35 46 8 12 32 13 43 10 31 1 27 11,21 26 45 30 3 29 4 25 35 46,1,1
knn-30,validation,2025,313,38,21 26 45 30 3 29 4 25 41 35 38 46 8 12 32 13 43 31 1 36,21 26 45 30 3 29 4 25 41 35,0,1
knn-30,validation,2025,314,23,21 26 45 30 29 19 4 25 41 46 8 12 32 13 43 31 1 36 24 27,21 26 45 30 29 19 4 25 41 46,1,1
knn-30,validation,2025,315,4,21 26 45 30 29 19 4 25 41 46 8 12 32 13 2 43 31 1 36 24,21 26 45 30 29 19 4 25 41 46,0,0
knn-30,validation,2025,316,24,21 26 45 30 29 19 25 41 35 46 8 12 32 13 2 43 31 1 36 24,21 26 45 30 29 19 25 41 35 46,0,1
knn-30,validation,2025,317,18,21 26 45 30 29 19 25 41 35 46 8 12 32 13 2 43 31 1 36 27,21 26 45 30 29 19 25 41 35 46,1,1
knn-30,validation,2025,318,6,21 26 45 30 29 19 25 41 35 46 8 12 32 13 2 43 10 31 1 36,21 26 45 30 29 19 25 41 35 46,1,1
knn-30,validation,2025,319,45,21 26 45 30 29 19 25 41 35 46 8 12 32 13 2 43 10 31 1 36,21 26 45 30 29 19 25 41 35 46,0,0
knn-30,validation,2025,320,28,21 47 26 3 19 25 41 35 46 8 12 32 13 43 10 31 1 33 27 11,21 47 26 3 19 25 41 35 46 8,1,1
knn-30,validation,2025,321,23,21 47 26 30 29 19 25 41 35 46 8 12 32 13 43 10 31 1 33 36,21 47 26 30 29 19 25 41 35 46,1,1
knn-30,validation,2025,322,47,21 47 26 30 3 19 25 41 35 46 12 32 13 43 10 31 1 33 36 27,21 47 26 30 3 19 25 41 35 46,0,0
knn-30,validation,2025,323,9,21 26 30 3 19 25 41 35 46 12 32 13 43 10 31 1 33 36 27 11,21 26 30 3 19 25 41 35 46 12,1,1
knn-30,validation,2025,324,15,21 26 30 3 19 25 41 35 46 12 32 13 2 43 10 31 1 33 36 27,21 26 30 3 19 25 41 35 46 12,1,1
knn-30,validation,2025,325,4,21 26 30 3 19 25 41 35 46 8 12 32 13 2 43 10 31 44 1 33,21 26 30 3 19 25 41 35 46 8,1,1
knn-30,validation,2025,326,19,21 26 30 3 19 25 41 35 46 8 12 32 13 2 43 10 31 44 1 33,21 26 30 3 19 25 41 35 46 8,0,0
knn-30,validation,2025,327,37,21 26 30 3 25 41 35 46 8 12 32 13 2 43 10 31 44 1 33 36,21 26 30 3 25 41 35 46 8 12,1,1
knn-30,validation,2025,328,3,49 21 26 30 3 25 41 35 46 8 12 32 13 2 43 10 31 44 1 33,49 21 26 30 3 25 41 35 46 8,0,0
knn-30,validation,2025,329,17,49 21 26 30 29 25 41 35 46 8 32 13 2 43 10 31 44 1 33 36,49 21 26 30 29 25 41 35 46 8,1,1
knn-30,validation,2025,330,36,49 21 26 30 25 41 35 46 8 12 32 13 2 43 10 31 44 1 33 36,49 21 26 30 25 41 35 46 8 12,0,1
knn-30,validation,2025,331,26,21 42 26 30 25 41 35 46 8 12 32 13 2 43 10 31 44 48 1 33,21 42 26 30 25 41 35 46 8 12,0,0
knn-30,validation,2025,332,26,21 42 30 25 41 35 46 8 20 12 32 13 2 43 10 31 44 48 1 33,21 42 30 25 41 35 46 8 20 12,1,1
knn-30,validation,2025,333,6,49 21 42 30 25 35 46 8 20 12 32 13 2 43 10 31 44 48 1 5,49 21 42 30 25 35 46 8 20 12,1,1
knn-30,validation,2025,334,46,21 42 30 25 35 46 8 20 12 32 13 2 43 10 31 44 48 1 33 22,21 42 30 25 35 46 8 20 12 32,0,0
knn-30,validation,2025,335,44,21 42 30 25 41 35 8 20 12 32 13 2 43 10 31 16 44 48 1 22,21 42 30 25 41 35 8 20 12 32,0,1
knn-30,validation,2025,336,17,21 42 30 29 25 35 8 20 12 32 13 2 43 10 31 16 48 1 22 27,21 42 30 29 25 35 8 20 12 32,1,1
knn-30,validation,2025,337,9,21 42 30 29 25 41 35 8 20 12 32 13 2 43 10 31 16 48 1 22,21 42 30 29 25 41 35 8 20 12,1,1
knn-30,validation,2025,338,8,21 42 30 29 25 35 8 20 12 32 13 2 43 10 31 16 48 1 33 22,21 42 30 29 25 35 8 20 12 32,0,0
knn-30,validation,2025,339,48,21 42 30 29 25 35 38 20 12 32 13 2 43 10 31 16 48 1 33 22,21 42 30 29 25 35 38 20 12 32,0,1
knn-30,validation,2025,340,16,21 42 30 25 41 35 38 20 12 32 13 2 43 10 31 16 1 33 22 27,21 42 30 25 41 35 38 20 12 32,0,1
knn-30,validation,2025,341,6,21 42 30 29 25 41 35 38 20 12 32 13 2 43 10 31 1 33 22 27,21 42 30 29 25 41 35 38 20 12,1,1
knn-30,validation,2025,342,4,21 42 30 29 25 35 38 20 12 32 13 2 43 10 31 1 33 22 27 14,21 42 30 29 25 35 38 20 12 32,1,1
knn-30,validation,2025,343,38,21 42 30 25 35 38 20 12 32 13 2 43 10 31 1 33 22 27 14 18,21 42 30 25 35 38 20 12 32 13,0,0
knn-30,validation,2025,344,27,21 42 30 29 25 35 20 12 32 13 2 43 10 31 1 33 22 27 14 18,21 42 30 29 25 35 20 12 32 13,0,1
knn-30,validation,2025,345,24,21 42 45 30 29 25 35 20 12 32 13 2 43 10 31 1 33 22 24 14,21 42 45 30 29 25 35 20 12 32,0,1
knn-30,validation,2025,346,3,21 42 45 30 29 25 41 35 20 12 32 13 2 43 10 31 1 33 22 14,21 42 45 30 29 25 41 35 20 12,1,1
knn-30,validation,2025,347,13,21 42 45 30 29 25 35 20 12 32 13 2 43 10 31 1 33 28 22 14,21 42 45 30 29 25 35 20 12 32,0,1
knn-30,validation,2025,348,16,21 47 45 30 29 25 35 20 12 32 2 43 23 10 31 1 33 28 22 14,21 47 45 30 29 25 35 20 12 32,1,1
knn-30,validation,2025,349,22,21 47 15 45 30 29 25 35 20 12 32 2 43 23 10 31 1 33 28 22,21 47 15 45 30 29 25 35 20 12,0,1
knn-30,validation,2025,350,49,21 47 45 30 29 25 35 20 12 32 2 43 23 10 31 1 33 28 5 14,21 47 45 30 29 25 35 20 12 32,1,1
knn-30,validation,2025,351,4,21 47 42 45 30 29 25 41 35 20 12 32 2 43 23 10 31 1 33 28,21 47 42 45 30 29 25 41 35 20,1,1
knn-30,validation,2025,352,44,21 47 42 15 45 30 29 25 41 35 20 12 32 2 43 23 10 31 1 33,21 47 42 15 45 30 29 25 41 35,1,1
knn-30,validation,2025,353,1,21 47 42 15 45 30 29 25 41 35 20 12 32 2 43 23 10 31 1 33,21 47 42 15 45 30 29 25 41 35,0,1
knn-30,validation,2025,354,30,21 47 42 15 45 30 29 25 41 35 20 12 32 2 43 23 10 31 33 28,21 47 42 15 45 30 29 25 41 35,0,0
knn-30,validation,2025,355,8,21 47 42 15 45 29 19 25 41 35 20 12 32 2 43 23 10 31 33 28,21 47 42 15 45 29 19 25 41 35,1,1
knn-30,validation,2025,356,24,21 47 42 15 45 29 19 41 35 20 12 32 2 43 23 10 31 37 33 28,21 47 42 15 45 29 19 41 35 20,1,1
knn-30,validation,2025,357,49,21 47 42 15 45 29 19 41 35 20 12 32 2 43 23 10 31 37 33 28,21 47 42 15 45 29 19 41 35 20,1,1
knn-30,validation,2025,358,7,21 47 42 15 45 29 19 25 41 35 20 12 32 2 43 23 10 31 37 33,21 47 42 15 45 29 19 25 41 35,1,1
knn-30,validation,2025,359,11,21 47 42 15 45 29 19 41 35 20 12 32 2 43 23 10 31 37 33 28,21 47 42 15 45 29 19 41 35 20,1,1
knn-30,validation,2025,360,41,21 47 42 15 26 45 29 19 25 41 35 20 12 32 2 43 10 31 37 33,21 47 42 15 26 45 29 19 25 41,0,0
knn-30,validation,2025,361,24,21 47 42 15 26 45 29 19 35 20 12 32 2 43 23 10 31 37 33 28,21 47 42 15 26 45 29 19 35 20,1,1
knn-30,validation,2025,362,23,21 47 42 26 45 29 19 35 46 20 12 32 2 43 23 10 31 37 33 28,21 47 42 26 45 29 19 35 46 20,0,1
knn-30,validation,2025,363,26,21 47 42 15 26 45 29 19 25 35 46 20 12 32 2 43 10 31 37 33,21 47 42 15 26 45 29 19 25 35,0,0
knn-30,validation,2025,364,12,21 47 42 15 45 29 19 25 35 46 20 12 32 2 43 10 31 37 33 28,21 47 42 15 45 29 19 25 35 46,0,1
knn-30,validation,2025,365,26,21 47 42 15 45 29 19 25 35 46 20 32 2 43 10 31 37 28 5 36,21 47 42 15 45 29 19 25 35 46,1,1
knn-30,evaluation,2026,1,29,21 47 15 45 29 19 25 35 46 20 32 2 43 10 31 37 28 5 36 40,21 47 15 45 29 19 25 35 46 20,0,0
knn-30,evaluation,2026,2,22,21 47 15 45 19 25 35 46 20 32 2 43 10 31 48 37 28 5 36 40,21 47 15 45 19 25 35 46 20 32,1,1
knn-30,evaluation,2026,3,9,21 47 15 45 19 25 35 46 20 32 2 43 10 31 48 37 28 5 36 40,21 47 15 45 19 25 35 46 20 32,1,1
knn-30,evaluation,2026,4,45,21 47 15 45 19 6 25 35 46 20 32 2 43 10 31 48 37 28 5 36,21 47 15 45 19 6 25 35 46 20,0,0
knn-30,evaluation,2026,5,43,21 47 15 19 6 25 35 46 20 32 2 43 10 31 48 37 28 5 36 40,21 47 15 19 6 25 35 46 20 32,0,1
knn-30,evaluation,2026,6,13,21 47 15 19 6 25 35 38 46 20 32 2 10 31 48 37 28 5 36 40,21 47 15 19 6 25 35 38 46 20,1,1
knn-30,evaluation,2026,7,41,21 47 15 19 6 25 35 38 46 20 32 2 10 31 48 37 28 5 36 40,21 47 15 19 6 25 35 38 46 20,1,1
knn-30,evaluation,2026,8,21,21 47 15 19 6 25 35 38 46 20 32 2 10 31 48 37 28 5 36 40,21 47 15 19 6 25 35 38 46 20,0,0
knn-30,evaluation,2026,9,28,47 15 3 19 6 25 35 38 46 20 32 2 10 31 48 37 5 36 40 27,47 15 3 19 6 25 35 38 46 20,1,1
knn-30,evaluation,2026,10,27,47 15 3 19 6 25 35 46 20 32 2 10 31 16 48 37 5 36 40 27,47 15 3 19 6 25 35 46 20 32,0,1
knn-30,evaluation,2026,11,11,47 15 3 19 6 25 35 38 46 20 32 2 10 31 16 48 37 5 36 40,47 15 3 19 6 25 35 38 46 20,1,1
knn-30,evaluation,2026,12,11,47 15 3 19 4 6 25 35 38 46 20 32 2 10 31 16 44 48 37 5,47 15 3 19 4 6 25 35 38 46,1,1
knn-30,evaluation,2026,13,1,47 15 3 19 4 6 25 35 46 20 32 2 31 16 44 48 37 1 5 36,47 15 3 19 4 6 25 35 46 20,0,1
knn-30,evaluation,2026,14,26,47 15 30 3 19 4 6 25 35 46 20 32 2 31 16 44 48 37 5 36,47 15 30 3 19 4 6 25 35 46,1,1
knn-30,evaluation,2026,15,31,47 15 30 3 19 4 6 25 35 46 20 32 2 31 16 44 48 37 5 36,47 15 30 3 19 4 6 25 35 46,0,1
knn-30,evaluation,2026,16,6,47 15 30 3 19 4 6 25 35 38 46 8 20 32 2 10 16 44 48 37,47 15 30 3 19 4 6 25 35 38,0,0
knn-30,evaluation,2026,17,32,47 15 30 3 19 4 25 35 38 46 8 20 32 2 10 44 48 37 5 36,47 15 30 3 19 4 25 35 38 46,0,1
knn-30,evaluation,2026,18,39,49 47 15 30 3 19 4 25 35 38 46 8 20 2 10 16 44 48 37 5,49 47 15 30 3 19 4 25 35 38,1,1
knn-30,evaluation,2026,19,46,49 47 15 30 3 19 4 25 35 38 46 8 20 2 10 16 44 48 37 5,49 47 15 30 3 19 4 25 35 38,0,1
knn-30,evaluation,2026,20,12,49 47 15 30 3 19 4 25 35 38 8 20 2 10 16 44 48 37 5 36,49 47 15 30 3 19 4 25 35 38,1,1
knn-30,evaluation,2026,21,42,49 47 15 30 3 19 4 25 35 38 8 20 2 10 16 44 48 37 5 36,49 47 15 30 3 19 4 25 35 38,1,1
knn-30,evaluation,2026,22,18,49 47 15 3 19 4 25 35 38 8 20 2 10 44 48 37 5 36 40 14,49 47 15 3 19 4 25 35 38 8,1,1
knn-30,evaluation,2026,23,47,49 47 15 3 19 4 25 35 38 8 20 2 10 44 48 37 5 36 40 24,49 47 15 3 19 4 25 35 38 8,0,0
knn-30,evaluation,2026,24,28,49 15 3 29 19 4 25 35 38 8 20 2 23 10 44 48 37 5 36 40,49 15 3 29 19 4 25 35 38 8,1,1
knn-30,evaluation,2026,25,37,49 15 3 19 4 25 35 38 8 20 2 23 10 44 48 37 5 40 24 14,49 15 3 19 4 25 35 38 8 20,0,1
knn-30,evaluation,2026,26,19,49 15 30 19 4 25 35 38 20 2 23 10 16 48 5 36 40 24 14 34,49 15 30 19 4 25 35 38 20 2,0,0
knn-30,evaluation,2026,27,45,49 15 45 30 3 29 4 25 35 38 20 2 23 10 5 36 40 22 14 34,49 15 45 30 3 29 4 25 35 38,0,0
knn-30,evaluation,2026,28,3,49 15 30 29 4 25 35 38 20 2 10 48 33 5 36 40 22 14 34 7,49 15 30 29 4 25 35 38 20 2,1,1
knn-30,evaluation,2026,29,1,15 30 29 4 25 41 35 38 8 20 43 10 48 33 5 36 22 24 14 34,15 30 29 4 25 41 35 38 8 20,1,1
knn-30,evaluation,2026,30,41,21 15 30 29 4 25 41 35 38 8 20 43 16 48 33 5 36 22 24 14,21 15 30 29 4 25 41 35 38 8,0,0
knn-30,evaluation,2026,31,26,21 15 30 29 4 25 35 38 8 20 13 43 10 16 48 33 36 24 14 34,21 15 30 29 4 25 35 38 8 20,1,1
knn-30,evaluation,2026,32,6,21 15 29 4 25 35 38 8 20 13 43 10 16 48 33 5 36 24 14 34,21 15 29 4 25 35 38 8 20 13,1,1
knn-30,evaluation,2026,33,41,21 15 30 29 4 25 35 38 8 20 43 10 44 48 33 5 36 24 27 14,21 15 30 29 4 25 35 38 8 20,1,1
knn-30,evaluation,2026,34,19,49 21 15 30 29 4 25 35 38 8 20 13 2 43 10 16 48 33 36 24,49 21 15 30 29 4 25 35 38 8,1,1
knn-30,evaluation,2026,35,27,49 21 15 30 29 4 25 35 38 8 20 13 2 43 23 10 48 33 36 40,49 21 15 30 29 4 25 35 38 8,1,1
knn-30,evaluation,2026,36,1,49 21 15 30 29 4 25 35 38 8 20 13 2 43 10 16 48 33 36 40,49 21 15 30 29 4 25 35 38 8,1,1
knn-30,evaluation,2026,37,43,49 21 15 30 29 4 25 35 38 8 20 13 2 43 23 10 16 48 33 36,49 21 15 30 29 4 25 35 38 8,0,1
knn-30,evaluation,2026,38,42,21 15 30 29 4 25 35 38 8 20 13 2 23 10 16 48 33 5 36 40,21 15 30 29 4 25 35 38 8 20,1,1
knn-30,evaluation,2026,39,11,21 15 30 29 4 25 35 38 8 20 13 2 23 10 16 48 33 36 40 24,21 15 30 29 4 25 35 38 8 20,1,1
knn-30,evaluation,2026,40,28,49 21 15 30 29 4 25 35 38 8 20 13 2 23 10 16 48 33 5 40,49 21 15 30 29 4 25 35 38 8,1,1
knn-30,evaluation,2026,41,36,49 21 15 30 29 4 25 35 38 8 20 13 2 23 10 16 48 33 5 36,49 21 15 30 29 4 25 35 38 8,0,1
knn-30,evaluation,2026,42,16,49 21 15 30 29 4 25 35 38 8 20 13 2 23 10 16 48 33 5 40,49 21 15 30 29 4 25 35 38 8,0,1
knn-30,evaluation,2026,43,13,49 21 15 30 29 4 25 35 38 8 20 13 2 23 10 31 48 33 5 40,49 21 15 30 29 4 25 35 38 8,0,1
knn-30,evaluation,2026,44,19,49 21 15 30 29 4 25 35 38 8 20 32 2 23 10 31 48 33 40 24,49 21 15 30 29 4 25 35 38 8,1,1
knn-30,evaluation,2026,45,1,21 15 30 29 4 25 35 38 46 8 20 12 32 2 10 31 48 33 40 24,21 15 30 29 4 25 35 38 46 8,1,1
knn-30,evaluation,2026,46,3,49 21 15 30 29 4 25 35 38 46 8 20 12 32 2 23 10 31 48 33,49 21 15 30 29 4 25 35 38 46,1,1
knn-30,evaluation,2026,47,39,49 21 15 30 29 4 25 35 38 46 8 20 12 32 2 23 10 31 48 33,49 21 15 30 29 4 25 35 38 46,1,1
knn-30,evaluation,2026,48,24,49 21 15 30 29 4 25 35 38 46 8 20 12 32 2 23 10 31 48 33,49 21 15 30 29 4 25 35 38 46,1,1
knn-30,evaluation,2026,49,13,49 21 15 30 29 4 25 35 38 46 8 12 32 2 23 10 31 48 33 5,49 21 15 30 29 4 25 35 38 46,1,1
knn-30,evaluation,2026,50,23,49 21 15 30 29 4 25 35 38 46 8 12 32 2 23 10 31 48 33 5,49 21 15 30 29 4 25 35 38 46,0,1
knn-30,evaluation,2026,51,1,21 47 15 30 29 4 25 35 38 46 8 20 12 32 2 10 31 44 48 33,21 47 15 30 29 4 25 35 38 46,1,1
knn-30,evaluation,2026,52,38,49 21 15 30 29 4 25 35 38 46 8 20 12 32 2 10 31 44 48 5,49 21 15 30 29 4 25 35 38 46,0,0
knn-30,evaluation,2026,53,15,49 21 47 15 30 29 4 25 35 46 8 20 12 32 2 10 31 44 48 33,49 21 47 15 30 29 4 25 35 46,0,0
knn-30,evaluation,2026,54,48,49 21 47 30 29 4 25 35 46 8 20 12 32 2 10 31 44 48 33 5,49 21 47 30 29 4 25 35 46 8,0,1
knn-30,evaluation,2026,55,14,49 21 47 29 4 25 35 46 8 20 12 32 2 10 31 44 37 33 5 40,49 21 47 29 4 25 35 46 8 20,1,1
knn-30,evaluation,2026,56,48,49 21 47 45 29 4 25 35 46 8 20 12 32 2 10 31 44 37 33 5,49 21 47 45 29 4 25 35 46 8,1,1
knn-30,evaluation,2026,57,23,49 21 47 45 30 29 4 25 35 46 8 20 12 2 10 31 44 37 33 5,49 21 47 45 30 29 4 25 35 46,1,1
knn-30,evaluation,2026,58,31,49 21 47 45 30 29 4 25 35 46 8 20 12 32 2 10 31 44 37 5,49 21 47 45 30 29 4 25 35 46,0,1
knn-30,evaluation,2026,59,10,49 21 47 45 30 29 4 25 35 46 8 20 12 32 2 10 44 37 33 5,49 21 47 45 30 29 4 25 35 46,0,1
knn-30,evaluation,2026,60,9,49 21 47 45 30 29 4 25 35 46 8 20 12 32 2 44 37 33 5 40,49 21 47 45 30 29 4 25 35 46,1,1
knn-30,evaluation,2026,61,29,49 21 47 45 30 29 4 6 25 35 46 8 20 12 32 2 44 37 33 5,49 21 47 45 30 29 4 6 25 35,0,0
knn-30,evaluation,2026,62,24,49 21 47 30 4 6 25 41 35 46 8 20 12 32 2 43 44 37 5 40,49 21 47 30 4 6 25 41 35 46,1,1
knn-30,evaluation,2026,63,28,49 21 47 26 30 4 6 25 41 35 46 20 12 32 2 43 44 37 28 36,49 21 47 26 30 4 6 25 41 35,0,1
knn-30,evaluation,2026,64,18,49 21 47 26 30 4 6 25 41 35 46 20 12 32 2 43 44 37 36 40,49 21 47 26 30 4 6 25 41 35,1,1
knn-30,evaluation,2026,65,5,49 21 47 26 30 4 6 25 41 35 46 20 12 32 2 43 44 37 36 40,49 21 47 26 30 4 6 25 41 35,1,1
knn-30,evaluation,2026,66,37,49 21 47 26 30 4 6 25 41 35 46 20 12 32 2 43 16 44 37 36,49 21 47 26 30 4 6 25 41 35,0,1
knn-30,evaluation,2026,67,5,49 21 47 30 19 4 6 25 41 35 46 20 12 32 2 43 16 44 36 40,49 21 47 30 19 4 6 25 41 35,1,1
knn-30,evaluation,2026,68,23,49 21 47 30 19 4 6 25 41 35 46 20 12 32 2 43 16 44 40 22,49 21 47 30 19 4 6 25 41 35,1,1
knn-30,evaluation,2026,69,24,49 21 47 30 19 6 25 41 35 46 20 12 32 13 2 43 16 44 36 40,49 21 47 30 19 6 25 41 35 46,1,1
knn-30,evaluation,2026,70,25,49 21 47 30 19 4 6 25 41 35 46 20 12 32 13 2 43 16 44 40,49 21 47 30 19 4 6 25 41 35,0,0
knn-30,evaluation,2026,71,48,49 21 47 30 19 4 6 41 35 46 20 12 32 13 2 43 16 44 36 40,49 21 47 30 19 4 6 41 35 46,1,1
knn-30,evaluation,2026,72,46,49 21 47 30 19 6 41 35 46 20 12 32 13 2 43 16 44 1 33 40,49 21 47 30 19 6 41 35 46 20,0,0
knn-30,evaluation,2026,73,34,49 21 47 42 45 30 19 6 41 35 20 12 32 13 2 43 16 44 1 33,49 21 47 42 45 30 19 6 41 35,1,1
knn-30,evaluation,2026,74,10,49 21 47 42 45 30 19 6 41 35 38 20 12 32 2 43 44 1 33 40,49 21 47 42 45 30 19 6 41 35,1,1
knn-30,evaluation,2026,75,33,49 21 47 42 26 45 30 19 6 41 35 38 20 12 32 16 44 1 33 36,49 21 47 42 26 45 30 19 6 41,0,1
knn-30,evaluation,2026,76,2,49 21 47 42 26 45 30 19 6 41 35 38 20 12 32 43 16 44 1 36,49 21 47 42 26 45 30 19 6 41,1,1
knn-30,evaluation,2026,77,29,49 21 47 42 26 45 30 19 6 41 35 38 20 12 32 31 16 44 1 36,49 21 47 42 26 45 30 19 6 41,1,1
knn-30,evaluation,2026,78,46,49 21 47 42 26 45 30 3 19 4 6 41 35 38 20 12 32 31 16 44,49 21 47 42 26 45 30 3 19 4,1,1
knn-30,evaluation,2026,79,35,49 21 47 42 26 45 30 3 19 4 6 41 35 38 20 12 32 31 16 44,49 21 47 42 26 45 30 3 19 4,0,1
knn-30,evaluation,2026,80,3,49 21 47 42 26 45 30 3 19 4 6 41 38 20 12 32 31 16 44 1,49 21 47 42 26 45 30 3 19 4,0,0
knn-30,evaluation,2026,81,17,49 21 47 42 26 45 30 19 4 41 38 20 12 32 43 31 16 44 1 36,49 21 47 42 26 45 30 19 4 41,1,1
knn-30,evaluation,2026,82,27,49 21 47 42 26 45 30 19 4 41 38 20 12 32 43 31 16 44 1 28,49 21 47 42 26 45 30 19 4 41,1,1
knn-30,evaluation,2026,83,5,49 21 47 42 26 45 19 4 6 41 38 20 12 32 43 31 16 44 28 36,49 21 47 42 26 45 19 4 6 41,1,1
knn-30,evaluation,2026,84,16,49 21 42 26 45 19 4 6 41 38 20 12 32 43 31 16 44 28 36 40,49 21 42 26 45 19 4 6 41 38,0,1
knn-30,evaluation,2026,85,19,49 21 42 26 45 19 4 6 41 38 20 12 32 31 44 28 36 40 22 14,49 21 42 26 45 19 4 6 41 38,0,0
knn-30,evaluation,2026,86,12,49 21 47 42 26 45 4 6 41 38 20 12 32 43 31 44 28 36 40 22,49 21 47 42 26 45 4 6 41 38,0,1
knn-30,evaluation,2026,87,26,49 21 47 42 26 45 4 6 41 38 20 32 43 31 44 1 28 36 40 22,49 21 47 42 26 45 4 6 41 38,0,0
knn-30,evaluation,2026,88,27,49 21 47 42 45 4 6 41 38 8 20 32 43 31 44 37 1 28 36 40,49 21 47 42 45 4 6 41 38 8,1,1
knn-30,evaluation,2026,89,49,49 21 42 45 4 6 41 38 8 20 32 43 31 44 37 28 36 40 22 14,49 21 42 45 4 6 41 38 8 20,0,0
knn-30,evaluation,2026,90,36,21 47 42 45 4 6 41 38 8 20 32 31 44 37 28 36 40 22 14 18,21 47 42 45 4 6 41 38 8 20,0,1
knn-30,evaluation,2026,91,37,21 42 15 45 4 6 41 38 8 20 32 13 31 44 37 28 40 22 14 18,21 42 15 45 4 6 41 38 8 20,0,1
knn-30,evaluation,2026,92,6,21 42 15 45 30 4 6 41 38 8 20 32 13 31 44 1 28 40 22 14,21 42 15 45 30 4 6 41 38 8,0,0
knn-30,evaluation,2026,93,40,21 47 42 15 45 30 4 41 38 8 20 32 43 31 44 1 28 40 14 18,21 47 42 15 45 30 4 41 38 8,0,1
knn-30,evaluation,2026,94,17,21 47 42 15 45 30 41 8 20 32 13 43 23 31 44 1 28 22 18 11,21 47 42 15 45 30 41 8 20 32,1,1
knn-30,evaluation,2026,95,35,21 47 42 15 45 30 25 41 8 20 32 13 43 23 31 44 1 28 22 24,21 47 42 15 45 30 25 41 8 20,1,1
knn-30,evaluation,2026,96,43,21 47 42 15 45 30 25 41 38 8 20 32 13 43 23 31 48 1 28 22,21 47 42 15 45 30 25 41 38 8,0,1
knn-30,evaluation,2026,97,11,21 47 15 45 30 25 41 38 8 20 32 13 23 31 48 1 33 28 22 24,21 47 15 45 30 25 41 38 8 20,1,1
knn-30,evaluation,2026,98,17,21 47 15 45 30 25 41 38 8 20 32 13 23 10 31 48 1 33 22 24,21 47 15 45 30 25 41 38 8 20,1,1
knn-30,evaluation,2026,99,12,21 47 42 15 45 30 29 25 41 38 46 20 32 2 23 10 31 48 1 33,21 47 42 15 45 30 29 25 41 38,1,1
knn-30,evaluation,2026,100,33,21 47 15 30 3 25 41 38 46 8 20 32 13 2 23 10 31 48 1 33,21 47 15 30 3 25 41 38 46 8,0,1
knn-30,evaluation,2026,101,39,21 47 15 30 3 25 41 38 46 8 20 32 13 2 23 10 31 48 1 22,21 47 15 30 3 25 41 38 46 8,1,1
knn-30,evaluation,2026,102,20,21 47 15 30 3 29 25 38 46 8 20 32 13 2 23 10 31 48 1 22,21 47 15 30 3 29 25 38 46 8,0,1
knn-30,evaluation,2026,103,6,21 47 15 30 3 29 25 41 38 46 8 32 13 2 23 10 31 48 1 22,21 47 15 30 3 29 25 41 38 46,1,1
knn-30,evaluation,2026,104,1,21 47 15 30 3 29 25 41 38 46 8 32 13 2 23 10 31 48 1 5,21 47 15 30 3 29 25 41 38 46,0,1
knn-30,evaluation,2026,105,28,21 47 15 30 3 29 19 25 41 38 8 32 13 2 23 10 31 48 5 22,21 47 15 30 3 29 19 25 41 38,1,1
knn-30,evaluation,2026,106,22,21 47 15 45 30 29 4 25 41 38 32 2 23 10 31 16 48 5 22 24,21 47 15 45 30 29 4 25 41 38,0,1
knn-30,evaluation,2026,107,49,21 47 15 26 45 30 29 4 25 41 38 32 2 23 10 31 16 48 5 24,21 47 15 26 45 30 29 4 25 41,1,1
knn-30,evaluation,2026,108,45,21 47 15 26 45 30 29 25 41 38 46 32 2 23 10 31 16 48 5 27,21 47 15 26 45 30 29 25 41 38,0,0
knn-30,evaluation,2026,109,16,21 47 15 26 30 29 4 25 41 38 32 2 23 10 31 16 48 5 27 14,21 47 15 26 30 29 4 25 41 38,0,1
knn-30,evaluation,2026,110,30,21 47 42 15 26 3 29 25 41 38 32 13 2 23 10 31 44 48 5 36,21 47 42 15 26 3 29 25 41 38,1,1
knn-30,evaluation,2026,111,1,21 47 42 15 26 3 29 4 25 41 38 32 13 2 23 10 31 48 5 36,21 47 42 15 26 3 29 4 25 41,1,1
knn-30,evaluation,2026,112,9,21 47 15 26 29 4 25 41 38 46 8 32 2 23 10 31 44 48 37 5,21 47 15 26 29 4 25 41 38 46,1,1
knn-30,evaluation,2026,113,2,21 47 15 26 29 4 25 38 46 8 32 2 23 10 31 44 48 37 5 36,21 47 15 26 29 4 25 38 46 8,0,1
knn-30,evaluation,2026,114,30,21 47 15 29 4 25 38 46 8 32 23 10 31 44 48 37 5 36 40 24,21 47 15 29 4 25 38 46 8 32,1,1
knn-30,evaluation,2026,115,4,21 47 15 29 4 25 38 46 8 32 23 10 31 44 48 37 5 36 40 24,21 47 15 29 4 25 38 46 8 32,0,0
knn-30,evaluation,2026,116,22,21 47 42 15 26 3 29 19 25 38 32 13 23 10 31 44 48 37 5 36,21 47 42 15 26 3 29 19 25 38,1,1
knn-30,evaluation,2026,117,16,21 47 42 15 3 29 19 25 35 38 32 13 23 10 31 44 48 37 5 36,21 47 42 15 3 29 19 25 35 38,1,1
knn-30,evaluation,2026,118,8,21 47 42 15 26 3 29 19 25 35 38 46 32 13 43 23 10 31 44 48,21 47 42 15 26 3 29 19 25 35,1,1
knn-30,evaluation,2026,119,11,21 47 42 15 26 3 29 19 25 35 38 46 32 13 43 10 31 44 48 37,21 47 42 15 26 3 29 19 25 35,1,1
knn-30,evaluation,2026,120,6,21 47 42 15 3 29 19 25 35 38 46 32 13 43 23 10 31 44 48 37,21 47 42 15 3 29 19 25 35 38,1,1
knn-30,evaluation,2026,121,44,21 47 42 15 3 29 19 25 35 38 12 32 13 43 23 10 31 44 48 37,21 47 42 15 3 29 19 25 35 38,0,1
knn-30,evaluation,2026,122,1,21 47 42 15 3 29 19 25 35 38 46 20 12 32 13 43 10 31 48 37,21 47 42 15 3 29 19 25 35 38,1,1
knn-30,evaluation,2026,123,46,21 47 42 15 3 29 19 25 35 38 46 20 12 13 43 10 31 48 37 33,21 47 42 15 3 29 19 25 35 38,0,1
knn-30,evaluation,2026,124,39,21 47 42 15 3 29 19 25 35 38 20 12 32 13 43 10 31 48 37 33,21 47 42 15 3 29 19 25 35 38,1,1
knn-30,evaluation,2026,125,31,21 47 42 15 3 29 19 25 35 38 20 12 32 13 43 10 31 48 37 33,21 47 42 15 3 29 19 25 35 38,0,1
knn-30,evaluation,2026,126,49,21 47 15 3 29 19 25 35 38 20 12 32 13 43 23 10 48 37 33 5,21 47 15 3 29 19 25 35 38 20,1,1
knn-30,evaluation,2026,127,45,21 47 42 15 3 29 19 25 35 38 20 12 32 13 43 10 48 37 33 28,21 47 42 15 3 29 19 25 35 38,1,1
knn-30,evaluation,2026,128,37,21 47 42 15 3 29 19 25 35 38 20 12 32 13 43 10 48 37 33 28,21 47 42 15 3 29 19 25 35 38,0,1
knn-30,evaluation,2026,129,41,21 47 42 15 3 29 25 35 38 20 12 32 13 43 23 10 48 33 28 5,21 47 42 15 3 29 25 35 38 20,1,1
knn-30,evaluation,2026,130,29,21 47 15 3 29 25 35 38 20 12 32 13 23 10 48 33 28 5 36 40,21 47 15 3 29 25 35 38 20 12,0,0
knn-30,evaluation,2026,131,7,21 47 42 15 3 25 35 38 20 12 32 13 43 23 10 48 33 28 5 36,21 47 42 15 3 25 35 38 20 12,1,1
knn-30,evaluation,2026,132,30,21 47 42 15 3 19 25 35 38 20 12 32 13 10 48 33 28 5 36 40,21 47 42 15 3 19 25 35 38 20,1,1
knn-30,evaluation,2026,133,7,21 47 42 15 3 19 25 35 38 20 12 32 13 10 48 33 28 5 36 40,21 47 42 15 3 19 25 35 38 20,1,1
knn-30,evaluation,2026,134,37,21 47 42 15 3 19 25 35 38 20 12 13 23 10 48 33 28 5 36 40,21 47 42 15 3 19 25 35 38 20,1,1
knn-30,evaluation,2026,135,30,21 47 42 15 3 19 25 35 38 20 12 32 13 23 10 48 33 28 5 36,21 47 42 15 3 19 25 35 38 20,1,1
knn-30,evaluation,2026,136,48,21 47 42 15 3 19 25 35 38 20 12 32 13 10 48 33 28 5 36 40,21 47 42 15 3 19 25 35 38 20,0,1
knn-30,evaluation,2026,137,26,21 47 42 15 3 19 25 35 38 20 12 32 13 43 10 33 28 5 36 40,21 47 42 15 3 19 25 35 38 20,1,1
knn-30,evaluation,2026,138,49,21 47 42 15 3 19 25 35 38 20 12 13 43 23 10 33 28 5 36 40,21 47 42 15 3 19 25 35 38 20,1,1
knn-30,evaluation,2026,139,24,21 47 42 15 3 19 25 35 38 20 12 32 13 43 10 33 28 5 36 40,21 47 42 15 3 19 25 35 38 20,1,1
knn-30,evaluation,2026,140,16,21 47 42 15 3 19 25 35 38 20 12 32 13 2 43 10 33 28 5 36,21 47 42 15 3 19 25 35 38 20,1,1
knn-30,evaluation,2026,141,33,21 47 42 15 3 19 25 35 38 20 32 13 2 43 10 33 28 5 36 40,21 47 42 15 3 19 25 35 38 20,0,1
knn-30,evaluation,2026,142,23,21 47 42 15 3 19 25 35 38 20 12 32 13 2 43 10 28 5 36 40,21 47 42 15 3 19 25 35 38 20,1,1
knn-30,evaluation,2026,143,44,21 47 42 15 3 19 4 25 35 38 20 32 13 2 43 10 28 5 36 40,21 47 42 15 3 19 4 25 35 38,1,1
knn-30,evaluation,2026,144,43,21 47 42 15 3 19 4 25 35 38 20 32 13 2 43 10 28 5 36 40,21 47 42 15 3 19 4 25 35 38,0,1
knn-30,evaluation,2026,145,5,21 47 42 15 3 19 4 6 25 35 38 20 32 13 2 10 28 5 36 40,21 47 42 15 3 19 4 6 25 35,0,1
knn-30,evaluation,2026,146,42,21 47 42 15 3 19 4 25 35 38 20 12 32 13 2 10 28 36 40 22,21 47 42 15 3 19 4 25 35 38,0,0
knn-30,evaluation,2026,147,13,21 47 15 3 19 4 6 25 35 38 8 20 32 13 2 10 28 36 40 22,21 47 15 3 19 4 6 25 35 38,0,1
knn-30,evaluation,2026,148,48,21 47 15 3 19 4 6 25 35 38 46 8 20 2 10 28 36 40 22 27,21 47 15 3 19 4 6 25 35 38,1,1
knn-30,evaluation,2026,149,27,21 47 15 19 4 6 25 35 38 46 8 20 32 2 10 1 28 36 22 27,21 47 15 19 4 6 25 35 38 46,0,1
knn-30,evaluation,2026,150,9,21 47 15 45 3 19 4 6 25 35 38 46 8 20 32 10 31 1 28 36,21 47 15 45 3 19 4 6 25 35,1,1
knn-30,evaluation,2026,151,31,47 15 45 3 19 4 6 25 35 38 46 8 20 32 2 10 31 36 40 22,47 15 45 3 19 4 6 25 35 38,0,1
knn-30,evaluation,2026,152,45,21 47 45 3 19 4 6 25 35 38 46 8 20 12 32 2 10 1 36 40,21 47 45 3 19 4 6 25 35 38,0,0
knn-30,evaluation,2026,153,41,21 47 3 19 4 6 25 41 35 38 46 8 20 12 32 2 10 1 36 40,21 47 3 19 4 6 25 41 35 38,0,0
knn-30,evaluation,2026,154,41,47 3 29 19 4 6 25 35 38 46 8 20 12 32 2 10 1 36 40 22,47 3 29 19 4 6 25 35 38 46,1,1
knn-30,evaluation,2026,155,7,47 15 29 4 6 25 35 38 46 8 20 12 32 2 10 1 36 40 22 14,47 15 29 4 6 25 35 38 46 8,1,1
knn-30,evaluation,2026,156,1,47 15 29 19 4 6 25 35 38 46 8 20 12 32 2 10 36 40 22 14,47 15 29 19 4 6 25 35 38 46,1,1
knn-30,evaluation,2026,157,40,47 3 29 19 4 6 25 35 38 46 8 20 12 32 2 10 36 40 22 14,47 3 29 19 4 6 25 35 38 46,0,1
knn-30,evaluation,2026,158,16,47 15 3 29 19 4 6 25 35 38 46 8 20 12 32 2 10 22 14 18,47 15 3 29 19 4 6 25 35 38,1,1
knn-30,evaluation,2026,159,39,15 3 29 19 4 6 25 35 38 46 8 20 12 32 2 10 22 14 18 34,15 3 29 19 4 6 25 35 38 46,1,1
knn-30,evaluation,2026,160,2,21 47 3 29 19 4 6 25 35 38 46 8 20 12 32 2 10 28 22 14,21 47 3 29 19 4 6 25 35 38,0,1
knn-30,evaluation,2026,161,8,21 47 15 3 29 19 6 25 35 38 46 8 20 12 32 10 37 28 22 14,21 47 15 3 29 19 6 25 35 38,0,1
knn-30,evaluation,2026,162,32,21 47 30 3 29 19 6 25 35 38 46 20 12 32 10 37 28 22 14 18,21 47 30 3 29 19 6 25 35 38,0,1
knn-30,evaluation,2026,163,37,21 15 26 3 29 19 6 25 35 38 46 20 12 10 37 28 22 14 18 11,21 15 26 3 29 19 6 25 35 38,0,1
knn-30,evaluation,2026,164,21,21 15 30 3 29 19 6 25 35 38 46 20 12 10 28 22 14 18 11 34,21 15 30 3 29 19 6 25 35 38,0,0
knn-30,evaluation,2026,165,3,49 15 26 3 29 19 6 25 35 38 46 20 12 10 22 24 14 18 34 17,49 15 26 3 29 19 6 25 35 38,0,0
knn-30,evaluation,2026,166,6,49 15 26 29 19 4 6 25 35 38 46 20 12 43 23 10 44 33 24 14,49 15 26 29 19 4 6 25 35 38,0,0
knn-30,evaluation,2026,167,19,49 15 26 29 19 4 25 35 38 46 20 12 43 10 44 33 36 14 18 34,49 15 26 29 19 4 25 35 38 46,0,0
knn-30,evaluation,2026,168,15,49 47 15 30 29 4 25 35 38 46 20 12 43 23 10 33 28 36 22 24,49 47 15 30 29 4 25 35 38 46,0,0
knn-30,evaluation,2026,169,24,49 47 26 30 29 4 25 35 38 46 20 12 43 23 10 48 33 28 5 36,49 47 26 30 29 4 25 35 38 46,1,1
knn-30,evaluation,2026,170,3,49 47 26 30 4 25 35 38 46 20 12 13 43 23 48 33 28 5 36 27,49 47 26 30 4 25 35 38 46 20,1,1
knn-30,evaluation,2026,171,28,49 47 42 26 30 4 25 35 38 46 20 12 13 43 44 33 28 5 36 22,49 47 42 26 30 4 25 35 38 46,0,1
knn-30,evaluation,2026,172,44,49 47 42 26 45 30 4 25 35 38 46 20 12 13 43 44 33 5 36 22,49 47 42 26 45 30 4 25 35 38,0,1
knn-30,evaluation,2026,173,26,26 45 30 29 4 25 35 38 46 20 12 13 43 10 31 33 36 27 14 11,26 45 30 29 4 25 35 38 46 20,0,0
knn-30,evaluation,2026,174,41,49 47 42 45 30 29 4 25 41 35 38 46 20 12 43 10 31 33 5 36,49 47 42 45 30 29 4 25 41 35,0,0
knn-30,evaluation,2026,175,26,49 47 42 45 30 29 4 25 35 38 46 20 12 23 10 31 48 33 5 36,49 47 42 45 30 29 4 25 35 38,1,1
knn-30,evaluation,2026,176,10,49 47 42 45 30 29 4 25 35 38 46 20 12 23 10 31 48 33 5 36,49 47 42 45 30 29 4 25 35 38,0,1
knn-30,evaluation,2026,177,14,49 47 45 30 29 4 25 35 38 46 20 12 13 23 31 48 33 5 36 22,49 47 45 30 29 4 25 35 38 46,1,1
knn-30,evaluation,2026,178,18,49 45 30 29 4 25 35 38 46 20 12 13 23 31 48 33 5 36 22 11,49 45 30 29 4 25 35 38 46 20,1,1
knn-30,evaluation,2026,179,15,49 45 30 29 4 25 35 38 46 8 20 12 2 23 31 16 48 33 36 40,49 45 30 29 4 25 35 38 46 8,1,1
knn-30,evaluation,2026,180,21,49 47 45 30 29 4 25 35 38 46 8 20 12 2 23 31 16 48 33 36,49 47 45 30 29 4 25 35 38 46,1,1
knn-30,evaluation,2026,181,19,49 47 45 30 29 4 25 35 38 46 8 20 12 2 23 31 16 48 33 36,49 47 45 30 29 4 25 35 38 46,1,1
knn-30,evaluation,2026,182,41,49 47 42 45 30 29 4 25 35 38 46 8 20 12 32 2 23 31 16 37,49 47 42 45 30 29 4 25 35 38,1,1
knn-30,evaluation,2026,183,24,49 47 45 30 29 4 25 35 38 46 8 20 12 32 2 23 31 16 48 37,49 47 45 30 29 4 25 35 38 46,1,1
knn-30,evaluation,2026,184,1,49 47 42 45 30 29 4 25 35 38 46 8 20 12 32 2 31 16 37 33,49 47 42 45 30 29 4 25 35 38,1,1
knn-30,evaluation,2026,185,36,49 47 45 30 29 4 25 35 46 8 20 12 32 2 23 31 16 37 33 5,49 47 45 30 29 4 25 35 46 8,1,1
knn-30,evaluation,2026,186,23,49 47 42 45 30 29 4 25 35 46 8 20 12 32 2 23 31 16 37 33,49 47 42 45 30 29 4 25 35 46,0,1
knn-30,evaluation,2026,187,1,49 47 42 45 30 29 4 25 35 38 46 8 20 12 32 13 2 43 16 37,49 47 42 45 30 29 4 25 35 38,1,1
knn-30,evaluation,2026,188,16,49 47 42 45 30 4 6 25 35 46 8 20 12 32 13 2 43 16 37 33,49 47 42 45 30 4 6 25 35 46,0,1
knn-30,evaluation,2026,189,15,49 47 42 45 30 4 6 25 35 46 8 20 12 32 13 2 43 37 33 5,49 47 42 45 30 4 6 25 35 46,1,1
knn-30,evaluation,2026,190,16,49 47 42 45 30 4 6 25 35 46 8 20 12 32 13 2 43 37 33 5,49 47 42 45 30 4 6 25 35 46,1,1
knn-30,evaluation,2026,191,29,49 47 42 45 30 4 6 25 35 46 8 20 12 32 13 2 43 37 33 5,49 47 42 45 30 4 6 25 35 46,1,1
knn-30,evaluation,2026,192,25,49 47 42 45 30 4 6 25 35 38 46 8 20 12 32 13 2 43 37 33,49 47 42 45 30 4 6 25 35 38,0,0
knn-30,evaluation,2026,193,9,49 47 42 45 30 3 4 6 35 46 8 20 12 32 13 2 43 37 33 28,49 47 42 45 30 3 4 6 35 46,1,1
knn-30,evaluation,2026,194,26,49 47 42 45 30 3 4 6 35 38 46 8 20 12 32 13 2 43 37 33,49 47 42 45 30 3 4 6 35 38,1,1
knn-30,evaluation,2026,195,25,49 47 42 45 30 3 4 6 35 38 46 8 20 12 32 13 2 43 44 37,49 47 42 45 30 3 4 6 35 38,1,1
knn-30,evaluation,2026,196,39,49 47 42 45 30 3 4 35 38 46 8 20 12 32 13 2 43 44 37 33,49 47 42 45 30 3 4 35 38 46,1,1
knn-30,evaluation,2026,197,8,49 47 42 45 30 3 4 6 35 38 46 8 20 12 32 13 2 43 44 37,49 47 42 45 30 3 4 6 35 38,0,1
knn-30,evaluation,2026,198,7,49 47 42 45 30 3 4 6 35 38 46 20 12 32 13 2 43 44 37 33,49 47 42 45 30 3 4 6 35 38,1,1
knn-30,evaluation,2026,199,36,49 47 42 45 30 3 4 6 35 38 46 20 12 13 2 43 31 44 37 33,49 47 42 45 30 3 4 6 35 38,1,1
knn-30,evaluation,2026,200,39,49 42 45 30 3 4 6 35 46 20 12 32 13 2 43 44 48 37 33 28,49 42 45 30 3 4 6 35 46 20,1,1
knn-30,evaluation,2026,201,32,49 42 45 30 3 4 6 35 46 20 12 32 13 2 43 31 44 48 37 33,49 42 45 30 3 4 6 35 46 20,0,1
knn-30,evaluation,2026,202,40,49 42 45 30 3 4 6 35 46 20 12 13 2 43 31 44 48 37 33 28,49 42 45 30 3 4 6 35 46 20,1,1
knn-30,evaluation,2026,203,25,49 47 42 45 3 6 35 46 20 12 13 2 43 10 31 44 48 37 33 28,49 47 42 45 3 6 35 46 20 12,1,1
knn-30,evaluation,2026,204,5,49 42 45 3 4 6 35 46 20 12 13 2 43 10 31 44 48 37 33 28,49 42 45 3 4 6 35 46 20 12,1,1
knn-30,evaluation,2026,205,3,49 42 45 30 3 4 6 35 46 20 12 13 2 43 10 31 44 48 37 33,49 42 45 30 3 4 6 35 46 20,0,0
knn-30,evaluation,2026,206,47,49 47 45 30 4 6 35 46 20 12 13 2 43 10 31 44 48 37 33 28,49 47 45 30 4 6 35 46 20 12,0,0
knn-30,evaluation,2026,207,31,49 21 42 45 30 19 6 41 35 46 20 12 13 43 10 31 44 48 37 33,49 21 42 45 30 19 6 41 35 46,0,1
knn-30,evaluation,2026,208,19,49 21 42 45 30 19 6 41 35 46 20 12 13 43 10 44 48 37 33 28,49 21 42 45 30 19 6 41 35 46,0,0
knn-30,evaluation,2026,209,8,49 21 42 45 30 6 41 35 46 20 12 13 2 43 10 44 48 37 33 28,49 21 42 45 30 6 41 35 46 20,1,1
knn-30,evaluation,2026,210,49,49 21 42 45 30 6 41 35 46 20 12 13 2 43 10 44 48 37 33 28,49 21 42 45 30 6 41 35 46 20,0,0
knn-30,evaluation,2026,211,1,21 42 30 6 41 35 46 20 12 13 2 43 10 44 48 37 33 28 22 24,21 42 30 6 41 35 46 20 12 13,1,1
knn-30,evaluation,2026,212,6,21 42 30 6 41 35 46 20 12 13 2 43 10 44 48 37 33 28 22 24,21 42 30 6 41 35 46 20 12 13,0,0
knn-30,evaluation,2026,213,35,21 42 30 4 41 35 46 20 13 43 10 44 48 37 33 28 22 24 27 14,21 42 30 4 41 35 46 20 13 43,0,0
knn-30,evaluation,2026,214,4,21 42 30 41 46 20 13 43 23 10 44 48 37 33 28 22 24 27 14 18,21 42 30 41 46 20 13 43 23 10,1,1
knn-30,evaluation,2026,215,14,21 30 29 41 38 46 20 13 43 23 10 16 44 48 37 33 28 22 24 14,21 30 29 41 38 46 20 13 43 23,0,1
knn-30,evaluation,2026,216,37,21 42 15 45 30 41 38 46 20 13 43 23 10 16 44 48 37 33 28 22,21 42 15 45 30 41 38 46 20 13,0,1
knn-30,evaluation,2026,217,26,21 42 15 45 30 41 38 46 20 13 43 10 16 44 48 33 28 22 24 27,21 42 15 45 30 41 38 46 20 13,1,1
knn-30,evaluation,2026,218,17,21 42 15 45 30 41 38 46 20 13 43 10 16 44 48 33 28 22 24 27,21 42 15 45 30 41 38 46 20 13,1,1
knn-30,evaluation,2026,219,43,21 42 15 45 30 29 41 38 46 13 43 10 16 44 48 33 28 22 24 27,21 42 15 45 30 29 41 38 46 13,0,1
knn-30,evaluation,2026,220,48,21 42 15 45 30 29 41 38 46 13 10 16 44 48 33 28 22 24 27 18,21 42 15 45 30 29 41 38 46 13,0,1
knn-30,evaluation,2026,221,1,42 15 45 30 29 41 38 46 13 2 10 16 44 33 28 22 24 27 18 11,42 15 45 30 29 41 38 46 13 2,1,1
knn-30,evaluation,2026,222,26,42 15 45 30 29 41 38 46 13 10 16 44 33 28 22 24 27 18 11 34,42 15 45 30 29 41 38 46 13 10,1,1
knn-30,evaluation,2026,223,23,21 42 15 45 30 29 41 38 46 20 12 13 2 10 16 44 33 28 22 27,21 42 15 45 30 29 41 38 46 20,1,1
knn-30,evaluation,2026,224,9,21 42 45 30 29 41 38 46 20 12 13 2 10 44 33 28 22 24 27 18,21 42 45 30 29 41 38 46 20 12,1,1
knn-30,evaluation,2026,225,1,21 42 15 45 30 41 38 46 20 13 10 16 44 33 28 22 24 27 18 11,21 42 15 45 30 41 38 46 20 13,1,1
knn-30,evaluation,2026,226,17,21 42 15 45 30 41 38 46 20 12 13 2 16 44 33 28 22 24 27 18,21 42 15 45 30 41 38 46 20 12,1,1
knn-30,evaluation,2026,227,16,21 42 15 45 30 41 38 46 20 12 13 2 16 44 33 28 36 22 24 27,21 42 15 45 30 41 38 46 20 12,0,1
knn-30,evaluation,2026,228,23,21 42 15 45 30 41 46 20 12 32 13 10 44 33 28 36 22 24 27 18,21 42 15 45 30 41 46 20 12 32,1,1
knn-30,evaluation,2026,229,38,21 42 15 45 25 41 46 20 12 32 13 2 44 33 28 5 36 40 22 24,21 42 15 45 25 41 46 20 12 32,1,1
knn-30,evaluation,2026,230,16,21 47 42 15 45 3 19 25 41 20 12 32 13 2 44 33 28 5 40 22,21 47 42 15 45 3 19 25 41 20,1,1
knn-30,evaluation,2026,231,20,21 42 15 45 3 19 25 41 46 8 20 12 32 13 2 44 33 28 5 40,21 42 15 45 3 19 25 41 46 8,0,1
knn-30,evaluation,2026,232,42,49 21 47 42 15 45 3 19 25 41 8 12 32 13 2 44 33 28 5 40,49 21 47 42 15 45 3 19 25 41,0,0
knn-30,evaluation,2026,233,7,49 21 47 15 45 30 3 19 25 41 8 12 32 13 2 33 28 5 36 40,49 21 47 15 45 30 3 19 25 41,1,1
knn-30,evaluation,2026,234,39,49 21 47 15 45 30 3 19 25 41 35 8 12 32 13 2 33 28 5 36,49 21 47 15 45 30 3 19 25 41,1,1
knn-30,evaluation,2026,235,32,49 21 47 15 45 30 3 19 25 41 35 8 12 32 13 2 33 28 5 36,49 21 47 15 45 30 3 19 25 41,0,1
knn-30,evaluation,2026,236,11,49 21 47 15 45 30 3 19 25 41 8 12 13 2 33 28 5 36 40 22,49 21 47 15 45 30 3 19 25 41,1,1
knn-30,evaluation,2026,237,12,49 21 47 15 45 3 19 25 41 35 8 12 13 44 33 28 5 36 40 22,49 21 47 15 45 3 19 25 41 35,0,1
knn-30,evaluation,2026,238,17,49 21 47 15 45 3 19 25 41 35 8 13 43 44 33 28 5 36 40 27,49 21 47 15 45 3 19 25 41 35,1,1
knn-30,evaluation,2026,239,5,49 21 47 15 45 3 29 19 25 41 35 8 13 43 10 31 44 48 37 33,49 21 47 15 45 3 29 19 25 41,1,1
knn-30,evaluation,2026,240,27,49 21 47 15 45 3 29 19 25 41 35 8 13 43 10 31 44 48 37 33,49 21 47 15 45 3 29 19 25 41,1,1
knn-30,evaluation,2026,241,49,49 21 47 15 45 3 19 4 25 41 35 8 13 43 10 31 48 37 33 28,49 21 47 15 45 3 19 4 25 41,0,0
knn-30,evaluation,2026,242,9,21 47 15 3 29 19 4 25 41 35 8 13 43 10 31 48 37 33 28 36,21 47 15 3 29 19 4 25 41 35,1,1
knn-30,evaluation,2026,243,21,21 47 15 45 3 29 19 4 25 41 35 8 13 43 10 31 44 48 37 33,21 47 15 45 3 29 19 4 25 41,0,0
knn-30,evaluation,2026,244,46,47 15 45 3 29 19 4 25 41 35 8 13 43 10 31 44 48 37 33 28,47 15 45 3 29 19 4 25 41 35,1,1
knn-30,evaluation,2026,245,18,47 15 26 45 29 19 4 25 41 35 8 13 43 10 31 44 48 37 33 28,47 15 26 45 29 19 4 25 41 35,1,1
knn-30,evaluation,2026,246,30,47 15 26 45 29 19 4 25 41 35 8 13 43 10 31 44 48 37 33 28,47 15 26 45 29 19 4 25 41 35,1,1
knn-30,evaluation,2026,247,40,47 15 26 45 29 19 6 25 41 35 8 13 43 10 31 44 48 37 33 28,47 15 26 45 29 19 6 25 41 35,1,1
knn-30,evaluation,2026,248,20,47 26 45 3 29 19 6 25 41 35 8 13 43 10 31 44 48 37 33 28,47 26 45 3 29 19 6 25 41 35,1,1
knn-30,evaluation,2026,249,23,47 26 45 29 19 6 25 41 35 8 13 43 10 31 44 48 37 33 28 36,47 26 45 29 19 6 25 41 35 8,1,1
knn-30,evaluation,2026,250,14,26 45 29 19 6 25 41 35 8 13 43 10 31 44 48 1 33 28 36 22,26 45 29 19 6 25 41 35 8 13,1,1
knn-30,evaluation,2026,251,30,26 45 29 19 6 25 41 35 8 13 2 43 10 31 44 48 1 33 28 36,26 45 29 19 6 25 41 35 8 13,1,1
knn-30,evaluation,2026,252,22,26 45 29 6 25 41 35 38 8 13 2 43 10 31 44 48 1 33 28 36,26 45 29 6 25 41 35 38 8 13,1,1
knn-30,evaluation,2026,253,16,42 26 45 29 25 41 35 38 8 13 2 43 10 31 16 44 48 1 33 28,42 26 45 29 25 41 35 38 8 13,0,1
knn-30,evaluation,2026,254,2,42 26 45 3 29 6 25 41 35 38 13 43 10 31 44 48 1 33 28 36,42 26 45 3 29 6 25 41 35 38,1,1
knn-30,evaluation,2026,255,44,42 26 45 3 29 19 25 41 35 38 13 43 10 31 44 48 37 1 33 28,42 26 45 3 29 19 25 41 35 38,0,1
knn-30,evaluation,2026,256,1,42 26 3 29 19 25 41 35 38 8 12 32 13 43 10 31 48 37 1 33,42 26 3 29 19 25 41 35 38 8,0,1
knn-30,evaluation,2026,257,7,42 26 3 29 19 25 41 35 38 8 32 13 43 10 31 48 37 33 36 11,42 26 3 29 19 25 41 35 38 8,1,1
knn-30,evaluation,2026,258,46,42 26 3 29 19 25 41 35 38 8 32 13 43 10 31 48 37 33 36 11,42 26 3 29 19 25 41 35 38 8,1,1
knn-30,evaluation,2026,259,22,47 42 15 26 45 3 29 19 25 41 38 8 12 32 13 43 37 33 28 36,47 42 15 26 45 3 29 19 25 41,1,1
knn-30,evaluation,2026,260,20,47 42 15 26 3 29 19 25 41 35 38 12 32 13 43 33 28 5 36 24,47 42 15 26 3 29 19 25 41 35,1,1
knn-30,evaluation,2026,261,24,21 47 42 15 26 45 3 29 19 4 6 41 38 8 12 32 13 43 37 33,21 47 42 15 26 45 3 29 19 4,1,1
knn-30,evaluation,2026,262,30,49 21 47 42 26 3 29 19 25 41 35 8 12 32 13 43 48 37 33 5,49 21 47 42 26 3 29 19 25 41,1,1
knn-30,evaluation,2026,263,9,21 47 15 3 29 19 6 25 41 35 38 8 12 32 13 43 10 33 28 5,21 47 15 3 29 19 6 25 41 35,1,1
knn-30,evaluation,2026,264,21,21 47 42 15 3 29 19 6 25 41 35 38 12 32 13 43 10 37 33 28,21 47 42 15 3 29 19 6 25 41,0,0
knn-30,evaluation,2026,265,49,47 15 26 45 3 29 19 6 25 41 35 38 12 32 13 43 10 31 37 33,47 15 26 45 3 29 19 6 25 41,1,1
knn-30,evaluation,2026,266,8,47 42 15 26 3 29 19 6 25 41 35 38 12 32 13 43 10 31 37 33,47 42 15 26 3 29 19 6 25 41,1,1
markov-shrink-50,validation,2025,246,6,19 26 48 17 21 6 12 16 5 22 7 49 3 41 1 46 36 32 27 30,19 26 48 17 21 6 12 16 5 22,0,0
markov-shrink-50,validation,2025,247,25,19 48 17 12 16 5 22 49 3 6 35 29 46 8 43 31 44 37 36 11,19 48 17 12 16 5 22 49 3 6,1,1
markov-shrink-50,validation,2025,248,12,19 26 48 12 32 5 27 7 3 4 35 1 29 43 37 36 11 34 21 42,19 26 48 12 32 5 27 7 3 4,0,0
markov-shrink-50,validation,2025,249,2,19 26 48 17 21 32 16 5 22 27 7 3 4 35 29 8 43 36 11 34,19 26 48 17 21 32 16 5 22 27,1,1
markov-shrink-50,validation,2025,250,12,19 26 48 17 21 32 16 5 22 27 7 3 4 35 29 8 43 36 11 34,19 26 48 17 21 32 16 5 22 27,1,1
markov-shrink-50,validation,2025,251,35,19 26 48 17 21 32 16 5 22 27 7 3 4 35 29 8 43 36 11 34,19 26 48 17 21 32 16 5 22 27,0,1
markov-shrink-50,validation,2025,252,23,19 26 48 32 5 27 7 3 4 1 29 35 43 37 36 11 34 21 16 22,19 26 48 32 5 27 7 3 4 1,1,1
markov-shrink-50,validation,2025,253,33,19 48 17 32 16 22 27 7 3 4 6 41 1 26 29 12 43 37 36 11,19 48 17 32 16 22 27 7 3 4,1,1
markov-shrink-50,validation,2025,254,17,19 48 17 32 16 22 27 7 3 4 6 41 1 26 29 12 43 37 36 11,19 48 17 32 16 22 27 7 3 4,0,0
markov-shrink-50,validation,2025,255,42,19 26 48 21 32 16 5 22 17 49 4 6 1 29 35 46 8 12 43 31,19 26 48 21 32 16 5 22 17 49,1,1
markov-shrink-50,validation,2025,256,48,19 26 48 21 32 16 5 22 27 7 17 3 4 29 8 43 36 11 34 9,19 26 48 21 32 16 5 22 27 7,0,0
markov-shrink-50,validation,2025,257,28,19 26 21 16 48 22 27 7 17 49 6 41 35 31 44 37 36 9 32 5,19 26 21 16 48 22 27 7 17 49,1,1
markov-shrink-50,validation,2025,258,38,19 26 21 16 48 22 27 7 17 49 6 41 35 31 44 37 36 9 32 13,19 26 21 16 48 22 27 7 17 49,1,1
markov-shrink-50,validation,2025,259,47,19 26 21 16 48 22 27 7 17 49 6 41 35 31 44 37 36 9 5 13,19 26 21 16 48 22 27 7 17 49,1,1
markov-shrink-50,validation,2025,260,3,19 26 21 32 16 48 5 22 17 49 4 6 1 29 35 46 8 12 43 31,19 26 21 32 16 48 5 22 17 49,1,1
markov-shrink-50,validation,2025,261,33,19 32 16 48 22 27 7 4 6 41 1 26 3 29 12 43 37 36 11 34,19 32 16 48 22 27 7 4 6 41,1,1
markov-shrink-50,validation,2025,262,44,19 32 16 48 22 27 7 4 6 41 1 26 3 29 12 43 37 36 11 34,19 32 16 48 22 27 7 4 6 41,1,1
markov-shrink-50,validation,2025,263,38,19 26 21 16 48 5 22 7 17 49 41 1 3 46 12 36 32 27 30 13,19 26 21 16 48 5 22 7 17 49,1,1
markov-shrink-50,validation,2025,264,43,19 26 21 16 48 22 27 7 17 49 6 41 35 31 37 36 9 5 13 44,19 26 21 16 48 22 27 7 17 49,1,1
markov-shrink-50,validation,2025,265,10,19 32 16 48 22 27 7 4 6 41 1 3 29 12 37 36 11 34 21 17,19 32 16 48 22 27 7 4 6 41,1,1
markov-shrink-50,validation,2025,266,41,19 26 21 32 16 48 5 22 27 7 17 4 41 29 46 8 9 30 44 1,19 26 21 32 16 48 5 22 27 7,0,1
markov-shrink-50,validation,2025,267,29,19 26 21 32 5 22 27 7 17 49 4 6 1 41 35 46 8 12 31 37,19 26 21 32 5 22 27 7 17 49,1,1
markov-shrink-50,validation,2025,268,10,19 26 21 32 5 27 17 49 4 6 1 3 41 35 46 12 31 37 11 34,19 26 21 32 5 27 17 49 4 6,1,1
markov-shrink-50,validation,2025,269,31,19 26 21 32 16 48 5 22 27 7 17 4 46 8 9 30 29 44 1 45,19 26 21 32 16 48 5 22 27 7,1,1
markov-shrink-50,validation,2025,270,35,19 26 21 32 5 22 27 7 17 49 4 6 1 41 35 46 8 12 37 36,19 26 21 32 5 22 27 7 17 49,0,1
markov-shrink-50,validation,2025,271,6,19 26 32 48 5 27 7 4 1 3 37 36 11 34 21 16 22 29 35 13,19 26 32 48 5 27 7 4 1 3,1,1
markov-shrink-50,validation,2025,272,36,19 16 48 5 22 17 49 3 6 46 8 12 37 36 11 9 21 32 27 7,19 16 48 5 22 17 49 3 6 46,0,1
markov-shrink-50,validation,2025,273,4,19 16 48 5 22 17 49 26 3 6 46 8 12 37 11 9 32 27 7 29,19 16 48 5 22 17 49 26 3 6,1,1
markov-shrink-50,validation,2025,274,44,19 26 21 16 48 5 22 7 17 49 1 3 41 46 12 32 30 13 36 18,19 26 21 16 48 5 22 7 17 49,1,1
markov-shrink-50,validation,2025,275,45,19 26 21 16 48 5 22 7 17 49 1 3 41 46 12 32 27 30 13 36,19 26 21 16 48 5 22 7 17 49,1,1
markov-shrink-50,validation,2025,276,9,19 26 32 48 5 27 7 1 3 4 37 11 34 21 16 22 29 35 13 43,19 26 32 48 5 27 7 1 3 4,1,1
markov-shrink-50,validation,2025,277,16,19 26 21 32 5 27 17 49 1 3 4 6 41 46 12 37 11 34 48 22,19 26 21 32 5 27 17 49 1 3,1,1
markov-shrink-50,validation,2025,278,28,19 48 5 22 17 49 16 26 3 6 46 8 12 37 11 21 27 29 35 13,19 48 5 22 17 49 16 26 3 6,1,1
markov-shrink-50,validation,2025,279,27,19 26 21 48 22 27 7 17 49 16 6 41 37 32 35 13 31 36 14 18,19 26 21 48 22 27 7 17 49 16,0,0
markov-shrink-50,validation,2025,280,42,19 26 21 32 48 5 22 17 49 16 1 4 6 46 8 12 37 11 34 7,19 26 21 32 48 5 22 17 49 16,1,1
markov-shrink-50,validation,2025,281,47,19 26 21 32 5 22 7 17 16 27 3 4 8 11 34 30 29 13 43 36,19 26 21 32 5 22 7 17 16 27,1,1
markov-shrink-50,validation,2025,282,41,19 26 21 32 48 5 22 17 49 16 1 4 6 46 8 12 37 11 34 7,19 26 21 32 48 5 22 17 49 16,1,1
markov-shrink-50,validation,2025,283,45,19 26 21 32 5 22 7 17 49 1 27 4 6 46 8 12 37 48 41 43,19 26 21 32 5 22 7 17 49 1,1,1
markov-shrink-50,validation,2025,284,41,19 26 32 48 5 7 1 27 3 4 37 11 34 21 22 29 35 13 43 36,19 26 32 48 5 7 1 27 3 4,1,1
markov-shrink-50,validation,2025,285,24,19 26 21 32 5 22 7 17 49 1 27 4 6 46 8 12 37 48 43 31,19 26 21 32 5 22 7 17 49 1,1,1
markov-shrink-50,validation,2025,286,3,19 26 21 48 5 22 7 17 49 16 1 3 46 12 32 30 13 36 18 27,19 26 21 48 5 22 7 17 49 16,0,1
markov-shrink-50,validation,2025,287,34,19 32 48 22 7 16 1 27 26 4 6 12 37 11 34 21 17 30 3 29,19 32 48 22 7 16 1 27 26 4,0,1
markov-shrink-50,validation,2025,288,14,19 26 21 48 5 22 7 17 49 16 1 46 12 32 30 13 36 18 27 41,19 26 21 48 5 22 7 17 49 16,1,1
markov-shrink-50,validation,2025,289,42,19 26 21 48 5 22 7 17 49 16 1 46 12 30 13 36 18 27 41 20,19 26 21 48 5 22 7 17 49 16,1,1
markov-shrink-50,validation,2025,290,19,19 26 21 32 5 22 7 17 16 27 4 8 11 30 3 29 13 43 36 34,19 26 21 32 5 22 7 17 16 27,0,0
markov-shrink-50,validation,2025,291,44,19 26 21 32 5 17 49 1 27 4 6 46 12 37 11 48 22 7 3 29,19 26 21 32 5 17 49 1 27 4,1,1
markov-shrink-50,validation,2025,292,2,19 26 21 48 5 22 7 17 49 16 1 46 12 32 30 13 36 18 27 41,19 26 21 48 5 22 7 17 49 16,1,1
markov-shrink-50,validation,2025,293,47,26 21 32 5 22 7 17 19 16 27 4 8 11 48 30 3 29 13 43 36,26 21 32 5 22 7 17 19 16 27,1,1
markov-shrink-50,validation,2025,294,18,19 26 21 32 48 5 22 17 49 16 1 4 6 46 8 12 37 11 29 35,19 26 21 32 48 5 22 17 49 16,1,1
markov-shrink-50,validation,2025,295,5,19 26 21 48 22 7 17 49 16 6 37 32 5 35 13 31 36 9 1 27,19 26 21 48 22 7 17 49 16 6,0,1
markov-shrink-50,validation,2025,296,22,19 26 32 48 7 1 5 27 4 37 11 21 22 3 29 35 13 43 36 34,19 26 32 48 7 1 5 27 4 37,0,1
markov-shrink-50,validation,2025,297,44,26 21 32 7 17 19 16 5 22 27 4 8 11 48 30 3 29 13 43 36,26 21 32 7 17 19 16 5 22 27,1,1
markov-shrink-50,validation,2025,298,23,19 26 21 48 7 17 49 16 1 5 22 46 12 32 30 13 36 27 41 20,19 26 21 48 7 17 49 16 1 5,1,1
markov-shrink-50,validation,2025,299,49,19 32 48 7 16 1 22 27 26 4 6 12 37 11 17 30 3 29 43 36,19 32 48 7 16 1 22 27 26 4,1,1
markov-shrink-50,validation,2025,300,40,19 26 21 32 17 1 5 27 49 4 6 46 12 37 11 48 7 3 29 35,19 26 21 32 17 1 5 27 49 4,1,1
markov-shrink-50,validation,2025,301,5,19 26 21 32 48 7 17 16 5 22 27 4 46 8 30 29 9 1 49 6,19 26 21 32 48 7 17 16 5 22,0,0
markov-shrink-50,validation,2025,302,22,19 26 32 48 7 1 27 4 37 5 11 21 3 29 35 13 43 36 34 16,19 26 32 48 7 1 27 4 37 5,1,1
markov-shrink-50,validation,2025,303,15,26 21 32 7 17 19 16 27 4 8 5 22 11 48 30 3 29 13 43 36,26 21 32 7 17 19 16 27 4 8,1,1
markov-shrink-50,validation,2025,304,48,19 26 32 48 7 1 27 4 37 5 11 3 29 35 13 43 36 34 16 39,19 26 32 48 7 1 27 4 37 5,0,0
markov-shrink-50,validation,2025,305,42,19 26 21 7 17 16 48 49 6 37 22 32 35 13 31 36 9 1 27 41,19 26 21 7 17 16 48 49 6 37,1,1
markov-shrink-50,validation,2025,306,17,26 21 32 7 17 16 27 4 8 5 22 11 30 3 29 13 43 36 34 9,26 21 32 7 17 16 27 4 8 5,0,0
markov-shrink-50,validation,2025,307,20,19 26 21 32 16 48 1 17 49 4 6 46 8 12 37 5 22 11 7 29,19 26 21 32 16 48 1 17 49 4,1,1
markov-shrink-50,validation,2025,308,39,19 26 21 32 7 16 48 27 17 4 46 8 22 30 29 9 1 49 6 12,19 26 21 32 7 16 48 27 17 4,1,1
markov-shrink-50,validation,2025,309,6,19 26 21 32 1 27 17 49 4 6 46 12 37 5 11 3 29 35 31 34,19 26 21 32 1 27 17 49 4 6,0,0
markov-shrink-50,validation,2025,310,16,19 16 48 17 49 46 8 12 37 5 22 11 3 29 6 35 13 43 31 9,19 16 48 17 49 46 8 12 37 5,0,0
markov-shrink-50,validation,2025,311,37,19 48 17 49 46 8 12 37 5 22 11 26 3 29 6 35 13 43 31 9,19 48 17 49 46 8 12 37 5 22,0,0
markov-shrink-50,validation,2025,312,14,19 26 21 32 48 1 17 49 4 46 8 12 16 5 22 11 29 6 35 43,19 26 21 32 48 1 17 49 4 46,1,1
markov-shrink-50,validation,2025,313,38,19 26 21 7 48 1 17 49 46 12 16 5 22 30 13 36 27 41 18 8,19 26 21 7 48 1 17 49 46 12,1,1
markov-shrink-50,validation,2025,314,23,19 26 21 7 48 17 49 16 22 6 35 13 31 37 36 9 41 18 1 27,19 26 21 7 48 17 49 16 22 6,1,1
markov-shrink-50,validation,2025,315,4,19 32 7 48 1 27 26 4 12 16 22 11 30 3 29 6 43 37 36 17,19 32 7 48 1 27 26 4 12 16,0,0
markov-shrink-50,validation,2025,316,24,19 26 21 7 48 1 17 49 46 12 16 5 22 32 30 13 36 41 18 8,19 26 21 7 48 1 17 49 46 12,1,1
markov-shrink-50,validation,2025,317,18,19 26 21 7 48 1 17 49 46 12 16 5 22 32 30 13 36 27 41 18,19 26 21 7 48 1 17 49 46 12,0,1
markov-shrink-50,validation,2025,318,6,19 26 21 7 48 17 49 16 22 32 6 35 13 31 37 36 9 1 27 41,19 26 21 7 48 17 49 16 22 32,0,1
markov-shrink-50,validation,2025,319,45,19 48 17 49 46 8 12 5 22 11 3 29 35 13 43 31 9 21 32 7,19 48 17 49 46 8 12 5 22 11,1,1
markov-shrink-50,validation,2025,320,28,19 26 32 7 1 27 5 11 21 3 29 4 35 13 43 37 36 34 48 49,19 26 32 7 1 27 5 11 21 3,1,1
markov-shrink-50,validation,2025,321,23,19 26 21 7 48 17 49 16 22 32 35 13 31 37 36 9 41 46 8 12,19 26 21 7 48 17 49 16 22 32,1,1
markov-shrink-50,validation,2025,322,47,19 32 7 48 1 27 12 16 22 11 26 30 3 29 43 37 36 6 41 17,19 32 7 48 1 27 12 16 22 11,1,1
markov-shrink-50,validation,2025,323,9,19 26 21 32 48 1 17 49 46 8 12 16 5 22 11 29 4 35 43 31,19 26 21 32 48 1 17 49 46 8,1,1
markov-shrink-50,validation,2025,324,15,19 26 21 32 1 27 17 49 46 12 5 11 3 29 4 35 31 37 34 7,19 26 21 32 1 27 17 49 46 12,1,1
markov-shrink-50,validation,2025,325,4,19 26 32 7 1 27 5 11 3 29 4 35 13 43 37 36 34 49 8 12,19 26 32 7 1 27 5 11 3 29,0,1
markov-shrink-50,validation,2025,326,19,19 26 21 7 48 1 17 49 46 12 16 5 22 32 30 13 36 41 8 20,19 26 21 7 48 1 17 49 46 12,0,0
markov-shrink-50,validation,2025,327,37,26 19 21 32 1 27 17 49 46 12 5 11 7 3 29 35 31 37 34 48,26 19 21 32 1 27 17 49 46 12,0,1
markov-shrink-50,validation,2025,328,3,26 19 21 32 48 1 17 49 46 8 12 16 5 22 11 29 35 43 31 34,26 19 21 32 48 1 17 49 46 8,1,1
markov-shrink-50,validation,2025,329,17,19 32 7 48 1 27 26 12 16 22 11 21 30 29 43 36 17 3 6 41,19 32 7 48 1 27 26 12 16 22,0,1
markov-shrink-50,validation,2025,330,36,26 19 21 32 48 1 49 46 8 12 16 5 22 11 17 29 35 43 31 34,26 19 21 32 48 1 49 46 8 12,1,1
markov-shrink-50,validation,2025,331,26,19 48 49 46 8 12 5 22 11 17 26 29 35 13 43 31 32 7 3 6,19 48 49 46 8 12 5 22 11 17,0,1
markov-shrink-50,validation,2025,332,26,19 48 49 46 8 12 5 22 11 17 29 35 13 43 31 21 32 7 3 6,19 48 49 46 8 12 5 22 11 17,1,1
markov-shrink-50,validation,2025,333,6,19 48 49 46 8 12 5 22 11 17 29 35 13 43 31 21 32 7 3 6,19 48 49 46 8 12 5 22 11 17,0,1
markov-shrink-50,validation,2025,334,46,19 48 49 46 8 12 5 22 11 17 29 35 13 43 31 21 32 7 3 9,19 48 49 46 8 12 5 22 11 17,0,0
markov-shrink-50,validation,2025,335,44,19 48 49 8 12 5 22 11 17 29 35 13 43 31 21 32 7 3 9 1,19 48 49 8 12 5 22 11 17 29,1,1
markov-shrink-50,validation,2025,336,17,21 7 26 48 1 49 12 16 5 22 17 19 30 46 13 32 41 36 27 20,21 7 26 48 1 49 12 16 5 22,0,1
markov-shrink-50,validation,2025,337,9,19 21 32 26 48 1 49 8 12 16 5 22 11 29 35 46 43 31 34 17,19 21 32 26 48 1 49 8 12 16,1,1
markov-shrink-50,validation,2025,338,8,19 21 32 26 1 27 49 12 5 11 29 35 46 31 34 17 7 3 4 41,19 21 32 26 1 27 49 12 5 11,1,1
markov-shrink-50,validation,2025,339,48,19 21 7 26 48 49 16 22 32 35 13 31 17 1 27 41 37 36 12 11,19 21 7 26 48 49 16 22 32 35,0,0
markov-shrink-50,validation,2025,340,16,19 21 7 26 49 16 22 32 35 13 31 17 1 27 41 37 36 48 11 2,19 21 7 26 49 16 22 32 35 13,0,0
markov-shrink-50,validation,2025,341,6,19 49 12 48 5 22 11 29 35 8 13 43 31 17 21 3 27 20 2 33,19 49 12 48 5 22 11 29 35 8,1,1
markov-shrink-50,validation,2025,342,4,19 49 12 48 5 22 11 29 35 8 13 43 31 17 21 32 7 3 1 27,19 49 12 48 5 22 11 29 35 8,1,1
markov-shrink-50,validation,2025,343,38,21 7 26 1 49 12 48 5 22 30 46 13 16 32 41 36 20 40 39 25,21 7 26 1 49 12 48 5 22 30,1,1
markov-shrink-50,validation,2025,344,27,19 21 7 26 49 22 35 13 31 17 41 37 36 1 27 2 33 40 14 18,19 21 7 26 49 22 35 13 31 17,0,1
markov-shrink-50,validation,2025,345,24,19 21 32 26 1 49 12 48 5 22 11 29 35 46 8 43 31 16 34 17,19 21 32 26 1 49 12 48 5 22,1,1
markov-shrink-50,validation,2025,346,3,21 7 26 1 49 12 48 5 22 19 30 46 13 16 32 41 36 20 40 39,21 7 26 1 49 12 48 5 22 19,1,1
markov-shrink-50,validation,2025,347,13,19 32 7 1 12 48 22 27 11 30 29 43 16 21 41 37 36 26 3 2,19 32 7 1 12 48 22 27 11 30,1,1
markov-shrink-50,validation,2025,348,16,19 32 7 1 12 48 22 27 11 30 29 43 16 21 41 37 36 26 3 2,19 32 7 1 12 48 22 27 11 30,0,1
markov-shrink-50,validation,2025,349,22,19 49 12 48 5 22 11 29 35 8 43 31 17 21 13 3 20 2 33 40,19 49 12 48 5 22 11 29 35 8,0,0
markov-shrink-50,validation,2025,350,49,21 32 7 26 5 27 11 19 30 29 8 43 22 34 13 16 36 1 3 4,21 32 7 26 5 27 11 19 30 29,1,1
markov-shrink-50,validation,2025,351,4,19 21 32 26 1 12 5 27 11 49 29 35 46 31 34 17 7 41 3 4,19 21 32 26 1 12 5 27 11 49,0,1
markov-shrink-50,validation,2025,352,44,21 7 26 1 12 48 5 49 30 46 22 32 41 13 16 36 20 40 39 25,21 7 26 1 12 48 5 49 30 46,1,1
markov-shrink-50,validation,2025,353,1,21 7 26 1 12 48 5 19 49 30 46 22 32 41 13 16 36 20 40 39,21 7 26 1 12 48 5 19 49 30,0,0
markov-shrink-50,validation,2025,354,30,19 21 32 7 26 12 1 5 27 49 46 8 43 31 22 17 41 37 36 20,19 21 32 7 26 12 1 5 27 49,1,1
markov-shrink-50,validation,2025,355,8,19 21 32 7 26 48 27 29 46 8 22 17 30 16 2 9 5 11 4 49,19 21 32 7 26 48 27 29 46 8,0,0
markov-shrink-50,validation,2025,356,24,19 21 7 26 49 35 31 22 17 32 41 13 37 36 2 33 40 14 18 9,19 21 7 26 49 35 31 22 17 32,1,1
markov-shrink-50,validation,2025,357,49,21 7 26 12 48 5 19 49 46 22 32 30 41 13 16 36 20 40 39 1,21 7 26 12 48 5 19 49 46 22,0,0
markov-shrink-50,validation,2025,358,7,19 21 32 26 12 1 5 27 11 29 35 46 31 34 17 7 49 41 3 20,19 21 32 26 12 1 5 27 11 29,0,1
markov-shrink-50,validation,2025,359,11,19 21 32 26 12 48 1 5 11 29 35 46 43 31 22 34 17 49 8 16,19 21 32 26 12 48 1 5 11 29,0,0
markov-shrink-50,validation,2025,360,41,19 21 32 26 7 12 1 5 27 46 43 31 22 17 49 41 8 37 36 20,19 21 32 26 7 12 1 5 27 46,0,1
markov-shrink-50,validation,2025,361,24,19 21 32 26 7 12 1 5 27 46 43 31 22 17 49 8 37 36 20 2,19 21 32 26 7 12 1 5 27 46,1,1
markov-shrink-50,validation,2025,362,23,21 26 7 12 48 5 19 46 22 32 30 13 16 36 41 20 40 39 1 27,21 26 7 12 48 5 19 46 22 32,1,1
markov-shrink-50,validation,2025,363,26,19 32 7 12 48 1 27 29 43 22 11 30 37 36 26 3 41 2 14 18,19 32 7 12 48 1 27 29 43 22,0,1
markov-shrink-50,validation,2025,364,12,19 12 48 5 29 35 43 31 11 17 21 32 49 8 13 7 3 20 2 33,19 12 48 5 29 35 43 31 11 17,0,0
markov-shrink-50,validation,2025,365,26,21 32 7 26 5 27 19 29 43 22 11 34 30 8 13 16 36 3 40 14,21 32 7 26 5 27 19 29 43 22,0,0
markov-shrink-50,evaluation,2026,1,29,19 48 5 29 35 43 31 11 17 21 32 49 8 13 7 3 20 2 33 40,19 48 5 29 35 43 31 11 17 21,0,0
markov-shrink-50,evaluation,2026,2,22,19 21 32 1 5 27 26 35 46 12 31 11 34 17 49 29 3 41 20 33,19 21 32 1 5 27 26 35 46 12,1,1
markov-shrink-50,evaluation,2026,3,9,21 32 7 5 27 19 43 11 34 30 29 8 13 16 36 22 3 40 14 9,21 32 7 5 27 19 43 11 34 30,0,1
markov-shrink-50,evaluation,2026,4,45,19 21 32 1 5 27 26 35 46 12 31 11 34 17 49 29 3 41 20 33,19 21 32 1 5 27 26 35 46 12,1,1
markov-shrink-50,evaluation,2026,5,43,19 32 7 1 5 27 26 35 43 11 34 21 29 13 37 36 3 33 39 48,19 32 7 1 5 27 26 35 43 11,0,0
markov-shrink-50,evaluation,2026,6,13,19 32 7 48 1 27 12 11 21 30 29 43 37 36 22 3 41 2 14 18,19 32 7 48 1 27 12 11 21 30,1,1
markov-shrink-50,evaluation,2026,7,41,19 32 7 48 1 27 12 11 21 30 29 43 37 36 22 3 41 2 14 18,19 32 7 48 1 27 12 11 21 30,0,1
markov-shrink-50,evaluation,2026,8,21,19 21 32 7 1 5 27 26 46 12 31 17 49 8 43 37 36 22 20 2,19 21 32 7 1 5 27 26 46 12,0,0
markov-shrink-50,evaluation,2026,9,28,19 32 7 1 5 27 26 46 12 31 17 49 8 43 37 36 22 21 20 2,19 32 7 1 5 27 26 46 12 31,1,1
markov-shrink-50,evaluation,2026,10,27,19 21 7 26 35 31 17 32 49 37 36 22 13 2 33 40 14 18 48 15,19 21 7 26 35 31 17 32 49 37,1,1
markov-shrink-50,evaluation,2026,11,11,19 32 21 48 1 5 26 35 46 12 31 34 17 49 29 8 43 16 37 22,19 32 21 48 1 5 26 35 46 12,1,1
markov-shrink-50,evaluation,2026,12,11,19 32 7 1 5 26 46 12 31 27 17 49 8 43 37 36 22 21 20 2,19 32 7 1 5 26 46 12 31 27,1,1
markov-shrink-50,evaluation,2026,13,1,19 32 7 1 5 26 46 12 31 27 17 49 8 43 37 36 22 21 20 2,19 32 7 1 5 26 46 12 31 27,0,0
markov-shrink-50,evaluation,2026,14,26,19 32 7 5 26 46 12 31 27 17 49 8 43 37 36 22 21 20 2 33,19 32 7 5 26 46 12 31 27 17,0,0
markov-shrink-50,evaluation,2026,15,31,19 48 5 35 31 17 32 49 8 43 21 7 3 20 13 2 33 40 14 11,19 48 5 35 31 17 32 49 8 43,0,0
markov-shrink-50,evaluation,2026,16,6,19 32 7 5 46 12 27 17 49 8 43 31 37 36 22 21 20 2 33 18,19 32 7 5 46 12 27 17 49 8,1,1
markov-shrink-50,evaluation,2026,17,32,19 48 5 35 17 32 49 8 43 21 7 3 20 13 2 33 40 14 11 15,19 48 5 35 17 32 49 8 43 21,0,0
markov-shrink-50,evaluation,2026,18,39,21 32 7 5 19 27 34 30 29 8 43 16 36 22 3 13 40 14 11 48,21 32 7 5 19 27 34 30 29 8,1,1
markov-shrink-50,evaluation,2026,19,46,19 21 32 5 35 46 12 1 27 34 17 49 26 29 31 3 20 33 14 18,19 21 32 5 35 46 12 1 27 34,0,0
markov-shrink-50,evaluation,2026,20,12,19 48 5 35 17 49 8 43 21 7 3 20 13 2 33 40 14 11 15 9,19 48 5 35 17 49 8 43 21 7,1,1
markov-shrink-50,evaluation,2026,21,42,21 32 7 5 19 27 34 30 29 8 43 16 36 22 3 13 40 14 11 48,21 32 7 5 19 27 34 30 29 8,1,1
markov-shrink-50,evaluation,2026,22,18,21 32 7 5 27 34 30 29 8 43 16 36 22 3 13 40 14 11 4 25,21 32 7 5 27 34 30 29 8 43,1,1
markov-shrink-50,evaluation,2026,23,47,19 21 7 35 17 49 26 31 37 36 22 32 13 2 33 40 14 48 15 25,19 21 7 35 17 49 26 31 37 36,1,1
markov-shrink-50,evaluation,2026,24,28,19 21 32 48 5 35 1 34 17 49 26 29 46 8 12 43 31 16 37 22,19 21 32 48 5 35 1 34 17 49,1,1
markov-shrink-50,evaluation,2026,25,37,19 21 7 35 17 49 26 31 37 36 22 32 13 2 33 40 14 48 15 25,19 21 7 35 17 49 26 31 37 36,0,0
markov-shrink-50,evaluation,2026,26,19,19 21 32 48 5 35 1 34 17 49 26 29 46 8 12 43 31 16 22 37,19 21 32 48 5 35 1 34 17 49,0,0
markov-shrink-50,evaluation,2026,27,45,19 21 32 5 35 1 27 34 17 49 26 29 12 31 3 20 33 14 11 48,19 21 32 5 35 1 27 34 17 49,1,1
markov-shrink-50,evaluation,2026,28,3,19 32 7 5 35 1 27 34 26 29 36 21 3 13 37 33 11 48 25 39,19 32 7 5 35 1 27 34 26 29,0,1
markov-shrink-50,evaluation,2026,29,1,19 32 7 48 1 27 30 29 12 43 36 22 21 2 37 14 11 3 18 39,19 32 7 48 1 27 30 29 12 43,0,0
markov-shrink-50,evaluation,2026,30,41,19 32 7 5 27 17 49 46 8 12 43 31 36 22 21 20 2 37 33 48,19 32 7 5 27 17 49 46 8 12,1,1
markov-shrink-50,evaluation,2026,31,26,19 32 7 5 27 17 49 46 8 12 43 31 36 22 20 2 37 33 48 4,19 32 7 5 27 17 49 46 8 12,1,1
markov-shrink-50,evaluation,2026,32,6,19 48 5 35 17 49 8 43 21 7 20 13 2 33 40 14 11 15 3 9,19 48 5 35 17 49 8 43 21 7,1,1
markov-shrink-50,evaluation,2026,33,41,19 48 5 35 17 49 8 43 21 7 20 13 2 33 40 14 11 15 3 9,19 48 5 35 17 49 8 43 21 7,1,1
markov-shrink-50,evaluation,2026,34,19,19 32 7 5 27 17 49 46 8 12 43 31 36 22 20 2 37 33 48 4,19 32 7 5 27 17 49 46 8 12,0,0
markov-shrink-50,evaluation,2026,35,27,21 19 32 5 35 27 34 17 49 29 12 31 1 26 20 33 14 11 48 3,21 19 32 5 35 27 34 17 49 29,0,0
markov-shrink-50,evaluation,2026,36,1,21 32 48 5 35 34 17 49 29 46 8 12 43 31 16 1 22 19 7 26,21 32 48 5 35 34 17 49 29 46,0,1
markov-shrink-50,evaluation,2026,37,43,32 7 5 17 49 46 8 12 43 31 36 22 27 21 19 20 2 37 33 48,32 7 5 17 49 46 8 12 43 31,0,0
markov-shrink-50,evaluation,2026,38,42,19 32 7 48 30 29 12 36 22 27 21 2 43 37 14 11 3 18 39 35,19 32 7 48 30 29 12 36 22 27,1,1
markov-shrink-50,evaluation,2026,39,11,21 32 7 5 34 30 29 8 16 36 22 27 13 43 40 14 11 3 4 25,21 32 7 5 34 30 29 8 16 36,0,1
markov-shrink-50,evaluation,2026,40,28,32 7 5 17 49 46 8 12 31 36 22 27 21 19 20 2 37 33 48 4,32 7 5 17 49 46 8 12 31 36,1,1
markov-shrink-50,evaluation,2026,41,36,21 19 7 35 17 49 31 36 22 32 26 13 2 33 40 14 48 15 25 18,21 19 7 35 17 49 31 36 22 32,0,0
markov-shrink-50,evaluation,2026,42,16,19 48 5 35 17 49 8 7 20 13 2 43 33 40 14 15 3 11 9 34,19 48 5 35 17 49 8 7 20 13,1,1
markov-shrink-50,evaluation,2026,43,13,19 48 5 35 17 49 8 21 20 13 2 43 33 40 14 15 3 11 9 34,19 48 5 35 17 49 8 21 20 13,0,0
markov-shrink-50,evaluation,2026,44,19,19 32 7 48 30 29 12 22 27 21 2 43 37 36 14 3 18 11 39 35,19 32 7 48 30 29 12 22 27 21,0,0
markov-shrink-50,evaluation,2026,45,1,21 32 19 5 35 34 17 49 29 12 31 26 20 1 33 14 48 3 18 11,21 32 19 5 35 34 17 49 29 12,0,1
markov-shrink-50,evaluation,2026,46,3,32 7 5 17 49 46 8 12 31 22 27 21 20 2 37 33 36 19 48 4,32 7 5 17 49 46 8 12 31 22,1,1
markov-shrink-50,evaluation,2026,47,39,32 7 48 30 29 12 22 27 21 2 43 37 36 14 19 18 11 39 3 46,32 7 48 30 29 12 22 27 21 2,0,1
markov-shrink-50,evaluation,2026,48,24,21 32 19 5 35 34 17 49 29 12 31 26 20 33 14 18 11 9 3 27,21 32 19 5 35 34 17 49 29 12,1,1
markov-shrink-50,evaluation,2026,49,13,21 7 48 5 30 46 12 22 32 26 20 16 36 40 19 25 13 35 34 17,21 7 48 5 30 46 12 22 32 26,0,1
markov-shrink-50,evaluation,2026,50,23,32 7 48 30 29 12 22 27 21 2 43 37 36 14 18 11 35 34 3 46,32 7 48 30 29 12 22 27 21 2,1,1
markov-shrink-50,evaluation,2026,51,1,32 7 48 30 29 12 22 27 2 43 37 36 14 19 18 11 35 34 3 8,32 7 48 30 29 12 22 27 2 43,1,1
markov-shrink-50,evaluation,2026,52,38,32 7 5 17 49 46 8 12 31 22 27 21 20 2 37 33 36 19 48 4,32 7 5 17 49 46 8 12 31 22,1,1
markov-shrink-50,evaluation,2026,53,15,21 7 19 35 17 49 31 22 26 2 33 40 14 48 15 25 18 9 13 30,21 7 19 35 17 49 31 22 26 2,0,1
markov-shrink-50,evaluation,2026,54,48,32 7 19 5 35 34 29 27 26 37 33 36 25 11 13 1 39 49 30 8,32 7 19 5 35 34 29 27 26 37,1,1
markov-shrink-50,evaluation,2026,55,14,21 7 19 35 17 49 31 22 32 26 2 33 40 14 25 18 9 48 34 13,21 7 19 35 17 49 31 22 32 26,0,1
markov-shrink-50,evaluation,2026,56,48,21 7 5 48 30 46 12 22 26 20 16 36 40 19 25 17 39 49 8 31,21 7 5 48 30 46 12 22 26 20,0,0
markov-shrink-50,evaluation,2026,57,23,21 7 19 35 17 49 31 22 32 26 2 33 40 25 18 9 34 13 30 29,21 7 19 35 17 49 31 22 32 26,1,1
markov-shrink-50,evaluation,2026,58,31,32 7 30 29 12 48 22 27 2 43 37 36 19 14 18 11 35 34 3 8,32 7 30 29 12 48 22 27 2 43,1,1
markov-shrink-50,evaluation,2026,59,10,32 7 5 17 49 46 8 12 22 27 21 20 2 31 37 33 36 19 4 18,32 7 5 17 49 46 8 12 22 27,1,1
markov-shrink-50,evaluation,2026,60,9,21 32 7 19 17 30 29 46 48 22 27 26 2 16 5 4 9 34 8 12,21 32 7 19 17 30 29 46 48 22,0,1
markov-shrink-50,evaluation,2026,61,29,21 32 19 5 35 34 17 49 29 12 26 20 31 33 14 18 11 3 9 30,21 32 19 5 35 34 17 49 29 12,0,0
markov-shrink-50,evaluation,2026,62,24,21 32 19 5 35 34 17 49 12 26 20 31 33 14 18 11 3 9 30 46,21 32 19 5 35 34 17 49 12 26,1,1
markov-shrink-50,evaluation,2026,63,28,21 7 5 30 46 12 22 32 26 20 16 36 40 19 25 35 34 17 39 8,21 7 5 30 46 12 22 32 26 20,1,1
markov-shrink-50,evaluation,2026,64,18,21 7 19 35 17 49 22 32 26 2 31 33 40 25 18 34 13 9 30 46,21 7 19 35 17 49 22 32 26 2,0,1
markov-shrink-50,evaluation,2026,65,5,21 7 19 35 17 49 22 32 26 2 31 33 40 25 34 13 9 8 12 48,21 7 19 35 17 49 22 32 26 2,1,1
markov-shrink-50,evaluation,2026,66,37,32 7 19 35 5 34 27 21 26 29 37 33 36 25 11 13 1 39 30 12,32 7 19 35 5 34 27 21 26 29,0,1
markov-shrink-50,evaluation,2026,67,5,21 32 35 5 34 17 49 46 8 12 48 22 26 29 43 31 16 40 4 37,21 32 35 5 34 17 49 46 8 12,0,0
markov-shrink-50,evaluation,2026,68,23,32 7 19 35 34 5 27 21 26 29 33 36 25 11 13 1 39 30 12 20,32 7 19 35 34 5 27 21 26 29,1,1
markov-shrink-50,evaluation,2026,69,24,32 7 30 12 48 22 27 29 2 43 36 19 37 14 11 35 34 3 18 8,32 7 30 12 48 22 27 29 2 43,1,1
markov-shrink-50,evaluation,2026,70,25,21 7 30 46 12 5 22 32 26 20 16 36 40 19 25 35 34 17 39 8,21 7 30 46 12 5 22 32 26 20,0,1
markov-shrink-50,evaluation,2026,71,48,32 7 19 35 34 5 27 21 26 29 33 36 11 25 13 1 39 49 30 8,32 7 19 35 34 5 27 21 26 29,1,1
markov-shrink-50,evaluation,2026,72,46,21 7 19 35 17 49 22 32 26 2 31 33 40 34 25 13 9 30 46 8,21 7 19 35 17 49 22 32 26 2,0,1
markov-shrink-50,evaluation,2026,73,34,19 35 17 49 8 5 21 7 20 2 43 48 33 40 14 11 34 15 3 9,19 35 17 49 8 5 21 7 20 2,0,1
markov-shrink-50,evaluation,2026,74,10,21 7 30 12 5 22 32 26 46 20 16 36 40 19 35 17 39 49 27 34,21 7 30 12 5 22 32 26 46 20,1,1
markov-shrink-50,evaluation,2026,75,33,21 32 7 19 17 30 22 27 26 29 46 2 16 48 4 44 8 12 5 34,21 32 7 19 17 30 22 27 26 29,1,1
markov-shrink-50,evaluation,2026,76,2,32 7 30 12 22 27 21 29 2 43 48 36 19 37 14 11 35 3 18 34,32 7 30 12 22 27 21 29 2 43,0,0
markov-shrink-50,evaluation,2026,77,29,21 32 7 30 8 5 22 27 34 29 43 16 36 40 19 4 14 35 17 3,21 32 7 30 8 5 22 27 34 29,0,0
markov-shrink-50,evaluation,2026,78,46,21 32 19 35 17 49 12 5 34 26 20 31 33 14 11 3 18 9 30 27,21 32 19 35 17 49 12 5 34 26,1,1
markov-shrink-50,evaluation,2026,79,35,19 35 17 49 8 5 21 7 20 43 48 40 2 33 14 11 15 3 9 22,19 35 17 49 8 5 21 7 20 43,0,0
markov-shrink-50,evaluation,2026,80,3,32 7 19 35 5 27 34 21 26 36 29 33 11 25 13 1 39 49 8 12,32 7 19 35 5 27 34 21 26 36,1,1
markov-shrink-50,evaluation,2026,81,17,32 7 30 12 22 27 21 43 48 36 19 29 37 14 11 18 8 3 6 16,32 7 30 12 22 27 21 43 48 36,1,1
markov-shrink-50,evaluation,2026,82,27,21 32 49 35 8 12 22 34 17 7 26 43 31 16 48 40 19 29 4 46,21 32 49 35 8 12 22 34 17 7,1,1
markov-shrink-50,evaluation,2026,83,5,21 32 49 35 8 12 22 34 17 7 26 43 31 16 48 40 19 29 4 46,21 32 49 35 8 12 22 34 17 7,1,1
markov-shrink-50,evaluation,2026,84,16,32 7 19 35 34 21 26 5 36 27 29 33 11 25 13 1 39 30 12 20,32 7 19 35 34 21 26 5 36 27,1,1
markov-shrink-50,evaluation,2026,85,19,19 49 8 17 21 20 43 48 5 40 2 33 14 11 15 9 30 35 3 31,19 49 8 17 21 20 43 48 5 40,0,0
markov-shrink-50,evaluation,2026,86,12,21 32 19 49 35 12 34 17 26 20 31 5 33 14 11 18 9 30 3 41,21 32 19 49 35 12 34 17 26 20,0,0
markov-shrink-50,evaluation,2026,87,26,21 32 7 30 8 22 34 43 5 36 40 27 4 16 14 19 25 13 17 3,21 32 7 30 8 22 34 43 5 36,1,1
markov-shrink-50,evaluation,2026,88,27,49 8 17 21 7 20 43 48 5 40 2 33 14 11 19 15 9 30 35 22,49 8 17 21 7 20 43 48 5 40,1,1
markov-shrink-50,evaluation,2026,89,49,21 32 49 35 8 22 34 17 7 12 43 31 48 40 26 29 4 46 16 37,21 32 49 35 8 22 34 17 7 12,0,0
markov-shrink-50,evaluation,2026,90,36,21 32 19 35 34 17 49 20 31 5 26 33 14 11 18 9 30 3 41 12,21 32 19 35 34 17 49 20 31 5,1,1
markov-shrink-50,evaluation,2026,91,37,8 17 7 49 20 43 48 5 40 2 33 14 11 19 15 9 30 35 22 3,8 17 7 49 20 43 48 5 40 2,1,1
markov-shrink-50,evaluation,2026,92,6,21 32 35 8 22 34 17 12 43 31 48 40 26 29 4 46 16 15 37 39,21 32 35 8 22 34 17 12 43 31,1,1
markov-shrink-50,evaluation,2026,93,40,8 17 21 7 49 20 43 48 5 40 2 33 14 11 19 15 9 30 35 22,8 17 21 7 49 20 43 48 5 40,0,0
markov-shrink-50,evaluation,2026,94,17,21 32 7 19 30 22 17 48 26 29 4 46 2 16 27 44 8 34 45 49,21 32 7 19 30 22 17 48 26 29,0,0
markov-shrink-50,evaluation,2026,95,35,21 32 35 8 22 34 7 12 43 31 48 17 26 29 4 46 16 40 19 15,21 32 35 8 22 34 7 12 43 31,0,0
markov-shrink-50,evaluation,2026,96,43,32 7 19 34 21 35 5 26 29 33 36 27 11 25 13 1 39 8 49 20,32 7 19 34 21 35 5 26 29 33,1,1
markov-shrink-50,evaluation,2026,97,11,32 7 30 22 21 12 48 29 43 36 27 14 11 19 37 18 8 34 3 35,32 7 30 22 21 12 48 29 43 36,0,1
markov-shrink-50,evaluation,2026,98,17,32 7 8 22 21 49 20 12 31 5 17 4 46 2 33 36 27 19 37 18,32 7 8 22 21 49 20 12 31 5,0,1
markov-shrink-50,evaluation,2026,99,12,21 32 8 22 34 7 12 31 48 26 29 4 46 43 16 40 17 19 15 37,21 32 8 22 34 7 12 31 48 26,0,0
markov-shrink-50,evaluation,2026,100,33,21 32 7 30 8 22 34 5 4 43 16 36 40 27 14 25 13 19 3 45,21 32 7 30 8 22 34 5 4 43,1,1
markov-shrink-50,evaluation,2026,101,39,32 7 30 22 21 48 29 12 43 36 27 14 19 37 18 34 3 35 6 4,32 7 30 22 21 48 29 12 43 36,1,1
markov-shrink-50,evaluation,2026,102,20,21 32 19 34 49 35 20 31 5 26 14 17 33 18 11 9 3 41 47 42,21 32 19 34 49 35 20 31 5 26,0,0
markov-shrink-50,evaluation,2026,103,6,21 32 7 19 30 22 48 26 29 4 46 2 16 27 44 8 45 49 5 20,21 32 7 19 30 22 48 26 29 4,1,1
markov-shrink-50,evaluation,2026,104,1,8 49 48 5 21 7 20 2 43 14 17 15 33 11 9 19 3 30 22 47,8 49 48 5 21 7 20 2 43 14,1,1
markov-shrink-50,evaluation,2026,105,28,32 7 8 22 49 31 5 21 4 46 20 12 2 36 27 37 33 18 19 44,32 7 8 22 49 31 5 21 4 46,1,1
markov-shrink-50,evaluation,2026,106,22,21 7 19 22 32 49 35 31 26 2 40 17 25 13 33 9 30 8 34 41,21 7 19 22 32 49 35 31 26 2,0,0
markov-shrink-50,evaluation,2026,107,49,21 32 7 30 8 34 5 22 4 43 16 36 40 27 14 25 13 19 3 45,21 32 7 30 8 34 5 22 4 43,1,1
markov-shrink-50,evaluation,2026,108,45,21 32 19 34 35 31 5 49 26 14 17 33 18 11 9 30 3 41 48 47,21 32 19 34 35 31 5 49 26 14,1,1
markov-shrink-50,evaluation,2026,109,16,32 7 19 34 35 5 21 26 29 36 27 25 13 33 11 1 39 30 8 47,32 7 19 34 35 5 21 26 29 36,1,1
markov-shrink-50,evaluation,2026,110,30,8 21 48 5 49 20 2 43 14 17 15 33 11 9 30 3 35 31 47 42,8 21 48 5 49 20 2 43 14 17,0,1
markov-shrink-50,evaluation,2026,111,1,21 32 7 19 30 48 22 26 29 4 46 2 27 16 44 34 5 45 49 20,21 32 7 19 30 48 22 26 29 4,1,1
markov-shrink-50,evaluation,2026,112,9,32 7 8 31 5 22 21 49 4 46 20 12 2 36 27 37 33 18 19 44,32 7 8 31 5 22 21 49 4 46,1,1
markov-shrink-50,evaluation,2026,113,2,21 32 19 34 35 31 5 49 26 14 17 33 18 11 3 41 9 47 42 30,21 32 19 34 35 31 5 49 26 14,1,1
markov-shrink-50,evaluation,2026,114,30,21 32 7 8 34 30 5 22 4 43 36 40 27 14 25 13 16 19 3 35,21 32 7 8 34 30 5 22 4 43,0,0
markov-shrink-50,evaluation,2026,115,4,21 32 7 19 48 22 26 30 29 4 46 27 2 16 44 34 5 45 49 20,21 32 7 19 48 22 26 30 29 4,0,0
markov-shrink-50,evaluation,2026,116,22,21 7 32 5 22 26 30 46 20 12 36 40 16 8 34 41 39 35 31 48,21 7 32 5 22 26 30 46 20 12,0,0
markov-shrink-50,evaluation,2026,117,16,21 32 7 8 34 5 43 36 40 22 27 14 4 25 13 16 19 3 35 31,21 32 7 8 34 5 43 36 40 22,0,1
markov-shrink-50,evaluation,2026,118,8,8 21 48 5 49 20 43 14 17 15 2 33 11 3 9 35 31 47 42 29,8 21 48 5 49 20 43 14 17 15,0,0
markov-shrink-50,evaluation,2026,119,11,21 7 19 32 35 31 49 26 40 17 25 13 2 33 34 41 44 9 30 29,21 7 19 32 35 31 49 26 40 17,1,1
markov-shrink-50,evaluation,2026,120,6,32 7 8 31 5 21 49 46 20 12 36 22 27 4 2 37 33 18 19 44,32 7 8 31 5 21 49 46 20 12,1,1
markov-shrink-50,evaluation,2026,121,44,48 5 21 7 49 20 43 14 17 15 2 33 19 3 11 9 47 42 35 8,48 5 21 7 49 20 43 14 17 15,1,1
markov-shrink-50,evaluation,2026,122,1,21 7 5 32 26 30 46 20 12 36 40 19 41 16 39 34 47 35 8 31,21 7 5 32 26 30 46 20 12 36,1,1
markov-shrink-50,evaluation,2026,123,46,32 7 8 31 5 21 49 46 20 12 36 22 27 4 2 37 33 18 19 39,32 7 8 31 5 21 49 46 20 12,0,0
markov-shrink-50,evaluation,2026,124,39,21 7 48 5 49 20 43 14 17 19 15 2 33 3 11 9 32 8 31 47,21 7 48 5 49 20 43 14 17 19,1,1
markov-shrink-50,evaluation,2026,125,31,21 32 19 34 35 31 5 49 26 14 17 33 18 3 41 11 9 47 42 29,21 32 19 34 35 31 5 49 26 14,0,0
markov-shrink-50,evaluation,2026,126,49,32 7 8 5 21 49 20 12 31 36 22 27 4 2 37 33 18 19 34 47,32 7 8 5 21 49 20 12 31 36,0,0
markov-shrink-50,evaluation,2026,127,45,21 32 19 34 35 5 26 14 17 49 33 18 3 41 11 9 47 42 48 30,21 32 19 34 35 5 26 14 17 49,1,1
markov-shrink-50,evaluation,2026,128,37,32 7 19 34 35 5 21 26 29 36 27 25 13 33 11 47 42 39 8 38,32 7 19 34 35 5 21 26 29 36,1,1
markov-shrink-50,evaluation,2026,129,41,21 32 34 8 48 26 29 43 31 40 22 17 15 4 46 16 37 44 39 35,21 32 34 8 48 26 29 43 31 40,1,1
markov-shrink-50,evaluation,2026,130,29,32 7 8 5 20 12 31 36 22 27 4 2 33 18 37 34 47 42 44 39,32 7 8 5 20 12 31 36 22 27,1,1
markov-shrink-50,evaluation,2026,131,7,21 32 19 34 35 5 26 14 17 49 33 18 3 11 9 47 42 41 48 7,21 32 19 34 35 5 26 14 17 49,0,1
markov-shrink-50,evaluation,2026,132,30,21 32 34 8 48 7 26 43 31 40 22 17 19 15 29 4 46 16 37 35,21 32 34 8 48 7 26 43 31 40,1,1
markov-shrink-50,evaluation,2026,133,7,21 32 7 19 48 26 22 27 30 29 46 2 16 34 44 5 20 43 40 14,21 32 7 19 48 26 22 27 30 29,0,0
markov-shrink-50,evaluation,2026,134,37,21 32 34 8 48 26 43 31 40 22 17 19 7 15 29 4 46 16 37 35,21 32 34 8 48 26 43 31 40 22,0,1
markov-shrink-50,evaluation,2026,135,30,21 32 34 8 48 26 43 31 40 22 17 15 29 4 46 16 44 39 35 38,21 32 34 8 48 26 43 31 40 22,1,1
markov-shrink-50,evaluation,2026,136,48,21 32 19 48 26 22 27 29 46 2 30 16 34 44 5 20 43 40 14 17,21 32 19 48 26 22 27 29 46 2,0,0
markov-shrink-50,evaluation,2026,137,26,21 19 7 32 35 26 31 40 17 49 25 13 2 33 34 9 8 41 44 20,21 19 7 32 35 26 31 40 17 49,0,0
markov-shrink-50,evaluation,2026,138,49,5 21 20 43 48 14 17 49 15 2 33 19 7 3 11 9 47 42 35 8,5 21 20 43 48 14 17 49 15 2,0,0
markov-shrink-50,evaluation,2026,139,24,21 32 19 34 35 5 14 17 26 33 18 49 3 11 9 47 42 41 20 12,21 32 19 34 35 5 14 17 26 33,1,1
markov-shrink-50,evaluation,2026,140,16,21 7 5 32 20 12 36 40 26 46 19 30 16 34 47 41 39 35 8 43,21 7 5 32 20 12 36 40 26 46,0,1
markov-shrink-50,evaluation,2026,141,33,5 21 20 43 48 14 17 15 2 33 3 11 9 47 42 35 31 36 40 29,5 21 20 43 48 14 17 15 2 33,0,0
markov-shrink-50,evaluation,2026,142,23,32 7 21 12 43 48 36 22 27 14 19 29 18 34 30 3 35 37 40 38,32 7 21 12 43 48 36 22 27 14,1,1
markov-shrink-50,evaluation,2026,143,44,32 7 12 43 48 36 22 27 14 29 18 19 30 3 34 37 35 8 38 40,32 7 12 43 48 36 22 27 14 29,1,1
markov-shrink-50,evaluation,2026,144,43,21 7 5 32 20 12 36 40 26 46 19 30 34 47 41 39 35 8 43 31,21 7 5 32 20 12 36 40 26 46,0,1
markov-shrink-50,evaluation,2026,145,5,32 7 21 12 48 36 22 27 14 19 29 43 18 34 30 3 35 8 37 40,32 7 21 12 48 36 22 27 14 19,1,1
markov-shrink-50,evaluation,2026,146,42,32 19 7 34 35 21 5 36 27 26 29 25 13 33 11 47 42 39 38 1,32 19 7 34 35 21 5 36 27 26,0,1
markov-shrink-50,evaluation,2026,147,13,21 32 7 34 8 5 36 40 22 27 14 4 25 13 43 3 35 38 31 45,21 32 7 34 8 5 36 40 22 27,0,1
markov-shrink-50,evaluation,2026,148,48,32 7 21 12 48 36 22 27 14 29 43 18 34 30 3 35 8 37 38 4,32 7 21 12 48 36 22 27 14 29,0,0
markov-shrink-50,evaluation,2026,149,27,21 19 7 35 32 31 40 17 25 2 49 13 33 9 34 41 8 44 20 36,21 19 7 35 32 31 40 17 25 2,1,1
markov-shrink-50,evaluation,2026,150,9,21 32 34 8 31 40 22 17 15 26 29 4 46 43 48 19 7 16 39 35,21 32 34 8 31 40 22 17 15 26,1,1
markov-shrink-50,evaluation,2026,151,31,21 32 19 34 35 5 14 17 26 18 49 3 33 11 47 41 9 42 20 12,21 32 19 34 35 5 14 17 26 18,1,1
markov-shrink-50,evaluation,2026,152,45,32 7 8 21 20 12 5 36 22 4 2 31 27 18 19 33 34 47 37 39,32 7 8 21 20 12 5 36 22 4,1,1
markov-shrink-50,evaluation,2026,153,41,32 19 7 34 35 21 5 36 26 29 25 27 13 33 11 47 39 8 38 1,32 19 7 34 35 21 5 36 26 29,1,1
markov-shrink-50,evaluation,2026,154,41,32 7 8 20 12 5 36 22 4 2 31 27 18 33 34 47 37 39 35 42,32 7 8 20 12 5 36 22 4 2,1,1
markov-shrink-50,evaluation,2026,155,7,32 7 8 20 12 5 36 22 4 2 31 27 18 33 34 47 37 39 35 42,32 7 8 20 12 5 36 22 4 2,0,0
markov-shrink-50,evaluation,2026,156,1,21 32 34 8 40 22 17 15 26 29 4 46 43 31 48 19 7 16 39 35,21 32 34 8 40 22 17 15 26 29,1,1
markov-shrink-50,evaluation,2026,157,40,32 8 21 20 12 5 36 22 4 2 31 27 18 19 33 7 47 37 39 35,32 8 21 20 12 5 36 22 4 2,1,1
markov-shrink-50,evaluation,2026,158,16,21 32 19 22 26 29 46 2 27 30 34 7 16 8 44 12 36 14 4 43,21 32 19 22 26 29 46 2 27 30,0,1
markov-shrink-50,evaluation,2026,159,39,21 20 5 14 17 15 2 43 48 3 11 47 9 35 42 36 29 25 46 31,21 20 5 14 17 15 2 43 48 3,1,1
markov-shrink-50,evaluation,2026,160,2,21 32 19 34 35 5 14 17 26 18 49 3 33 11 47 9 42 12 41 28,21 32 19 34 35 5 14 17 26 18,1,1
markov-shrink-50,evaluation,2026,161,8,21 32 34 7 8 5 36 22 14 4 25 43 40 27 19 3 35 38 20 17,21 32 34 7 8 5 36 22 14 4,0,0
markov-shrink-50,evaluation,2026,162,32,21 19 7 35 32 17 25 31 40 49 13 2 33 34 9 44 20 12 36 22,21 19 7 35 32 17 25 31 40 49,0,0
markov-shrink-50,evaluation,2026,163,37,21 32 34 7 5 36 22 14 4 25 43 40 27 19 3 35 38 8 20 17,21 32 34 7 5 36 22 14 4 25,1,1
markov-shrink-50,evaluation,2026,164,21,21 32 34 8 22 17 15 26 29 4 46 43 31 48 40 35 38 16 44 39,21 32 34 8 22 17 15 26 29 4,0,0
markov-shrink-50,evaluation,2026,165,3,32 21 8 20 12 5 36 22 19 4 31 27 18 34 7 2 33 35 47 14,32 21 8 20 12 5 36 22 19 4,1,1
markov-shrink-50,evaluation,2026,166,6,32 7 12 36 22 14 21 29 43 27 18 19 30 3 38 37 8 6 15 4,32 7 12 36 22 14 21 29 43 27,0,1
markov-shrink-50,evaluation,2026,167,19,20 5 14 17 21 15 43 48 19 2 11 7 47 3 9 35 42 8 22 29,20 5 14 17 21 15 43 48 19 2,0,0
markov-shrink-50,evaluation,2026,168,15,21 32 19 34 35 5 14 17 26 18 49 33 11 47 3 9 42 20 41 28,21 32 19 34 35 5 14 17 26 18,1,1
markov-shrink-50,evaluation,2026,169,24,32 19 34 7 35 5 36 26 29 25 27 13 33 11 47 38 39 8 20 12,32 19 34 7 35 5 36 26 29 25,1,1
markov-shrink-50,evaluation,2026,170,3,21 7 20 12 5 36 32 26 46 40 30 19 34 47 35 39 8 22 17 41,21 7 20 12 5 36 32 26 46 40,1,1
markov-shrink-50,evaluation,2026,171,28,32 7 12 36 22 14 21 29 43 27 18 30 19 3 38 37 8 4 46 48,32 7 12 36 22 14 21 29 43 27,1,1
markov-shrink-50,evaluation,2026,172,44,21 19 7 35 17 25 31 40 49 13 2 33 34 9 44 8 12 14 32 41,21 19 7 35 17 25 31 40 49 13,0,1
markov-shrink-50,evaluation,2026,173,26,21 7 20 12 5 36 32 26 46 40 30 19 34 47 35 39 8 22 41 4,21 7 20 12 5 36 32 26 46 40,0,0
markov-shrink-50,evaluation,2026,174,41,20 5 14 17 21 43 48 15 2 11 7 47 9 35 42 3 8 36 22 32,20 5 14 17 21 43 48 15 2 11,1,1
markov-shrink-50,evaluation,2026,175,26,32 8 20 12 5 36 22 4 31 27 18 2 33 34 47 35 42 37 39 17,32 8 20 12 5 36 22 4 31 27,1,1
markov-shrink-50,evaluation,2026,176,10,20 5 14 17 21 43 48 15 2 11 7 47 9 35 42 3 8 36 22 32,20 5 14 17 21 43 48 15 2 11,1,1
markov-shrink-50,evaluation,2026,177,14,21 32 19 22 29 46 27 30 2 34 7 26 8 20 12 5 36 17 44 4,21 32 19 22 29 46 27 30 2 34,1,1
markov-shrink-50,evaluation,2026,178,18,21 7 20 12 5 36 46 40 30 19 47 39 8 22 17 25 31 27 18 41,21 7 20 12 5 36 46 40 30 19,0,1
markov-shrink-50,evaluation,2026,179,15,21 19 7 35 17 25 31 40 49 13 2 33 34 9 8 20 12 36 22 32,21 19 7 35 17 25 31 40 49 13,1,1
markov-shrink-50,evaluation,2026,180,21,32 19 34 7 35 5 36 29 25 27 13 33 11 47 26 38 39 8 20 12,32 19 34 7 35 5 36 29 25 27,1,1
markov-shrink-50,evaluation,2026,181,19,32 8 20 12 5 36 22 4 31 27 21 2 33 18 19 34 7 47 35 42,32 8 20 12 5 36 22 4 31 27,0,1
markov-shrink-50,evaluation,2026,182,41,32 21 34 19 35 5 17 14 49 33 18 11 47 26 9 42 3 20 29 4,32 21 34 19 35 5 17 14 49 33,1,1
markov-shrink-50,evaluation,2026,183,24,32 8 20 12 5 36 22 4 31 27 2 33 18 34 47 35 42 37 39 17,32 8 20 12 5 36 22 4 31 27,1,1
markov-shrink-50,evaluation,2026,184,1,21 7 20 12 5 36 32 46 40 30 34 47 19 35 39 8 22 17 4 31,21 7 20 12 5 36 32 46 40 30,1,1
markov-shrink-50,evaluation,2026,185,36,32 8 20 12 5 36 22 4 31 27 21 2 33 18 7 47 35 42 37 39,32 8 20 12 5 36 22 4 31 27,0,0
markov-shrink-50,evaluation,2026,186,23,20 5 17 43 48 14 2 11 7 47 15 9 35 42 3 8 22 32 29 25,20 5 17 43 48 14 2 11 7 47,1,1
markov-shrink-50,evaluation,2026,187,1,32 7 12 22 29 43 36 27 14 30 18 34 19 35 3 38 37 8 48 40,32 7 12 22 29 43 36 27 14 30,1,1
markov-shrink-50,evaluation,2026,188,16,32 8 20 12 5 22 4 31 27 21 2 33 18 7 47 35 42 37 39 17,32 8 20 12 5 22 4 31 27 21,1,1
markov-shrink-50,evaluation,2026,189,15,20 5 17 43 48 14 21 2 11 47 15 9 35 42 3 29 25 46 31 36,20 5 17 43 48 14 21 2 11 47,0,1
markov-shrink-50,evaluation,2026,190,16,32 34 7 19 35 5 29 25 36 27 13 33 11 47 26 38 39 8 20 12,32 34 7 19 35 5 29 25 36 27,1,1
markov-shrink-50,evaluation,2026,191,29,20 5 17 43 48 14 21 2 11 47 9 35 42 3 29 25 46 31 36 40,20 5 17 43 48 14 21 2 11 47,0,1
markov-shrink-50,evaluation,2026,192,25,32 21 34 19 35 5 17 14 49 33 18 11 47 26 9 42 3 20 12 4,32 21 34 19 35 5 17 14 49 33,1,1
markov-shrink-50,evaluation,2026,193,9,32 34 7 19 35 5 36 27 29 25 13 33 11 47 26 38 39 8 4 31,32 34 7 19 35 5 36 27 29 25,1,1
markov-shrink-50,evaluation,2026,194,26,32 21 34 19 35 5 17 14 49 33 18 11 47 26 42 3 9 20 12 4,32 21 34 19 35 5 17 14 49 33,0,1
markov-shrink-50,evaluation,2026,195,25,20 5 17 43 48 14 21 2 11 7 47 35 42 3 9 8 22 32 46 36,20 5 17 43 48 14 21 2 11 7,1,1
markov-shrink-50,evaluation,2026,196,39,32 34 7 19 35 5 36 27 29 13 33 11 47 25 26 38 39 8 4 31,32 34 7 19 35 5 36 27 29 13,0,1
markov-shrink-50,evaluation,2026,197,8,32 21 34 19 35 5 17 14 49 33 18 11 47 42 3 9 12 4 43 27,32 21 34 19 35 5 17 14 49 33,1,1
markov-shrink-50,evaluation,2026,198,7,21 7 19 35 17 31 40 49 13 2 33 34 25 9 20 12 22 36 14 30,21 7 19 35 17 31 40 49 13 2,0,0
markov-shrink-50,evaluation,2026,199,36,32 34 22 17 4 46 8 43 31 48 40 21 29 19 35 7 15 26 38 12,32 34 22 17 4 46 8 43 31 48,1,1
markov-shrink-50,evaluation,2026,200,39,20 5 17 43 48 14 2 11 47 35 7 42 3 9 22 32 46 8 31 40,20 5 17 43 48 14 2 11 47 35,1,1
markov-shrink-50,evaluation,2026,201,32,32 21 34 19 35 5 17 14 49 33 18 11 47 42 3 9 12 4 43 27,32 21 34 19 35 5 17 14 49 33,0,0
markov-shrink-50,evaluation,2026,202,40,21 32 34 7 5 22 4 43 40 27 14 36 25 19 35 3 38 20 17 46,21 32 34 7 5 22 4 43 40 27,0,0
markov-shrink-50,evaluation,2026,203,25,21 32 19 22 46 27 30 29 2 34 7 26 12 44 4 8 43 48 45 49,21 32 19 22 46 27 30 29 2 34,1,1
markov-shrink-50,evaluation,2026,204,5,32 34 19 35 7 5 27 29 13 33 36 11 47 26 25 38 4 8 31 21,32 34 19 35 7 5 27 29 13 33,0,0
markov-shrink-50,evaluation,2026,205,3,32 34 19 35 7 27 29 13 33 36 11 47 26 25 38 20 12 4 5 21,32 34 19 35 7 27 29 13 33 36,1,1
markov-shrink-50,evaluation,2026,206,47,32 7 12 22 43 27 14 21 30 29 36 18 19 38 37 3 4 46 8 48,32 7 12 22 43 27 14 21 30 29,1,1
markov-shrink-50,evaluation,2026,207,31,32 34 22 17 4 46 8 43 31 48 21 29 40 19 35 7 15 26 38 12,32 34 22 17 4 46 8 43 31 48,0,0
markov-shrink-50,evaluation,2026,208,19,32 20 12 22 4 8 5 27 21 2 31 33 18 34 7 47 42 37 17 44,32 20 12 22 4 8 5 27 21 2,1,1
markov-shrink-50,evaluation,2026,209,8,21 34 35 19 17 5 14 32 49 33 18 11 47 42 9 20 3 4 43 48,21 34 35 19 17 5 14 32 49 33,1,1
markov-shrink-50,evaluation,2026,210,49,21 35 19 17 49 13 2 31 33 40 34 25 9 20 12 22 14 30 29 36,21 35 19 17 49 13 2 31 33 40,0,0
markov-shrink-50,evaluation,2026,211,1,21 34 35 19 17 5 14 32 33 18 11 49 47 42 9 20 12 3 43 48,21 34 35 19 17 5 14 32 33 18,1,1
markov-shrink-50,evaluation,2026,212,6,32 20 12 22 4 5 27 21 8 2 31 33 18 35 7 47 42 37 17 44,32 20 12 22 4 5 27 21 8 2,1,1
markov-shrink-50,evaluation,2026,213,35,20 17 43 48 5 14 21 2 11 35 7 47 42 9 22 3 8 13 31 33,20 17 43 48 5 14 21 2 11 35,0,0
markov-shrink-50,evaluation,2026,214,4,32 34 7 19 35 27 29 13 33 36 11 47 26 25 38 20 12 4 5 21,32 34 7 19 35 27 29 13 33 36,0,1
markov-shrink-50,evaluation,2026,215,14,21 7 20 12 46 5 32 30 36 40 34 47 35 17 48 39 4 8 13 2,21 7 20 12 46 5 32 30 36 40,1,1
markov-shrink-50,evaluation,2026,216,37,21 7 20 12 46 5 30 36 40 47 19 22 17 27 39 8 13 2 31 33,21 7 20 12 46 5 30 36 40 47,1,1
markov-shrink-50,evaluation,2026,217,26,32 34 22 17 46 43 48 29 4 8 40 15 26 38 35 12 44 16 39 2,32 34 22 17 46 43 48 29 4 8,0,1
markov-shrink-50,evaluation,2026,218,17,20 17 43 48 5 21 2 14 11 7 47 42 9 22 3 46 32 8 13 33,20 17 43 48 5 21 2 14 11 7,0,0
markov-shrink-50,evaluation,2026,219,43,32 34 22 46 43 48 17 21 29 4 8 40 7 15 38 19 44 16 39 13,32 34 22 46 43 48 17 21 29 4,0,0
markov-shrink-50,evaluation,2026,220,48,32 7 12 22 27 21 30 29 43 36 14 18 34 38 19 35 3 37 46 48,32 7 12 22 27 21 30 29 43 36,0,1
markov-shrink-50,evaluation,2026,221,1,21 19 35 17 13 2 31 33 40 34 7 25 9 20 22 32 30 29 4 8,21 19 35 17 13 2 31 33 40 34,1,1
markov-shrink-50,evaluation,2026,222,26,32 20 12 22 5 27 21 4 8 2 31 33 18 7 47 42 35 44 37 17,32 20 12 22 5 27 21 4 8 2,1,1
markov-shrink-50,evaluation,2026,223,23,20 5 21 2 43 48 14 11 7 47 42 9 22 3 46 32 8 13 33 36,20 5 21 2 43 48 14 11 7 47,1,1
markov-shrink-50,evaluation,2026,224,9,32 7 12 22 27 30 29 43 36 14 18 34 38 19 35 3 37 8 2 40,32 7 12 22 27 30 29 43 36 14,1,1
markov-shrink-50,evaluation,2026,225,1,21 34 19 35 5 17 32 33 14 18 11 49 47 42 20 12 3 9 27 28,21 34 19 35 5 17 32 33 14 18,1,1
markov-shrink-50,evaluation,2026,226,17,32 20 12 22 5 27 21 4 8 2 31 33 18 7 47 42 35 44 37 17,32 20 12 22 5 27 21 4 8 2,0,1
markov-shrink-50,evaluation,2026,227,16,32 34 22 46 21 29 4 8 48 40 17 7 15 38 19 44 16 39 13 2,32 34 22 46 21 29 4 8 48 40,0,1
markov-shrink-50,evaluation,2026,228,23,20 5 21 2 43 48 14 11 47 42 3 9 46 31 36 40 18 17 34 49,20 5 21 2 43 48 14 11 47 42,1,1
markov-shrink-50,evaluation,2026,229,38,32 7 12 22 27 30 29 43 36 14 18 34 38 19 35 3 37 8 2 40,32 7 12 22 27 30 29 43 36 14,0,1
markov-shrink-50,evaluation,2026,230,16,21 19 35 13 2 31 33 40 17 7 25 20 12 22 9 30 29 4 8 48,21 19 35 13 2 31 33 40 17 7,1,1
markov-shrink-50,evaluation,2026,231,20,20 5 21 2 43 48 14 11 47 42 3 9 46 31 36 40 18 17 34 49,20 5 21 2 43 48 14 11 47 42,0,0
markov-shrink-50,evaluation,2026,232,42,21 32 19 22 46 27 30 29 2 7 12 44 20 5 26 45 4 8 13 43,21 32 19 22 46 27 30 29 2 7,1,1
markov-shrink-50,evaluation,2026,233,7,21 32 34 7 22 5 27 4 43 36 14 25 3 38 35 45 46 30 29 8,21 32 34 7 22 5 27 4 43 36,0,0
markov-shrink-50,evaluation,2026,234,39,32 34 22 46 21 29 4 8 48 40 17 15 19 35 12 7 38 44 39 13,32 34 22 46 21 29 4 8 48 40,0,1
markov-shrink-50,evaluation,2026,235,32,21 34 19 35 5 33 14 18 11 17 49 47 12 42 3 9 27 28 29 4,21 34 19 35 5 33 14 18 11 17,1,1
markov-shrink-50,evaluation,2026,236,11,21 32 34 22 5 27 4 43 36 14 25 19 35 7 3 38 46 20 45 30,21 32 34 22 5 27 4 43 36 14,1,1
markov-shrink-50,evaluation,2026,237,12,32 12 22 20 5 27 21 4 8 2 31 33 18 34 47 35 7 42 44 37,32 12 22 20 5 27 21 4 8 2,0,0
markov-shrink-50,evaluation,2026,238,17,21 32 34 22 5 27 4 43 36 14 25 19 7 3 38 46 20 45 30 29,21 32 34 22 5 27 4 43 36 14,1,1
markov-shrink-50,evaluation,2026,239,5,32 34 22 46 21 29 4 8 48 40 17 15 19 7 38 44 13 2 31 10,32 34 22 46 21 29 4 8 48 40,1,1
markov-shrink-50,evaluation,2026,240,27,32 34 19 35 7 27 29 13 33 36 11 47 25 38 20 12 26 21 30 5,32 34 19 35 7 27 29 13 33 36,0,0
markov-shrink-50,evaluation,2026,241,49,32 34 22 46 21 29 4 8 48 40 17 15 19 35 7 38 44 12 13 2,32 34 22 46 21 29 4 8 48 40,1,1
markov-shrink-50,evaluation,2026,242,9,21 34 19 35 33 5 14 18 11 17 49 47 42 3 9 20 12 28 30 29,21 34 19 35 33 5 14 18 11 17,0,1
markov-shrink-50,evaluation,2026,243,21,21 34 19 35 33 5 14 18 11 17 49 47 42 3 20 12 28 30 4 43,21 34 19 35 33 5 14 18 11 17,0,0
markov-shrink-50,evaluation,2026,244,46,32 22 20 4 8 2 31 33 5 27 18 21 34 47 35 7 42 44 37 46,32 22 20 4 8 2 31 33 5 27,0,1
markov-shrink-50,evaluation,2026,245,18,2 43 48 5 14 21 11 47 22 7 42 3 20 9 46 8 13 31 33 36,2 43 48 5 14 21 11 47 22 7,1,1
markov-shrink-50,evaluation,2026,246,30,21 19 35 13 2 31 33 40 34 17 25 22 7 20 12 9 4 8 48 36,21 19 35 13 2 31 33 40 34 17,1,1
markov-shrink-50,evaluation,2026,247,40,21 32 19 22 29 46 2 27 30 34 44 26 45 20 10 13 43 5 40 18,21 32 19 22 29 46 2 27 30 34,0,1
markov-shrink-50,evaluation,2026,248,20,21 32 19 22 29 46 2 27 30 34 44 7 26 45 12 10 4 8 43 48,21 32 19 22 29 46 2 27 30 34,1,1
markov-shrink-50,evaluation,2026,249,23,21 32 19 22 29 46 2 27 30 7 44 12 26 45 4 8 13 43 48 5,21 32 19 22 29 46 2 27 30 7,1,1
markov-shrink-50,evaluation,2026,250,14,32 22 7 12 29 43 36 27 14 34 30 18 19 35 3 37 8 2 40 11,32 22 7 12 29 43 36 27 14 34,0,0
markov-shrink-50,evaluation,2026,251,30,21 7 12 46 20 5 36 30 40 47 19 22 8 13 2 31 33 27 41 39,21 7 12 46 20 5 36 30 40 47,0,0
markov-shrink-50,evaluation,2026,252,22,21 32 19 22 29 46 2 27 34 30 44 26 45 10 13 43 5 18 11 17,21 32 19 22 29 46 2 27 34 30,0,0
markov-shrink-50,evaluation,2026,253,16,21 32 34 22 4 43 5 36 27 14 25 19 35 7 3 38 45 29 46 8,21 32 34 22 4 43 5 36 27 14,1,1
markov-shrink-50,evaluation,2026,254,2,2 43 48 5 21 14 11 47 42 3 9 46 31 36 34 40 17 49 24 35,2 43 48 5 21 14 11 47 42 3,0,0
markov-shrink-50,evaluation,2026,255,44,21 32 34 22 4 43 5 36 27 14 25 19 35 7 3 38 45 20 13 31,21 32 34 22 4 43 5 36 27 14,1,1
markov-shrink-50,evaluation,2026,256,1,21 7 12 46 20 5 36 32 34 40 47 19 35 22 4 8 13 31 48 33,21 7 12 46 20 5 36 32 34 40,1,1
markov-shrink-50,evaluation,2026,257,7,32 22 4 8 20 31 33 5 27 2 18 21 47 42 37 35 7 44 12 39,32 22 4 8 20 31 33 5 27 2,0,1
markov-shrink-50,evaluation,2026,258,46,32 34 22 29 4 46 8 48 21 40 17 15 19 35 38 12 7 44 13 43,32 34 22 29 4 46 8 48 21 40,0,0
markov-shrink-50,evaluation,2026,259,22,43 48 5 21 14 11 47 42 3 22 7 9 8 20 13 31 33 36 32 46,43 48 5 21 14 11 47 42 3 22,0,0
markov-shrink-50,evaluation,2026,260,20,21 32 34 4 43 5 36 22 27 14 25 19 35 3 38 7 45 29 8 20,21 32 34 4 43 5 36 22 27 14,0,1
markov-shrink-50,evaluation,2026,261,24,21 32 19 29 27 46 2 30 26 45 44 12 7 10 4 8 13 43 48 5,21 32 19 29 27 46 2 30 26 45,1,1
markov-shrink-50,evaluation,2026,262,30,21 12 7 5 36 46 20 40 32 34 47 19 35 41 39 4 8 31 48 22,21 12 7 5 36 46 20 40 32 34,1,1
markov-shrink-50,evaluation,2026,263,9,21 32 19 29 27 46 2 34 30 26 45 44 10 13 43 5 18 11 17 49,21 32 19 29 27 46 2 34 30 26,1,1
markov-shrink-50,evaluation,2026,264,21,34 19 35 33 5 14 18 11 17 49 47 42 3 12 28 4 43 48 27 32,34 19 35 33 5 14 18 11 17 49,1,1
markov-shrink-50,evaluation,2026,265,49,32 4 8 31 33 5 22 27 34 20 2 18 21 47 35 42 37 12 44 13,32 4 8 31 33 5 22 27 34 20,1,1
markov-shrink-50,evaluation,2026,266,8,34 19 35 33 5 14 18 11 17 47 49 42 3 12 28 29 43 48 27 32,34 19 35 33 5 14 18 11 17 47,1,1
gap-hazard-100,validation,2025,246,6,19 48 12 22 35 3 11 24 6 8 21 26 16 7 41 39 42 31 49 36,19 48 12 22 35 3 11 24 6 8,0,0
gap-hazard-100,validation,2025,247,25,19 48 12 22 35 3 11 24 44 21 26 16 7 41 39 31 28 49 36 46,19 48 12 22 35 3 11 24 44 21,1,1
gap-hazard-100,validation,2025,248,12,19 48 12 22 35 3 11 44 6 21 26 16 7 41 31 28 49 36 46 5,19 48 12 22 35 3 11 44 6 21,0,0
gap-hazard-100,validation,2025,249,2,19 48 22 35 3 11 6 21 26 16 7 41 31 28 34 49 36 46 4 5,19 48 22 35 3 11 6 21 26 16,1,1
gap-hazard-100,validation,2025,250,12,19 48 22 35 3 11 21 12 26 16 7 41 28 31 34 49 36 4 5 1,19 48 22 35 3 11 21 12 26 16,0,0
gap-hazard-100,validation,2025,251,35,19 48 22 35 3 11 21 26 2 16 7 41 24 28 31 34 49 36 5 1,19 48 22 35 3 11 21 26 2 16,0,0
gap-hazard-100,validation,2025,252,23,19 48 22 11 3 21 26 2 16 7 41 24 31 34 28 49 36 1 5 8,19 48 22 11 3 21 26 2 16 7,1,1
gap-hazard-100,validation,2025,253,33,19 48 22 3 11 21 26 16 35 7 41 24 34 31 28 49 36 8 5 44,19 48 22 3 11 21 26 16 35 7,1,1
gap-hazard-100,validation,2025,254,17,19 48 22 11 3 21 26 16 35 7 41 24 31 28 49 36 8 5 44 15,19 48 22 11 3 21 26 16 35 7,1,1
gap-hazard-100,validation,2025,255,42,19 48 22 11 3 21 26 16 33 7 24 41 31 28 49 36 44 5 15 1,19 48 22 11 3 21 26 16 33 7,1,1
gap-hazard-100,validation,2025,256,48,19 48 22 11 3 21 26 16 33 7 17 41 31 28 49 36 44 5 15 37,19 48 22 11 3 21 26 16 33 7,0,0
gap-hazard-100,validation,2025,257,28,19 22 11 3 21 16 26 7 17 41 31 28 49 36 15 5 37 1 32 29,19 22 11 3 21 16 26 7 17 41,0,1
gap-hazard-100,validation,2025,258,38,19 22 11 3 21 16 26 7 48 41 39 31 49 36 15 5 37 32 29 1,19 22 11 3 21 16 26 7 48 41,1,1
gap-hazard-100,validation,2025,259,47,19 22 11 3 21 26 16 28 7 48 23 41 39 31 49 36 5 15 37 29,19 22 11 3 21 26 16 28 7 48,1,1
gap-hazard-100,validation,2025,260,3,19 22 11 3 46 21 38 16 26 28 7 23 41 39 31 33 49 36 5 15,19 22 11 3 46 21 38 16 26 28,0,0
gap-hazard-100,validation,2025,261,33,19 22 11 46 4 21 38 16 26 47 7 23 41 39 31 33 49 36 15 5,19 22 11 46 4 21 38 16 26 47,0,1
gap-hazard-100,validation,2025,262,44,19 22 11 46 4 21 16 26 47 3 7 41 23 39 31 42 49 36 15 5,19 22 11 46 4 21 16 26 47 3,1,1
gap-hazard-100,validation,2025,263,38,19 22 11 46 4 21 16 26 33 3 7 41 23 39 31 42 49 36 15 5,19 22 11 46 4 21 16 26 33 3,1,1
gap-hazard-100,validation,2025,264,43,19 22 11 46 4 21 16 26 33 44 7 41 39 31 34 42 49 36 28 15,19 22 11 46 4 21 16 26 33 44,1,1
gap-hazard-100,validation,2025,265,10,19 22 46 4 21 16 38 26 44 7 41 39 31 34 42 49 36 28 15 5,19 22 46 4 21 16 38 26 44 7,1,1
gap-hazard-100,validation,2025,266,41,19 22 46 4 21 16 38 26 43 7 41 39 31 34 42 28 49 36 15 5,19 22 46 4 21 16 38 26 43 7,0,1
gap-hazard-100,validation,2025,267,29,19 22 46 4 10 16 26 43 21 7 39 31 34 28 15 49 36 37 5 32,19 22 46 4 10 16 26 43 21 7,1,1
gap-hazard-100,validation,2025,268,10,19 22 46 4 6 10 16 26 21 41 7 39 31 34 28 15 49 36 37 32,19 22 46 4 6 10 16 26 21 41,0,0
gap-hazard-100,validation,2025,269,31,19 22 46 4 6 16 26 21 7 39 31 41 34 15 49 36 37 32 5 44,19 22 46 4 6 16 26 21 7 39,0,1
gap-hazard-100,validation,2025,270,35,19 22 46 4 6 16 26 21 7 39 38 34 15 49 36 37 5 32 44 20,19 22 46 4 6 16 26 21 7 39,1,1
gap-hazard-100,validation,2025,271,6,19 22 46 4 6 16 26 21 7 2 39 38 31 34 15 49 36 43 37 5,19 22 46 4 6 16 26 21 7 2,0,0
gap-hazard-100,validation,2025,272,36,19 22 46 4 16 26 21 7 2 38 12 39 31 35 34 49 36 43 15 5,19 22 46 4 16 26 21 7 2 38,0,1
gap-hazard-100,validation,2025,273,4,19 22 46 4 16 26 21 7 2 12 38 39 35 34 6 43 15 49 37 44,19 22 46 4 16 26 21 7 2 12,0,0
gap-hazard-100,validation,2025,274,44,19 22 46 16 26 21 7 38 2 12 39 36 6 34 43 49 15 10 5 37,19 22 46 16 26 21 7 38 2 12,1,1
gap-hazard-100,validation,2025,275,45,19 22 46 16 26 21 7 2 12 39 36 34 4 43 49 15 5 37 32 20,19 22 46 16 26 21 7 2 12 39,1,1
gap-hazard-100,validation,2025,276,9,19 22 46 26 21 7 2 12 39 44 34 4 15 49 37 5 32 31 20 48,19 22 46 26 21 7 2 12 39 44,1,1
gap-hazard-100,validation,2025,277,16,19 22 46 26 21 7 2 12 39 45 44 34 15 49 37 5 31 20 48 6,19 22 46 26 21 7 2 12 39 45,1,1
gap-hazard-100,validation,2025,278,28,19 22 46 26 21 2 7 12 39 45 34 9 15 37 49 5 31 20 44 17,19 22 46 26 21 2 7 12 39 45,1,1
gap-hazard-100,validation,2025,279,27,19 22 46 26 21 2 7 12 39 9 34 16 15 37 49 5 31 36 20 44,19 22 46 26 21 2 7 12 39 9,1,1
gap-hazard-100,validation,2025,280,42,19 22 46 26 21 2 12 7 39 28 34 16 37 49 31 5 36 4 20 44,19 22 46 26 21 2 12 7 39 28,1,1
gap-hazard-100,validation,2025,281,47,19 22 46 26 21 2 12 7 28 39 34 27 37 49 44 5 36 4 31 20,19 22 46 26 21 2 12 7 28 39,1,1
gap-hazard-100,validation,2025,282,41,19 22 46 26 21 7 2 12 39 34 27 44 37 49 5 36 4 31 20 9,19 22 46 26 21 7 2 12 39 34,1,1
gap-hazard-100,validation,2025,283,45,19 22 46 26 21 2 7 12 47 39 34 44 37 49 36 5 4 31 20 17,19 22 46 26 21 2 7 12 47 39,1,1
gap-hazard-100,validation,2025,284,41,19 22 46 26 21 2 7 12 47 39 34 41 37 49 5 44 4 31 20 42,19 22 46 26 21 2 7 12 47 39,0,1
gap-hazard-100,validation,2025,285,24,19 22 46 26 21 2 12 7 39 34 49 45 5 28 44 31 20 42 17 29,19 22 46 26 21 2 12 7 39 34,1,1
gap-hazard-100,validation,2025,286,3,19 22 46 26 21 2 7 12 39 34 49 45 28 5 31 20 27 42 29 17,19 22 46 26 21 2 7 12 39 34,1,1
gap-hazard-100,validation,2025,287,34,19 22 46 26 21 7 2 12 39 34 49 28 5 24 42 31 20 27 29 17,19 22 46 26 21 7 2 12 39 34,0,0
gap-hazard-100,validation,2025,288,14,19 22 46 26 21 7 2 12 49 28 5 24 42 3 31 20 27 9 29 6,19 22 46 26 21 7 2 12 49 28,1,1
gap-hazard-100,validation,2025,289,42,19 22 46 26 21 7 2 12 28 49 42 5 3 34 31 27 20 9 24 29,19 22 46 26 21 7 2 12 28 49,0,1
gap-hazard-100,validation,2025,290,19,19 22 26 21 7 2 12 49 5 14 34 31 20 9 24 29 27 6 41 17,19 22 26 21 7 2 12 49 5 14,0,0
gap-hazard-100,validation,2025,291,44,22 26 21 7 2 12 49 5 14 20 9 24 29 6 17 34 30 27 48 16,22 26 21 7 2 12 49 5 14 20,1,1
gap-hazard-100,validation,2025,292,2,22 26 21 7 2 12 49 5 35 24 20 29 9 19 17 6 34 30 27 48,22 26 21 7 2 12 49 5 35 24,0,0
gap-hazard-100,validation,2025,293,47,22 26 21 7 12 49 5 35 24 44 20 9 29 42 19 17 34 30 6 27,22 26 21 7 12 49 5 35 24 44,1,1
gap-hazard-100,validation,2025,294,18,22 26 21 7 12 49 5 35 24 2 44 20 34 29 42 9 36 17 30 6,22 26 21 7 12 49 5 35 24 2,1,1
gap-hazard-100,validation,2025,295,5,22 26 21 7 12 8 49 5 35 24 47 2 34 20 42 29 9 36 4 17,22 26 21 7 12 8 49 5 35 24,0,0
gap-hazard-100,validation,2025,296,22,22 26 21 12 7 8 49 35 47 24 18 34 20 29 9 36 4 17 44 45,22 26 21 12 7 8 49 35 47 24,0,0
gap-hazard-100,validation,2025,297,44,26 21 12 7 8 35 49 18 34 5 20 29 9 36 4 44 17 45 6 30,26 21 12 7 8 35 49 18 34 5,0,1
gap-hazard-100,validation,2025,298,23,26 21 12 7 8 35 49 34 5 22 20 29 36 4 17 45 6 30 27 18,26 21 12 7 8 35 49 34 5 22,1,1
gap-hazard-100,validation,2025,299,49,26 21 16 12 7 8 35 49 44 22 20 29 36 4 17 45 30 6 27 18,26 21 16 12 7 8 35 49 44 22,0,0
gap-hazard-100,validation,2025,300,40,26 16 21 12 7 8 35 44 20 29 36 4 17 45 6 14 30 27 18 48,26 16 21 12 7 8 35 44 20 29,1,1
gap-hazard-100,validation,2025,301,5,27 26 16 12 21 7 8 35 29 20 36 4 17 45 6 14 30 48 3 33,27 26 16 12 21 7 8 35 29 20,1,1
gap-hazard-100,validation,2025,302,22,27 26 16 21 7 8 35 12 40 29 20 36 4 17 45 6 14 30 48 3,27 26 16 21 7 8 35 12 40 29,1,1
gap-hazard-100,validation,2025,303,15,27 26 16 21 7 8 35 12 40 5 29 20 36 4 45 17 14 6 30 48,27 26 16 21 7 8 35 12 40 5,1,1
gap-hazard-100,validation,2025,304,48,27 26 16 21 7 8 35 12 44 5 22 29 20 36 4 45 17 14 6 30,27 26 16 21 7 8 35 12 44 5,1,1
gap-hazard-100,validation,2025,305,42,27 26 16 21 7 8 35 12 23 15 44 22 29 20 36 4 17 14 6 30,27 26 16 21 7 8 35 12 23 15,1,1
gap-hazard-100,validation,2025,306,17,27 26 16 21 41 7 8 35 12 23 15 44 29 20 48 36 4 6 14 30,27 26 16 21 41 7 8 35 12 23,1,1
gap-hazard-100,validation,2025,307,20,27 26 16 41 21 7 35 8 12 23 44 29 48 20 36 4 14 6 30 49,27 26 16 41 21 7 35 8 12 23,0,1
gap-hazard-100,validation,2025,308,39,27 26 16 41 21 7 35 8 12 23 44 29 17 36 4 14 6 49 30 5,27 26 16 41 21 7 35 8 12 23,1,1
gap-hazard-100,validation,2025,309,6,27 26 16 41 21 7 35 8 23 12 29 17 36 4 14 6 49 5 30 22,27 26 16 41 21 7 35 8 23 12,0,1
gap-hazard-100,validation,2025,310,16,27 26 16 41 21 7 35 8 12 39 29 36 15 4 49 5 22 30 33 42,27 26 16 41 21 7 35 8 12 39,0,0
gap-hazard-100,validation,2025,311,37,27 26 41 21 7 35 8 12 39 6 29 15 36 4 5 22 30 48 33 42,27 26 41 21 7 35 8 12 39 6,1,1
gap-hazard-100,validation,2025,312,14,27 26 41 21 7 35 8 12 6 16 29 15 36 4 5 22 48 30 33 31,27 26 41 21 7 35 8 12 6 16,1,1
gap-hazard-100,validation,2025,313,38,27 26 41 21 7 35 8 12 37 16 15 29 36 4 22 48 30 17 5 31,27 26 41 21 7 35 8 12 37 16,1,1
gap-hazard-100,validation,2025,314,23,27 26 41 21 7 35 8 12 14 37 15 29 36 4 48 30 17 5 22 13,27 26 41 21 7 35 8 12 14 37,1,1
gap-hazard-100,validation,2025,315,4,27 26 41 21 7 35 8 12 38 14 39 29 36 4 48 17 30 13 5 31,27 26 41 21 7 35 8 12 38 14,0,1
gap-hazard-100,validation,2025,316,24,27 26 41 21 7 35 8 12 38 39 29 36 17 30 13 5 22 31 48 34,27 26 41 21 7 35 8 12 38 39,1,1
gap-hazard-100,validation,2025,317,18,27 26 21 41 7 35 8 12 39 4 29 36 17 30 5 13 22 48 31 46,27 26 21 41 7 35 8 12 39 4,1,1
gap-hazard-100,validation,2025,318,6,27 26 21 41 7 8 35 12 24 39 4 29 37 36 30 5 13 22 48 31,27 26 21 41 7 8 35 12 24 39,1,1
gap-hazard-100,validation,2025,319,45,27 26 21 41 7 44 8 35 12 24 18 39 36 37 30 5 22 13 48 17,27 26 21 41 7 44 8 35 12 24,1,1
gap-hazard-100,validation,2025,320,28,27 26 21 41 7 44 8 35 12 18 38 6 36 37 30 5 22 13 48 24,27 26 21 41 7 44 8 35 12 18,1,1
gap-hazard-100,validation,2025,321,23,27 26 21 41 7 8 44 49 35 12 23 45 38 6 36 37 30 5 22 13,27 26 21 41 7 8 44 49 35 12,0,1
gap-hazard-100,validation,2025,322,47,27 26 21 41 7 8 44 49 12 45 28 38 36 35 30 37 4 5 22 13,27 26 21 41 7 8 44 49 12 45,1,1
gap-hazard-100,validation,2025,323,9,27 26 21 7 41 8 44 12 49 28 38 24 35 36 30 4 22 13 48 17,27 26 21 7 41 8 44 12 49 28,1,1
gap-hazard-100,validation,2025,324,15,27 26 21 7 41 8 44 12 49 47 38 24 35 30 14 4 48 13 17 16,27 26 21 7 41 8 44 12 49 47,1,1
gap-hazard-100,validation,2025,325,4,27 26 21 7 41 8 44 12 49 47 9 24 35 30 4 14 13 48 17 46,27 26 21 7 41 8 44 12 49 47,0,1
gap-hazard-100,validation,2025,326,19,27 26 21 7 41 8 44 12 49 15 9 24 35 30 14 13 17 46 16 32,27 26 21 7 41 8 44 12 49 15,1,1
gap-hazard-100,validation,2025,327,37,26 27 21 7 41 8 12 44 49 15 4 24 35 30 28 14 13 17 16 46,26 27 21 7 41 8 12 44 49 15,1,1
gap-hazard-100,validation,2025,328,3,26 27 21 7 41 8 12 44 49 4 35 30 28 19 14 13 17 46 32 16,26 27 21 7 41 8 12 44 49 4,1,1
gap-hazard-100,validation,2025,329,17,26 27 21 7 41 8 12 44 49 37 35 30 28 19 14 13 17 46 32 16,26 27 21 7 41 8 12 44 49 37,0,1
gap-hazard-100,validation,2025,330,36,26 27 21 7 41 8 12 44 49 37 3 35 30 39 28 14 13 6 46 32,26 27 21 7 41 8 12 44 49 37,1,1
gap-hazard-100,validation,2025,331,26,26 21 7 41 8 12 44 49 3 35 17 39 30 28 14 15 45 13 6 16,26 21 7 41 8 12 44 49 3 35,0,0
gap-hazard-100,validation,2025,332,26,21 7 41 8 12 44 49 36 17 35 39 30 14 15 45 13 6 46 32 5,21 7 41 8 12 44 49 36 17 35,1,1
gap-hazard-100,validation,2025,333,6,21 7 41 8 12 44 49 36 35 39 30 14 15 45 13 6 46 32 5 37,21 7 41 8 12 44 49 36 35 39,0,1
gap-hazard-100,validation,2025,334,46,21 7 41 8 44 12 49 35 39 30 26 15 37 45 13 32 46 5 34 16,21 7 41 8 44 12 49 35 39 30,0,1
gap-hazard-100,validation,2025,335,44,21 7 41 8 44 12 49 6 35 39 30 26 15 37 45 13 9 32 5 34,21 7 41 8 44 12 49 6 35 39,0,0
gap-hazard-100,validation,2025,336,17,21 7 8 12 49 6 35 46 39 30 37 45 13 9 17 32 5 34 16 25,21 7 8 12 49 6 35 46 39 30,0,1
gap-hazard-100,validation,2025,337,9,21 7 8 12 49 44 46 35 39 30 45 37 13 9 36 32 5 6 34 16,21 7 8 12 49 44 46 35 39 30,0,1
gap-hazard-100,validation,2025,338,8,21 7 8 12 49 44 35 17 39 30 45 37 13 36 32 5 6 25 16 34,21 7 8 12 49 44 35 17 39 30,0,0
gap-hazard-100,validation,2025,339,48,21 7 49 12 9 17 35 39 30 45 13 36 32 5 6 16 25 2 20 26,21 7 49 12 9 17 35 39 30 45,1,1
gap-hazard-100,validation,2025,340,16,21 7 12 49 9 35 39 30 8 45 13 36 32 5 3 25 16 2 20 17,21 7 12 49 9 35 39 30 8 45,0,1
gap-hazard-100,validation,2025,341,6,21 7 12 49 35 30 8 39 48 13 36 32 3 5 46 25 9 2 20 17,21 7 12 49 35 30 8 39 48 13,1,1
gap-hazard-100,validation,2025,342,4,21 7 12 49 35 16 30 48 39 13 44 32 3 5 25 9 2 20 46 17,21 7 12 49 35 16 30 48 39 13,1,1
gap-hazard-100,validation,2025,343,38,21 7 12 49 6 35 16 30 39 13 44 32 5 25 3 9 2 46 20 8,21 7 12 49 6 35 16 30 39 13,1,1
gap-hazard-100,validation,2025,344,27,21 7 12 49 6 4 35 30 39 13 44 32 25 3 5 46 20 16 8 48,21 7 12 49 6 4 35 30 39 13,1,1
gap-hazard-100,validation,2025,345,24,21 7 12 49 38 4 35 30 39 13 44 32 3 5 6 25 46 20 8 16,21 7 12 49 38 4 35 30 39 13,1,1
gap-hazard-100,validation,2025,346,3,21 7 12 49 38 35 30 39 27 13 44 32 3 15 6 25 5 4 20 8,21 7 12 49 38 35 30 39 27 13,0,1
gap-hazard-100,validation,2025,347,13,21 7 12 49 24 35 30 39 27 13 32 6 15 25 5 4 20 8 48 41,21 7 12 49 24 35 30 39 27 13,0,0
gap-hazard-100,validation,2025,348,16,21 7 12 49 24 3 35 30 39 32 15 5 25 4 8 20 48 17 27 41,21 7 12 49 24 3 35 30 39 32,1,1
gap-hazard-100,validation,2025,349,22,21 7 12 49 3 35 13 30 39 32 15 24 37 5 25 20 17 8 48 27,21 7 12 49 3 35 13 30 39 32,1,1
gap-hazard-100,validation,2025,350,49,21 7 12 49 35 13 16 30 39 38 32 24 15 25 37 5 20 17 48 8,21 7 12 49 35 13 16 30 39 38,0,0
gap-hazard-100,validation,2025,351,4,21 7 12 35 16 30 22 39 38 32 24 25 15 37 5 20 17 8 48 13,21 7 12 35 16 30 22 39 38 32,1,1
gap-hazard-100,validation,2025,352,44,21 7 12 35 30 22 39 38 24 32 36 25 15 37 5 20 17 8 48 13,21 7 12 35 30 22 39 38 24 32,1,1
gap-hazard-100,validation,2025,353,1,21 7 12 35 4 30 39 38 24 32 36 25 15 37 20 17 13 16 8 48,21 7 12 35 4 30 39 38 24 32,1,1
gap-hazard-100,validation,2025,354,30,21 7 12 44 4 35 30 39 38 24 32 36 15 25 37 20 17 13 16 8,21 7 12 44 4 35 30 39 38 24,0,0
gap-hazard-100,validation,2025,355,8,21 7 12 44 35 39 1 24 32 36 15 37 25 4 20 17 13 8 48 27,21 7 12 44 35 39 1 24 32 36,0,1
gap-hazard-100,validation,2025,356,24,21 7 12 46 35 30 39 1 24 32 36 15 37 25 4 20 13 17 48 27,21 7 12 46 35 30 39 1 24 32,0,0
gap-hazard-100,validation,2025,357,49,21 7 12 46 35 30 39 8 32 36 15 37 25 4 20 17 13 48 27 41,21 7 12 46 35 30 39 8 32 36,1,1
gap-hazard-100,validation,2025,358,7,21 7 12 46 24 35 39 8 32 36 15 37 25 20 48 30 13 27 41 43,21 7 12 46 24 35 39 8 32 36,0,0
gap-hazard-100,validation,2025,359,11,21 12 46 24 35 39 32 36 15 37 25 44 48 30 27 8 1 41 43 11,21 12 46 24 35 39 32 36 15 37,0,1
gap-hazard-100,validation,2025,360,41,21 46 12 35 7 36 32 15 37 24 25 44 48 30 27 8 16 41 43 22,21 46 12 35 7 36 32 15 37 24,0,1
gap-hazard-100,validation,2025,361,24,21 46 12 35 11 7 36 32 15 37 24 25 44 27 8 49 16 22 30 43,21 46 12 35 11 7 36 32 15 37,0,1
gap-hazard-100,validation,2025,362,23,21 46 12 35 11 36 32 15 37 25 44 27 16 22 30 43 49 8 29 5,21 46 12 35 11 36 32 15 37 25,1,1
gap-hazard-100,validation,2025,363,26,21 46 12 24 35 36 32 15 37 25 44 27 16 22 30 43 49 8 11 29,21 46 12 24 35 36 32 15 37 25,1,1
gap-hazard-100,validation,2025,364,12,21 12 46 24 35 32 36 15 37 25 27 16 22 30 43 41 8 11 1 29,21 12 46 24 35 32 36 15 37 25,0,0
gap-hazard-100,validation,2025,365,26,21 46 35 26 36 32 15 37 25 27 16 22 30 43 1 41 8 11 29 5,21 46 35 26 36 32 15 37 25 27,0,0
gap-hazard-100,evaluation,2026,1,29,21 27 46 35 36 32 15 37 25 16 22 43 1 41 8 29 5 7 20 33,21 27 46 35 36 32 15 37 25 16,0,1
gap-hazard-100,evaluation,2026,2,22,27 21 46 35 36 32 15 37 25 16 22 1 43 5 7 20 33 10 29 17,27 21 46 35 36 32 15 37 25 16,0,1
gap-hazard-100,evaluation,2026,3,9,27 21 46 35 36 32 15 37 25 16 43 1 5 12 7 20 33 10 22 17,27 21 46 35 36 32 15 37 25 16,1,1
gap-hazard-100,evaluation,2026,4,45,27 21 46 35 22 36 32 15 37 25 16 43 1 5 12 7 26 20 33 10,27 21 46 35 22 36 32 15 37 25,1,1
gap-hazard-100,evaluation,2026,5,43,21 27 46 35 9 22 32 36 15 37 25 43 1 5 29 12 26 7 20 33,21 27 46 35 9 22 32 36 15 37,0,1
gap-hazard-100,evaluation,2026,6,13,27 21 46 35 45 9 36 32 15 37 25 1 29 5 26 7 20 33 12 10,27 21 46 35 45 9 36 32 15 37,1,1
gap-hazard-100,evaluation,2026,7,41,21 27 46 35 45 43 32 36 15 37 25 1 9 29 5 7 20 12 33 26,21 27 46 35 45 43 32 36 15 37,1,1
gap-hazard-100,evaluation,2026,8,21,21 27 46 35 13 43 32 36 15 37 25 9 1 5 7 20 12 33 26 10,21 27 46 35 13 43 32 36 15 37,0,0
gap-hazard-100,evaluation,2026,9,28,27 46 35 13 36 32 15 37 25 9 1 43 5 22 44 7 12 20 26 33,27 46 35 13 36 32 15 37 25 9,1,1
gap-hazard-100,evaluation,2026,10,27,27 46 35 36 32 15 37 21 25 13 43 22 5 44 7 12 26 20 33 10,27 46 35 36 32 15 37 21 25 13,0,0
gap-hazard-100,evaluation,2026,11,11,46 35 28 32 36 21 37 25 13 41 43 22 5 44 7 26 20 33 10 17,46 35 28 32 36 21 37 25 13 41,1,1
gap-hazard-100,evaluation,2026,12,11,46 35 28 32 36 27 37 25 13 41 43 22 5 44 7 21 20 33 26 10,46 35 28 32 36 27 37 25 13 41,1,1
gap-hazard-100,evaluation,2026,13,1,46 35 32 36 27 37 25 13 41 43 22 5 44 29 7 21 20 33 26 10,46 35 32 36 27 37 25 13 41 43,1,1
gap-hazard-100,evaluation,2026,14,26,46 35 32 11 36 25 13 43 49 5 29 44 27 7 21 20 26 33 10 42,46 35 32 11 36 25 13 43 49 5,0,1
gap-hazard-100,evaluation,2026,15,31,46 35 11 32 36 1 25 13 43 49 5 27 44 29 20 33 10 7 21 19,46 35 11 32 36 1 25 13 43 49,1,1
gap-hazard-100,evaluation,2026,16,6,46 35 32 36 1 25 45 28 13 43 49 11 27 5 44 29 20 33 7 10,46 35 32 36 1 25 45 28 13 43,1,1
gap-hazard-100,evaluation,2026,17,32,46 35 32 31 25 28 45 13 49 11 5 44 29 27 1 20 10 33 7 21,46 35 32 31 25 28 45 13 49 11,0,0
gap-hazard-100,evaluation,2026,18,39,46 35 6 31 25 28 45 49 11 5 29 44 27 1 26 20 21 10 7 33,46 35 6 31 25 28 45 49 11 5,1,1
gap-hazard-100,evaluation,2026,19,46,46 35 6 25 32 28 45 49 29 44 27 5 1 26 21 20 7 10 33 19,46 35 6 25 32 28 45 49 29 44,0,0
gap-hazard-100,evaluation,2026,20,12,35 39 25 32 28 45 6 49 29 27 5 44 1 26 20 10 7 33 19 42,35 39 25 32 28 45 6 49 29 27,1,1
gap-hazard-100,evaluation,2026,21,42,35 39 46 25 45 6 49 27 29 5 44 1 26 20 10 7 33 32 19 42,35 39 46 25 45 6 49 27 29 5,0,1
gap-hazard-100,evaluation,2026,22,18,35 46 25 45 6 49 27 29 44 5 1 31 26 7 20 32 10 33 19 17,35 46 25 45 6 49 27 29 44 5,1,1
gap-hazard-100,evaluation,2026,23,47,35 25 45 29 49 27 44 1 5 31 26 32 7 20 10 33 19 34 4 2,35 25 45 29 49 27 44 1 5 31,1,1
gap-hazard-100,evaluation,2026,24,28,35 18 25 45 29 49 27 44 1 5 31 26 12 7 20 10 33 32 19 34,35 18 25 45 29 49 27 44 1 5,1,1
gap-hazard-100,evaluation,2026,25,37,35 47 18 25 45 42 29 49 39 27 44 31 1 5 26 12 7 10 20 33,35 47 18 25 45 42 29 49 39 27,1,1
gap-hazard-100,evaluation,2026,26,19,35 47 28 48 25 42 29 39 49 18 27 44 31 1 5 46 12 7 10 20,35 47 28 48 25 42 29 39 49 18,1,1
gap-hazard-100,evaluation,2026,27,45,35 28 37 48 25 42 29 39 49 18 27 44 1 31 5 46 7 12 10 20,35 28 37 48 25 42 29 39 49 18,1,1
gap-hazard-100,evaluation,2026,28,3,35 37 48 25 19 29 39 18 49 27 44 1 31 5 46 7 12 10 20 32,35 37 48 25 19 29 39 18 49 27,1,1
gap-hazard-100,evaluation,2026,29,1,41 35 45 48 25 19 39 29 49 27 1 37 44 31 46 5 12 7 10 20,41 35 45 48 25 19 39 29 49 27,0,1
gap-hazard-100,evaluation,2026,30,41,41 35 45 3 48 21 25 29 49 27 37 44 46 31 5 12 7 10 20 33,41 35 45 3 48 21 25 29 49 27,0,0
gap-hazard-100,evaluation,2026,31,26,35 3 48 1 21 25 28 29 49 27 37 44 31 5 12 7 10 20 33 19,35 3 48 1 21 25 28 29 49 27,1,1
gap-hazard-100,evaluation,2026,32,6,35 48 1 21 25 27 28 29 49 37 44 5 31 7 10 20 33 19 32 2,35 48 1 21 25 27 28 29 49 37,1,1
gap-hazard-100,evaluation,2026,33,41,35 48 21 25 27 28 29 49 37 44 5 1 31 7 10 20 33 19 32 2,35 48 21 25 27 28 29 49 37 44,1,1
gap-hazard-100,evaluation,2026,34,19,35 11 48 21 6 25 27 28 29 49 37 44 5 1 31 7 10 20 33 19,35 11 48 21 6 25 27 28 29 49,0,1
gap-hazard-100,evaluation,2026,35,27,35 11 48 21 6 25 27 28 29 49 37 44 1 5 31 7 26 10 20 33,35 11 48 21 6 25 27 28 29 49,0,0
gap-hazard-100,evaluation,2026,36,1,35 11 48 21 25 6 29 19 49 37 44 5 31 1 26 7 10 20 33 32,35 11 48 21 25 6 29 19 49 37,0,1
gap-hazard-100,evaluation,2026,37,43,35 11 48 21 25 27 6 29 19 49 41 44 5 26 7 10 20 33 32 2,35 11 48 21 25 27 6 29 19 49,1,1
gap-hazard-100,evaluation,2026,38,42,35 11 48 21 25 1 27 6 29 49 41 44 5 10 7 20 33 26 19 32,35 11 48 21 25 1 27 6 29 49,1,1
gap-hazard-100,evaluation,2026,39,11,35 11 48 21 25 1 43 29 49 45 41 5 27 10 7 20 33 26 19 32,35 11 48 21 25 1 43 29 49 45,0,0
gap-hazard-100,evaluation,2026,40,28,35 48 21 25 39 43 29 49 45 5 1 27 10 7 20 33 26 19 32 2,35 48 21 25 39 43 29 49 45 5,1,1
gap-hazard-100,evaluation,2026,41,36,35 48 21 25 39 11 29 46 49 45 5 1 43 27 10 7 20 33 26 32,35 48 21 25 39 11 29 46 49 45,1,1
gap-hazard-100,evaluation,2026,42,16,35 48 21 25 28 39 12 11 29 46 42 49 45 8 1 43 5 10 7 20,35 48 21 25 28 39 12 11 29 46,1,1
gap-hazard-100,evaluation,2026,43,13,35 48 21 28 25 39 12 36 29 46 42 49 45 8 43 5 11 7 10 27,35 48 21 28 25 39 12 36 29 46,1,1
gap-hazard-100,evaluation,2026,44,19,35 48 21 25 39 12 36 16 42 29 46 45 8 5 11 43 10 7 27 20,35 48 21 25 39 12 36 16 42 29,1,1
gap-hazard-100,evaluation,2026,45,1,35 48 21 25 39 12 13 7 16 29 46 45 8 11 5 10 43 20 33 27,35 48 21 25 39 12 13 7 16 29,1,1
gap-hazard-100,evaluation,2026,46,3,35 48 21 25 39 12 13 7 29 46 19 45 8 5 16 10 20 33 43 32,35 48 21 25 39 12 13 7 29 46,1,1
gap-hazard-100,evaluation,2026,47,39,35 48 21 25 39 12 1 7 29 46 19 37 45 8 28 13 5 16 10 27,35 48 21 25 39 12 1 7 29 46,0,0
gap-hazard-100,evaluation,2026,48,24,35 48 21 25 12 3 1 7 29 46 37 45 8 28 13 5 16 10 27 20,35 48 21 25 12 3 1 7 29 46,1,1
gap-hazard-100,evaluation,2026,49,13,35 48 21 25 12 3 39 7 29 46 37 28 13 8 1 5 10 27 20 33,35 48 21 25 12 3 39 7 29 46,0,1
gap-hazard-100,evaluation,2026,50,23,35 48 21 25 24 12 39 7 29 46 37 28 8 5 10 1 27 20 33 32,35 48 21 25 24 12 39 7 29 46,1,1
gap-hazard-100,evaluation,2026,51,1,35 21 48 25 24 12 13 7 29 46 37 28 8 5 10 1 27 20 33 32,35 21 48 25 24 12 13 7 29 46,0,1
gap-hazard-100,evaluation,2026,52,38,35 21 48 25 12 13 7 29 46 37 8 5 10 27 20 33 32 36 30 2,35 21 48 25 12 13 7 29 46 37,1,1
gap-hazard-100,evaluation,2026,53,15,35 21 48 25 12 1 7 46 37 8 5 10 27 20 33 32 30 2 34 31,35 21 48 25 12 1 7 46 37 8,1,1
gap-hazard-100,evaluation,2026,54,48,35 21 48 22 25 38 12 1 7 46 37 8 5 10 27 20 39 33 32 30,35 21 48 22 25 38 12 1 7 46,0,0
gap-hazard-100,evaluation,2026,55,14,35 21 22 38 25 12 15 7 46 37 8 5 27 10 39 20 32 33 41 30,35 21 22 38 25 12 15 7 46 37,1,1
gap-hazard-100,evaluation,2026,56,48,35 21 22 12 25 15 7 46 37 48 8 5 27 10 39 20 32 13 33 41,35 21 22 12 25 15 7 46 37 48,0,0
gap-hazard-100,evaluation,2026,57,23,35 21 22 12 25 7 46 37 14 8 5 10 39 13 20 32 33 41 16 2,35 21 22 12 25 7 46 37 14 8,1,1
gap-hazard-100,evaluation,2026,58,31,35 21 22 12 25 7 46 37 14 8 5 10 20 32 39 33 13 41 16 2,35 21 22 12 25 7 46 37 14 8,1,1
gap-hazard-100,evaluation,2026,59,10,35 21 22 12 25 7 46 37 8 5 10 38 20 32 33 13 41 16 2 30,35 21 22 12 25 7 46 37 8 5,0,1
gap-hazard-100,evaluation,2026,60,9,35 22 12 25 21 7 46 37 31 8 5 38 32 20 33 13 41 16 2 30,35 22 12 25 21 7 46 37 31 8,1,1
gap-hazard-100,evaluation,2026,61,29,35 22 12 25 21 7 46 37 31 8 5 38 32 20 33 16 41 11 2 30,35 22 12 25 21 7 46 37 31 8,1,1
gap-hazard-100,evaluation,2026,62,24,35 22 12 25 21 7 46 37 9 8 5 38 32 20 33 16 41 11 2 15,35 22 12 25 21 7 46 37 9 8,1,1
gap-hazard-100,evaluation,2026,63,28,35 22 12 25 21 7 46 37 36 9 8 10 38 5 32 20 33 41 16 11,35 22 12 25 21 7 46 37 36 9,1,1
gap-hazard-100,evaluation,2026,64,18,35 22 12 25 21 24 7 46 37 36 8 10 5 32 20 33 9 41 11 15,35 22 12 25 21 24 7 46 37 36,1,1
gap-hazard-100,evaluation,2026,65,5,35 22 12 25 21 24 7 28 46 37 36 8 10 5 32 20 9 33 41 11,35 22 12 25 21 24 7 28 46 37,0,1
gap-hazard-100,evaluation,2026,66,37,35 22 12 25 21 7 28 46 37 36 18 8 32 9 20 33 41 11 2 30,35 22 12 25 21 7 28 46 37 36,0,0
gap-hazard-100,evaluation,2026,67,5,35 22 12 25 21 7 46 36 18 8 5 32 20 33 41 14 11 2 30 29,35 22 12 25 21 7 46 36 18 8,0,1
gap-hazard-100,evaluation,2026,68,23,35 22 12 25 21 7 46 36 8 37 32 20 33 18 41 14 11 2 30 34,35 22 12 25 21 7 46 36 8 37,1,1
gap-hazard-100,evaluation,2026,69,24,35 22 12 25 21 7 46 36 8 37 20 33 18 41 14 11 2 30 34 48,35 22 12 25 21 7 46 36 8 37,1,1
gap-hazard-100,evaluation,2026,70,25,35 22 12 25 21 7 46 36 8 28 20 33 18 14 41 11 2 31 37 30,35 22 12 25 21 7 46 36 8 28,0,0
gap-hazard-100,evaluation,2026,71,48,35 12 22 21 7 36 24 8 28 20 33 14 41 11 31 37 2 30 48 34,35 12 22 21 7 36 24 8 28 20,0,1
gap-hazard-100,evaluation,2026,72,46,35 22 21 7 36 24 8 12 28 20 33 41 14 11 37 2 31 30 34 39,35 22 21 7 36 24 8 12 28 20,1,1
gap-hazard-100,evaluation,2026,73,34,35 22 21 7 36 8 12 28 20 33 41 14 11 31 2 30 34 37 39 29,35 22 21 7 36 8 12 28 20 33,0,1
gap-hazard-100,evaluation,2026,74,10,35 22 21 7 36 8 12 28 46 20 41 33 14 11 31 2 25 30 37 39,35 22 21 7 36 8 12 28 46 20,1,1
gap-hazard-100,evaluation,2026,75,33,35 22 21 7 36 8 15 12 46 20 41 33 11 34 14 2 31 25 30 37,35 22 21 7 36 8 15 12 46 20,0,1
gap-hazard-100,evaluation,2026,76,2,35 22 21 7 36 8 15 12 41 20 11 34 14 31 25 2 30 37 48 39,35 22 21 7 36 8 15 12 41 20,0,1
gap-hazard-100,evaluation,2026,77,29,35 22 21 7 36 8 15 12 41 33 11 20 31 30 37 48 39 34 29 27,35 22 21 7 36 8 15 12 41 33,0,1
gap-hazard-100,evaluation,2026,78,46,35 22 21 7 36 8 10 15 12 2 41 33 11 20 31 30 34 39 27 49,35 22 21 7 36 8 10 15 12 2,1,1
gap-hazard-100,evaluation,2026,79,35,35 22 21 7 36 8 15 12 10 2 41 11 20 31 30 39 27 49 33 34,35 22 21 7 36 8 15 12 10 2,0,0
gap-hazard-100,evaluation,2026,80,3,22 21 7 36 8 15 10 12 41 46 11 20 30 39 27 33 49 4 48 34,22 21 7 36 8 15 10 12 41 46,1,1
gap-hazard-100,evaluation,2026,81,17,22 21 7 36 8 15 12 46 41 11 20 35 30 39 33 27 49 29 4 48,22 21 7 36 8 15 12 46 41 11,1,1
gap-hazard-100,evaluation,2026,82,27,22 21 7 36 8 15 3 12 41 11 20 35 30 39 27 29 49 4 48 34,22 21 7 36 8 15 3 12 41 11,0,1
gap-hazard-100,evaluation,2026,83,5,22 21 7 36 8 15 3 12 26 41 11 20 17 30 39 29 49 4 34 32,22 21 7 36 8 15 3 12 26 41,1,1
gap-hazard-100,evaluation,2026,84,16,22 21 7 36 8 15 12 26 41 11 20 27 17 30 39 49 4 34 32 40,22 21 7 36 8 15 12 26 41 11,1,1
gap-hazard-100,evaluation,2026,85,19,22 21 7 36 8 15 12 26 11 27 20 30 39 49 4 17 32 46 40 6,22 21 7 36 8 15 12 26 11 27,1,1
gap-hazard-100,evaluation,2026,86,12,22 21 7 36 8 15 12 26 16 11 20 30 39 49 4 27 17 32 46 40,22 21 7 36 8 15 12 26 16 11,0,0
gap-hazard-100,evaluation,2026,87,26,22 21 7 36 8 15 26 16 11 20 19 30 39 49 27 4 17 46 32 40,22 21 7 36 8 15 26 16 11 20,0,0
gap-hazard-100,evaluation,2026,88,27,22 21 7 36 8 15 11 20 19 30 39 16 27 49 4 46 32 40 37 6,22 21 7 36 8 15 11 20 19 30,0,1
gap-hazard-100,evaluation,2026,89,49,22 21 7 36 8 15 11 20 30 39 49 4 16 46 32 40 37 19 6 44,22 21 7 36 8 15 11 20 30 39,0,1
gap-hazard-100,evaluation,2026,90,36,22 21 36 7 15 8 11 27 20 30 39 16 4 32 40 37 19 12 5 6,22 21 36 7 15 8 11 27 20 30,0,0
gap-hazard-100,evaluation,2026,91,37,22 21 7 8 15 27 20 30 39 4 32 40 26 37 19 12 5 6 44 36,22 21 7 8 15 27 20 30 39 4,0,1
gap-hazard-100,evaluation,2026,92,6,22 21 7 8 15 36 20 30 39 4 32 40 26 12 5 6 44 37 14 31,22 21 7 8 15 36 20 30 39 4,0,1
gap-hazard-100,evaluation,2026,93,40,22 21 7 15 8 37 36 20 30 39 4 17 32 26 40 49 5 12 44 6,22 21 7 15 8 37 36 20 30 39,0,1
gap-hazard-100,evaluation,2026,94,17,22 21 7 15 8 6 37 20 30 39 4 17 32 49 26 5 12 44 40 14,22 21 7 15 8 6 37 20 30 39,0,1
gap-hazard-100,evaluation,2026,95,35,22 21 7 15 8 6 40 20 30 39 37 4 27 32 49 26 12 34 44 17,22 21 7 15 8 6 40 20 30 39,1,1
gap-hazard-100,evaluation,2026,96,43,22 21 7 15 8 40 20 17 30 6 39 37 4 16 27 32 26 12 34 44,22 21 7 15 8 40 20 17 30 6,1,1
gap-hazard-100,evaluation,2026,97,11,22 21 7 15 8 20 17 35 30 6 39 37 4 16 27 40 36 26 32 12,22 21 7 15 8 20 17 35 30 6,1,1
gap-hazard-100,evaluation,2026,98,17,22 21 7 15 8 43 20 35 30 6 39 37 16 4 27 40 36 26 17 32,22 21 7 15 8 43 20 35 30 6,0,1
gap-hazard-100,evaluation,2026,99,12,22 21 7 15 8 29 43 11 20 30 37 16 4 27 36 40 32 2 34 44,22 21 7 15 8 29 43 11 20 30,1,1
gap-hazard-100,evaluation,2026,100,33,22 21 7 46 15 8 29 11 20 17 30 37 27 4 16 36 32 43 2 34,22 21 7 46 15 8 29 11 20 17,1,1
gap-hazard-100,evaluation,2026,101,39,22 21 7 46 15 8 29 17 20 30 37 27 16 4 36 32 43 11 2 34,22 21 7 46 15 8 29 17 20 30,1,1
gap-hazard-100,evaluation,2026,102,20,22 21 7 46 15 8 29 20 33 30 37 27 16 4 32 43 11 2 34 44,22 21 7 46 15 8 29 20 33 30,0,0
gap-hazard-100,evaluation,2026,103,6,22 21 7 46 15 8 29 39 33 30 27 16 43 4 32 11 2 34 12 44,22 21 7 46 15 8 29 39 33 30,1,1
gap-hazard-100,evaluation,2026,104,1,22 21 7 46 15 8 29 39 30 27 16 4 43 32 33 2 34 12 44 6,22 21 7 46 15 8 29 39 30 27,1,1
gap-hazard-100,evaluation,2026,105,28,22 21 7 46 6 8 29 30 27 16 4 43 5 32 33 2 34 12 44 19,22 21 7 46 6 8 29 30 27 16,1,1
gap-hazard-100,evaluation,2026,106,22,22 21 7 46 6 8 29 1 30 27 4 43 5 32 33 2 34 12 44 19,22 21 7 46 6 8 29 1 30 27,0,0
gap-hazard-100,evaluation,2026,107,49,21 7 46 28 8 29 1 27 30 6 43 4 5 32 2 34 12 44 31 22,21 7 46 28 8 29 1 27 30 6,1,1
gap-hazard-100,evaluation,2026,108,45,21 7 46 28 8 29 22 30 27 6 39 4 5 32 2 12 34 44 49 31,21 7 46 28 8 29 22 30 27 6,1,1
gap-hazard-100,evaluation,2026,109,16,21 7 46 8 29 22 27 30 6 39 4 5 32 2 12 34 44 31 43 13,21 7 46 8 29 22 27 30 6 39,1,1
gap-hazard-100,evaluation,2026,110,30,21 7 46 8 29 45 30 39 4 5 32 2 12 34 44 16 43 13 27 36,21 7 46 8 29 45 30 39 4 5,0,0
gap-hazard-100,evaluation,2026,111,1,21 7 46 8 29 45 16 39 4 5 32 2 34 49 44 30 43 13 27 36,21 7 46 8 29 45 16 39 4 5,1,1
gap-hazard-100,evaluation,2026,112,9,21 7 46 8 29 16 30 28 39 4 5 32 2 36 34 49 44 1 43 13,21 7 46 8 29 16 30 28 39 4,1,1
gap-hazard-100,evaluation,2026,113,2,21 7 46 29 8 1 30 28 4 5 2 32 16 36 34 49 22 44 9 43,21 7 46 29 8 1 30 28 4 5,0,1
gap-hazard-100,evaluation,2026,114,30,21 7 46 8 29 1 9 28 4 5 16 32 36 34 30 22 44 2 43 13,21 7 46 8 29 1 9 28 4 5,0,1
gap-hazard-100,evaluation,2026,115,4,21 7 46 29 8 9 2 28 4 5 32 36 16 34 22 44 30 40 43 13,21 7 46 29 8 9 2 28 4 5,0,0
gap-hazard-100,evaluation,2026,116,22,21 7 46 29 8 2 30 28 5 32 36 9 34 22 44 4 40 43 13 27,21 7 46 29 8 2 30 28 5 32,0,1
gap-hazard-100,evaluation,2026,117,16,21 7 46 29 8 35 4 30 5 32 36 9 34 44 22 40 43 13 27 41,21 7 46 29 8 35 4 30 5 32,1,1
gap-hazard-100,evaluation,2026,118,8,21 7 46 29 8 35 4 22 5 32 36 9 34 44 16 40 13 27 41 26,21 7 46 29 8 35 4 22 5 32,0,0
gap-hazard-100,evaluation,2026,119,11,21 7 46 29 35 16 22 11 5 32 36 34 4 44 40 13 27 26 41 37,21 7 46 29 35 16 22 11 5 32,0,0
gap-hazard-100,evaluation,2026,120,6,21 7 46 29 35 16 45 8 5 32 36 34 4 44 40 13 27 17 26 41,21 7 46 29 35 16 45 8 5 32,1,1
gap-hazard-100,evaluation,2026,121,44,12 21 7 46 29 35 11 8 45 5 32 36 34 16 4 30 44 6 40 13,12 21 7 46 29 35 11 8 45 5,0,1
gap-hazard-100,evaluation,2026,122,1,12 21 7 46 29 6 35 11 45 5 36 32 16 34 25 30 8 40 13 17,12 21 7 46 29 6 35 11 45 5,1,1
gap-hazard-100,evaluation,2026,123,46,12 21 7 46 29 6 35 44 45 5 39 36 32 16 34 25 11 48 30 8,12 21 7 46 29 6 35 44 45 5,0,0
gap-hazard-100,evaluation,2026,124,39,12 21 7 29 35 1 44 45 5 6 39 32 36 34 25 20 11 48 30 8,12 21 7 29 35 1 44 45 5 6,0,1
gap-hazard-100,evaluation,2026,125,31,12 21 7 29 35 1 46 45 5 6 32 36 25 11 20 48 30 8 39 40,12 21 7 29 35 1 46 45 5 6,1,1
gap-hazard-100,evaluation,2026,126,49,12 21 7 29 35 39 46 45 5 6 32 36 25 20 48 8 40 31 13 17,12 21 7 29 35 39 46 45 5 6,1,1
gap-hazard-100,evaluation,2026,127,45,12 21 7 29 35 39 31 45 5 32 36 25 20 48 8 40 49 13 17 27,12 21 7 29 35 39 31 45 5 32,0,0
gap-hazard-100,evaluation,2026,128,37,12 21 7 29 35 31 5 32 36 25 20 44 48 8 40 13 17 27 26 9,12 21 7 29 35 31 5 32 36 25,1,1
gap-hazard-100,evaluation,2026,129,41,12 21 7 35 45 5 32 16 36 25 20 44 48 8 40 37 13 17 27 26,12 21 7 35 45 5 32 16 36 25,1,1
gap-hazard-100,evaluation,2026,130,29,12 21 7 35 45 37 5 16 32 36 20 25 44 48 49 46 40 41 13 17,12 21 7 35 45 37 5 16 32 36,1,1
gap-hazard-100,evaluation,2026,131,7,12 21 7 35 37 5 16 36 32 39 20 25 44 48 49 46 40 29 13 17,12 21 7 35 37 5 16 36 32 39,0,0
gap-hazard-100,evaluation,2026,132,30,12 21 35 5 16 36 32 39 20 44 25 37 48 49 46 31 3 40 13 17,12 21 35 5 16 36 32 39 20 44,1,1
gap-hazard-100,evaluation,2026,133,7,12 21 35 5 7 16 36 32 39 20 25 37 48 41 46 31 3 40 13 30,12 21 35 5 7 16 36 32 39 20,0,0
gap-hazard-100,evaluation,2026,134,37,12 21 35 30 5 16 36 32 39 20 37 25 41 48 29 46 31 3 40 13,12 21 35 30 5 16 36 32 39 20,0,1
gap-hazard-100,evaluation,2026,135,30,12 21 35 30 16 36 32 39 20 25 48 41 31 29 3 40 37 13 17 27,12 21 35 30 16 36 32 39 20 25,0,0
gap-hazard-100,evaluation,2026,136,48,12 21 35 37 16 36 32 20 25 48 31 29 3 40 13 30 17 27 5 26,12 21 35 37 16 36 32 20 25 48,0,0
gap-hazard-100,evaluation,2026,137,26,12 21 35 37 16 36 32 20 31 25 3 40 13 17 27 48 26 5 7 4,12 21 35 37 16 36 32 20 31 25,0,1
gap-hazard-100,evaluation,2026,138,49,12 21 35 16 36 32 20 31 25 3 40 13 17 27 7 5 4 10 34 2,12 21 35 16 36 32 20 31 25 3,1,1
gap-hazard-100,evaluation,2026,139,24,12 21 35 36 32 20 31 25 3 40 13 17 49 27 7 5 4 45 10 34,12 21 35 36 32 20 31 25 3 40,1,1
gap-hazard-100,evaluation,2026,140,16,12 21 35 36 32 20 31 25 3 48 24 40 13 17 5 4 7 45 10 34,12 21 35 36 32 20 31 25 3 48,1,1
gap-hazard-100,evaluation,2026,141,33,12 21 35 24 36 32 20 31 25 37 3 48 26 40 13 16 17 5 4 11,12 21 35 24 36 32 20 31 25 37,1,1
gap-hazard-100,evaluation,2026,142,23,12 21 35 24 16 32 31 20 25 37 30 49 3 48 26 40 13 17 5 4,12 21 35 24 16 32 31 20 25 37,1,1
gap-hazard-100,evaluation,2026,143,44,12 21 35 16 33 32 31 20 25 37 44 30 49 3 48 26 23 40 13 17,12 21 35 16 33 32 31 20 25 37,0,1
gap-hazard-100,evaluation,2026,144,43,12 21 35 33 32 31 20 37 25 16 30 49 3 48 26 40 13 17 5 7,12 21 35 33 32 31 20 37 25 16,1,1
gap-hazard-100,evaluation,2026,145,5,12 21 35 44 31 32 20 37 25 16 46 30 3 33 48 26 13 17 43 5,12 21 35 44 31 32 20 37 25 16,0,1
gap-hazard-100,evaluation,2026,146,42,12 21 35 44 31 32 43 20 25 16 46 30 33 3 48 26 13 17 7 5,12 21 35 44 31 32 43 20 25 16,1,1
gap-hazard-100,evaluation,2026,147,13,12 21 35 43 32 20 25 46 33 3 48 26 13 42 17 7 4 11 45 39,12 21 35 43 32 20 25 46 33 3,0,1
gap-hazard-100,evaluation,2026,148,48,12 21 35 32 20 25 46 3 43 26 17 7 13 4 11 45 39 10 31 34,12 21 35 32 20 25 46 3 43 26,1,1
gap-hazard-100,evaluation,2026,149,27,12 21 35 13 32 20 25 46 3 43 17 7 48 4 11 39 10 31 34 8,12 21 35 13 32 20 25 46 3 43,1,1
gap-hazard-100,evaluation,2026,150,9,12 21 35 13 20 32 25 44 46 42 43 3 7 4 27 11 39 10 31 34,12 21 35 13 20 32 25 44 46 42,1,1
gap-hazard-100,evaluation,2026,151,31,21 35 20 32 41 27 25 44 46 42 43 3 7 9 4 11 12 39 10 31,21 35 20 32 41 27 25 44 46 42,0,1
gap-hazard-100,evaluation,2026,152,45,21 29 35 9 27 32 20 16 41 25 44 42 46 43 3 48 5 7 4 31,21 29 35 9 27 32 20 16 41 25,1,1
gap-hazard-100,evaluation,2026,153,41,21 29 35 9 16 32 20 41 31 25 44 43 46 3 48 5 7 4 12 11,21 29 35 9 16 32 20 41 31 25,0,0
gap-hazard-100,evaluation,2026,154,41,21 29 35 45 16 32 31 44 25 43 46 9 13 3 48 5 7 41 20 12,21 29 35 45 16 32 31 44 25 43,0,1
gap-hazard-100,evaluation,2026,155,7,21 29 35 45 16 32 25 43 46 9 13 3 48 7 5 20 4 12 11 39,21 29 35 45 16 32 25 43 46 9,0,1
gap-hazard-100,evaluation,2026,156,1,21 29 35 16 32 25 9 13 46 3 48 27 5 20 12 4 11 10 39 34,21 29 35 16 32 25 9 13 46 3,1,1
gap-hazard-100,evaluation,2026,157,40,21 29 35 16 32 25 13 46 3 48 27 20 12 4 11 10 39 1 34 43,21 29 35 16 32 25 13 46 3 48,1,1
gap-hazard-100,evaluation,2026,158,16,21 29 35 1 16 32 25 13 46 3 48 41 27 31 20 12 4 11 10 39,21 29 35 1 16 32 25 13 46 3,0,0
gap-hazard-100,evaluation,2026,159,39,21 29 35 1 32 40 25 46 3 48 41 27 31 20 12 4 11 7 10 39,21 29 35 1 32 40 25 46 3 48,0,1
gap-hazard-100,evaluation,2026,160,2,21 29 35 16 32 40 25 49 46 3 41 27 31 20 12 7 4 11 10 43,21 29 35 16 32 40 25 49 46 3,1,1
gap-hazard-100,evaluation,2026,161,8,21 29 35 16 39 32 27 25 49 46 3 31 40 20 7 12 4 11 10 43,21 29 35 16 39 32 27 25 49 46,1,1
gap-hazard-100,evaluation,2026,162,32,21 29 35 39 32 2 27 25 49 16 3 46 31 40 20 12 4 11 7 10,21 29 35 39 32 2 27 25 49 16,0,0
gap-hazard-100,evaluation,2026,163,37,21 29 35 2 27 31 25 8 49 16 46 3 40 20 12 4 7 11 10 43,21 29 35 2 27 31 25 8 49 16,1,1
gap-hazard-100,evaluation,2026,164,21,21 29 35 27 31 25 8 16 49 3 46 32 20 12 7 4 11 10 45 43,21 29 35 27 31 25 8 16 49 3,0,0
gap-hazard-100,evaluation,2026,165,3,29 35 37 27 31 25 49 3 46 32 8 20 7 12 4 11 10 45 43 9,29 35 37 27 31 25 49 3 46 32,0,0
gap-hazard-100,evaluation,2026,166,6,29 35 37 27 31 25 39 49 46 21 8 7 20 12 4 11 10 32 45 9,29 35 37 27 31 25 39 49 46 21,1,1
gap-hazard-100,evaluation,2026,167,19,29 35 27 3 31 25 39 49 5 46 21 8 7 20 12 11 10 32 45 9,29 35 27 3 31 25 39 49 5 46,1,1
gap-hazard-100,evaluation,2026,168,15,29 35 6 27 3 31 39 25 22 49 5 46 8 7 20 12 11 32 10 45,29 35 6 27 3 31 39 25 22 49,1,1
gap-hazard-100,evaluation,2026,169,24,29 35 6 27 31 39 25 22 49 5 46 19 8 7 20 12 11 10 21 45,29 35 6 27 31 39 25 22 49 5,1,1
gap-hazard-100,evaluation,2026,170,3,29 35 27 31 39 25 22 15 37 6 49 5 19 46 8 7 20 12 11 21,29 35 27 31 39 25 22 15 37 6,1,1
gap-hazard-100,evaluation,2026,171,28,29 24 35 31 15 25 22 37 49 5 6 46 8 7 20 12 10 19 45 9,29 24 35 31 15 25 22 37 49 5,1,1
gap-hazard-100,evaluation,2026,172,44,29 24 35 31 3 37 25 22 49 5 6 46 8 7 20 12 19 45 10 32,29 24 35 31 3 37 25 22 49 5,1,1
gap-hazard-100,evaluation,2026,173,26,29 35 28 3 37 25 22 49 5 46 7 20 12 19 45 10 32 21 34 4,29 35 28 3 37 25 22 49 5 46,1,1
gap-hazard-100,evaluation,2026,174,41,29 35 28 44 37 25 22 49 5 46 7 20 12 10 21 32 34 4 16 30,29 35 28 44 37 25 22 49 5 46,1,1
gap-hazard-100,evaluation,2026,175,26,29 35 44 25 22 49 5 15 7 20 12 10 21 32 34 4 30 27 16 1,29 35 44 25 22 49 5 15 7 20,1,1
gap-hazard-100,evaluation,2026,176,10,29 35 25 22 49 5 15 7 20 12 10 32 34 4 30 16 27 1 14 47,29 35 25 22 49 5 15 7 20 12,0,1
gap-hazard-100,evaluation,2026,177,14,29 35 25 22 49 5 15 20 12 32 34 10 30 16 4 27 1 14 47 8,29 35 25 22 49 5 15 20 12 32,0,1
gap-hazard-100,evaluation,2026,178,18,29 35 28 25 22 49 5 15 41 20 12 32 34 30 16 4 27 14 47 8,29 35 28 25 22 49 5 15 41 20,1,1
gap-hazard-100,evaluation,2026,179,15,29 35 28 25 22 49 5 44 14 15 41 26 20 12 32 40 19 34 16 30,29 35 28 25 22 49 5 44 14 15,0,0
gap-hazard-100,evaluation,2026,180,21,29 35 28 25 22 49 5 44 18 10 14 41 26 20 12 32 40 19 34 30,29 35 28 25 22 49 5 44 18 10,1,1
gap-hazard-100,evaluation,2026,181,19,29 35 28 25 22 49 5 44 18 10 15 26 20 12 32 40 19 34 30 27,29 35 28 25 22 49 5 44 18 10,0,1
gap-hazard-100,evaluation,2026,182,41,35 28 25 22 49 5 44 10 15 21 26 18 20 12 32 40 34 30 27 4,35 28 25 22 49 5 44 10 15 21,1,1
gap-hazard-100,evaluation,2026,183,24,35 25 22 49 5 44 19 21 18 26 20 12 32 40 34 30 27 4 47 42,35 25 22 49 5 44 19 21 18 26,1,1
gap-hazard-100,evaluation,2026,184,1,35 25 49 22 5 19 32 18 26 20 12 40 24 34 21 30 27 4 47 42,35 25 49 22 5 19 32 18 26 20,1,1
gap-hazard-100,evaluation,2026,185,36,35 24 25 22 49 5 32 26 20 12 19 40 21 34 30 1 27 4 47 42,35 24 25 22 49 5 32 26 20 12,1,1
gap-hazard-100,evaluation,2026,186,23,35 24 49 25 1 22 5 41 32 26 20 12 19 40 21 34 30 27 4 36,35 24 49 25 1 22 5 41 32 26,1,1
gap-hazard-100,evaluation,2026,187,1,35 1 25 49 22 5 36 41 32 20 12 19 40 23 34 21 27 4 30 47,35 1 25 49 22 5 36 41 32 20,0,0
gap-hazard-100,evaluation,2026,188,16,35 49 25 22 5 41 36 32 20 12 40 34 21 1 27 4 30 47 42 24,35 49 25 22 5 41 36 32 20 12,1,1
gap-hazard-100,evaluation,2026,189,15,35 25 49 22 5 14 32 20 12 40 34 21 27 4 16 30 47 24 42 7,35 25 49 22 5 14 32 20 12 40,1,1
gap-hazard-100,evaluation,2026,190,16,35 25 22 5 16 14 32 20 12 40 34 21 27 4 30 47 18 42 7 23,35 25 22 5 16 14 32 20 12 40,0,0
gap-hazard-100,evaluation,2026,191,29,35 25 5 22 14 32 15 20 12 40 34 21 27 4 16 30 47 18 7 42,35 25 5 22 14 32 15 20 12 40,1,1
gap-hazard-100,evaluation,2026,192,25,35 5 25 22 14 32 15 20 36 12 40 34 27 4 30 29 47 18 7 42,35 5 25 22 14 32 15 20 36 12,0,0
gap-hazard-100,evaluation,2026,193,9,35 5 22 14 32 36 20 12 40 34 27 4 30 25 47 18 33 7 42 49,35 5 22 14 32 36 20 12 40 34,1,1
gap-hazard-100,evaluation,2026,194,26,35 5 22 14 16 32 36 20 12 40 34 27 4 30 9 47 18 33 7 42,35 5 22 14 16 32 36 20 12 40,1,1
gap-hazard-100,evaluation,2026,195,25,35 5 22 16 14 32 9 36 29 20 12 40 34 27 4 30 47 18 33 7,35 5 22 16 14 32 9 36 29 20,1,1
gap-hazard-100,evaluation,2026,196,39,35 5 22 16 14 32 36 29 9 20 12 40 34 27 4 30 25 47 18 33,35 5 22 16 14 32 36 29 9 20,1,1
gap-hazard-100,evaluation,2026,197,8,35 22 14 32 9 29 20 12 40 34 27 4 30 39 47 18 33 7 42 49,35 22 14 32 9 29 20 12 40 34,1,1
gap-hazard-100,evaluation,2026,198,7,35 22 14 32 9 39 20 26 12 40 34 27 4 30 47 18 33 7 49 36,35 22 14 32 9 39 20 26 12 40,0,1
gap-hazard-100,evaluation,2026,199,36,35 22 9 32 39 26 20 25 12 40 34 8 4 27 30 47 7 18 33 1,35 22 9 32 39 26 20 25 12 40,1,1
gap-hazard-100,evaluation,2026,200,39,35 22 32 26 25 20 12 40 8 34 4 27 30 36 47 33 1 48 14 49,35 22 32 26 25 20 12 40 8 34,1,1
gap-hazard-100,evaluation,2026,201,32,35 22 32 26 20 12 25 40 36 8 34 4 30 39 47 33 1 48 14 49,35 22 32 26 20 12 25 40 36 8,0,0
gap-hazard-100,evaluation,2026,202,40,21 35 22 26 39 20 12 36 40 8 34 4 7 30 47 16 33 32 1 48,21 35 22 26 39 20 12 36 40 8,0,0
gap-hazard-100,evaluation,2026,203,25,35 21 22 26 39 20 12 8 34 4 7 30 32 47 40 16 33 1 48 14,35 21 22 26 39 20 12 8 34 4,1,1
gap-hazard-100,evaluation,2026,204,5,21 35 22 26 20 12 8 40 34 4 7 30 32 25 47 16 33 1 48 41,21 35 22 26 20 12 8 40 34 4,1,1
gap-hazard-100,evaluation,2026,205,3,21 35 22 26 20 12 8 40 34 4 30 7 32 47 9 16 5 33 1 48,21 35 22 26 20 12 8 40 34 4,1,1
gap-hazard-100,evaluation,2026,206,47,21 35 22 20 12 36 40 8 34 4 7 30 32 3 47 9 16 33 1 48,21 35 22 20 12 36 40 8 34 4,0,1
gap-hazard-100,evaluation,2026,207,31,21 35 22 39 20 3 12 36 40 25 8 34 4 7 30 32 9 16 33 1,21 35 22 39 20 3 12 36 40 25,1,1
gap-hazard-100,evaluation,2026,208,19,21 35 22 39 3 20 36 12 40 25 8 47 34 4 7 30 9 16 32 31,21 35 22 39 3 20 36 12 40 25,1,1
gap-hazard-100,evaluation,2026,209,8,21 35 22 39 36 20 12 25 47 31 34 7 4 30 9 16 32 19 33 48,21 35 22 39 36 20 12 25 47 31,1,1
gap-hazard-100,evaluation,2026,210,49,21 35 22 39 36 20 12 7 31 34 19 4 30 9 32 16 33 48 41 14,21 35 22 39 36 20 12 7 31 34,1,1
gap-hazard-100,evaluation,2026,211,1,21 35 22 15 39 20 12 7 34 8 19 5 4 30 32 9 16 49 33 41,21 35 22 15 39 20 12 7 34 8,1,1
gap-hazard-100,evaluation,2026,212,6,21 35 22 15 20 12 7 8 34 19 5 4 30 1 32 9 33 48 41 14,21 35 22 15 20 12 7 8 34 19,1,1
gap-hazard-100,evaluation,2026,213,35,21 35 29 22 15 20 12 7 8 34 19 5 4 32 30 6 9 33 48 41,21 35 29 22 15 20 12 7 8 34,0,0
gap-hazard-100,evaluation,2026,214,4,21 29 22 15 6 20 12 31 7 49 8 19 34 5 4 32 30 9 35 33,21 29 22 15 6 20 12 31 7 49,0,1
gap-hazard-100,evaluation,2026,215,14,21 29 22 15 6 20 12 31 7 49 8 5 34 35 32 30 4 33 41 48,21 29 22 15 6 20 12 31 7 49,1,1
gap-hazard-100,evaluation,2026,216,37,21 29 22 15 6 20 31 12 7 49 8 4 34 35 32 30 14 33 41 48,21 29 22 15 6 20 31 12 7 49,1,1
gap-hazard-100,evaluation,2026,217,26,21 29 22 15 6 20 31 12 7 8 4 14 34 32 30 37 33 41 48 13,21 29 22 15 6 20 31 12 7 8,1,1
gap-hazard-100,evaluation,2026,218,17,21 29 22 15 6 31 20 7 12 8 37 4 14 34 32 30 33 41 48 13,21 29 22 15 6 31 20 7 12 8,1,1
gap-hazard-100,evaluation,2026,219,43,21 29 22 15 31 7 20 8 37 12 4 34 32 30 17 33 41 48 13 2,21 29 22 15 31 7 20 8 37 12,1,1
gap-hazard-100,evaluation,2026,220,48,21 29 22 15 31 8 20 12 4 34 32 17 30 43 33 41 48 13 2 39,21 29 22 15 31 8 20 12 4 34,0,1
gap-hazard-100,evaluation,2026,221,1,21 29 22 15 31 20 12 36 26 43 32 34 17 30 48 33 41 13 2 39,21 29 22 15 31 20 12 36 26 43,1,1
gap-hazard-100,evaluation,2026,222,26,21 29 22 15 31 20 12 26 36 43 32 34 30 1 33 41 13 2 5 10,21 29 22 15 31 20 12 26 36 43,0,0
gap-hazard-100,evaluation,2026,223,23,21 29 22 15 31 37 20 12 36 43 34 30 33 41 32 13 2 5 10 38,21 29 22 15 31 37 20 12 36 43,1,1
gap-hazard-100,evaluation,2026,224,9,21 29 22 15 31 37 20 12 36 43 34 48 23 30 33 41 32 13 40 2,21 29 22 15 31 37 20 12 36 43,1,1
gap-hazard-100,evaluation,2026,225,1,21 29 22 31 15 37 20 12 36 43 34 48 30 9 33 41 32 13 2 40,21 29 22 31 15 37 20 12 36 43,1,1
gap-hazard-100,evaluation,2026,226,17,21 29 22 31 15 5 37 20 12 43 9 36 34 48 30 1 33 41 32 13,21 29 22 31 15 5 37 20 12 43,1,1
gap-hazard-100,evaluation,2026,227,16,21 29 22 31 15 5 14 37 20 12 9 43 36 34 48 30 17 33 41 32,21 29 22 31 15 5 14 37 20 12,1,1
gap-hazard-100,evaluation,2026,228,23,21 29 22 31 15 5 14 20 12 43 36 9 48 34 17 30 16 33 41 32,21 29 22 31 15 5 14 20 12 43,1,1
gap-hazard-100,evaluation,2026,229,38,21 29 22 15 5 14 20 12 43 36 26 48 9 34 17 23 30 33 41 32,21 29 22 15 5 14 20 12 43 36,1,1
gap-hazard-100,evaluation,2026,230,16,21 29 22 15 5 14 20 12 43 36 26 48 9 34 30 38 33 41 32 13,21 29 22 15 5 14 20 12 43 36,1,1
gap-hazard-100,evaluation,2026,231,20,21 29 22 15 5 14 20 12 36 26 48 34 38 30 16 33 41 43 32 13,21 29 22 15 5 14 20 12 36 26,0,0
gap-hazard-100,evaluation,2026,232,42,29 22 15 5 21 14 49 12 26 36 34 38 30 33 41 20 43 32 13 2,29 22 15 5 21 14 49 12 26 36,1,1
gap-hazard-100,evaluation,2026,233,7,29 22 15 5 21 14 49 12 26 36 34 30 42 33 41 43 32 13 2 40,29 22 15 5 21 14 49 12 26 36,1,1
gap-hazard-100,evaluation,2026,234,39,29 22 15 5 21 14 49 12 36 16 34 30 33 43 7 32 13 2 40 9,29 22 15 5 21 14 49 12 36 16,1,1
gap-hazard-100,evaluation,2026,235,32,29 22 35 15 5 21 14 49 12 36 16 34 30 39 33 43 32 13 2 40,29 22 35 15 5 21 14 49 12 36,0,1
gap-hazard-100,evaluation,2026,236,11,29 22 35 15 5 21 14 49 12 38 36 16 39 34 42 30 9 33 43 4,29 22 35 15 5 21 14 49 12 38,1,1
gap-hazard-100,evaluation,2026,237,12,29 22 35 15 5 21 49 38 12 36 39 34 42 30 9 33 43 32 4 7,29 22 35 15 5 21 49 38 12 36,0,0
gap-hazard-100,evaluation,2026,238,17,29 22 35 15 5 21 49 38 36 34 42 30 11 9 43 33 32 7 4 1,29 22 35 15 5 21 49 38 36 34,1,1
gap-hazard-100,evaluation,2026,239,5,29 35 22 15 5 21 49 38 36 34 30 11 9 33 43 17 7 4 32 1,29 35 22 15 5 21 49 38 36 34,0,0
gap-hazard-100,evaluation,2026,240,27,29 22 35 15 21 49 38 36 34 30 17 11 9 7 33 43 5 4 32 1,29 22 35 15 21 49 38 36 34 30,1,1
gap-hazard-100,evaluation,2026,241,49,29 35 22 21 49 39 36 34 17 30 11 9 7 33 4 27 12 32 1 13,29 35 22 21 49 39 36 34 17 30,0,0
gap-hazard-100,evaluation,2026,242,9,29 35 22 21 39 36 34 30 27 11 7 9 33 49 32 16 4 12 1 13,29 35 22 21 39 36 34 30 27 11,0,1
gap-hazard-100,evaluation,2026,243,21,35 22 21 39 36 34 30 27 7 9 33 32 16 4 12 1 13 2 40 10,35 22 21 39 36 34 30 27 7 9,0,0
gap-hazard-100,evaluation,2026,244,46,35 22 39 36 34 9 30 7 12 32 33 16 4 1 21 13 2 40 10 44,35 22 39 36 34 9 30 7 12 32,1,1
gap-hazard-100,evaluation,2026,245,18,35 22 39 36 7 9 34 30 49 12 32 33 16 4 21 46 1 13 2 40,35 22 39 36 7 9 34 30 49 12,1,1
gap-hazard-100,evaluation,2026,246,30,35 22 36 7 9 34 30 5 49 46 12 32 33 16 21 4 18 1 13 2,35 22 36 7 9 34 30 5 49 46,0,0
gap-hazard-100,evaluation,2026,247,40,35 22 36 7 9 34 27 32 5 49 18 46 12 33 16 4 30 21 13 2,35 22 36 7 9 34 27 32 5 49,1,1
gap-hazard-100,evaluation,2026,248,20,35 22 36 7 9 34 27 32 5 18 12 16 33 4 40 21 13 2 10 48,35 22 36 7 9 34 27 32 5 18,1,1
gap-hazard-100,evaluation,2026,249,23,35 22 36 7 34 27 32 5 40 18 33 16 4 20 21 2 13 9 10 48,35 22 36 7 34 27 32 5 40 18,1,1
gap-hazard-100,evaluation,2026,250,14,35 22 36 7 34 27 5 32 40 23 18 33 4 16 21 2 13 9 10 48,35 22 36 7 34 27 5 32 40 23,1,1
gap-hazard-100,evaluation,2026,251,30,35 22 7 27 34 32 18 46 40 33 16 21 4 14 2 13 9 10 48 44,35 22 7 27 34 32 18 46 40 33,1,1
gap-hazard-100,evaluation,2026,252,22,35 22 27 7 34 32 46 14 40 33 21 4 30 2 13 9 10 48 44 31,35 22 27 7 34 32 46 14 40 33,0,0
gap-hazard-100,evaluation,2026,253,16,35 27 7 34 32 46 14 40 21 33 4 22 2 13 9 10 48 44 31 5,35 27 7 34 32 46 14 40 21 33,1,1
gap-hazard-100,evaluation,2026,254,2,35 27 7 34 32 46 16 22 21 33 4 2 13 10 48 44 31 5 39 42,35 27 7 34 32 46 16 22 21 33,0,1
gap-hazard-100,evaluation,2026,255,44,35 27 34 32 46 22 33 4 25 2 13 10 48 44 31 5 39 42 40 18,35 27 34 32 46 22 33 4 25 2,0,1
gap-hazard-100,evaluation,2026,256,1,35 27 32 34 2 4 33 25 13 10 48 46 5 31 42 40 18 9 41 45,35 27 32 34 2 4 33 25 13 10,1,1
gap-hazard-100,evaluation,2026,257,7,35 27 34 16 44 2 1 33 4 25 13 18 10 48 46 5 31 42 3 40,35 27 34 16 44 2 1 33 4 25,1,1
gap-hazard-100,evaluation,2026,258,46,35 27 34 16 44 30 33 4 25 7 11 13 18 10 48 46 5 31 3 42,35 27 34 16 44 30 33 4 25 7,0,1
gap-hazard-100,evaluation,2026,259,22,12 35 27 34 16 30 33 4 25 46 11 13 18 10 48 5 3 42 9 1,12 35 27 34 16 30 33 4 25 46,1,1
gap-hazard-100,evaluation,2026,260,20,12 35 27 34 30 46 33 4 25 22 11 13 17 18 10 48 5 3 42 9,12 35 27 34 30 46 33 4 25 22,1,1
gap-hazard-100,evaluation,2026,261,24,12 35 27 34 30 46 22 4 33 25 8 5 20 7 11 13 17 18 10 48,12 35 27 34 30 46 22 4 33 25,1,1
gap-hazard-100,evaluation,2026,262,30,12 35 14 44 34 30 22 24 4 33 25 8 5 7 11 27 13 17 18 10,12 35 14 44 34 30 22 24 4 33,0,0
gap-hazard-100,evaluation,2026,263,9,12 35 14 24 44 34 4 33 25 8 30 5 7 11 49 27 13 17 18 10,12 35 14 24 44 34 4 33 25 8,1,1
gap-hazard-100,evaluation,2026,264,21,12 35 14 24 44 34 7 4 33 25 9 8 5 11 49 27 13 17 18 10,12 35 14 24 44 34 7 4 33 25,1,1
gap-hazard-100,evaluation,2026,265,49,12 14 44 34 35 9 46 7 4 33 25 8 5 16 11 49 21 27 13 17,12 14 44 34 35 9 46 7 4 33,0,1
gap-hazard-100,evaluation,2026,266,8,12 14 44 34 35 9 46 7 33 25 8 5 21 49 16 11 27 13 17 18,12 14 44 34 35 9 46 7 33 25,0,1
boosted-stumps-32,validation,2025,246,6,23 16 34 10 43 29 19 18 9 49 26 13 48 5 47 15 42 25 22 45,23 16 34 10 43 29 19 18 9 49,1,1
boosted-stumps-32,validation,2025,247,25,23 16 10 34 43 26 1 14 9 18 29 19 13 48 5 47 15 25 22 45,23 16 10 34 43 26 1 14 9 18,0,1
boosted-stumps-32,validation,2025,248,12,23 16 1 15 34 43 38 10 44 9 47 26 29 19 13 48 5 14 2 18,23 16 1 15 34 43 38 10 44 9,1,1
boosted-stumps-32,validation,2025,249,2,23 16 27 26 1 9 34 47 29 19 13 10 44 5 14 42 15 18 43 49,23 16 27 26 1 9 34 47 29 19,1,1
boosted-stumps-32,validation,2025,250,12,23 16 1 26 27 9 19 47 29 25 10 44 14 34 15 18 43 42 48 49,23 16 1 26 27 9 19 47 29 25,1,1
boosted-stumps-32,validation,2025,251,35,23 16 34 26 1 27 47 18 29 19 10 44 9 12 15 43 24 49 45 13,23 16 34 26 1 27 47 18 29 19,1,1
boosted-stumps-32,validation,2025,252,23,16 23 15 26 34 1 5 47 18 19 10 44 27 12 43 24 6 49 45 13,16 23 15 26 34 1 5 47 18 19,0,0
boosted-stumps-32,validation,2025,253,33,1 16 34 15 10 47 26 29 19 44 27 18 23 49 43 12 9 24 45 13,1 16 34 15 10 47 26 29 19 44,1,1
boosted-stumps-32,validation,2025,254,17,19 1 34 16 6 26 29 10 18 47 12 15 49 43 9 45 13 48 5 27,19 1 34 16 6 26 29 10 18 47,1,1
boosted-stumps-32,validation,2025,255,42,18 19 1 44 34 16 29 47 26 6 10 12 15 43 9 37 45 49 48 5,18 19 1 44 34 16 29 47 26 6,1,1
boosted-stumps-32,validation,2025,256,48,18 19 1 34 16 47 15 26 6 10 12 43 9 25 45 49 29 48 5 44,18 19 1 34 16 47 15 26 6 10,0,1
boosted-stumps-32,validation,2025,257,28,19 15 9 34 1 45 5 36 47 6 10 16 12 43 18 42 49 29 25 48,19 15 9 34 1 45 5 36 47 6,1,1
boosted-stumps-32,validation,2025,258,38,19 34 9 4 47 45 6 10 5 36 1 15 16 12 43 18 23 21 49 29,19 34 9 4 47 45 6 10 5 36,1,1
boosted-stumps-32,validation,2025,259,47,35 19 9 1 47 25 45 4 6 10 5 36 34 15 43 18 16 23 49 29,35 19 9 1 47 25 45 4 6 10,0,0
boosted-stumps-32,validation,2025,260,3,8 35 45 19 4 25 10 5 34 15 2 1 43 18 38 16 48 23 42 49,8 35 45 19 4 25 10 5 34 15,1,1
boosted-stumps-32,validation,2025,261,33,44 34 45 19 4 25 35 10 5 2 1 24 8 15 43 18 16 23 49 29,44 34 45 19 4 25 35 10 5 2,1,1
boosted-stumps-32,validation,2025,262,44,30 44 16 34 33 45 29 19 4 25 10 9 2 1 8 18 15 24 43 49,30 44 16 34 33 45 29 19 4 25,0,0
boosted-stumps-32,validation,2025,263,38,16 30 38 33 45 29 19 4 25 34 2 23 9 8 43 15 24 49 10 18,16 30 38 33 45 29 19 4 25 34,0,0
boosted-stumps-32,validation,2025,264,43,38 25 16 39 23 45 30 29 4 34 2 9 43 15 24 48 49 10 18 19,38 25 16 39 23 45 30 29 4 34,0,1
boosted-stumps-32,validation,2025,265,10,38 23 33 25 47 45 30 4 16 34 39 2 9 15 24 19 49 29 10 43,38 23 33 25 47 45 30 4 16 34,0,1
boosted-stumps-32,validation,2025,266,41,38 42 25 34 23 47 33 1 9 30 6 16 44 48 4 8 15 24 2 29,38 42 25 34 23 47 33 1 9 30,1,1
boosted-stumps-32,validation,2025,267,29,38 25 34 23 47 33 30 6 43 16 44 48 4 42 26 1 8 9 15 24,38 25 34 23 47 33 30 6 43 16,1,1
boosted-stumps-32,validation,2025,268,10,38 48 34 23 47 33 25 9 30 6 43 16 44 40 42 29 26 8 15 24,38 48 34 23 47 33 25 9 30 6,1,1
boosted-stumps-32,validation,2025,269,31,25 38 23 33 9 47 30 6 43 16 44 48 40 34 39 42 15 29 10 8,25 38 23 33 9 47 30 6 43 16,1,1
boosted-stumps-32,validation,2025,270,35,38 25 23 33 47 6 43 16 44 48 40 34 39 42 15 10 9 26 24 2,38 25 23 33 47 6 43 16 44 48,1,1
boosted-stumps-32,validation,2025,271,6,38 23 10 5 47 6 25 43 16 48 33 40 34 39 42 15 9 26 44 46,38 23 10 5 47 6 25 43 16 48,0,0
boosted-stumps-32,validation,2025,272,36,38 23 10 5 27 6 25 44 33 40 39 16 34 42 15 9 47 26 3 48,38 23 10 5 27 6 25 44 33 40,1,1
boosted-stumps-32,validation,2025,273,4,10 23 38 21 6 25 44 33 40 39 4 34 42 15 1 29 27 9 47 3,10 23 38 21 6 25 44 33 40 39,0,1
boosted-stumps-32,validation,2025,274,44,10 19 34 23 21 6 44 33 40 38 1 29 9 4 48 5 2 30 25 16,10 19 34 23 21 6 44 33 40 38,0,0
boosted-stumps-32,validation,2025,275,45,10 19 34 39 21 44 40 38 33 23 1 29 9 48 5 2 30 6 25 20,10 19 34 39 21 44 40 38 33 23,1,1
boosted-stumps-32,validation,2025,276,9,19 34 39 10 5 21 3 40 38 44 33 23 8 9 47 2 29 30 6 20,19 34 39 10 5 21 3 40 38 44,0,1
boosted-stumps-32,validation,2025,277,16,21 19 34 39 10 25 5 3 40 38 44 33 8 9 47 2 29 30 6 20,21 19 34 39 10 25 5 3 40 38,1,1
boosted-stumps-32,validation,2025,278,28,21 19 34 39 5 3 33 44 10 8 25 48 47 46 2 9 29 30 6 20,21 19 34 39 5 3 33 44 10 8,1,1
boosted-stumps-32,validation,2025,279,27,21 19 33 34 3 4 44 10 8 28 25 48 5 39 47 46 2 9 29 45,21 19 33 34 3 4 44 10 8 28,1,1
boosted-stumps-32,validation,2025,280,42,21 33 5 34 39 3 19 44 10 42 8 28 25 47 30 29 2 45 6 40,21 33 5 34 39 3 19 44 10 42,0,0
boosted-stumps-32,validation,2025,281,47,21 34 28 39 19 44 37 33 5 8 25 30 2 45 6 43 40 49 4 41,21 34 28 39 19 44 37 33 5 8,1,1
boosted-stumps-32,validation,2025,282,41,21 34 10 28 39 19 37 33 44 25 30 47 2 45 43 23 5 40 49 4,21 34 10 28 39 19 37 33 44 25,1,1
boosted-stumps-32,validation,2025,283,45,21 30 33 34 39 28 25 19 4 37 38 44 42 47 2 45 23 5 40 49,21 30 33 34 39 28 25 19 4 37,0,1
boosted-stumps-32,validation,2025,284,41,21 33 34 39 45 28 25 30 4 37 38 44 42 8 47 2 19 23 5 40,21 33 34 39 45 28 25 30 4 37,1,1
boosted-stumps-32,validation,2025,285,24,21 33 34 39 45 25 4 38 13 37 44 30 28 41 42 8 47 2 23 5,21 33 34 39 45 25 4 38 13 37,1,1
boosted-stumps-32,validation,2025,286,3,45 41 33 34 21 25 30 4 39 38 13 28 2 37 42 44 8 1 46 15,45 41 33 34 21 25 30 4 39 38,1,1
boosted-stumps-32,validation,2025,287,34,41 33 21 15 30 4 39 42 38 13 28 2 37 45 44 34 25 1 24 46,41 33 21 15 30 4 39 42 38 13,0,1
boosted-stumps-32,validation,2025,288,14,42 10 21 33 41 15 30 38 13 39 49 28 2 37 44 34 40 25 1 24,42 10 21 33 41 15 30 38 13 39,1,1
boosted-stumps-32,validation,2025,289,42,42 10 21 41 30 38 13 28 49 8 44 37 33 34 47 2 40 25 1 24,42 10 21 41 30 38 13 28 49 8,0,0
boosted-stumps-32,validation,2025,290,19,10 24 21 44 41 38 13 28 49 4 23 42 33 34 25 47 2 40 37 1,10 24 21 44 41 38 13 28 49 4,1,1
boosted-stumps-32,validation,2025,291,44,2 10 21 41 25 49 38 13 4 23 44 40 18 24 5 28 33 34 47 37,2 10 21 41 25 49 38 13 4 23,0,1
boosted-stumps-32,validation,2025,292,2,10 2 44 24 21 41 25 49 38 4 6 40 18 47 5 13 28 33 1 42,10 2 44 24 21 41 25 49 38 4,0,0
boosted-stumps-32,validation,2025,293,47,10 44 24 21 40 25 2 49 4 6 28 18 47 5 41 13 1 42 37 23,10 44 24 21 40 25 2 49 4 6,0,1
boosted-stumps-32,validation,2025,294,18,10 44 40 2 25 49 4 6 28 18 5 24 41 13 21 1 42 46 37 23,10 44 40 2 25 49 4 6 28 18,0,0
boosted-stumps-32,validation,2025,295,5,10 44 40 25 2 4 35 8 28 18 24 5 49 41 21 1 42 46 37 13,10 44 40 25 2 4 35 8 28 18,0,1
boosted-stumps-32,validation,2025,296,22,10 44 40 4 18 2 42 35 38 8 24 5 49 28 21 25 1 41 13 34,10 44 40 4 18 2 42 35 38 8,1,1
boosted-stumps-32,validation,2025,297,44,10 44 4 5 2 42 40 49 35 38 8 31 18 17 28 21 25 24 41 34,10 44 4 5 2 42 40 49 35 38,0,0
boosted-stumps-32,validation,2025,298,23,10 44 4 2 35 8 40 38 31 18 17 24 5 28 21 25 41 1 42 34,10 44 4 2 35 8 40 38 31 18,1,1
boosted-stumps-32,validation,2025,299,49,10 4 49 44 38 40 18 2 35 17 24 37 8 33 28 21 25 41 22 42,10 4 49 44 38 40 18 2 35 17,0,0
boosted-stumps-32,validation,2025,300,40,4 49 35 10 44 38 40 18 31 33 39 37 8 28 25 41 13 22 42 5,4 49 35 10 44 38 40 18 31 33,0,0
boosted-stumps-32,validation,2025,301,5,4 49 35 39 10 24 44 38 18 42 29 33 17 11 37 41 8 28 13 22,4 49 35 39 10 24 44 38 18 42,1,1
boosted-stumps-32,validation,2025,302,22,49 4 37 41 35 39 10 18 42 29 38 33 17 11 24 5 28 22 13 25,49 4 37 41 35 39 10 18 42 29,0,1
boosted-stumps-32,validation,2025,303,15,49 35 39 22 42 33 18 45 29 41 38 17 11 5 10 24 13 37 25 19,49 35 39 22 42 33 18 45 29 41,1,1
boosted-stumps-32,validation,2025,304,48,35 39 42 49 33 17 47 45 29 41 38 31 5 24 10 18 13 37 25 22,35 39 42 49 33 17 47 45 29 41,1,1
boosted-stumps-32,validation,2025,305,42,35 18 39 42 49 41 38 33 17 47 45 29 31 5 24 13 37 36 22 25,35 18 39 42 49 41 38 33 17 47,0,0
boosted-stumps-32,validation,2025,306,17,22 39 24 35 33 47 29 31 41 17 25 10 37 45 27 49 13 18 36 26,22 39 24 35 33 47 29 31 41 17,0,0
boosted-stumps-32,validation,2025,307,20,39 24 35 33 47 29 41 37 18 45 27 31 36 17 4 38 10 26 3 20,39 24 35 33 47 29 41 37 18 45,0,1
boosted-stumps-32,validation,2025,308,39,39 29 35 4 47 24 18 45 27 31 36 17 38 10 33 26 3 20 32 14,39 29 35 4 47 24 18 45 27 31,0,0
boosted-stumps-32,validation,2025,309,6,29 24 4 47 45 31 27 39 35 33 36 17 38 10 1 32 26 3 49 25,29 24 4 47 45 31 27 39 35 33,1,1
boosted-stumps-32,validation,2025,310,16,29 4 24 47 45 7 27 35 38 10 31 36 39 17 49 26 30 3 22 25,29 4 24 47 45 7 27 35 38 10,1,1
boosted-stumps-32,validation,2025,311,37,29 4 10 49 47 45 7 27 38 24 31 17 32 30 3 22 25 35 37 33,29 4 10 49 47 45 7 27 38 24,0,1
boosted-stumps-32,validation,2025,312,14,29 4 49 2 7 45 27 38 24 47 31 10 6 39 17 30 3 36 22 25,29 4 49 2 7 45 27 38 24 47,1,1
boosted-stumps-32,validation,2025,313,38,4 29 49 2 47 7 1 24 45 31 27 35 10 18 6 39 17 30 20 36,4 29 49 2 47 7 1 24 45 31,1,1
boosted-stumps-32,validation,2025,314,23,4 49 29 39 24 7 2 10 1 45 31 17 47 6 38 3 21 30 20 25,4 49 29 39 24 7 2 10 1 45,1,1
boosted-stumps-32,validation,2025,315,4,4 29 49 24 7 2 38 10 1 45 31 17 39 47 44 3 21 30 20 32,4 29 49 24 7 2 38 10 1 45,0,0
boosted-stumps-32,validation,2025,316,24,4 49 29 7 2 1 38 10 24 47 31 17 39 44 3 21 30 13 32 45,4 49 29 7 2 1 38 10 24 47,0,0
boosted-stumps-32,validation,2025,317,18,4 29 17 49 2 1 20 10 24 39 47 31 7 40 3 44 38 21 30 13,4 29 17 49 2 1 20 10 24 39,1,1
boosted-stumps-32,validation,2025,318,6,17 4 29 39 32 2 20 49 10 1 24 47 31 7 6 37 40 38 3 26,17 4 29 39 32 2 20 49 10 1,0,1
boosted-stumps-32,validation,2025,319,45,6 4 29 39 20 32 7 17 49 10 24 47 31 37 1 22 38 3 15 8,6 4 29 39 20 32 7 17 49 10,1,1
boosted-stumps-32,validation,2025,320,28,29 17 39 20 22 32 6 10 4 47 37 1 31 7 38 3 15 41 8 36,29 17 39 20 22 32 6 10 4 47,1,1
boosted-stumps-32,validation,2025,321,23,29 20 7 39 22 32 6 4 10 1 47 35 37 31 40 17 2 28 38 3,29 20 7 39 22 32 6 4 10 1,1,1
boosted-stumps-32,validation,2025,322,47,29 20 23 7 22 10 4 1 39 47 35 32 37 31 40 17 2 38 28 3,29 20 23 7 22 10 4 1 39 47,0,0
boosted-stumps-32,validation,2025,323,9,29 20 17 23 7 22 6 10 4 1 39 34 32 31 33 2 47 38 28 21,29 20 17 23 7 22 6 10 4 1,1,1
boosted-stumps-32,validation,2025,324,15,17 23 29 19 7 20 6 4 39 46 34 32 31 22 10 33 2 47 38 28,17 23 29 19 7 20 6 4 39 46,1,1
boosted-stumps-32,validation,2025,325,4,17 29 7 20 31 6 10 4 39 46 34 32 22 49 19 33 28 2 47 30,17 29 7 20 31 6 10 4 39 46,0,0
boosted-stumps-32,validation,2025,326,19,29 17 6 46 20 33 34 7 10 28 31 22 49 32 47 4 38 30 19 39,29 17 6 46 20 33 34 7 10 28,0,1
boosted-stumps-32,validation,2025,327,37,46 33 17 6 31 34 7 29 10 28 20 22 4 49 19 32 47 38 30 5,46 33 17 6 31 34 7 29 10 28,1,1
boosted-stumps-32,validation,2025,328,3,46 31 33 22 17 34 7 29 28 20 4 49 10 32 47 6 38 30 19 9,46 31 33 22 17 34 7 29 28 20,1,1
boosted-stumps-32,validation,2025,329,17,28 46 31 33 22 17 34 29 13 7 4 10 20 32 47 6 38 49 15 19,28 46 31 33 22 17 34 29 13 7,0,0
boosted-stumps-32,validation,2025,330,36,28 46 44 13 31 33 34 22 17 6 7 4 19 29 10 20 32 47 38 49,28 46 44 13 31 33 34 22 17 6,1,1
boosted-stumps-32,validation,2025,331,26,28 46 6 44 13 31 33 34 22 17 4 19 29 10 20 32 47 38 49 37,28 46 6 44 13 31 33 34 22 17,1,1
boosted-stumps-32,validation,2025,332,26,28 46 22 6 44 13 31 33 47 21 2 17 4 19 29 23 20 32 49 37,28 46 22 6 44 13 31 33 47 21,1,1
boosted-stumps-32,validation,2025,333,6,26 19 44 28 46 22 13 31 47 23 21 45 8 2 4 20 32 6 49 37,26 19 44 28 46 22 13 31 47 23,0,1
boosted-stumps-32,validation,2025,334,46,26 44 37 22 28 13 31 11 19 6 23 21 45 8 4 46 20 32 49 33,26 44 37 22 28 13 31 11 19 6,0,1
boosted-stumps-32,validation,2025,335,44,26 44 37 33 22 13 31 11 46 6 28 23 21 45 8 4 19 49 1 47,26 44 37 33 22 13 31 11 46 6,0,0
boosted-stumps-32,validation,2025,336,17,26 46 44 37 31 22 13 6 28 23 21 8 4 19 1 47 11 3 20 32,26 46 44 37 31 22 13 6 28 23,1,1
boosted-stumps-32,validation,2025,337,9,17 26 44 37 13 31 22 6 20 46 28 21 8 1 42 47 23 3 32 4,17 26 44 37 13 31 22 6 20 46,1,1
boosted-stumps-32,validation,2025,338,8,17 26 42 44 13 6 37 20 31 22 46 28 8 32 47 23 3 4 19 1,17 26 42 44 13 6 37 20 31 22,0,1
boosted-stumps-32,validation,2025,339,48,17 26 42 44 13 6 37 20 31 46 15 32 8 10 34 47 23 3 4 28,17 26 42 44 13 6 37 20 31 46,1,1
boosted-stumps-32,validation,2025,340,16,26 42 13 31 6 44 24 20 15 32 8 10 22 34 46 47 23 3 28 17,26 42 13 31 6 44 24 20 15 32,1,1
boosted-stumps-32,validation,2025,341,6,26 42 13 31 22 44 15 24 10 8 34 46 47 23 3 32 28 6 17 41,26 42 13 31 22 44 15 24 10 8,0,1
boosted-stumps-32,validation,2025,342,4,6 42 13 31 34 44 15 35 22 10 8 46 23 3 28 17 41 24 26 29,6 42 13 31 34 44 15 35 22 10,1,1
boosted-stumps-32,validation,2025,343,38,6 42 17 15 13 31 34 24 22 10 8 46 41 35 28 44 29 19 20 36,6 42 17 15 13 31 34 24 22 10,1,1
boosted-stumps-32,validation,2025,344,27,42 17 15 13 34 41 35 24 31 28 22 10 46 45 8 6 44 29 19 20,42 17 15 13 34 41 35 24 31 28,1,1
boosted-stumps-32,validation,2025,345,24,42 17 15 13 10 34 41 35 24 31 28 22 45 40 8 46 47 6 44 11,42 17 15 13 10 34 41 35 24 31,0,0
boosted-stumps-32,validation,2025,346,3,42 17 13 10 28 22 11 15 45 41 35 32 40 24 8 34 47 23 46 31,42 17 13 10 28 22 11 15 45 41,1,1
boosted-stumps-32,validation,2025,347,13,42 17 28 22 11 34 15 45 41 35 32 40 24 8 46 10 47 3 23 13,42 17 28 22 11 34 15 45 41 35,0,1
boosted-stumps-32,validation,2025,348,16,42 17 8 28 22 24 11 34 15 45 41 35 40 46 10 47 30 13 26 3,42 17 8 28 22 24 11 34 15 45,1,1
boosted-stumps-32,validation,2025,349,22,16 42 17 31 28 22 24 11 34 21 15 45 41 35 8 40 46 10 47 13,16 42 17 31 28 22 24 11 34 21,0,0
boosted-stumps-32,validation,2025,350,49,16 42 17 46 28 22 11 34 21 15 45 41 35 8 40 10 24 47 13 26,16 42 17 46 28 22 11 34 21 15,1,1
boosted-stumps-32,validation,2025,351,4,42 46 28 11 34 47 21 41 35 8 40 22 24 7 15 13 17 26 3 23,42 46 28 11 34 47 21 41 35 8,1,1
boosted-stumps-32,validation,2025,352,44,42 4 15 46 28 11 47 21 41 35 8 40 3 16 10 22 34 13 24 17,42 4 15 46 28 11 47 21 41 35,1,1
boosted-stumps-32,validation,2025,353,1,42 46 28 11 47 21 26 41 35 40 3 16 15 10 22 34 9 13 31 30,42 46 28 11 47 21 26 41 35 40,1,1
boosted-stumps-32,validation,2025,354,30,42 11 47 21 26 40 3 16 15 46 10 22 34 9 41 8 13 31 30 32,42 11 47 21 26 40 3 16 15 46,0,1
boosted-stumps-32,validation,2025,355,8,15 11 26 28 40 3 16 46 10 22 34 42 48 9 47 41 8 13 21 30,15 11 26 28 40 3 16 46 10 22,0,1
boosted-stumps-32,validation,2025,356,24,15 28 21 26 40 9 6 16 30 8 46 10 22 11 34 48 47 13 3 42,15 28 21 26 40 9 6 16 30 8,1,1
boosted-stumps-32,validation,2025,357,49,3 8 15 28 21 26 9 6 16 30 46 10 22 11 48 47 13 40 24 42,3 8 15 28 21 26 9 6 16 30,1,1
boosted-stumps-32,validation,2025,358,7,49 3 15 35 13 11 21 26 6 16 46 10 28 22 24 2 43 48 9 47,49 3 15 35 13 11 21 26 6 16,1,1
boosted-stumps-32,validation,2025,359,11,49 3 42 15 26 35 13 11 43 6 16 46 10 22 24 2 48 9 47 4,49 3 42 15 26 35 13 11 43 6,0,0
boosted-stumps-32,validation,2025,360,41,49 3 42 15 26 35 13 43 11 6 16 8 10 22 24 38 2 48 9 28,49 3 42 15 26 35 13 43 11 6,1,1
boosted-stumps-32,validation,2025,361,24,42 15 26 35 3 13 43 28 11 6 16 8 10 41 24 38 2 48 9 12,42 15 26 35 3 13 43 28 11 6,0,1
boosted-stumps-32,validation,2025,362,23,24 42 15 26 35 30 13 43 28 11 6 8 41 38 2 48 3 9 16 10,24 42 15 26 35 30 13 43 28 11,1,1
boosted-stumps-32,validation,2025,363,26,24 30 8 42 15 26 35 6 45 13 43 37 28 11 41 38 2 48 3 23,24 30 8 42 15 26 35 6 45 13,0,0
boosted-stumps-32,validation,2025,364,12,24 30 8 42 15 35 13 6 23 21 45 28 9 11 26 41 38 2 43 37,24 30 8 42 15 35 13 6 23 21,1,1
boosted-stumps-32,validation,2025,365,26,24 11 8 42 15 35 13 28 6 45 30 2 43 9 23 26 22 38 37 41,24 11 8 42 15 35 13 28 6 45,0,1
boosted-stumps-32,evaluation,2026,1,29,26 24 23 11 2 43 6 42 15 45 30 35 8 20 13 22 38 37 33 16,26 24 23 11 2 43 6 42 15 45,1,1
boosted-stumps-32,evaluation,2026,2,22,26 23 11 2 43 27 6 42 15 45 30 35 8 13 33 22 38 20 37 16,26 23 11 2 43 27 6 42 15 45,0,1
boosted-stumps-32,evaluation,2026,3,9,26 23 22 11 43 27 6 42 15 45 30 8 2 33 4 38 20 37 16 12,26 23 22 11 43 27 6 42 15 45,1,1
boosted-stumps-32,evaluation,2026,4,45,26 23 11 15 30 27 6 42 45 8 2 43 33 7 4 44 38 20 37 16,26 23 11 15 30 27 6 42 45 8,0,0
boosted-stumps-32,evaluation,2026,5,43,26 22 15 30 7 27 6 8 2 43 33 11 49 4 44 42 20 16 9 45,26 22 15 30 7 27 6 8 2 43,0,0
boosted-stumps-32,evaluation,2026,6,13,26 22 43 30 7 15 8 20 2 33 11 49 4 42 13 19 36 17 16 9,26 22 43 30 7 15 8 20 2 33,0,1
boosted-stumps-32,evaluation,2026,7,41,26 6 22 43 15 7 13 21 30 8 20 11 49 4 42 35 46 33 19 36,26 6 22 43 15 7 13 21 30 8,1,1
boosted-stumps-32,evaluation,2026,8,21,26 22 43 15 7 13 44 21 20 49 19 17 4 42 35 46 33 28 11 36,26 22 43 15 7 13 44 21 20 49,0,0
boosted-stumps-32,evaluation,2026,9,28,45 22 43 36 7 44 15 20 29 49 17 42 35 46 33 28 11 19 16 9,45 22 43 36 7 44 15 20 29 49,0,1
boosted-stumps-32,evaluation,2026,10,27,45 44 6 22 36 7 15 20 19 29 42 35 46 33 11 49 17 16 9 26,45 44 6 22 36 7 15 20 19 29,1,1
boosted-stumps-32,evaluation,2026,11,11,44 6 22 36 7 49 15 45 30 19 42 35 46 11 17 16 41 26 4 23,44 6 22 36 7 49 15 45 30 19,0,1
boosted-stumps-32,evaluation,2026,12,11,44 6 22 48 36 7 11 49 15 45 30 19 5 35 46 17 16 41 26 4,44 6 22 48 36 7 11 49 15 45,0,0
boosted-stumps-32,evaluation,2026,13,1,11 44 6 22 41 36 7 49 15 45 30 20 19 5 35 46 17 26 4 23,11 44 6 22 41 36 7 49 15 45,1,1
boosted-stumps-32,evaluation,2026,14,26,11 6 44 22 41 19 36 49 45 20 7 5 15 35 46 17 26 4 23 13,11 6 44 22 41 19 36 49 45 20,0,1
boosted-stumps-32,evaluation,2026,15,31,11 6 44 41 13 45 19 38 20 36 7 5 49 15 17 46 22 23 4 43,11 6 44 41 13 45 19 38 20 36,1,1
boosted-stumps-32,evaluation,2026,16,6,11 6 44 41 49 15 45 30 19 38 8 20 7 5 10 33 22 23 4 13,11 6 44 41 49 15 45 30 19 38,0,0
boosted-stumps-32,evaluation,2026,17,32,11 44 48 26 49 45 30 19 38 8 20 7 12 5 34 6 15 10 33 40,11 44 48 26 49 45 30 19 38 8,1,1
boosted-stumps-32,evaluation,2026,18,39,11 44 48 26 49 45 30 19 41 38 8 20 33 7 12 5 18 31 6 15,11 44 48 26 49 45 30 19 41 38,1,1
boosted-stumps-32,evaluation,2026,19,46,11 44 31 48 49 30 41 38 8 20 43 33 40 7 12 18 25 6 26 15,11 44 31 48 49 30 41 38 8 20,1,1
boosted-stumps-32,evaluation,2026,20,12,11 44 31 38 30 19 41 8 20 43 33 40 7 25 12 48 26 42 15 45,11 44 31 38 30 19 41 8 20 43,0,1
boosted-stumps-32,evaluation,2026,21,42,11 12 31 44 26 25 48 33 19 41 38 8 20 43 37 40 7 23 32 9,11 12 31 44 26 25 48 33 19 41,1,1
boosted-stumps-32,evaluation,2026,22,18,12 31 44 24 33 26 25 45 19 41 38 8 20 43 37 23 32 47 40 9,12 31 44 24 33 26 25 45 19 41,1,1
boosted-stumps-32,evaluation,2026,23,47,12 31 44 24 25 8 37 33 30 19 38 43 23 32 39 47 40 9 22 26,12 31 44 24 25 8 37 33 30 19,0,1
boosted-stumps-32,evaluation,2026,24,28,12 31 24 47 25 18 38 8 33 30 43 37 23 32 39 44 40 22 26 42,12 31 24 47 25 18 38 8 33 30,1,1
boosted-stumps-32,evaluation,2026,25,37,31 44 25 42 24 47 18 45 33 30 38 8 37 23 12 32 39 40 10 22,31 44 25 42 24 47 18 45 33 30,0,1
boosted-stumps-32,evaluation,2026,26,19,44 25 42 46 6 24 47 14 18 45 31 41 38 37 9 23 12 32 39 40,44 25 42 46 6 24 47 14 18 45,1,1
boosted-stumps-32,evaluation,2026,27,45,24 42 25 46 6 47 14 18 44 37 45 31 41 9 23 12 32 39 10 19,24 42 25 46 6 47 14 18 44 37,0,1
boosted-stumps-32,evaluation,2026,28,3,24 42 46 25 18 6 47 14 37 45 10 44 9 23 12 39 19 22 31 11,24 42 46 25 18 6 47 14 37 45,1,1
boosted-stumps-32,evaluation,2026,29,1,47 24 46 42 25 18 6 14 37 45 10 49 44 23 12 39 9 19 22 11,47 24 46 42 25 18 6 14 37 45,1,1
boosted-stumps-32,evaluation,2026,30,41,47 18 24 6 14 37 46 10 49 8 44 23 12 39 9 19 42 45 11 4,47 18 24 6 14 37 46 10 49 8,1,1
boosted-stumps-32,evaluation,2026,31,26,47 18 6 4 24 46 10 49 8 44 37 23 3 39 19 42 45 22 14 26,47 18 6 4 24 46 10 49 8 44,0,1
boosted-stumps-32,evaluation,2026,32,6,47 18 6 4 25 5 46 49 38 8 44 37 23 3 39 10 24 19 11 14,47 18 6 4 25 5 46 49 38 8,0,0
boosted-stumps-32,evaluation,2026,33,41,47 23 6 4 18 25 5 10 49 38 44 39 17 24 3 11 19 46 14 26,47 23 6 4 18 25 5 10 49 38,1,1
boosted-stumps-32,evaluation,2026,34,19,41 4 47 25 5 18 6 23 14 10 49 8 44 39 17 24 3 46 11 19,41 4 47 25 5 18 6 23 14 10,0,1
boosted-stumps-32,evaluation,2026,35,27,41 19 4 47 24 23 5 18 6 14 49 38 8 39 17 3 35 46 10 11,41 19 4 47 24 23 5 18 6 14,1,1
boosted-stumps-32,evaluation,2026,36,1,19 41 24 4 47 23 5 18 32 49 38 8 39 3 35 17 11 46 10 44,19 41 24 4 47 23 5 18 32 49,1,1
boosted-stumps-32,evaluation,2026,37,43,41 1 4 47 39 23 5 18 32 49 19 38 8 24 3 35 17 11 46 20,41 1 4 47 39 23 5 18 32 49,1,1
boosted-stumps-32,evaluation,2026,38,42,41 1 4 47 39 23 5 32 44 19 38 8 24 3 35 17 11 45 20 43,41 1 4 47 39 23 5 32 44 19,1,1
boosted-stumps-32,evaluation,2026,39,11,41 1 4 47 39 23 6 5 20 44 19 38 8 24 3 35 11 45 34 43,41 1 4 47 39 23 6 5 20 44,0,1
boosted-stumps-32,evaluation,2026,40,28,41 4 11 39 23 6 20 44 47 19 38 34 1 24 35 45 8 43 10 27,41 4 11 39 23 6 20 44 47 19,1,1
boosted-stumps-32,evaluation,2026,41,36,11 23 27 39 1 6 49 45 29 19 38 46 8 20 10 44 34 42 43 14,11 23 27 39 1 6 49 45 29 19,1,1
boosted-stumps-32,evaluation,2026,42,16,23 27 39 11 1 6 49 45 29 46 8 20 32 10 44 34 17 42 43 36,23 27 39 11 1 6 49 45 29 46,1,1
boosted-stumps-32,evaluation,2026,43,13,27 11 1 6 49 45 29 19 38 46 8 20 32 44 22 34 39 17 42 43,27 11 1 6 49 45 29 19 38 46,1,1
boosted-stumps-32,evaluation,2026,44,19,42 27 11 1 6 49 45 29 19 35 38 8 20 32 44 40 34 39 17 43,42 27 11 1 6 49 45 29 19 35,0,0
boosted-stumps-32,evaluation,2026,45,1,19 42 32 27 39 11 1 6 49 47 29 38 46 8 20 44 48 40 34 17,19 42 32 27 39 11 1 6 49 47,0,0
boosted-stumps-32,evaluation,2026,46,3,1 42 27 39 11 19 6 49 29 38 46 8 20 13 44 48 40 22 34 17,1 42 27 39 11 19 6 49 29 38,1,1
boosted-stumps-32,evaluation,2026,47,39,1 42 27 39 19 6 49 29 38 46 8 20 13 44 40 22 34 9 17 43,1 42 27 39 19 6 49 29 38 46,0,0
boosted-stumps-32,evaluation,2026,48,24,1 42 39 27 19 6 49 47 29 35 38 46 8 20 13 40 22 9 17 36,1 42 39 27 19 6 49 47 29 35,1,1
boosted-stumps-32,evaluation,2026,49,13,1 39 38 32 27 19 47 42 29 35 46 8 20 13 40 22 9 17 36 3,1 39 38 32 27 19 47 42 29 35,0,1
boosted-stumps-32,evaluation,2026,50,23,13 1 39 38 32 27 19 49 47 42 29 35 46 8 20 40 22 9 17 36,13 1 39 38 32 27 19 49 47 42,1,1
boosted-stumps-32,evaluation,2026,51,1,13 1 39 38 32 27 19 47 42 35 46 8 20 44 33 40 22 9 17 36,13 1 39 38 32 27 19 47 42 35,0,0
boosted-stumps-32,evaluation,2026,52,38,13 1 39 38 19 47 42 35 46 20 44 33 40 22 9 17 14 3 41 28,13 1 39 38 19 47 42 35 46 20,0,0
boosted-stumps-32,evaluation,2026,53,15,13 1 38 39 40 14 19 47 42 35 46 20 44 33 22 9 3 41 28 24,13 1 38 39 40 14 19 47 42 35,1,1
boosted-stumps-32,evaluation,2026,54,48,1 38 39 12 16 14 13 19 47 42 35 46 20 44 33 40 22 17 15 3,1 38 39 12 16 14 13 19 47 42,1,1
boosted-stumps-32,evaluation,2026,55,14,1 38 12 32 16 14 13 19 49 42 30 35 46 20 44 37 33 40 22 15,1 38 12 32 16 14 13 19 49 42,0,0
boosted-stumps-32,evaluation,2026,56,48,14 38 39 12 32 16 13 19 1 49 42 30 35 46 20 31 44 37 33 28,14 38 39 12 32 16 13 19 1 49,1,1
boosted-stumps-32,evaluation,2026,57,23,48 14 38 12 32 16 6 13 1 49 42 30 35 46 10 31 44 37 33 28,48 14 38 12 32 16 6 13 1 49,1,1
boosted-stumps-32,evaluation,2026,58,31,23 48 14 38 21 12 32 16 6 13 26 1 49 42 30 29 46 10 31 44,23 48 14 38 21 12 32 16 6 13,0,1
boosted-stumps-32,evaluation,2026,59,10,23 48 14 38 31 21 12 40 6 13 26 1 49 42 30 20 10 44 37 33,23 48 14 38 31 21 12 40 6 13,0,1
boosted-stumps-32,evaluation,2026,60,9,23 48 14 38 10 21 40 19 6 13 26 1 30 29 20 12 44 37 33 28,23 48 14 38 10 21 40 19 6 13,1,1
boosted-stumps-32,evaluation,2026,61,29,48 14 6 26 30 9 19 13 3 41 38 31 21 29 12 28 34 39 11 15,48 14 6 26 30 9 19 13 3 41,0,1
boosted-stumps-32,evaluation,2026,62,24,48 13 26 21 30 33 9 29 20 3 41 31 14 19 12 37 28 34 39 17,48 13 26 21 30 33 9 29 20 3,1,1
boosted-stumps-32,evaluation,2026,63,28,48 26 21 30 19 12 33 28 9 29 20 6 3 41 31 14 49 37 34 39,48 26 21 30 19 12 33 28 9 29,0,0
boosted-stumps-32,evaluation,2026,64,18,48 28 21 30 19 34 39 9 29 31 1 20 40 6 41 14 26 49 2 37,48 28 21 30 19 34 39 9 29 31,1,1
boosted-stumps-32,evaluation,2026,65,5,28 21 39 9 29 31 1 20 6 41 14 18 26 2 37 34 13 11 10 46,28 21 39 9 29 31 1 20 6 41,1,1
boosted-stumps-32,evaluation,2026,66,37,29 6 21 1 46 41 5 18 26 28 2 37 34 17 13 11 24 10 45 38,29 6 21 1 46 41 5 18 26 28,0,1
boosted-stumps-32,evaluation,2026,67,5,29 37 26 21 28 46 41 31 5 18 2 36 34 17 6 13 11 24 10 1,29 37 26 21 28 46 41 31 5 18,0,0
boosted-stumps-32,evaluation,2026,68,23,5 29 37 34 26 28 46 8 40 6 41 31 18 1 2 36 17 13 11 24,5 29 37 34 26 28 46 8 40 6,1,1
boosted-stumps-32,evaluation,2026,69,24,5 29 37 23 34 17 26 28 46 8 40 41 18 1 49 2 36 13 11 24,5 29 37 23 34 17 26 28 46 8,0,1
boosted-stumps-32,evaluation,2026,70,25,24 5 37 23 17 26 46 44 40 41 29 18 1 28 49 2 36 34 13 11,24 5 37 23 17 26 46 44 40 41,1,1
boosted-stumps-32,evaluation,2026,71,48,24 5 37 23 26 6 46 44 13 29 25 18 1 28 49 2 36 34 17 11,24 5 37 23 26 6 46 44 13 29,1,1
boosted-stumps-32,evaluation,2026,72,46,24 5 26 23 1 48 49 2 41 6 38 13 37 18 28 30 36 34 17 11,24 5 26 23 1 48 49 2 41 6,1,1
boosted-stumps-32,evaluation,2026,73,34,5 26 24 23 48 2 36 34 41 25 28 38 13 37 18 1 30 17 11 46,5 26 24 23 48 2 36 34 41 25,0,0
boosted-stumps-32,evaluation,2026,74,10,5 23 26 24 34 48 2 17 41 28 25 38 10 13 37 18 1 30 36 7,5 23 26 24 34 48 2 17 41 28,0,1
boosted-stumps-32,evaluation,2026,75,33,5 23 26 41 10 30 2 17 28 24 25 38 8 48 13 37 34 1 49 12,5 23 26 41 10 30 2 17 28 24,1,1
boosted-stumps-32,evaluation,2026,76,2,23 28 10 30 2 26 41 24 25 8 44 48 13 37 5 34 1 49 12 36,23 28 10 30 2 26 41 24 25 8,0,0
boosted-stumps-32,evaluation,2026,77,29,23 10 1 30 36 26 41 24 25 8 44 48 13 28 2 5 34 49 12 22,23 10 1 30 36 26 41 24 25 8,1,1
boosted-stumps-32,evaluation,2026,78,46,23 10 1 49 36 26 41 24 25 8 44 48 13 28 2 34 12 32 22 7,23 10 1 49 36 26 41 24 25 8,1,1
boosted-stumps-32,evaluation,2026,79,35,46 23 1 36 41 25 44 48 26 13 28 10 33 34 12 32 22 7 17 11,46 23 1 36 41 25 44 48 26 13,1,1
boosted-stumps-32,evaluation,2026,80,3,46 41 23 1 24 12 22 7 25 44 48 26 13 28 10 33 35 49 32 17,46 41 23 1 24 12 22 7 25 44,1,1
boosted-stumps-32,evaluation,2026,81,17,46 41 25 12 26 13 23 28 11 33 48 1 24 30 32 44 22 7 35 49,46 41 25 12 26 13 23 28 11 33,1,1
boosted-stumps-32,evaluation,2026,82,27,46 41 25 12 33 26 13 23 28 11 17 48 1 24 32 22 7 2 10 49,46 41 25 12 33 26 13 23 28 11,1,1
boosted-stumps-32,evaluation,2026,83,5,41 33 25 26 23 28 11 17 48 24 49 20 12 32 22 7 2 10 34 21,41 33 25 26 23 28 11 17 48 24,1,1
boosted-stumps-32,evaluation,2026,84,16,41 25 17 48 5 26 28 11 33 24 23 49 20 12 32 22 18 2 10 21,41 25 17 48 5 26 28 11 33 24,1,1
boosted-stumps-32,evaluation,2026,85,19,41 20 17 26 28 11 2 33 5 23 4 22 18 35 16 24 21 30 3 25,41 20 17 26 28 11 2 33 5 23,1,1
boosted-stumps-32,evaluation,2026,86,12,41 20 33 17 26 28 11 2 5 23 21 3 4 25 37 18 35 16 24 30,41 20 33 17 26 28 11 2 5 23,1,1
boosted-stumps-32,evaluation,2026,87,26,41 20 33 36 14 17 23 28 11 5 26 21 30 4 25 46 8 37 18 35,41 20 33 36 14 17 23 28 11 5,0,1
boosted-stumps-32,evaluation,2026,88,27,17 41 21 20 2 33 36 14 5 23 28 11 4 8 18 35 16 1 24 15,17 41 21 20 2 33 36 14 5 23,1,1
boosted-stumps-32,evaluation,2026,89,49,27 20 41 21 36 14 5 23 28 11 17 4 6 33 35 1 24 42 15 46,27 20 41 21 36 14 5 23 28 11,1,1
boosted-stumps-32,evaluation,2026,90,36,27 36 14 41 5 21 23 28 11 17 24 15 20 33 49 1 42 46 2 18,27 36 14 41 5 21 23 28 11 17,0,0
boosted-stumps-32,evaluation,2026,91,37,27 36 14 41 5 21 20 23 28 11 17 1 24 15 2 33 49 29 46 8,27 36 14 41 5 21 20 23 28 11,1,1
boosted-stumps-32,evaluation,2026,92,6,27 5 24 21 8 20 17 36 41 23 28 11 1 46 2 33 14 49 16 42,27 5 24 21 8 20 17 36 41 23,1,1
boosted-stumps-32,evaluation,2026,93,40,5 24 42 46 8 20 17 36 41 23 28 11 1 21 2 14 34 49 16 47,5 24 42 46 8 20 17 36 41 23,1,1
boosted-stumps-32,evaluation,2026,94,17,5 24 20 47 42 17 41 23 28 11 21 29 2 14 34 49 16 36 40 26,5 24 20 47 42 17 41 23 28 11,0,0
boosted-stumps-32,evaluation,2026,95,35,17 5 24 47 42 41 23 28 21 29 8 20 14 34 49 36 40 26 4 25,17 5 24 47 42 41 23 28 21 29,1,1
boosted-stumps-32,evaluation,2026,96,43,17 42 24 21 47 38 48 19 23 28 29 46 8 5 34 49 35 36 40 26,17 42 24 21 47 38 48 19 23 28,1,1
boosted-stumps-32,evaluation,2026,97,11,17 47 42 21 25 38 48 5 19 23 28 29 46 8 18 49 36 40 26 1,17 47 42 21 25 38 48 5 19 23,1,1
boosted-stumps-32,evaluation,2026,98,17,42 26 25 38 46 8 48 5 28 17 19 47 4 16 18 49 36 40 21 15,42 26 25 38 46 8 48 5 28 17,0,0
boosted-stumps-32,evaluation,2026,99,12,17 26 38 48 25 8 5 28 19 27 21 47 42 4 36 40 15 29 46 32,17 26 38 48 25 8 5 28 19 27,1,1
boosted-stumps-32,evaluation,2026,100,33,17 26 28 25 38 48 8 32 19 27 47 42 15 4 37 5 35 36 40 29,17 26 28 25 38 48 8 32 19 27,1,1
boosted-stumps-32,evaluation,2026,101,39,17 28 19 27 11 1 8 4 32 48 35 33 40 46 26 25 38 3 24 47,17 28 19 27 11 1 8 4 32 48,1,1
boosted-stumps-32,evaluation,2026,102,20,17 28 19 27 11 1 8 4 32 48 35 33 40 46 26 25 38 3 47 15,17 28 19 27 11 1 8 4 32 48,1,1
boosted-stumps-32,evaluation,2026,103,6,17 28 19 27 11 20 1 8 3 4 32 48 35 33 40 26 46 15 25 38,17 28 19 27 11 20 1 8 3 4,1,1
boosted-stumps-32,evaluation,2026,104,1,17 28 19 27 1 6 11 20 8 3 4 32 35 33 48 46 39 15 26 25,17 28 19 27 1 6 11 20 8 3,0,0
boosted-stumps-32,evaluation,2026,105,28,28 20 19 27 8 17 6 11 1 3 32 48 39 35 33 46 4 15 26 22,28 20 19 27 8 17 6 11 1 3,0,0
boosted-stumps-32,evaluation,2026,106,22,20 17 28 27 8 6 19 3 32 43 33 46 11 1 44 4 39 26 22 24,20 17 28 27 8 6 19 3 32 43,0,1
boosted-stumps-32,evaluation,2026,107,49,20 17 22 28 11 27 8 6 19 46 3 32 48 33 1 4 44 39 24 34,20 17 22 28 11 27 8 6 19 46,1,1
boosted-stumps-32,evaluation,2026,108,45,20 11 17 49 22 27 3 19 32 48 33 1 28 8 6 4 39 46 34 45,20 11 17 49 22 27 3 19 32 48,0,1
boosted-stumps-32,evaluation,2026,109,16,20 17 11 45 22 6 19 27 3 32 48 49 33 1 28 4 39 46 34 36,20 17 11 45 22 6 19 27 3 32,1,1
boosted-stumps-32,evaluation,2026,110,30,20 11 19 45 6 27 17 3 28 48 49 33 22 1 46 4 32 39 8 43,20 11 19 45 6 27 17 3 28 48,1,1
boosted-stumps-32,evaluation,2026,111,1,19 20 11 6 17 45 30 28 3 43 48 49 22 1 46 34 39 8 40 32,19 20 11 6 17 45 30 28 3 43,0,1
boosted-stumps-32,evaluation,2026,112,9,1 19 6 30 20 48 45 28 3 43 49 22 46 39 38 40 32 36 11 34,1 19 6 30 20 48 45 28 3 43,1,1
boosted-stumps-32,evaluation,2026,113,2,1 19 6 30 48 45 28 3 43 49 22 9 38 44 40 11 34 39 46 8,1 19 6 30 48 45 28 3 43 49,1,1
boosted-stumps-32,evaluation,2026,114,30,1 19 6 45 43 48 49 30 28 2 9 40 22 38 44 3 11 46 8 20,1 19 6 45 43 48 49 30 28 2,0,0
boosted-stumps-32,evaluation,2026,115,4,30 19 6 43 45 28 2 9 40 49 22 1 44 41 10 38 48 24 11 46,30 19 6 43 45 28 2 9 40 49,1,1
boosted-stumps-32,evaluation,2026,116,22,30 19 6 28 43 45 7 4 2 9 40 49 22 1 8 41 10 38 48 24,30 19 6 28 43 45 7 4 2 9,0,1
boosted-stumps-32,evaluation,2026,117,16,30 19 28 43 45 15 7 49 4 2 22 9 1 8 16 41 10 6 38 40,30 19 28 43 45 15 7 49 4 2,0,1
boosted-stumps-32,evaluation,2026,118,8,16 30 19 45 28 15 7 4 22 9 1 43 2 46 8 10 33 41 38 40,16 30 19 45 28 15 7 4 22 9,0,1
boosted-stumps-32,evaluation,2026,119,11,16 30 19 8 28 22 46 15 45 7 4 9 1 43 2 38 10 33 21 29,16 30 19 8 28 22 46 15 45 7,1,1
boosted-stumps-32,evaluation,2026,120,6,30 19 16 22 8 28 15 38 46 45 7 4 9 1 10 2 33 40 21 29,30 19 16 22 8 28 15 38 46 45,1,1
boosted-stumps-32,evaluation,2026,121,44,6 22 8 4 30 2 9 15 19 16 10 38 46 7 28 33 26 45 3 25,6 22 8 4 30 2 9 15 19 16,1,1
boosted-stumps-32,evaluation,2026,122,1,6 22 8 4 30 2 44 9 46 15 19 16 10 45 7 28 48 49 26 3,6 22 8 4 30 2 44 9 46 15,1,1
boosted-stumps-32,evaluation,2026,123,46,22 8 30 4 1 2 44 46 19 16 15 45 7 28 25 48 18 6 38 49,22 8 30 4 1 2 44 46 19 16,0,0
boosted-stumps-32,evaluation,2026,124,39,22 8 30 44 1 4 46 7 19 16 45 23 18 28 25 48 6 3 38 32,22 8 30 44 1 4 46 7 19 16,1,1
boosted-stumps-32,evaluation,2026,125,31,22 8 1 44 4 7 19 16 48 46 45 23 18 6 20 21 30 3 38 32,22 8 1 44 4 7 19 16 48 46,1,1
boosted-stumps-32,evaluation,2026,126,49,22 8 1 44 31 45 18 48 38 46 23 7 19 6 16 20 15 3 25 32,22 8 1 44 31 45 18 48 38 46,1,1
boosted-stumps-32,evaluation,2026,127,45,8 44 31 1 45 23 18 38 46 22 7 6 16 20 49 32 48 40 24 17,8 44 31 1 45 23 18 38 46 22,0,0
boosted-stumps-32,evaluation,2026,128,37,45 8 31 44 1 23 22 18 38 6 7 16 46 20 17 49 32 48 40 24,45 8 31 44 1 23 22 18 38 6,1,1
boosted-stumps-32,evaluation,2026,129,41,45 31 44 1 23 18 22 7 6 16 38 20 17 49 30 19 32 48 40 24,45 31 44 1 23 18 22 7 6 16,1,1
boosted-stumps-32,evaluation,2026,130,29,45 1 31 44 23 17 7 6 16 25 38 20 49 15 30 19 32 10 48 22,45 1 31 44 23 17 7 6 16 25,1,1
boosted-stumps-32,evaluation,2026,131,7,45 1 41 31 44 17 25 5 7 6 16 38 8 20 49 15 30 3 19 32,45 1 41 31 44 17 25 5 7 6,0,0
boosted-stumps-32,evaluation,2026,132,30,7 45 1 41 31 17 25 5 6 16 46 49 15 30 3 19 38 23 10 48,7 45 1 41 31 17 25 5 6 16,0,1
boosted-stumps-32,evaluation,2026,133,7,7 30 45 1 41 31 17 25 5 16 39 46 49 15 3 19 38 23 10 22,7 30 45 1 41 31 17 25 5 16,0,0
boosted-stumps-32,evaluation,2026,134,37,7 1 30 45 41 31 5 25 16 46 17 49 15 3 19 10 22 38 20 44,7 1 30 45 41 31 5 25 16 46,1,1
boosted-stumps-32,evaluation,2026,135,30,7 37 30 45 41 31 25 44 16 40 17 1 21 15 19 32 10 5 46 11,7 37 30 45 41 31 25 44 16 40,0,0
boosted-stumps-32,evaluation,2026,136,48,30 7 37 45 41 25 44 16 40 9 17 1 21 15 19 10 48 5 46 8,30 7 37 45 41 25 44 16 40 9,0,1
boosted-stumps-32,evaluation,2026,137,26,30 7 37 45 41 25 48 14 16 44 40 1 21 19 38 23 10 46 8 20,30 7 37 45 41 25 48 14 16 44,1,1
boosted-stumps-32,evaluation,2026,138,49,30 37 7 26 41 25 48 44 40 20 16 24 46 1 49 21 45 38 23 10,30 37 7 26 41 25 48 44 40 20,0,1
boosted-stumps-32,evaluation,2026,139,24,30 7 26 41 49 48 25 44 40 20 16 37 24 8 1 21 45 23 10 18,30 7 26 41 49 48 25 44 40 20,0,1
boosted-stumps-32,evaluation,2026,140,16,30 7 24 26 49 44 20 48 16 37 1 17 21 15 25 23 10 40 18 38,30 7 24 26 49 44 20 48 16 37,0,0
boosted-stumps-32,evaluation,2026,141,33,30 7 26 17 49 37 38 46 20 48 24 21 15 19 25 35 8 12 32 23,30 7 26 17 49 37 38 46 20 48,1,1
boosted-stumps-32,evaluation,2026,142,23,30 7 26 38 20 49 24 37 46 17 48 21 15 19 25 35 12 23 44 5,30 7 26 38 20 49 24 37 46 17,0,1
boosted-stumps-32,evaluation,2026,143,44,7 26 20 49 30 23 16 48 24 37 46 17 19 25 41 38 12 44 5 40,7 26 20 49 30 23 16 48 24 37,0,1
boosted-stumps-32,evaluation,2026,144,43,44 26 46 20 49 30 23 16 48 24 37 17 42 19 25 41 38 12 10 5,44 26 46 20 49 30 23 16 48 24,1,1
boosted-stumps-32,evaluation,2026,145,5,44 43 26 46 20 49 30 23 16 48 24 37 42 19 25 38 8 12 10 5,44 43 26 46 20 49 30 23 16 48,0,1
boosted-stumps-32,evaluation,2026,146,42,44 26 43 46 49 30 23 48 1 5 24 16 37 21 42 15 45 19 35 38,44 26 43 46 49 30 23 48 1 5,0,1
boosted-stumps-32,evaluation,2026,147,13,42 44 26 43 46 49 23 48 1 24 30 5 16 37 21 15 45 35 38 8,42 44 26 43 46 49 23 48 1 24,1,1
boosted-stumps-32,evaluation,2026,148,48,42 44 13 43 46 49 23 48 1 24 30 5 16 37 21 15 26 45 35 38,42 44 13 43 46 49 23 48 1 24,0,0
boosted-stumps-32,evaluation,2026,149,27,42 44 13 43 46 1 49 37 24 30 23 5 16 21 15 26 45 25 35 38,42 44 13 43 46 1 49 37 24 30,1,1
boosted-stumps-32,evaluation,2026,150,9,42 13 43 44 46 1 5 49 16 37 20 24 30 23 21 15 26 19 25 35,42 13 43 44 46 1 5 49 16 37,1,1
boosted-stumps-32,evaluation,2026,151,31,42 13 43 44 46 1 5 49 16 37 25 20 24 30 21 15 26 29 6 35,42 13 43 44 46 1 5 49 16 37,1,1
boosted-stumps-32,evaluation,2026,152,45,13 43 42 44 46 24 5 49 16 37 25 20 30 21 26 35 38 8 12 32,13 43 42 44 46 24 5 49 16 37,1,1
boosted-stumps-32,evaluation,2026,153,41,13 43 42 44 24 30 5 49 37 25 20 16 21 26 45 35 38 46 8 12,13 43 42 44 24 30 5 49 37 25,1,1
boosted-stumps-32,evaluation,2026,154,41,13 43 42 41 25 24 30 5 49 37 20 16 21 26 45 19 4 35 46 8,13 43 42 41 25 24 30 5 49 37,0,0
boosted-stumps-32,evaluation,2026,155,7,41 13 42 25 20 24 30 5 49 48 37 46 16 21 15 26 45 29 19 4,41 13 42 25 20 24 30 5 49 48,1,1
boosted-stumps-32,evaluation,2026,156,1,41 42 13 25 20 24 30 5 49 16 48 46 37 15 26 45 29 19 4 35,41 42 13 25 20 24 30 5 49 16,1,1
boosted-stumps-32,evaluation,2026,157,40,41 13 25 20 24 30 1 5 49 46 16 37 15 26 45 29 19 4 6 35,41 13 25 20 24 30 1 5 49 46,1,1
boosted-stumps-32,evaluation,2026,158,16,41 40 20 24 30 1 5 49 25 46 16 37 42 15 26 45 29 19 4 6,41 40 20 24 30 1 5 49 25 46,0,1
boosted-stumps-32,evaluation,2026,159,39,41 40 1 31 46 24 30 5 49 25 37 21 47 42 15 26 45 29 19 4,41 40 1 31 46 24 30 5 49 25,1,1
boosted-stumps-32,evaluation,2026,160,2,41 40 1 31 30 37 5 49 25 46 20 17 21 47 42 15 26 45 29 19,41 40 1 31 30 37 5 49 25 46,1,1
boosted-stumps-32,evaluation,2026,161,8,41 1 31 40 25 37 46 20 17 49 5 7 42 11 34 16 47 45 19 6,41 1 31 40 25 37 46 20 17 49,1,1
boosted-stumps-32,evaluation,2026,162,32,41 1 25 37 46 49 5 40 20 8 3 43 23 31 11 16 47 45 6 35,41 1 25 37 46 49 5 40 20 8,1,1
boosted-stumps-32,evaluation,2026,163,37,41 1 25 20 32 37 46 49 5 40 24 8 3 12 43 31 28 11 17 16,41 1 25 20 32 37 46 49 5 40,0,0
boosted-stumps-32,evaluation,2026,164,21,1 25 20 32 16 37 46 49 30 5 8 40 24 3 12 43 31 28 11 17,1 25 20 32 16 37 46 49 30 5,1,1
boosted-stumps-32,evaluation,2026,165,3,1 40 25 20 21 32 16 37 46 49 30 5 8 24 43 31 11 17 42 45,1 40 25 20 21 32 16 37 46 49,1,1
boosted-stumps-32,evaluation,2026,166,6,1 25 20 21 32 40 16 46 30 37 3 8 26 43 23 31 17 42 45 29,1 25 20 21 32 40 16 46 30 37,1,1
boosted-stumps-32,evaluation,2026,167,19,1 8 25 32 40 46 20 30 6 16 37 3 21 26 41 43 23 10 33 7,1 8 25 32 40 46 20 30 6 16,1,1
boosted-stumps-32,evaluation,2026,168,15,46 1 8 25 19 32 20 30 6 16 37 3 21 26 41 12 33 42 45 29,46 1 8 25 19 32 20 30 6 16,1,1
boosted-stumps-32,evaluation,2026,169,24,46 1 8 25 19 32 20 49 30 6 16 37 3 21 15 26 41 12 2 42,46 1 8 25 19 32 20 49 30 6,1,1
boosted-stumps-32,evaluation,2026,170,3,1 46 25 20 21 15 19 32 49 6 16 3 8 24 26 4 41 2 30 42,1 46 25 20 21 15 19 32 49 6,0,1
boosted-stumps-32,evaluation,2026,171,28,3 1 25 21 15 19 32 46 20 49 16 8 24 4 41 2 23 39 7 42,3 1 25 21 15 19 32 46 20 49,1,1
boosted-stumps-32,evaluation,2026,172,44,3 1 24 21 15 19 32 28 46 20 49 16 4 41 2 23 33 11 39 7,3 1 24 21 15 19 32 28 46 20,1,1
boosted-stumps-32,evaluation,2026,173,26,3 24 21 15 19 1 46 20 49 30 16 28 4 2 33 11 39 7 37 26,3 24 21 15 19 1 46 20 49 30,0,1
boosted-stumps-32,evaluation,2026,174,41,3 24 20 21 15 1 46 49 30 28 19 4 2 11 6 37 26 29 41 12,3 24 20 21 15 1 46 49 30 28,0,1
boosted-stumps-32,evaluation,2026,175,26,3 46 20 24 41 1 49 30 15 28 19 11 6 37 38 26 29 4 12 32,3 46 20 24 41 1 49 30 15 28,0,1
boosted-stumps-32,evaluation,2026,176,10,26 46 20 24 41 37 49 1 15 19 28 42 11 30 6 38 45 3 4 12,26 46 20 24 41 37 49 1 15 19,1,1
boosted-stumps-32,evaluation,2026,177,14,26 46 24 20 10 41 6 37 49 16 1 15 19 28 42 40 11 39 30 45,26 46 24 20 10 41 6 37 49 16,1,1
boosted-stumps-32,evaluation,2026,178,18,26 46 24 20 10 14 41 6 37 49 16 15 28 42 8 40 30 34 45 3,26 46 24 20 10 14 41 6 37 49,1,1
boosted-stumps-32,evaluation,2026,179,15,26 28 20 10 24 14 18 41 6 37 46 49 16 42 8 40 30 34 45 3,26 28 20 10 24 14 18 41 6 37,1,1
boosted-stumps-32,evaluation,2026,180,21,26 15 28 14 18 41 30 46 16 37 10 42 8 40 6 38 34 45 3 29,26 15 28 14 18 41 30 46 16 37,1,1
boosted-stumps-32,evaluation,2026,181,19,26 28 46 21 15 18 41 16 30 1 10 6 37 14 42 2 49 8 40 31,26 28 46 21 15 18 41 16 30 1,1,1
boosted-stumps-32,evaluation,2026,182,41,26 46 21 18 15 6 41 16 30 1 28 10 37 14 2 49 8 44 31 13,26 46 21 18 15 6 41 16 30 1,0,0
boosted-stumps-32,evaluation,2026,183,24,26 41 46 21 18 15 6 16 30 1 31 10 14 2 28 49 37 44 13 42,26 41 46 21 18 15 6 16 30 1,1,1
boosted-stumps-32,evaluation,2026,184,1,41 46 30 21 10 14 18 15 26 49 16 1 31 19 6 37 2 28 44 4,41 46 30 21 10 14 18 15 26 49,0,1
boosted-stumps-32,evaluation,2026,185,36,46 30 10 6 14 18 15 26 21 49 41 16 1 31 19 37 29 2 17 4,46 30 10 6 14 18 15 26 21 49,1,1
boosted-stumps-32,evaluation,2026,186,23,15 46 19 10 6 26 21 49 16 30 14 36 1 31 37 18 2 41 17 9,15 46 19 10 6 26 21 49 16 30,1,1
boosted-stumps-32,evaluation,2026,187,1,46 23 15 19 6 37 26 21 49 16 14 36 18 30 1 31 41 10 9 4,46 23 15 19 6 37 26 21 49 16,0,1
boosted-stumps-32,evaluation,2026,188,16,46 1 15 6 37 21 23 19 49 16 36 18 30 31 41 26 10 44 24 11,46 1 15 6 37 21 23 19 49 16,0,0
boosted-stumps-32,evaluation,2026,189,15,1 46 38 15 6 37 21 23 30 49 41 16 36 9 19 24 11 42 4 2,1 46 38 15 6 37 21 23 30 49,0,0
boosted-stumps-32,evaluation,2026,190,16,1 46 38 21 23 30 37 6 41 16 36 9 19 29 15 24 17 12 49 42,1 46 38 21 23 30 37 6 41 16,0,0
boosted-stumps-32,evaluation,2026,191,29,16 1 23 46 38 36 37 6 41 30 9 19 15 22 24 17 29 12 49 21,16 1 23 46 38 36 37 6 41 30,0,1
boosted-stumps-32,evaluation,2026,192,25,1 16 19 23 46 38 36 6 41 29 30 9 5 22 12 37 49 21 42 4,1 16 19 23 46 38 36 6 41 29,1,1
boosted-stumps-32,evaluation,2026,193,9,1 38 16 46 36 23 25 41 29 12 30 5 9 20 22 37 49 21 42 4,1 38 16 46 36 23 25 41 29 12,0,1
boosted-stumps-32,evaluation,2026,194,26,1 38 16 46 36 29 23 41 12 25 30 5 14 20 22 37 21 42 4 6,1 38 16 46 36 29 23 41 12 25,1,1
boosted-stumps-32,evaluation,2026,195,25,1 16 46 36 29 23 41 30 26 12 19 25 43 5 14 38 37 42 6 32,1 16 46 36 29 23 41 30 26 12,0,1
boosted-stumps-32,evaluation,2026,196,39,16 25 19 46 1 29 41 26 37 23 30 12 43 5 14 38 27 42 6 32,16 25 19 46 1 29 41 26 37 23,1,1
boosted-stumps-32,evaluation,2026,197,8,25 16 19 46 29 1 26 45 39 30 12 43 14 41 38 37 27 49 42 6,25 16 19 46 29 1 26 45 39 30,1,1
boosted-stumps-32,evaluation,2026,198,7,25 16 19 46 29 40 1 26 30 45 39 43 14 41 37 49 21 42 6 12,25 16 19 46 29 40 1 26 30 45,1,1
boosted-stumps-32,evaluation,2026,199,36,25 46 19 29 40 39 26 16 30 1 7 4 43 41 37 49 42 6 8 32,25 46 19 29 40 39 26 16 30 1,1,1
boosted-stumps-32,evaluation,2026,200,39,25 46 45 19 29 40 39 36 26 41 16 30 1 7 37 4 6 8 32 2,25 46 45 19 29 40 39 36 26 41,0,0
boosted-stumps-32,evaluation,2026,201,32,39 19 25 40 46 30 26 41 16 1 7 36 4 37 29 45 24 15 3 6,39 19 25 40 46 30 26 41 16 1,1,1
boosted-stumps-32,evaluation,2026,202,40,39 25 19 46 40 38 30 26 41 16 1 7 36 21 4 48 37 24 45 15,39 25 19 46 40 38 30 26 41 16,0,0
boosted-stumps-32,evaluation,2026,203,25,39 40 45 19 46 38 30 25 26 41 16 1 7 36 49 4 48 24 21 42,39 40 45 19 46 38 30 25 26 41,0,0
boosted-stumps-32,evaluation,2026,204,5,39 25 40 45 19 46 38 30 26 41 16 1 7 32 36 4 48 5 24 21,39 25 40 45 19 46 38 30 26 41,0,1
boosted-stumps-32,evaluation,2026,205,3,39 19 46 25 40 38 5 30 41 16 1 32 36 48 28 24 45 49 42 29,39 19 46 25 40 38 5 30 41 16,1,1
boosted-stumps-32,evaluation,2026,206,47,19 39 40 46 38 5 45 41 16 1 32 36 21 25 48 24 30 28 11 49,19 39 40 46 38 5 45 41 16 1,1,1
boosted-stumps-32,evaluation,2026,207,31,19 46 40 38 5 45 41 16 1 32 36 21 25 31 44 48 30 47 28 11,19 46 40 38 5 45 41 16 1 32,0,1
boosted-stumps-32,evaluation,2026,208,19,46 40 19 38 5 45 41 16 1 7 32 36 21 25 31 26 47 11 42 15,46 40 19 38 5 45 41 16 1 7,0,0
boosted-stumps-32,evaluation,2026,209,8,40 46 19 38 5 11 30 41 16 1 39 32 36 45 25 31 26 7 47 28,40 46 19 38 5 11 30 41 16 1,1,1
boosted-stumps-32,evaluation,2026,210,49,40 46 19 11 30 41 8 16 1 32 3 25 31 37 26 39 7 5 47 44,40 46 19 11 30 41 8 16 1 32,1,1
boosted-stumps-32,evaluation,2026,211,1,40 19 46 26 11 41 8 16 1 32 3 25 31 9 39 7 47 44 37 28,40 19 46 26 11 41 8 16 1 32,0,0
boosted-stumps-32,evaluation,2026,212,6,40 19 46 26 7 11 39 41 16 1 3 23 28 9 47 13 44 37 49 45,40 19 46 26 7 11 39 41 16 1,1,1
boosted-stumps-32,evaluation,2026,213,35,40 46 19 26 7 44 11 39 41 1 5 3 23 28 9 47 37 49 21 45,40 46 19 26 7 44 11 39 41 1,1,1
boosted-stumps-32,evaluation,2026,214,4,40 46 19 26 7 35 39 41 23 44 48 28 11 5 47 37 9 17 49 21,40 46 19 26 7 35 39 41 23 44,1,1
boosted-stumps-32,evaluation,2026,215,14,40 46 19 38 35 37 39 26 8 7 4 13 23 44 48 28 41 47 9 49,40 46 19 38 35 37 39 26 8 7,1,1
boosted-stumps-32,evaluation,2026,216,37,40 46 19 38 39 35 37 26 8 16 7 4 23 44 48 1 41 47 14 13,40 46 19 38 39 35 37 26 8 16,0,0
boosted-stumps-32,evaluation,2026,217,26,40 46 19 38 39 37 26 8 16 7 4 35 15 23 48 5 9 1 14 13,40 46 19 38 39 37 26 8 16 7,0,0
boosted-stumps-32,evaluation,2026,218,17,40 30 46 19 38 39 37 26 8 16 4 35 15 43 48 5 27 1 7 14,40 30 46 19 38 39 37 26 8 16,1,1
boosted-stumps-32,evaluation,2026,219,43,19 30 40 38 46 39 37 1 26 16 4 35 17 15 43 5 27 14 13 21,19 30 40 38 46 39 37 1 26 16,0,1
boosted-stumps-32,evaluation,2026,220,48,19 38 46 37 1 39 43 26 16 4 35 17 15 32 27 41 7 14 30 13,19 38 46 37 1 39 43 26 16 4,1,1
boosted-stumps-32,evaluation,2026,221,1,19 46 38 12 1 26 37 43 41 39 7 16 35 17 6 4 30 32 48 14,19 46 38 12 1 26 37 43 41 39,0,0
boosted-stumps-32,evaluation,2026,222,26,19 46 38 12 1 37 26 43 41 39 7 16 35 17 4 14 30 32 13 6,19 46 38 12 1 37 26 43 41 39,0,0
boosted-stumps-32,evaluation,2026,223,23,26 46 19 38 12 1 41 7 37 16 14 35 43 17 39 4 30 29 13 31,26 46 19 38 12 1 41 7 37 16,1,1
boosted-stumps-32,evaluation,2026,224,9,26 1 19 12 38 46 41 7 37 39 16 43 14 4 17 30 13 31 23 47,26 1 19 12 38 46 41 7 37 39,1,1
boosted-stumps-32,evaluation,2026,225,1,26 1 19 46 38 41 7 37 16 14 17 43 30 13 23 48 9 49 47 29,26 1 19 46 38 41 7 37 16 14,0,0
boosted-stumps-32,evaluation,2026,226,17,1 26 19 46 38 41 37 7 17 43 47 14 16 23 48 9 49 29 25 8,1 26 19 46 38 41 37 7 17 43,0,0
boosted-stumps-32,evaluation,2026,227,16,1 26 17 19 46 38 11 7 37 41 43 47 14 16 23 48 9 49 29 25,1 26 17 19 46 38 11 7 37 41,0,1
boosted-stumps-32,evaluation,2026,228,23,1 17 19 46 38 11 26 7 37 41 43 16 49 47 25 8 14 18 23 48,1 17 19 46 38 11 26 7 37 41,0,1
boosted-stumps-32,evaluation,2026,229,38,1 23 19 38 46 11 7 26 41 43 17 16 49 25 27 14 48 9 29 8,1 23 19 38 46 11 7 26 41 43,0,0
boosted-stumps-32,evaluation,2026,230,16,1 23 38 19 11 46 7 26 41 16 17 49 25 27 14 48 9 4 29 8,1 23 38 19 11 46 7 26 41 16,0,0
boosted-stumps-32,evaluation,2026,231,20,1 23 16 38 19 11 46 26 7 41 17 27 9 24 49 47 29 8 13 10,1 23 16 38 19 11 46 26 7 41,1,1
boosted-stumps-32,evaluation,2026,232,42,23 16 38 19 11 1 46 26 41 17 20 29 27 18 9 49 47 8 13 10,23 16 38 19 11 1 46 26 41 17,1,1
boosted-stumps-32,evaluation,2026,233,7,23 16 38 19 46 11 1 26 41 42 17 20 18 7 9 33 49 29 4 8,23 16 38 19 46 11 1 26 41 42,0,1
boosted-stumps-32,evaluation,2026,234,39,16 38 19 46 11 26 23 1 41 42 7 17 20 9 33 49 29 4 8 13,16 38 19 46 11 26 23 1 41 42,1,1
boosted-stumps-32,evaluation,2026,235,32,16 38 19 11 46 23 26 1 39 17 41 42 20 8 13 7 33 49 29 4,16 38 19 11 46 23 26 1 39 17,1,1
boosted-stumps-32,evaluation,2026,236,11,16 38 19 46 11 23 39 26 1 17 41 42 20 29 8 13 10 7 33 49,16 38 19 46 11 23 39 26 1 17,0,0
boosted-stumps-32,evaluation,2026,237,12,16 11 38 19 46 23 39 26 41 1 20 42 49 29 4 8 13 10 18 7,16 11 38 19 46 23 39 26 41 1,1,1
boosted-stumps-32,evaluation,2026,238,17,11 38 19 46 23 39 16 26 41 1 12 20 7 42 49 29 4 8 13 10,11 38 19 46 23 39 16 26 41 1,1,1
boosted-stumps-32,evaluation,2026,239,5,11 38 19 46 39 16 26 41 23 1 12 20 42 49 13 10 7 17 21 47,11 38 19 46 39 16 26 41 23 1,1,1
boosted-stumps-32,evaluation,2026,240,27,11 19 38 46 26 39 16 41 23 1 42 12 20 49 10 7 17 5 21 47,11 19 38 46 26 39 16 41 23 1,1,1
boosted-stumps-32,evaluation,2026,241,49,11 19 38 27 42 20 12 49 21 47 15 45 3 29 4 6 25 41 35 8,11 19 38 27 42 20 12 49 21 47,0,0
boosted-stumps-32,evaluation,2026,242,9,11 29 19 38 49 42 12 27 21 47 15 45 3 4 6 25 41 35 8 20,11 29 19 38 49 42 12 27 21 47,1,1
boosted-stumps-32,evaluation,2026,243,21,11 29 19 38 49 12 27 9 21 47 42 15 45 3 4 6 25 41 35 8,11 29 19 38 49 12 27 9 21 47,0,0
boosted-stumps-32,evaluation,2026,244,46,11 29 19 38 49 12 27 21 47 42 15 45 3 4 6 25 41 35 8 20,11 29 19 38 49 12 27 21 47 42,1,1
boosted-stumps-32,evaluation,2026,245,18,46 11 29 19 38 49 12 27 21 47 42 15 45 3 4 6 25 41 35 8,46 11 29 19 38 49 12 27 21 47,1,1
boosted-stumps-32,evaluation,2026,246,30,46 11 29 19 38 18 49 12 5 27 21 47 42 15 45 3 4 6 25 41,46 11 29 19 38 18 49 12 5 27,1,1
boosted-stumps-32,evaluation,2026,247,40,46 29 19 38 30 49 12 5 27 18 21 47 42 15 45 3 4 6 25 41,46 29 19 38 30 49 12 5 27 18,1,1
boosted-stumps-32,evaluation,2026,248,20,46 29 19 38 49 30 5 27 40 18 21 47 42 15 45 3 4 25 41 35,46 29 19 38 49 30 5 27 40 18,1,1
boosted-stumps-32,evaluation,2026,249,23,46 29 19 38 20 49 30 5 27 18 21 47 42 15 45 3 4 25 41 35,46 29 19 38 20 49 30 5 27 18,1,1
boosted-stumps-32,evaluation,2026,250,14,46 29 19 38 49 30 20 27 23 18 21 47 42 15 45 3 4 25 41 35,46 29 19 38 49 30 20 27 23 18,1,1
boosted-stumps-32,evaluation,2026,251,30,46 29 19 38 49 30 20 14 18 21 47 42 15 45 3 4 6 25 41 35,46 29 19 38 49 30 20 14 18 21,0,0
boosted-stumps-32,evaluation,2026,252,22,30 46 29 19 38 20 18 49 21 47 42 15 45 3 4 6 25 41 35 8,30 46 29 19 38 20 18 49 21 47,1,1
boosted-stumps-32,evaluation,2026,253,16,30 46 29 19 38 22 20 18 49 21 47 42 15 3 4 6 25 41 35 8,30 46 29 19 38 22 20 18 49 21,1,1
boosted-stumps-32,evaluation,2026,254,2,30 46 29 19 38 22 20 18 49 21 47 42 15 3 4 6 25 41 35 8,30 46 29 19 38 22 20 18 49 21,1,1
boosted-stumps-32,evaluation,2026,255,44,30 29 19 38 46 2 22 20 18 49 21 47 42 15 3 4 6 25 41 35,30 29 19 38 46 2 22 20 18 49,1,1
boosted-stumps-32,evaluation,2026,256,1,30 29 19 38 46 11 44 2 22 20 49 21 47 42 15 3 4 6 25 41,30 29 19 38 46 11 44 2 22 20,1,1
boosted-stumps-32,evaluation,2026,257,7,29 19 38 46 30 2 44 22 20 49 21 47 42 15 3 4 6 25 41 35,29 19 38 46 30 2 44 22 20 49,1,1
boosted-stumps-32,evaluation,2026,258,46,29 19 38 46 30 2 44 22 7 20 49 21 47 42 15 3 4 6 25 41,29 19 38 46 30 2 44 22 7 20,0,0
boosted-stumps-32,evaluation,2026,259,22,46 29 19 38 30 2 44 22 49 21 47 42 15 3 4 6 25 41 35 8,46 29 19 38 30 2 44 22 49 21,0,0
boosted-stumps-32,evaluation,2026,260,20,22 46 29 19 38 30 2 44 49 21 47 42 15 3 4 6 25 41 35 8,22 46 29 19 38 30 2 44 49 21,1,1
boosted-stumps-32,evaluation,2026,261,24,22 46 38 19 2 44 47 42 29 4 41 8 10 37 27 14 11 39 7 30,22 46 38 19 2 44 47 42 29 4,1,1
boosted-stumps-32,evaluation,2026,262,30,22 46 38 19 29 2 44 21 42 3 4 41 23 10 37 5 27 14 39 7,22 46 38 19 29 2 44 21 42 3,1,1
boosted-stumps-32,evaluation,2026,263,9,46 19 29 38 2 44 22 49 21 42 3 4 41 23 10 37 5 27 14 39,46 19 29 38 2 44 22 49 21 42,1,1
boosted-stumps-32,evaluation,2026,264,21,46 19 29 38 2 44 22 49 21 42 41 23 10 37 27 14 39 35 9 17,46 19 29 38 2 44 22 49 21 42,0,0
boosted-stumps-32,evaluation,2026,265,49,29 19 38 46 44 22 49 21 42 25 41 23 37 27 14 39 35 43 9 17,29 19 38 46 44 22 49 21 42 25,0,0
boosted-stumps-32,evaluation,2026,266,8,46 29 19 38 22 49 21 42 25 41 37 36 27 14 39 7 17 47 35 43,46 29 19 38 22 49 21 42 25 41,1,1
consensus-two-stage,validation,2025,246,6,19 48 22 26 49 7 16 12 5 6 21 27 46 3 35 9 29 34 14 41,19 49 48 22 7 5 26 27 16 12,0,1
consensus-two-stage,validation,2025,247,25,19 48 22 26 16 14 5 49 12 7 35 9 29 3 11 27 46 43 21 17,22 5 48 14 49 7 19 27 16 29,1,1
consensus-two-stage,validation,2025,248,12,19 26 48 22 5 12 7 3 1 35 29 49 16 27 44 34 11 9 43 4,26 5 48 19 7 27 22 29 16 9,0,1
consensus-two-stage,validation,2025,249,2,26 19 27 16 48 5 7 22 34 9 35 49 29 21 14 3 4 1 11 43,26 5 19 7 27 48 22 16 9 29,1,1
consensus-two-stage,validation,2025,250,12,19 26 48 16 27 7 22 9 34 35 5 4 21 14 29 3 1 49 43 11,19 26 48 5 7 27 22 16 29 9,1,1
consensus-two-stage,validation,2025,251,35,19 26 35 16 27 3 48 34 11 7 22 5 49 29 9 21 33 1 17 47,19 26 35 11 5 48 27 7 16 29,0,0
consensus-two-stage,validation,2025,252,23,19 26 48 16 5 27 34 7 49 1 3 36 33 22 15 44 6 11 21 29,26 19 5 33 48 27 7 16 49 29,1,1
consensus-two-stage,validation,2025,253,33,19 16 26 48 49 27 34 7 1 3 22 44 35 41 43 40 15 29 17 10,19 26 49 48 27 7 34 16 1 29,1,1
consensus-two-stage,validation,2025,254,17,19 26 16 48 49 1 7 22 3 6 43 21 29 37 27 34 41 17 11 9,19 26 49 48 27 37 16 1 29 9,0,1
consensus-two-stage,validation,2025,255,42,19 26 48 16 44 49 29 21 1 32 5 27 22 43 37 6 34 12 3 11,19 26 37 48 27 49 5 32 43 16,1,1
consensus-two-stage,validation,2025,256,48,19 26 48 21 16 49 27 5 15 43 3 22 29 34 9 7 47 6 11 20,19 21 26 48 49 27 5 43 16 29,0,0
consensus-two-stage,validation,2025,257,28,19 36 5 26 49 16 9 21 11 15 45 22 27 1 41 3 7 6 18 47,19 36 5 49 11 27 21 26 16 9,1,1
consensus-two-stage,validation,2025,258,38,19 21 26 16 49 36 11 9 48 5 6 22 15 3 47 41 4 7 45 30,19 21 36 11 49 30 16 9 26 5,1,1
consensus-two-stage,validation,2025,259,47,19 26 21 5 49 36 16 48 9 22 47 6 35 1 15 17 41 11 7 27,19 5 21 26 36 49 11 16 9 1,0,1
consensus-two-stage,validation,2025,260,3,19 5 21 26 49 16 22 1 35 11 45 43 8 15 3 29 37 48 34 10,19 5 21 49 26 11 16 1 29 37,0,1
consensus-two-stage,validation,2025,261,33,19 11 21 4 26 5 16 22 1 49 44 32 45 43 29 37 12 36 7 41,19 11 21 4 36 5 49 26 16 1,1,1
consensus-two-stage,validation,2025,262,44,19 16 11 37 30 26 21 4 22 49 29 1 34 9 32 43 41 44 5 27,19 21 11 16 37 4 49 30 26 5,0,1
consensus-two-stage,validation,2025,263,38,19 16 21 26 49 5 22 27 4 11 30 45 9 37 41 7 32 39 1 29,21 19 16 4 27 26 30 5 37 9,1,1
consensus-two-stage,validation,2025,264,43,16 19 21 26 4 49 11 48 22 9 39 5 27 30 29 43 44 37 7 41,21 16 4 11 5 19 30 26 9 29,0,1
consensus-two-stage,validation,2025,265,10,19 16 4 21 32 34 22 39 30 26 48 9 49 37 41 7 1 29 27 6,19 21 16 4 32 34 30 26 1 39,1,1
consensus-two-stage,validation,2025,266,41,19 16 26 4 34 48 21 5 22 9 1 32 6 30 45 46 44 27 37 39,16 4 34 45 19 5 30 37 26 21,1,1
consensus-two-stage,validation,2025,267,29,26 19 4 16 1 22 6 21 34 5 48 32 43 37 49 27 7 44 39 46,26 4 16 19 6 1 34 37 39 48,1,1
consensus-two-stage,validation,2025,268,10,26 19 6 5 9 16 34 48 4 1 40 21 32 27 22 7 49 37 44 46,26 5 16 34 6 19 9 4 1 48,1,1
consensus-two-stage,validation,2025,269,31,16 19 26 5 9 6 48 27 39 22 4 31 34 32 21 44 1 45 40 7,16 5 26 45 9 19 1 4 31 34,0,0
consensus-two-stage,validation,2025,270,35,26 19 6 16 21 5 22 1 27 39 4 32 34 44 46 9 7 37 49 48,6 16 26 5 27 19 1 34 9 21,1,1
consensus-two-stage,validation,2025,271,6,5 19 26 16 6 34 48 46 1 27 39 21 32 7 22 37 43 11 4 3,16 5 6 19 26 27 34 1 21 48,0,0
consensus-two-stage,validation,2025,272,36,5 19 16 27 48 26 46 22 21 3 44 9 7 49 32 39 40 1 37 12,5 16 19 46 27 48 21 40 1 3,1,1
consensus-two-stage,validation,2025,273,4,19 5 21 16 26 48 27 22 6 4 1 44 3 39 7 49 46 40 32 9,5 19 27 48 40 16 1 26 3 44,0,1
consensus-two-stage,validation,2025,274,44,19 21 5 26 1 16 22 48 34 49 2 7 40 6 39 46 32 3 9 27,19 21 5 40 1 34 48 26 3 39,1,1
consensus-two-stage,validation,2025,275,45,19 21 22 5 1 26 39 48 40 34 2 7 16 27 49 20 41 46 17 3,19 5 21 22 39 40 1 27 48 34,1,1
consensus-two-stage,validation,2025,276,9,19 5 21 39 34 22 26 1 3 27 7 48 40 32 9 2 49 37 44 31,21 5 19 39 1 34 27 48 3 26,0,1
consensus-two-stage,validation,2025,277,16,19 21 5 22 34 3 1 27 26 40 39 49 48 7 17 2 12 46 31 44,21 5 19 22 1 34 27 48 3 17,1,1
consensus-two-stage,validation,2025,278,28,19 21 5 22 48 46 34 49 3 37 2 39 11 26 27 12 17 9 40 20,5 21 19 22 48 46 3 40 34 27,1,1
consensus-two-stage,validation,2025,279,27,19 21 22 48 34 46 39 5 37 49 2 26 3 7 4 27 9 16 17 33,21 19 22 48 46 3 34 37 33 5,0,1
consensus-two-stage,validation,2025,280,42,21 19 22 5 26 39 34 37 1 48 49 46 30 3 4 16 7 11 12 44,21 5 22 19 39 1 26 34 37 48,1,1
consensus-two-stage,validation,2025,281,47,21 19 22 34 5 26 49 39 4 30 37 36 7 32 27 48 1 44 46 16,21 22 19 49 5 34 30 48 36 4,1,1
consensus-two-stage,validation,2025,282,41,21 19 22 37 34 39 26 5 49 1 30 48 7 46 4 40 32 44 36 16,21 37 19 22 1 39 34 49 5 30,1,1
consensus-two-stage,validation,2025,283,45,19 21 22 37 39 26 5 34 30 49 4 7 46 36 48 1 12 33 32 44,21 37 19 22 39 5 34 1 49 46,1,1
consensus-two-stage,validation,2025,284,41,21 34 37 19 39 22 26 5 30 33 4 48 7 1 25 32 44 12 13 40,21 37 34 39 5 22 33 30 1 48,1,1
consensus-two-stage,validation,2025,285,24,21 26 39 34 5 37 33 22 19 49 30 7 46 12 1 48 32 4 25 17,21 39 5 34 1 37 46 48 33 26,1,1
consensus-two-stage,validation,2025,286,3,21 46 30 34 39 26 37 5 22 48 1 19 12 49 33 7 13 17 32 28,21 30 46 39 1 34 12 13 37 48,1,1
consensus-two-stage,validation,2025,287,34,21 37 30 39 34 26 1 46 19 7 22 12 48 27 33 5 32 4 13 28,21 30 34 1 39 37 46 12 48 13,0,0
consensus-two-stage,validation,2025,288,14,21 49 5 30 26 37 12 13 19 40 7 22 46 1 48 33 39 36 41 17,21 30 1 13 37 12 5 40 46 36,1,1
consensus-two-stage,validation,2025,289,42,21 30 49 26 1 5 7 12 19 46 22 37 13 40 17 48 8 33 2 42,21 30 12 1 13 46 40 5 33 8,0,1
consensus-two-stage,validation,2025,290,19,21 49 5 7 13 26 19 22 40 4 17 12 32 30 33 24 27 34 16 37,21 49 13 5 40 4 32 17 30 16,0,1
consensus-two-stage,validation,2025,291,44,21 5 49 17 37 26 18 2 40 7 1 22 33 48 13 4 46 12 32 27,21 5 49 37 1 18 17 46 33 4,1,1
consensus-two-stage,validation,2025,292,2,21 5 49 2 30 17 40 26 22 7 18 1 48 13 24 33 6 25 37 12,21 5 49 13 1 40 30 17 18 37,0,1
consensus-two-stage,validation,2025,293,47,21 5 49 40 17 26 22 7 4 37 48 24 6 25 32 13 30 8 18 1,21 5 13 17 40 6 4 49 30 8,1,1
consensus-two-stage,validation,2025,294,18,5 49 21 40 17 37 26 46 22 1 6 48 18 4 13 7 32 25 44 24,5 21 49 17 46 37 40 6 13 18,0,0
consensus-two-stage,validation,2025,295,5,5 49 21 40 35 17 8 26 37 22 7 4 48 25 1 2 36 46 44 20,5 21 49 17 35 37 4 36 40 8,0,0
consensus-two-stage,validation,2025,296,22,21 35 4 49 26 7 40 17 22 37 36 8 5 33 11 25 18 32 20 1,21 35 17 33 4 37 36 49 20 25,0,1
consensus-two-stage,validation,2025,297,44,17 49 21 4 5 8 40 26 35 7 31 36 29 11 32 20 25 34 30 6,17 49 4 21 35 31 40 36 30 29,1,1
consensus-two-stage,validation,2025,298,23,17 21 49 5 26 4 40 8 7 1 31 30 35 46 18 11 37 25 19 20,17 49 46 21 4 31 37 40 30 25,1,1
consensus-two-stage,validation,2025,299,49,49 4 17 37 35 22 21 7 26 20 40 11 8 30 18 32 36 6 29 48,49 17 4 37 35 21 40 30 6 29,0,0
consensus-two-stage,validation,2025,300,40,35 4 21 17 19 37 31 26 5 33 49 20 7 8 18 22 40 32 6 11,17 35 4 31 37 33 20 21 19 6,0,1
consensus-two-stage,validation,2025,301,5,17 4 29 26 21 35 37 22 7 19 8 49 33 32 5 30 39 16 11 48,17 4 29 37 33 21 19 35 26 32,0,1
consensus-two-stage,validation,2025,302,22,4 35 37 21 26 17 29 7 33 20 39 32 11 19 36 27 49 38 48 30,17 4 35 33 37 20 29 21 32 19,1,1
consensus-two-stage,validation,2025,303,15,29 17 35 21 7 26 4 27 49 45 5 11 33 20 13 32 19 22 16 8,29 17 4 13 35 7 45 20 21 32,1,1
consensus-two-stage,validation,2025,304,48,35 29 26 27 31 7 37 17 33 39 4 49 36 5 21 32 13 45 20 11,29 35 31 33 4 13 37 36 32 21,1,1
consensus-two-stage,validation,2025,305,42,17 35 21 29 26 49 31 7 37 33 27 36 13 39 22 19 4 32 16 18,17 35 31 4 13 33 37 29 36 32,1,1
consensus-two-stage,validation,2025,306,17,27 29 26 7 35 17 21 31 32 11 49 36 4 13 30 16 33 45 20 39,27 29 13 36 4 35 31 45 32 7,0,1
consensus-two-stage,validation,2025,307,20,29 27 26 35 7 4 37 32 39 21 49 31 20 11 19 16 6 1 33 30,29 27 35 4 31 37 6 7 32 19,0,1
consensus-two-stage,validation,2025,308,39,29 27 4 26 21 7 36 35 32 17 49 37 39 30 1 45 16 31 33 10,29 27 4 37 45 36 33 21 7 49,0,1
consensus-two-stage,validation,2025,309,6,27 29 4 26 1 35 21 17 31 36 32 49 37 7 14 6 45 24 11 33,27 29 4 35 31 33 36 6 7 14,0,0
consensus-two-stage,validation,2025,310,16,29 7 27 49 35 4 13 32 16 31 26 45 36 21 17 37 22 30 24 11,29 7 27 35 31 13 32 49 21 45,0,1
consensus-two-stage,validation,2025,311,37,29 27 7 4 49 31 35 17 26 21 37 13 9 22 45 11 10 33 43 12,29 27 31 9 33 35 13 11 43 7,0,1
consensus-two-stage,validation,2025,312,14,29 7 4 27 32 21 26 31 49 1 45 35 17 30 6 22 11 12 10 24,29 27 4 31 32 7 35 45 21 1,1,1
consensus-two-stage,validation,2025,313,38,7 27 1 4 29 21 26 35 49 17 30 24 36 46 18 31 45 12 32 19,7 27 31 46 32 4 17 1 35 49,1,1
consensus-two-stage,validation,2025,314,23,7 29 4 21 49 27 26 1 17 31 35 19 30 36 24 22 32 45 13 11,7 4 35 31 29 27 32 17 45 1,1,1
consensus-two-stage,validation,2025,315,4,7 29 4 26 27 1 19 32 30 17 21 24 11 39 2 18 36 45 31 49,29 7 4 19 32 26 27 45 18 17,0,0
consensus-two-stage,validation,2025,316,24,7 19 21 26 29 1 17 49 13 32 30 18 27 35 39 31 24 36 8 20,7 32 18 19 35 31 17 20 1 13,0,1
consensus-two-stage,validation,2025,317,18,7 29 21 26 1 19 17 32 49 20 13 30 18 35 39 4 31 27 36 2,32 7 18 35 19 31 20 1 13 39,0,0
consensus-two-stage,validation,2025,318,6,7 32 26 29 1 19 17 21 35 49 13 31 37 39 4 27 36 10 2 30,32 35 7 19 31 1 13 37 39 29,1,1
consensus-two-stage,validation,2025,319,45,7 29 32 19 17 46 22 26 49 13 35 31 8 20 11 21 30 1 37 27,7 32 19 35 46 30 31 26 29 17,1,1
consensus-two-stage,validation,2025,320,28,7 32 26 29 21 19 1 37 31 17 35 27 11 36 3 22 8 20 4 43,19 32 7 31 35 29 21 17 26 1,1,1
consensus-two-stage,validation,2025,321,23,7 32 26 29 21 22 35 19 49 37 17 36 8 20 41 30 1 46 31 11,7 32 19 49 35 17 29 46 26 1,1,1
consensus-two-stage,validation,2025,322,47,7 29 22 32 26 1 19 30 8 36 21 27 35 37 3 17 11 20 41 10,7 19 32 22 35 17 26 8 29 1,1,1
consensus-two-stage,validation,2025,323,9,7 26 21 32 17 22 29 19 34 46 1 49 8 30 11 35 4 10 20 27,7 34 32 19 49 22 46 17 26 29,1,1
consensus-two-stage,validation,2025,324,15,19 7 46 26 21 32 17 29 34 49 20 27 30 4 1 35 33 31 41 8,7 46 19 34 32 17 26 29 49 8,1,1
consensus-two-stage,validation,2025,325,4,7 19 29 32 49 26 30 34 8 46 21 20 31 27 4 1 17 43 33 36,7 19 30 49 34 32 29 8 20 43,0,1
consensus-two-stage,validation,2025,326,19,7 46 49 17 32 21 19 30 26 34 12 29 20 8 33 5 22 13 36 31,7 46 49 19 34 12 32 30 5 17,0,0
consensus-two-stage,validation,2025,327,37,7 46 32 49 17 26 21 34 31 29 33 30 8 12 27 11 19 5 20 1,7 46 49 32 34 17 30 5 29 20,1,1
consensus-two-stage,validation,2025,328,3,21 46 7 49 26 17 32 31 34 30 29 22 8 19 12 33 28 13 11 4,46 49 21 34 30 7 17 29 26 12,1,1
consensus-two-stage,validation,2025,329,17,7 46 21 13 8 32 29 17 26 49 22 30 31 34 19 27 36 12 33 28,46 8 7 13 21 17 49 29 36 12,0,0
consensus-two-stage,validation,2025,330,36,46 7 13 49 32 8 21 34 26 44 31 22 19 12 29 30 28 33 17 48,46 49 7 34 8 13 12 29 32 21,1,1
consensus-two-stage,validation,2025,331,26,46 13 8 32 7 49 31 26 11 22 17 19 12 34 29 20 44 33 30 21,13 46 32 49 8 20 34 7 11 12,0,1
consensus-two-stage,validation,2025,332,26,46 21 13 22 7 49 32 8 31 17 11 19 12 20 44 2 33 29 6 30,21 46 13 20 49 11 32 8 7 12,1,1
consensus-two-stage,validation,2025,333,6,8 46 13 21 49 19 22 30 32 31 44 7 11 12 20 2 5 29 15 6,8 13 46 49 20 21 30 11 32 12,0,1
consensus-two-stage,validation,2025,334,46,11 8 13 21 46 22 31 49 44 32 19 7 30 20 43 12 37 33 27 29,13 46 8 20 11 21 49 30 33 29,0,0
consensus-two-stage,validation,2025,335,44,13 8 21 11 49 22 44 31 1 32 7 35 29 19 37 33 20 12 41 2,13 8 20 21 1 35 11 49 29 32,0,1
consensus-two-stage,validation,2025,336,17,13 21 8 7 1 22 46 32 31 49 20 35 30 34 37 11 26 19 12 29,13 20 8 21 1 34 35 49 32 22,1,1
consensus-two-stage,validation,2025,337,9,21 13 8 32 1 22 31 49 20 37 46 34 7 11 35 29 26 19 30 44,8 21 34 1 35 49 13 11 29 32,1,1
consensus-two-stage,validation,2025,338,8,32 13 20 8 1 49 31 21 7 35 11 34 29 37 26 17 22 30 19 42,32 20 34 1 35 49 29 11 22 8,0,0
consensus-two-stage,validation,2025,339,48,13 32 7 31 20 49 21 35 26 1 17 48 11 19 34 30 22 41 29 36,13 32 49 29 35 22 11 1 19 48,0,0
consensus-two-stage,validation,2025,340,16,13 32 31 22 20 21 35 49 7 1 26 36 11 30 8 41 34 39 46 27,13 32 35 1 22 49 11 20 34 41,1,1
consensus-two-stage,validation,2025,341,6,13 22 31 35 29 32 49 8 20 46 21 30 10 43 34 12 11 15 3 2,13 20 35 29 22 49 32 2 30 34,1,1
consensus-two-stage,validation,2025,342,4,13 35 31 7 12 22 29 20 49 32 34 8 30 43 21 10 42 1 11 46,13 20 35 12 29 49 22 7 32 30,1,1
consensus-two-stage,validation,2025,343,38,13 7 35 22 20 34 12 31 32 49 46 21 41 30 8 1 39 10 43 25,13 20 35 49 22 12 7 32 41 43,1,1
consensus-two-stage,validation,2025,344,27,13 35 7 22 31 41 21 46 11 34 20 12 29 32 19 49 8 15 1 30,13 35 29 22 11 12 20 19 7 32,1,1
consensus-two-stage,validation,2025,345,24,13 21 11 35 34 32 22 7 12 31 46 40 10 8 20 15 1 29 41 30,11 35 40 13 22 21 12 10 34 46,1,1
consensus-two-stage,validation,2025,346,3,13 32 21 7 11 22 41 35 20 12 15 40 34 30 8 10 31 1 46 49,32 13 35 20 21 40 22 15 7 12,1,1
consensus-two-stage,validation,2025,347,13,11 32 21 7 22 13 34 40 41 35 12 30 8 15 20 29 46 24 1 28,32 11 13 21 22 40 7 12 15 41,0,0
consensus-two-stage,validation,2025,348,16,11 30 32 7 22 21 8 34 35 24 12 28 41 15 40 46 29 1 20 31,30 11 35 22 21 32 34 46 8 28,1,1
consensus-two-stage,validation,2025,349,22,21 11 22 35 31 34 15 12 8 30 40 32 13 20 24 17 7 29 49 46,21 11 35 15 22 40 20 30 32 34,0,0
consensus-two-stage,validation,2025,350,49,21 11 34 32 7 30 35 40 8 13 46 26 15 12 28 22 33 20 16 5,21 11 40 35 32 30 33 20 34 8,1,1
consensus-two-stage,validation,2025,351,4,21 11 7 35 34 32 12 41 46 30 26 31 28 8 22 42 1 24 40 20,7 21 11 35 32 41 30 28 34 46,1,1
consensus-two-stage,validation,2025,352,44,21 35 12 7 11 30 32 46 41 15 34 22 8 26 13 40 31 1 39 10,21 35 32 30 11 12 7 41 34 8,1,1
consensus-two-stage,validation,2025,353,1,21 7 35 11 30 12 32 46 26 41 34 15 25 13 40 10 31 1 39 28,21 35 11 32 30 12 15 34 7 46,0,1
consensus-two-stage,validation,2025,354,30,21 11 7 32 12 30 26 46 15 35 31 8 41 34 10 42 33 39 13 37,21 11 37 35 33 30 32 8 12 7,0,0
consensus-two-stage,validation,2025,355,8,21 11 7 32 26 46 15 34 8 48 35 12 13 28 10 41 40 9 33 22,21 11 33 8 46 34 32 35 7 48,0,0
consensus-two-stage,validation,2025,356,24,21 15 7 11 35 46 26 12 30 34 13 37 31 22 20 40 28 32 9 43,21 11 15 35 37 46 20 34 7 12,1,1
consensus-two-stage,validation,2025,357,49,21 7 46 12 15 11 30 13 26 35 8 48 43 22 5 32 34 36 39 40,21 35 43 46 5 15 48 7 34 12,1,1
consensus-two-stage,validation,2025,358,7,21 11 35 46 15 12 7 43 26 32 41 34 13 28 48 2 31 29 36 5,35 11 21 43 46 5 28 7 34 48,0,0
consensus-two-stage,validation,2025,359,11,35 11 43 21 15 46 26 12 48 32 22 13 10 39 28 2 37 42 34 5,35 43 11 15 21 26 46 5 28 48,0,0
consensus-two-stage,validation,2025,360,41,35 43 26 21 12 15 37 7 46 32 42 36 8 2 41 22 11 48 28 5,43 26 37 35 46 28 21 48 5 36,0,1
consensus-two-stage,validation,2025,361,24,12 43 26 35 21 15 11 46 32 28 36 8 42 2 27 13 7 37 5 31,12 43 26 35 46 28 36 21 27 13,1,1
consensus-two-stage,validation,2025,362,23,35 26 43 12 30 46 21 15 36 2 13 11 20 32 28 5 25 48 33 8,35 43 26 46 12 36 15 5 13 28,1,1
consensus-two-stage,validation,2025,363,26,43 35 37 12 30 15 26 11 36 46 32 2 21 8 28 27 24 48 45 29,43 35 37 26 12 15 36 28 27 46,0,0
consensus-two-stage,validation,2025,364,12,21 35 15 12 43 11 13 30 8 2 37 46 20 32 42 28 5 33 9 36,21 35 43 15 20 37 12 13 36 2,0,0
consensus-two-stage,validation,2025,365,26,43 21 11 35 15 32 30 13 8 22 28 26 36 46 2 42 34 9 37 27,43 21 13 36 27 15 28 30 22 42,0,1
consensus-two-stage,evaluation,2026,1,29,43 35 20 15 2 21 33 13 32 11 29 37 8 46 10 36 22 27 5 42,43 20 35 15 33 2 37 27 13 36,0,1
consensus-two-stage,evaluation,2026,2,22,35 43 27 21 33 32 20 15 11 2 46 37 42 34 13 22 36 12 5 26,35 20 33 37 27 21 15 42 22 13,0,0
consensus-two-stage,evaluation,2026,3,9,43 27 21 32 7 15 33 11 20 35 36 2 30 22 16 46 34 8 37 25,43 27 33 20 21 35 8 7 36 2,1,1
consensus-two-stage,evaluation,2026,4,45,27 43 21 33 15 32 11 20 35 7 12 46 37 30 26 2 42 6 5 45,20 43 33 37 27 21 42 45 35 7,0,0
consensus-two-stage,evaluation,2026,5,43,43 7 35 27 33 21 32 15 36 11 20 26 2 30 12 19 29 22 25 42,43 36 33 27 20 35 21 2 42 7,0,0
consensus-two-stage,evaluation,2026,6,13,7 36 20 15 21 19 32 43 11 2 46 35 30 27 33 29 12 17 13 22,36 2 19 27 15 21 46 35 17 7,0,1
consensus-two-stage,evaluation,2026,7,41,21 35 46 7 43 15 36 11 32 27 6 20 19 30 12 2 29 33 22 8,21 35 46 36 19 27 2 8 7 11,1,1
consensus-two-stage,evaluation,2026,8,21,21 46 7 43 35 36 15 20 32 27 19 17 33 13 26 12 5 11 31 2,21 46 36 20 35 33 19 27 7 17,0,0
consensus-two-stage,evaluation,2026,9,28,36 46 7 43 35 19 15 20 32 27 5 17 33 22 12 11 2 31 44 21,36 20 46 19 35 33 27 5 7 17,1,1
consensus-two-stage,evaluation,2026,10,27,36 35 7 15 46 19 17 32 33 21 22 20 6 13 44 25 49 26 29 43,36 15 46 19 35 33 7 17 20 29,1,1
consensus-two-stage,evaluation,2026,11,11,35 46 7 19 32 36 21 17 15 43 30 5 22 11 6 49 44 13 34 25,19 46 35 30 7 5 11 17 15 43,0,0
consensus-two-stage,evaluation,2026,12,11,36 7 32 46 5 35 19 22 44 48 21 43 17 6 15 49 30 11 27 31,36 5 35 32 19 46 7 17 49 30,0,1
consensus-two-stage,evaluation,2026,13,1,36 7 46 19 5 32 20 35 17 44 22 25 43 21 49 27 15 30 6 26,36 20 19 5 46 35 7 17 49 30,1,1
consensus-two-stage,evaluation,2026,14,26,36 19 46 7 5 35 32 20 49 44 6 43 17 21 25 11 15 13 22 26,36 20 19 5 46 35 7 49 17 15,0,1
consensus-two-stage,evaluation,2026,15,31,19 5 36 20 43 13 32 46 7 11 35 17 49 21 15 44 31 25 48 27,20 19 5 36 46 7 32 17 49 15,0,1
consensus-two-stage,evaluation,2026,16,6,5 20 32 7 19 36 8 49 30 27 44 6 33 21 15 46 25 45 10 43,20 5 19 7 36 8 32 49 43 21,0,1
consensus-two-stage,evaluation,2026,17,32,5 20 48 19 32 7 30 49 35 8 40 11 44 34 33 12 10 15 27 21,5 19 20 30 7 40 32 8 49 34,0,0
consensus-two-stage,evaluation,2026,18,39,30 5 7 19 20 33 25 11 8 27 48 21 31 49 44 35 32 45 38 36,5 19 30 7 20 8 21 45 27 49,1,1
consensus-two-stage,evaluation,2026,19,46,20 49 32 25 33 35 31 30 7 27 12 43 44 46 5 40 19 8 48 18,20 43 8 19 27 40 49 33 30 48,0,1
consensus-two-stage,evaluation,2026,20,12,7 25 19 20 43 8 33 35 40 48 5 30 31 32 12 2 15 49 44 45,7 19 20 40 8 5 43 2 15 25,0,1
consensus-two-stage,evaluation,2026,21,42,25 7 32 19 20 43 33 8 40 31 48 5 45 30 44 27 37 34 14 11,7 25 19 20 8 45 43 14 40 30,1,1
consensus-two-stage,evaluation,2026,22,18,25 7 31 45 32 43 8 33 19 40 20 35 27 44 26 30 34 10 5 38,25 7 19 45 8 43 40 30 27 31,1,1
consensus-two-stage,evaluation,2026,23,47,25 31 37 19 7 32 20 44 8 33 35 40 30 26 2 45 12 1 9 43,7 19 8 20 25 37 45 40 2 1,1,1
consensus-two-stage,evaluation,2026,24,28,31 25 8 32 12 43 35 7 37 29 30 40 33 38 5 20 19 10 34 26,7 8 30 43 37 25 40 31 32 19,1,1
consensus-two-stage,evaluation,2026,25,37,25 31 7 33 44 45 18 35 32 40 37 10 30 15 8 12 20 2 14 42,25 7 30 8 40 37 15 14 45 2,0,0
consensus-two-stage,evaluation,2026,26,19,25 31 46 10 48 32 35 7 19 12 40 14 39 44 42 5 47 34 18 2,7 10 48 40 2 31 19 32 39 25,0,0
consensus-two-stage,evaluation,2026,27,45,25 14 31 42 32 7 35 12 18 33 46 34 10 29 5 30 39 27 19 9,7 14 30 33 27 31 32 39 12 9,1,1
consensus-two-stage,evaluation,2026,28,3,25 7 19 10 37 39 35 14 5 46 36 31 42 12 29 27 30 18 32 34,25 7 27 14 36 31 30 32 39 5,1,1
consensus-two-stage,evaluation,2026,29,1,7 25 14 19 46 10 12 39 32 30 37 29 27 36 41 48 1 45 18 42,7 27 14 1 41 32 30 39 46 12,0,0
consensus-two-stage,evaluation,2026,30,41,8 46 5 7 12 14 37 25 10 19 18 32 36 49 41 44 33 21 35 27,5 8 14 41 27 32 46 7 12 25,0,0
consensus-two-stage,evaluation,2026,31,26,10 8 49 35 7 19 25 4 37 32 5 46 36 47 18 3 44 33 20 27,8 32 27 46 7 49 44 5 36 25,1,1
consensus-two-stage,evaluation,2026,32,6,5 25 8 10 35 19 49 7 14 21 48 20 33 47 37 34 18 44 46 36,5 8 14 25 46 10 36 49 44 20,1,1
consensus-two-stage,evaluation,2026,33,41,5 10 25 35 20 49 19 14 44 7 21 47 27 17 48 33 8 30 18 31,5 14 10 20 7 31 44 8 27 47,1,1
consensus-two-stage,evaluation,2026,34,19,25 5 10 49 8 14 33 27 7 19 32 35 20 46 44 4 17 11 18 36,8 44 5 25 32 46 33 20 7 27,0,1
consensus-two-stage,evaluation,2026,35,27,35 5 49 14 27 21 25 32 19 11 10 30 33 34 20 17 1 18 8 7,35 49 14 5 30 32 27 20 8 7,0,0
consensus-two-stage,evaluation,2026,36,1,35 5 32 49 25 8 19 10 21 44 34 48 7 4 29 17 14 46 30 31,49 8 35 44 5 32 25 46 10 30,1,1
consensus-two-stage,evaluation,2026,37,43,5 35 49 20 32 8 48 25 7 44 19 33 39 11 10 4 36 27 21 14,20 49 8 48 44 14 5 35 36 25,1,1
consensus-two-stage,evaluation,2026,38,42,35 32 5 11 48 7 8 44 14 39 20 25 19 30 34 21 36 27 29 1,8 14 35 48 32 30 39 20 36 7,1,1
consensus-two-stage,evaluation,2026,39,11,34 5 35 11 25 20 8 7 14 21 32 30 4 40 27 48 36 38 43 29,34 5 25 8 35 14 48 32 30 11,0,0
consensus-two-stage,evaluation,2026,40,28,20 35 5 39 34 8 48 25 10 4 32 7 14 49 27 33 31 19 2 44,20 34 14 35 8 5 48 32 39 31,1,1
consensus-two-stage,evaluation,2026,41,36,49 29 34 20 25 35 39 14 46 48 10 21 33 7 8 11 40 5 2 19,34 29 49 14 8 46 39 25 48 33,1,1
consensus-two-stage,evaluation,2026,42,16,8 20 49 29 34 35 48 39 10 2 17 14 32 11 5 33 46 27 43 25,20 8 49 34 29 46 32 14 39 48,1,1
consensus-two-stage,evaluation,2026,43,13,20 8 49 29 34 35 48 17 39 14 5 27 21 33 11 46 2 32 36 40,20 8 49 29 34 14 39 48 33 46,1,1
consensus-two-stage,evaluation,2026,44,19,35 32 29 39 20 34 8 40 27 48 36 11 21 42 7 2 30 12 49 43,35 32 8 39 34 29 49 20 43 40,1,1
consensus-two-stage,evaluation,2026,45,1,32 39 48 20 34 29 46 35 17 21 8 40 12 49 33 42 31 19 11 5,48 20 32 34 29 46 49 39 8 42,1,1
consensus-two-stage,evaluation,2026,46,3,39 20 48 46 8 49 29 27 17 34 32 35 7 12 33 22 21 40 2 25,20 48 39 46 8 49 29 34 22 40,1,1
consensus-two-stage,evaluation,2026,47,39,39 29 20 46 8 48 27 34 22 32 7 40 21 12 35 2 49 38 19 25,39 29 46 8 40 49 34 27 48 22,0,0
consensus-two-stage,evaluation,2026,48,24,35 20 29 46 40 49 17 21 32 8 12 34 27 33 42 5 48 19 31 14,35 20 29 49 8 40 27 42 46 32,1,1
consensus-two-stage,evaluation,2026,49,13,46 32 35 20 8 40 29 48 39 5 25 21 7 38 17 13 27 12 22 10,35 32 46 8 20 40 27 48 25 10,0,1
consensus-two-stage,evaluation,2026,50,23,35 32 29 46 38 48 8 27 12 39 20 22 49 7 40 21 2 14 36 5,32 35 29 46 8 49 20 27 22 40,1,1
consensus-two-stage,evaluation,2026,51,1,35 32 20 38 22 48 33 46 8 29 30 27 7 12 2 40 10 17 44 36,32 35 8 40 20 46 22 27 36 48,1,1
consensus-two-stage,evaluation,2026,52,38,35 20 46 40 33 14 22 17 5 32 44 48 7 8 38 21 12 25 31 49,20 35 14 46 33 44 22 40 5 32,0,1
consensus-two-stage,evaluation,2026,53,15,35 40 14 33 46 20 22 48 21 25 44 7 31 49 2 15 9 12 10 5,35 33 40 14 46 20 44 22 48 31,0,1
consensus-two-stage,evaluation,2026,54,48,35 33 12 20 40 38 39 32 22 14 5 46 25 7 34 1 44 48 47 10,33 35 20 12 44 40 32 5 48 10,0,0
consensus-two-stage,evaluation,2026,55,14,35 32 22 14 40 20 46 33 49 37 12 30 21 38 25 7 44 2 31 39,32 35 22 46 49 40 33 14 20 37,0,0
consensus-two-stage,evaluation,2026,56,48,20 46 12 40 22 35 32 31 33 39 21 49 5 30 7 25 16 14 48 37,20 31 46 12 22 33 49 40 32 30,0,1
consensus-two-stage,evaluation,2026,57,23,35 40 32 33 46 49 10 31 7 12 30 21 22 14 20 37 25 44 13 2,35 33 46 49 30 40 32 31 37 44,1,1
consensus-two-stage,evaluation,2026,58,31,32 12 21 30 40 14 29 35 46 37 10 7 20 22 34 33 31 49 44 8,32 30 12 21 40 37 29 46 31 44,0,0
consensus-two-stage,evaluation,2026,59,10,21 20 33 12 40 49 37 30 32 10 46 5 22 7 44 35 31 38 14 8,21 20 33 12 49 37 44 30 32 46,0,1
consensus-two-stage,evaluation,2026,60,9,21 40 20 30 12 29 33 32 7 37 38 46 44 22 5 35 19 48 10 34,21 30 20 12 40 37 44 29 33 32,1,1
consensus-two-stage,evaluation,2026,61,29,21 34 20 12 33 35 30 32 29 40 5 14 31 38 7 49 19 48 25 46,21 34 20 33 30 12 32 49 35 29,0,0
consensus-two-stage,evaluation,2026,62,24,21 20 33 12 34 35 30 46 37 32 40 9 5 17 14 49 7 48 19 29,20 21 30 12 37 33 46 34 32 49,1,1
consensus-two-stage,evaluation,2026,63,28,21 20 12 46 30 40 35 34 37 32 7 33 49 22 25 36 19 26 5 48,21 20 30 12 46 40 34 37 32 49,1,1
consensus-two-stage,evaluation,2026,64,18,21 40 2 34 20 37 30 35 46 7 32 49 9 25 33 22 12 19 31 26,21 2 46 49 30 40 34 32 12 33,1,1
consensus-two-stage,evaluation,2026,65,5,21 2 34 20 40 37 35 7 25 31 8 46 32 9 44 12 22 33 29 26,21 2 34 20 37 8 40 12 33 44,1,1
consensus-two-stage,evaluation,2026,66,37,21 34 2 37 33 46 29 35 40 7 32 25 20 12 17 26 5 36 30 44,34 37 33 21 46 12 44 2 40 30,0,0
consensus-two-stage,evaluation,2026,67,5,21 34 46 2 40 20 35 29 36 5 32 8 12 22 31 44 17 37 49 30,34 46 2 40 21 8 44 20 12 22,0,1
consensus-two-stage,evaluation,2026,68,23,34 40 20 2 46 35 33 36 21 32 25 7 29 12 30 5 8 44 26 11,20 34 33 46 36 44 40 2 12 21,1,1
consensus-two-stage,evaluation,2026,69,24,2 40 36 34 46 35 37 22 7 12 8 21 29 32 49 30 20 25 44 27,2 40 36 34 46 22 8 12 44 27,1,1
consensus-two-stage,evaluation,2026,70,25,46 40 2 34 36 35 20 22 21 25 7 8 12 17 30 32 37 44 49 33,46 34 2 36 40 35 22 49 33 8,0,1
consensus-two-stage,evaluation,2026,71,48,36 35 34 2 46 7 44 33 21 49 8 37 30 32 20 26 40 39 29 17,36 34 49 35 2 46 33 30 39 8,1,1
consensus-two-stage,evaluation,2026,72,46,2 35 30 34 21 33 49 44 40 36 8 22 41 17 20 7 26 46 32 38,2 30 34 49 44 36 35 21 33 22,0,1
consensus-two-stage,evaluation,2026,73,34,2 34 35 36 33 21 20 40 8 17 30 44 49 7 22 5 25 28 41 11,2 34 36 33 21 49 35 22 30 8,0,0
consensus-two-stage,evaluation,2026,74,10,7 2 36 33 30 21 20 40 35 22 17 46 5 41 44 34 8 12 25 26,7 30 2 33 36 21 22 17 8 25,1,1
consensus-two-stage,evaluation,2026,75,33,2 30 7 36 12 21 17 44 8 33 22 49 26 20 46 32 34 40 25 35,30 36 12 2 7 44 49 21 33 22,0,0
consensus-two-stage,evaluation,2026,76,2,30 36 2 7 12 20 21 22 41 35 34 44 25 8 40 49 26 37 32 14,36 30 12 49 2 21 7 25 40 20,0,0
consensus-two-stage,evaluation,2026,77,29,7 30 36 22 8 21 34 35 12 44 40 41 26 33 25 5 32 20 1 17,7 30 22 36 21 17 8 44 40 34,1,1
consensus-two-stage,evaluation,2026,78,46,32 36 30 12 7 49 21 35 41 34 44 33 26 8 20 31 17 2 22 10,32 30 7 36 12 49 31 21 44 17,1,1
consensus-two-stage,evaluation,2026,79,35,7 36 17 8 35 33 22 21 49 32 44 30 41 12 20 40 2 10 25 31,7 36 22 49 31 32 17 30 8 33,0,1
consensus-two-stage,evaluation,2026,80,3,7 20 12 32 36 33 49 21 44 41 25 34 8 30 22 26 1 17 27 35,7 20 12 49 36 44 32 17 34 30,1,1
consensus-two-stage,evaluation,2026,81,17,12 7 30 22 21 32 41 36 20 8 46 48 44 17 40 33 11 49 25 26,30 7 12 49 22 36 40 25 32 44,0,1
consensus-two-stage,evaluation,2026,82,27,12 7 22 32 49 17 41 4 21 34 35 36 20 26 40 8 30 44 15 25,7 4 12 49 22 34 30 44 32 8,1,1
consensus-two-stage,evaluation,2026,83,5,21 7 12 17 49 22 20 32 26 34 41 36 25 33 8 40 4 30 44 2,21 7 12 49 22 20 34 33 30 44,1,1
consensus-two-stage,evaluation,2026,84,16,36 21 20 26 32 7 12 30 17 8 41 33 25 11 49 4 22 34 40 39,36 21 20 12 30 8 49 7 39 32,1,1
consensus-two-stage,evaluation,2026,85,19,20 21 8 17 7 36 22 33 30 2 40 49 26 11 41 18 5 15 4 19,20 21 36 8 30 7 18 49 22 33,0,1
consensus-two-stage,evaluation,2026,86,12,20 21 17 36 7 26 33 41 14 8 30 49 12 4 6 32 11 2 22 35,20 36 7 14 21 30 8 6 49 12,0,0
consensus-two-stage,evaluation,2026,87,26,36 20 21 14 8 30 17 4 34 7 33 22 26 15 40 41 32 25 49 6,36 20 14 30 21 8 15 34 6 33,0,1
consensus-two-stage,evaluation,2026,88,27,20 21 8 36 14 17 33 7 49 15 40 2 22 41 30 4 44 11 5 37,20 21 8 36 14 15 49 30 37 44,1,1
consensus-two-stage,evaluation,2026,89,49,21 20 8 36 4 7 49 22 17 6 14 15 34 40 32 44 41 35 46 37,21 6 15 20 34 8 49 44 37 7,0,0
consensus-two-stage,evaluation,2026,90,36,21 20 36 14 34 17 5 41 8 33 15 32 30 11 44 27 49 7 22 18,21 20 36 14 15 34 8 33 30 18,0,0
consensus-two-stage,evaluation,2026,91,37,20 8 14 21 15 7 17 37 5 40 33 30 36 22 2 32 41 44 27 49,20 8 37 14 15 7 21 33 30 17,0,0
consensus-two-stage,evaluation,2026,92,6,8 21 20 17 30 34 22 15 32 40 7 4 44 14 31 6 36 41 5 1,8 21 20 34 30 7 31 6 15 17,0,0
consensus-two-stage,evaluation,2026,93,40,8 20 21 17 7 5 14 30 15 42 40 49 44 36 22 2 47 33 1 31,8 20 21 14 44 33 7 31 30 17,0,1
consensus-two-stage,evaluation,2026,94,17,21 17 8 20 7 22 30 44 34 47 49 42 14 32 2 26 5 18 4 41,8 34 21 14 18 44 17 42 7 22,0,0
consensus-two-stage,evaluation,2026,95,35,8 21 20 34 17 22 7 32 49 25 4 15 30 40 47 44 26 29 42 41,8 34 21 29 25 15 49 44 22 4,1,1
consensus-two-stage,evaluation,2026,96,43,21 8 34 7 20 15 17 38 42 25 32 47 1 26 35 36 29 48 5 22,21 8 34 20 29 5 15 42 25 22,1,1
consensus-two-stage,evaluation,2026,97,11,21 8 15 7 22 30 48 17 36 25 20 32 38 37 18 4 34 35 14 40,21 8 15 18 20 34 48 4 22 37,1,1
consensus-two-stage,evaluation,2026,98,17,8 21 20 7 22 17 25 46 15 44 36 4 32 48 5 42 18 37 33 49,8 21 44 18 20 33 46 48 5 49,0,1
consensus-two-stage,evaluation,2026,99,12,8 21 32 15 25 29 48 7 46 34 38 17 4 22 37 30 44 40 20 49,32 21 15 8 44 29 48 46 25 34,1,1
consensus-two-stage,evaluation,2026,100,33,8 32 25 21 7 15 22 46 20 30 4 38 48 17 34 36 29 5 14 33,8 32 15 21 20 33 46 48 29 5,0,0
consensus-two-stage,evaluation,2026,101,39,32 8 4 46 21 48 15 7 22 30 25 38 18 20 3 14 29 34 17 27,32 15 4 18 8 21 46 48 29 25,1,1
consensus-two-stage,evaluation,2026,102,20,32 8 20 21 4 22 15 34 33 46 25 14 18 29 35 19 1 17 48 7,32 20 4 15 8 18 21 14 29 35,0,0
consensus-two-stage,evaluation,2026,103,6,32 8 22 46 4 21 7 48 15 30 29 20 2 19 44 27 14 25 33 3,32 8 4 22 21 29 14 46 48 15,1,1
consensus-two-stage,evaluation,2026,104,1,8 15 22 32 21 7 20 4 48 46 3 33 34 30 2 14 29 43 17 1,8 15 22 32 21 29 48 46 14 43,0,1
consensus-two-stage,evaluation,2026,105,28,8 32 22 4 21 46 20 7 48 2 5 33 34 49 27 19 15 18 14 29,8 32 22 4 49 21 2 18 14 46,1,1
consensus-two-stage,evaluation,2026,106,22,32 22 8 4 21 34 7 2 44 46 33 19 49 30 29 17 20 25 48 14,32 34 8 4 44 22 49 21 2 46,0,0
consensus-two-stage,evaluation,2026,107,49,8 32 4 34 21 22 7 46 30 48 20 45 27 29 5 36 2 14 25 28,32 34 4 8 29 36 25 21 2 46,1,1
consensus-two-stage,evaluation,2026,108,45,32 34 21 8 49 22 48 46 30 27 4 20 5 17 33 14 18 7 39 3,32 34 8 21 18 14 48 46 4 33,1,1
consensus-two-stage,evaluation,2026,109,16,32 34 4 30 21 7 8 27 22 20 36 39 29 48 5 33 26 2 44 6,32 34 4 8 30 36 2 48 29 33,1,1
consensus-two-stage,evaluation,2026,110,30,8 48 21 20 32 34 30 46 2 5 36 3 49 4 43 44 39 45 33 17,36 34 8 43 32 48 46 5 33 2,0,1
consensus-two-stage,evaluation,2026,111,1,32 34 30 21 48 4 45 20 46 8 2 19 43 22 44 29 49 7 5 36,34 32 43 4 8 48 46 5 20 2,1,1
consensus-two-stage,evaluation,2026,112,9,8 32 46 21 20 4 48 49 7 36 44 30 22 5 34 39 2 19 45 1,32 8 36 20 34 46 48 5 39 22,1,1
consensus-two-stage,evaluation,2026,113,2,34 30 7 32 44 21 8 48 49 19 5 46 4 43 22 26 1 28 14 38,34 44 7 43 32 14 48 5 46 22,1,1
consensus-two-stage,evaluation,2026,114,30,8 32 7 22 30 34 21 40 43 48 44 4 36 45 5 38 15 19 46 1,32 8 43 34 36 15 22 40 48 44,0,1
consensus-two-stage,evaluation,2026,115,4,32 7 40 44 22 21 30 46 8 48 10 43 19 4 34 2 29 36 26 45,40 32 10 43 44 8 34 29 26 46,0,1
consensus-two-stage,evaluation,2026,116,22,21 7 8 40 30 22 32 34 29 43 25 46 26 48 4 19 36 5 2 10,40 21 7 25 8 43 34 26 22 46,0,0
consensus-two-stage,evaluation,2026,117,16,8 21 7 32 43 40 4 30 29 34 22 25 19 15 10 48 46 38 36 44,29 43 40 25 8 21 7 32 34 10,1,1
consensus-two-stage,evaluation,2026,118,8,8 21 7 15 46 48 40 43 29 33 10 25 19 32 44 5 22 9 2 4,29 25 7 40 10 8 33 15 43 32,0,0
consensus-two-stage,evaluation,2026,119,11,7 21 40 32 19 46 25 22 29 15 33 44 35 34 38 26 16 30 4 10,40 29 25 33 7 15 32 26 21 46,1,1
consensus-two-stage,evaluation,2026,120,6,7 32 46 8 21 40 4 19 29 22 45 15 33 44 38 25 34 30 5 36,32 46 40 29 7 33 36 45 15 25,1,1
consensus-two-stage,evaluation,2026,121,44,7 8 21 15 32 46 48 10 33 19 40 30 17 22 38 25 29 2 44 5,7 33 10 32 46 40 15 29 25 2,0,1
consensus-two-stage,evaluation,2026,122,1,46 7 21 32 40 20 8 30 25 48 15 19 22 12 45 36 16 34 10 39,46 32 40 25 7 21 20 39 15 36,1,1
consensus-two-stage,evaluation,2026,123,46,46 7 21 32 8 25 15 18 48 45 44 22 20 40 39 12 19 4 36 30,46 25 7 32 39 21 20 40 15 45,0,0
consensus-two-stage,evaluation,2026,124,39,7 21 32 48 25 8 20 40 44 15 17 45 39 19 18 22 43 10 29 30,40 25 20 7 32 39 10 21 15 43,0,0
consensus-two-stage,evaluation,2026,125,31,21 32 7 8 18 17 19 48 40 35 20 25 15 44 45 34 29 12 1 5,32 40 21 25 15 7 35 29 8 17,1,1
consensus-two-stage,evaluation,2026,126,49,7 32 8 20 21 18 45 22 25 48 44 40 31 46 19 12 38 17 15 36,7 20 32 25 45 15 8 36 44 48,1,1
consensus-two-stage,evaluation,2026,127,45,32 7 20 21 18 8 17 48 35 19 45 44 38 40 15 31 34 5 49 29,20 32 15 8 35 44 29 7 17 48,0,1
consensus-two-stage,evaluation,2026,128,37,7 32 8 20 21 44 40 38 35 25 31 19 17 29 48 18 36 12 34 5,7 20 32 40 35 12 8 44 36 25,1,1
consensus-two-stage,evaluation,2026,129,41,7 32 44 40 48 21 20 17 22 45 8 25 38 15 10 18 34 12 35 31,7 10 40 32 20 15 22 8 12 35,1,1
consensus-two-stage,evaluation,2026,130,29,7 20 25 32 44 21 17 48 34 45 12 22 5 15 40 36 8 35 31 10,7 20 25 34 21 22 15 8 44 35,1,1
consensus-two-stage,evaluation,2026,131,7,7 21 5 32 20 17 25 44 34 35 48 49 15 40 3 12 19 41 39 38,7 20 15 21 34 40 44 35 12 5,0,0
consensus-two-stage,evaluation,2026,132,30,21 25 32 40 7 17 48 5 31 15 46 20 22 10 16 39 19 3 12 38,21 40 25 32 10 22 15 20 31 17,1,1
consensus-two-stage,evaluation,2026,133,7,7 21 32 5 20 25 48 40 17 46 3 19 10 16 30 45 22 41 39 31,20 40 10 3 22 21 31 5 48 17,0,1
consensus-two-stage,evaluation,2026,134,37,21 25 40 32 17 7 5 48 15 41 31 16 38 46 20 22 19 10 34 39,40 25 10 22 15 21 17 5 48 46,1,1
consensus-two-stage,evaluation,2026,135,30,21 40 32 25 48 17 31 15 10 16 44 19 41 34 22 30 12 38 46 35,40 10 19 21 22 15 31 12 25 48,0,1
consensus-two-stage,evaluation,2026,136,48,21 40 20 25 48 32 35 19 9 10 5 17 30 16 44 46 22 41 45 34,40 20 10 9 19 35 21 22 48 5,0,0
consensus-two-stage,evaluation,2026,137,26,25 21 40 7 35 17 20 32 14 41 15 19 26 8 37 44 34 48 12 38,25 40 35 20 21 8 15 26 17 14,0,0
consensus-two-stage,evaluation,2026,138,49,20 21 25 40 7 5 32 17 14 15 19 10 35 41 3 42 43 46 8 48,20 40 25 32 10 15 8 21 14 5,1,1
consensus-two-stage,evaluation,2026,139,24,21 20 32 25 40 17 35 41 5 49 9 18 34 7 38 26 3 12 19 15,20 9 15 21 25 32 17 35 5 3,1,1
consensus-two-stage,evaluation,2026,140,16,20 21 40 32 7 25 5 12 17 36 35 15 48 26 41 46 24 30 19 34,20 40 15 25 5 12 17 35 46 41,1,1
consensus-two-stage,evaluation,2026,141,33,20 21 25 17 40 35 5 15 32 14 48 7 42 12 9 24 46 26 33 10,20 25 40 35 12 9 15 14 17 5,0,1
consensus-two-stage,evaluation,2026,142,23,32 21 20 7 12 35 40 25 14 30 38 48 34 15 26 22 37 46 17 24,35 25 40 14 15 12 46 22 32 34,1,1
consensus-two-stage,evaluation,2026,143,44,20 32 7 21 40 25 12 35 48 14 44 30 26 38 37 22 17 3 16 18,20 40 25 44 12 14 17 32 21 35,0,0
consensus-two-stage,evaluation,2026,144,43,20 32 26 40 21 25 5 12 46 7 30 35 48 13 22 17 16 34 49 4,20 25 40 12 5 46 17 26 22 4,1,1
consensus-two-stage,evaluation,2026,145,5,20 32 21 48 46 12 43 34 8 7 26 35 25 14 30 44 40 22 16 19,8 20 12 40 34 46 32 21 35 22,1,1
consensus-two-stage,evaluation,2026,146,42,32 21 26 20 35 25 34 44 12 43 46 42 7 19 5 17 40 13 15 38,20 35 12 34 40 26 46 17 15 32,0,1
consensus-two-stage,evaluation,2026,147,13,21 32 43 8 34 35 46 42 25 26 40 20 7 13 14 3 4 45 15 38,35 8 45 34 40 26 15 46 43 32,0,1
consensus-two-stage,evaluation,2026,148,48,21 46 43 32 8 34 35 12 14 20 7 22 3 18 2 4 13 26 48 38,2 8 35 22 34 26 46 12 43 21,0,1
consensus-two-stage,evaluation,2026,149,27,32 21 25 13 35 17 20 34 44 7 2 8 46 43 31 22 4 1 15 42,32 25 2 22 35 34 44 17 15 8,1,1
consensus-two-stage,evaluation,2026,150,9,32 20 21 46 44 43 25 13 34 8 4 42 35 15 22 39 40 31 7 19,25 32 20 22 39 35 44 8 43 34,1,1
consensus-two-stage,evaluation,2026,151,31,32 20 25 21 42 44 35 43 34 46 18 14 4 19 3 5 40 41 9 26,20 32 40 25 44 35 46 43 21 42,1,1
consensus-two-stage,evaluation,2026,152,45,20 32 21 25 42 44 46 8 5 18 43 7 4 12 2 34 35 39 13 31,20 25 32 2 39 44 8 46 43 35,1,1
consensus-two-stage,evaluation,2026,153,41,25 32 20 21 44 35 5 34 13 7 8 42 43 39 29 46 40 19 36 12,25 20 32 44 39 40 8 13 43 46,1,1
consensus-two-stage,evaluation,2026,154,41,20 32 25 7 43 5 4 8 42 13 21 22 35 31 46 12 18 2 41 44,20 25 7 32 4 22 43 2 46 8,0,1
consensus-two-stage,evaluation,2026,155,7,20 32 25 7 46 42 4 8 5 13 34 18 21 35 22 2 15 12 29 48,20 7 25 32 4 22 2 46 8 42,0,0
consensus-two-stage,evaluation,2026,156,1,25 46 32 20 21 13 29 40 4 8 34 15 35 22 42 48 16 10 19 2,25 20 4 22 10 46 29 2 19 32,1,1
consensus-two-stage,evaluation,2026,157,40,20 32 25 4 13 8 46 21 12 35 22 2 29 36 18 27 16 14 19 40,20 25 4 22 2 46 32 29 13 8,0,1
consensus-two-stage,evaluation,2026,158,16,32 25 46 20 29 34 4 21 40 2 19 22 16 30 35 41 8 10 18 14,34 4 2 22 25 32 46 29 20 19,0,1
consensus-two-stage,evaluation,2026,159,39,20 25 21 46 40 32 31 29 35 3 34 15 14 47 41 18 12 2 4 1,25 20 34 32 46 29 2 18 35 21,1,1
consensus-two-stage,evaluation,2026,160,2,32 21 20 25 34 35 40 46 41 17 29 47 4 12 19 31 18 11 49 14,34 25 32 20 29 19 18 47 35 46,1,1
consensus-two-stage,evaluation,2026,161,8,25 20 34 32 21 40 31 7 8 46 11 35 22 3 14 17 29 4 15 36,20 11 25 34 22 32 46 31 36 29,0,1
consensus-two-stage,evaluation,2026,162,32,25 20 40 21 32 46 31 35 34 3 7 49 2 19 47 12 29 11 41 14,20 25 46 31 34 12 7 47 40 32,0,0
consensus-two-stage,evaluation,2026,163,37,20 25 21 46 32 40 3 34 8 4 43 12 11 14 22 29 31 24 7 10,20 11 43 4 12 22 25 46 34 10,1,1
consensus-two-stage,evaluation,2026,164,21,32 20 46 21 8 25 29 31 12 34 4 10 43 22 40 16 15 17 11 3,12 20 43 29 22 4 11 25 46 31,0,1
consensus-two-stage,evaluation,2026,165,3,20 32 25 46 21 12 8 31 4 34 3 37 19 22 29 14 18 49 43 11,20 43 34 31 11 46 12 4 3 25,0,0
consensus-two-stage,evaluation,2026,166,6,32 21 46 25 29 20 8 12 31 4 14 3 37 43 40 26 34 19 30 18,29 26 31 34 40 46 12 4 25 20,1,1
consensus-two-stage,evaluation,2026,167,19,20 21 25 8 3 46 10 29 32 43 14 31 15 7 19 17 5 40 33 12,20 29 10 31 25 46 7 5 40 33,0,1
consensus-two-stage,evaluation,2026,168,15,32 20 21 3 46 34 25 19 8 29 11 4 33 26 12 22 35 31 30 18,20 31 29 34 26 22 46 33 8 12,1,1
consensus-two-stage,evaluation,2026,169,24,25 32 20 19 8 29 34 26 11 46 12 5 21 1 31 36 10 47 35 49,20 31 26 12 29 34 8 32 10 11,1,1
consensus-two-stage,evaluation,2026,170,3,20 46 21 32 15 25 8 4 19 12 26 34 31 30 5 36 47 24 7 6,4 31 20 12 26 34 8 46 32 7,1,1
consensus-two-stage,evaluation,2026,171,28,32 21 46 15 25 20 8 4 19 12 7 29 24 3 22 36 37 43 34 18,4 12 29 46 8 7 32 20 34 21,1,1
consensus-two-stage,evaluation,2026,172,44,21 19 32 46 20 25 4 31 7 3 49 24 12 15 33 29 35 34 28 26,4 12 26 20 29 46 7 33 32 21,1,1
consensus-two-stage,evaluation,2026,173,26,20 46 21 4 19 12 7 5 34 30 25 15 28 32 3 26 36 24 29 37,46 20 4 5 26 12 32 7 21 34,0,0
consensus-two-stage,evaluation,2026,174,41,20 21 46 5 15 28 11 22 25 4 24 10 47 42 29 43 7 30 14 3,46 20 5 29 22 43 7 21 42 11,1,1
consensus-two-stage,evaluation,2026,175,26,20 4 5 15 34 12 31 46 25 22 32 36 49 42 47 44 11 8 18 30,20 31 4 5 12 46 22 15 42 8,1,1
consensus-two-stage,evaluation,2026,176,10,20 15 42 5 46 11 25 14 22 34 30 28 47 10 48 4 7 24 29 36,42 20 5 46 22 15 11 48 7 24,0,1
consensus-two-stage,evaluation,2026,177,14,20 34 46 30 15 22 10 29 4 12 5 42 32 40 28 19 38 49 8 48,42 20 40 4 12 8 46 22 34 38,1,1
consensus-two-stage,evaluation,2026,178,18,20 46 15 30 5 12 40 34 8 22 25 41 28 49 4 14 31 21 7 47,40 20 34 8 12 4 5 31 21 46,1,1
consensus-two-stage,evaluation,2026,179,15,40 34 20 25 8 28 14 22 46 31 49 7 29 4 12 26 18 41 16 35,34 40 8 20 4 12 22 31 7 28,1,1
consensus-two-stage,evaluation,2026,180,21,34 29 28 25 40 8 10 38 20 18 26 7 30 35 46 32 31 36 47 12,34 8 40 20 38 12 7 31 28 29,1,1
consensus-two-stage,evaluation,2026,181,19,8 18 46 31 21 20 28 34 12 10 15 4 40 5 42 49 30 36 35 22,8 31 42 12 5 40 46 36 34 20,1,1
consensus-two-stage,evaluation,2026,182,41,21 34 18 28 26 5 49 35 46 14 32 10 30 42 8 15 4 31 47 20,8 31 42 28 5 46 14 18 34 4,1,1
consensus-two-stage,evaluation,2026,183,24,31 46 18 5 12 2 20 4 32 21 22 8 34 35 36 37 30 25 49 15,31 2 8 12 46 5 22 18 4 20,1,1
consensus-two-stage,evaluation,2026,184,1,46 21 30 5 31 40 12 20 32 34 19 35 36 7 4 2 22 37 18 49,31 2 40 12 46 22 7 5 4 18,1,1
consensus-two-stage,evaluation,2026,185,36,31 5 21 12 32 46 18 2 20 22 4 30 49 14 35 25 36 8 47 15,31 2 8 12 46 36 18 22 21 14,0,0
consensus-two-stage,evaluation,2026,186,23,5 46 15 2 14 9 31 20 49 21 19 17 30 32 40 22 36 35 47 18,31 2 9 40 22 46 17 18 21 5,1,1
consensus-two-stage,evaluation,2026,187,1,36 19 14 32 30 46 18 21 22 12 40 34 15 37 35 23 7 49 4 2,2 40 46 14 18 21 7 22 15 4,1,1
consensus-two-stage,evaluation,2026,188,16,21 22 12 18 20 32 4 46 49 5 31 36 8 42 15 37 2 39 25 35,22 2 31 8 46 42 18 21 39 20,1,1
consensus-two-stage,evaluation,2026,189,15,21 46 20 5 15 42 49 11 40 35 9 38 2 47 12 25 30 34 32 36,2 9 40 46 42 15 21 20 11 38,0,0
consensus-two-stage,evaluation,2026,190,16,38 12 5 35 32 30 34 25 36 42 40 7 46 47 39 20 21 19 27 8,12 38 40 8 42 5 7 39 36 46,1,1
consensus-two-stage,evaluation,2026,191,29,12 46 5 22 20 36 38 42 40 9 35 17 25 47 34 2 14 21 30 29,12 22 2 40 9 46 42 21 17 36,0,1
consensus-two-stage,evaluation,2026,192,25,5 12 38 32 36 35 22 34 42 30 46 4 19 9 20 29 27 18 33 14,12 5 38 9 33 27 36 42 22 18,1,1
consensus-two-stage,evaluation,2026,193,9,5 36 38 12 25 32 46 35 20 34 30 4 27 22 29 42 33 47 19 11,5 38 12 46 20 19 36 11 42 33,1,1
consensus-two-stage,evaluation,2026,194,26,5 38 12 14 20 32 22 36 35 34 46 30 42 4 40 33 19 27 18 47,12 38 22 5 46 40 14 20 19 18,1,1
consensus-two-stage,evaluation,2026,195,25,5 36 14 22 20 12 38 46 32 42 40 30 35 43 25 9 29 17 47 19,5 22 14 46 40 43 19 36 20 12,0,1
consensus-two-stage,evaluation,2026,196,39,5 27 38 29 32 19 25 46 35 36 12 30 34 14 22 33 42 20 40 4,5 27 38 46 12 19 20 36 14 40,1,1
consensus-two-stage,evaluation,2026,197,8,14 27 12 32 19 5 38 29 34 35 42 46 40 30 43 33 37 49 47 20,27 5 14 12 40 19 43 42 38 37,1,1
consensus-two-stage,evaluation,2026,198,7,40 14 19 12 46 22 30 35 34 20 38 2 29 31 49 33 32 5 39 26,2 31 46 22 14 19 12 38 5 49,1,1
consensus-two-stage,evaluation,2026,199,36,40 46 4 22 34 19 32 25 39 31 29 43 26 38 35 12 8 20 30 17,31 46 22 19 4 40 12 20 29 34,1,1
consensus-two-stage,evaluation,2026,200,39,46 40 20 48 32 22 19 25 35 34 30 2 36 5 43 14 8 4 29 12,48 22 2 46 19 14 34 8 29 40,1,1
consensus-two-stage,evaluation,2026,201,32,19 4 40 34 35 30 5 26 32 33 25 12 46 22 29 20 11 36 39 49,19 4 5 11 49 22 29 46 40 34,0,1
consensus-two-stage,evaluation,2026,202,40,40 21 4 22 30 34 46 19 38 5 36 35 48 25 20 7 12 45 32 8,22 48 38 19 21 4 46 5 8 30,0,1
consensus-two-stage,evaluation,2026,203,25,46 19 22 21 30 26 4 12 48 34 40 45 35 2 7 49 38 10 32 29,22 48 10 46 19 2 21 4 29 49,1,1
consensus-two-stage,evaluation,2026,204,5,19 5 35 4 46 38 34 21 26 32 25 30 7 33 45 36 29 22 8 10,5 19 10 46 21 4 38 29 35 8,0,0
consensus-two-stage,evaluation,2026,205,3,19 35 30 46 32 5 4 12 38 34 33 36 21 29 20 40 48 18 22 45,19 46 21 29 4 48 35 38 32 12,1,1
consensus-two-stage,evaluation,2026,206,47,19 21 12 36 22 46 32 30 38 40 48 4 35 14 18 45 11 43 8 29,19 21 48 46 22 29 11 8 32 40,1,1
consensus-two-stage,evaluation,2026,207,31,19 21 46 22 12 48 40 32 35 38 34 17 4 8 30 25 44 31 29 11,21 19 46 48 29 22 11 8 44 40,0,1
consensus-two-stage,evaluation,2026,208,19,21 22 12 19 46 32 20 36 5 47 7 31 4 33 35 18 25 34 40 17,21 19 46 22 32 5 18 7 12 36,0,0
consensus-two-stage,evaluation,2026,209,8,21 11 12 35 17 19 32 47 30 46 5 34 22 36 38 33 14 39 20 49,21 46 17 12 11 32 5 49 38 22,1,1
consensus-two-stage,evaluation,2026,210,49,12 35 19 40 30 21 46 31 49 17 33 41 37 34 20 11 22 13 32 2,12 49 46 40 21 32 37 17 2 13,0,0
consensus-two-stage,evaluation,2026,211,1,12 19 35 11 21 32 34 46 9 5 47 33 17 20 28 18 30 22 40 41,12 46 11 32 9 30 21 28 5 47,1,1
consensus-two-stage,evaluation,2026,212,6,12 35 21 22 11 20 13 5 33 19 46 37 4 47 7 40 44 48 18 17,13 21 11 46 44 48 5 35 37 47,1,1
consensus-two-stage,evaluation,2026,213,35,35 11 5 21 22 12 48 9 20 7 46 14 17 19 3 47 28 33 40 30,21 9 46 48 11 22 30 35 28 40,0,0
consensus-two-stage,evaluation,2026,214,4,35 19 11 12 7 5 21 29 17 34 33 46 48 20 13 47 44 28 22 31,29 21 17 11 44 5 28 48 13 47,1,1
consensus-two-stage,evaluation,2026,215,14,35 21 12 46 48 38 40 13 20 7 30 37 22 5 4 33 34 8 47 39,48 21 40 30 22 5 13 47 46 37,1,1
consensus-two-stage,evaluation,2026,216,37,21 46 38 22 40 35 13 20 12 7 30 15 48 4 8 33 47 39 19 5,21 13 48 40 47 22 30 15 5 46,1,1
consensus-two-stage,evaluation,2026,217,26,38 15 22 48 4 46 40 21 8 12 34 35 29 13 43 44 39 32 10 17,38 48 21 32 15 40 13 44 22 46,1,1
consensus-two-stage,evaluation,2026,218,17,30 48 38 21 15 46 43 22 5 20 14 40 7 11 4 17 35 8 13 2,48 30 21 5 40 15 11 13 38 46,0,1
consensus-two-stage,evaluation,2026,219,43,38 15 17 4 46 22 29 30 21 43 48 13 40 34 32 12 8 37 39 10,38 29 48 13 21 40 32 43 15 46,0,0
consensus-two-stage,evaluation,2026,220,48,38 30 29 4 43 21 32 46 22 15 12 35 19 17 27 18 48 34 14 37,30 38 32 48 21 46 29 15 19 35,0,0
consensus-two-stage,evaluation,2026,221,1,38 12 17 30 13 29 19 35 21 22 31 32 41 34 46 43 2 39 33 7,38 30 29 32 13 12 21 19 31 35,1,1
consensus-two-stage,evaluation,2026,222,26,12 38 22 32 13 46 30 21 35 29 31 27 43 4 20 17 5 18 15 37,12 32 13 5 46 21 29 30 31 15,1,1
consensus-two-stage,evaluation,2026,223,23,12 38 46 13 43 21 30 22 14 11 20 5 29 35 2 15 42 37 7 19,13 30 5 46 12 38 21 15 19 35,1,1
consensus-two-stage,evaluation,2026,224,9,12 38 30 29 43 22 18 46 37 14 27 13 7 41 32 19 21 34 20 11,12 38 30 29 32 18 46 19 14 21,1,1
consensus-two-stage,evaluation,2026,225,1,38 18 30 12 46 19 21 17 13 43 34 14 41 44 11 37 32 20 22 9,38 18 30 44 32 46 19 13 14 21,1,1
consensus-two-stage,evaluation,2026,226,17,12 18 38 27 22 46 44 21 37 7 20 13 5 43 17 32 47 29 48 31,18 44 13 5 32 29 46 17 47 21,0,0
consensus-two-stage,evaluation,2026,227,16,38 46 29 17 21 22 11 12 7 13 34 48 19 43 44 18 32 15 40 47,38 29 13 44 40 21 11 32 46 19,1,1
consensus-two-stage,evaluation,2026,228,23,11 46 38 18 43 21 12 17 31 14 13 20 5 48 29 7 22 27 9 47,18 13 21 5 31 11 46 38 14 29,1,1
consensus-two-stage,evaluation,2026,229,38,38 18 12 29 11 43 27 7 22 14 32 46 21 19 36 34 5 40 17 20,18 38 40 32 29 11 21 14 19 5,0,0
consensus-two-stage,evaluation,2026,230,16,13 21 12 38 19 29 7 14 11 25 22 18 40 33 17 48 20 9 46 5,13 40 21 11 29 5 14 25 19 48,1,1
consensus-two-stage,evaluation,2026,231,20,11 21 46 13 29 38 18 5 14 12 27 20 7 40 22 9 43 2 31 48,40 31 21 11 13 14 5 43 29 46,0,1
consensus-two-stage,evaluation,2026,232,42,29 11 13 49 38 27 21 12 19 22 20 7 46 26 44 5 47 18 14 30,13 49 44 11 21 29 14 30 5 19,1,1
consensus-two-stage,evaluation,2026,233,7,11 29 7 13 38 22 5 12 27 21 49 34 46 30 42 8 36 15 14 43,29 5 43 11 13 7 27 8 36 15,0,0
consensus-two-stage,evaluation,2026,234,39,29 13 11 49 46 12 22 38 19 34 8 40 15 4 7 21 10 33 14 18,13 49 40 4 14 10 29 19 8 15,1,1
consensus-two-stage,evaluation,2026,235,32,11 49 13 29 33 35 18 14 19 34 12 4 21 47 5 27 38 42 17 40,11 13 49 14 40 4 33 29 19 27,1,1
consensus-two-stage,evaluation,2026,236,11,38 11 13 29 4 22 46 14 19 34 49 5 33 21 20 36 15 42 43 8,13 14 11 4 43 46 29 33 38 19,0,0
consensus-two-stage,evaluation,2026,237,12,35 38 4 49 13 5 18 29 22 12 20 42 46 8 33 14 21 34 27 7,4 49 35 14 13 5 29 38 46 20,0,1
consensus-two-stage,evaluation,2026,238,17,38 29 4 13 35 5 14 46 11 43 19 49 34 21 7 22 20 27 36 8,13 14 4 43 5 29 35 46 38 19,1,1
consensus-two-stage,evaluation,2026,239,5,38 29 49 13 4 21 35 11 46 34 10 7 15 22 19 17 5 44 8 47,49 13 29 4 44 35 5 38 21 10,0,0
consensus-two-stage,evaluation,2026,240,27,35 38 11 29 49 13 7 34 21 19 20 4 46 12 27 33 47 10 14 36,35 14 29 13 4 38 21 20 10 7,0,1
consensus-two-stage,evaluation,2026,241,49,35 4 29 21 12 34 38 11 13 49 7 20 22 27 17 19 10 40 14 33,35 4 29 13 14 21 38 20 7 10,0,1
consensus-two-stage,evaluation,2026,242,9,29 35 11 21 34 12 49 14 27 42 4 38 19 18 33 47 43 36 13 22,29 35 14 21 38 42 4 11 43 12,1,1
consensus-two-stage,evaluation,2026,243,21,35 21 11 12 4 34 27 14 38 18 19 29 49 22 33 47 13 44 42 7,35 4 21 14 44 38 42 11 7 12,0,0
consensus-two-stage,evaluation,2026,244,46,4 35 12 22 34 11 27 13 44 21 31 7 14 18 47 33 38 29 20 32,4 14 35 13 44 31 11 20 12 7,1,1
consensus-two-stage,evaluation,2026,245,18,11 46 14 35 49 43 22 13 12 7 47 29 21 48 36 18 9 38 34 4,14 13 36 43 11 35 12 7 47 49,0,1
consensus-two-stage,evaluation,2026,246,30,35 12 13 34 46 4 49 22 7 18 21 38 19 33 14 31 29 11 36 40,14 35 4 36 38 31 13 12 7 19,1,1
consensus-two-stage,evaluation,2026,247,40,46 27 30 29 35 5 34 13 22 49 18 12 38 21 44 43 10 19 2 47,35 13 38 43 12 5 19 27 2 47,1,1
consensus-two-stage,evaluation,2026,248,20,27 22 29 35 46 18 34 7 30 21 36 10 44 19 43 2 4 49 5 12,35 43 4 12 7 19 2 5 27 36,1,1
consensus-two-stage,evaluation,2026,249,23,27 29 22 46 5 38 43 7 30 19 35 4 36 21 44 20 10 49 18 2,4 38 43 7 19 5 35 10 27 36,1,1
consensus-two-stage,evaluation,2026,250,14,27 35 29 22 18 14 7 36 43 34 30 38 19 4 46 2 10 32 49 48,14 35 4 43 38 7 19 10 27 2,0,0
consensus-two-stage,evaluation,2026,251,30,46 35 7 27 22 30 21 20 2 13 49 19 29 18 33 40 31 43 5 34,35 43 7 19 31 5 27 49 21 46,0,1
consensus-two-stage,evaluation,2026,252,22,46 29 30 22 27 35 2 38 10 13 34 21 43 44 18 19 32 45 31 7,43 35 10 19 7 38 27 21 46 2,0,1
consensus-two-stage,evaluation,2026,253,16,22 46 35 27 38 34 29 43 7 21 4 14 25 30 10 32 13 48 2 31,43 4 10 35 38 7 25 27 21 46,1,1
consensus-two-stage,evaluation,2026,254,2,46 22 35 42 43 48 10 27 2 34 13 31 18 29 7 21 38 11 5 44,42 43 11 10 35 5 27 7 21 38,0,1
consensus-two-stage,evaluation,2026,255,44,22 35 27 38 34 13 43 46 2 42 20 19 4 10 29 25 48 31 5 32,35 43 42 5 27 38 46 19 25 20,1,1
consensus-two-stage,evaluation,2026,256,1,35 46 11 20 13 22 27 7 34 48 31 5 32 41 2 19 33 10 4 29,35 41 11 5 27 7 46 20 19 4,1,1
consensus-two-stage,evaluation,2026,257,7,35 22 27 2 44 42 20 13 4 31 46 33 11 29 48 5 7 43 10 34,35 11 42 43 5 27 4 46 20 7,0,0
consensus-two-stage,evaluation,2026,258,46,35 46 22 29 44 34 13 10 48 4 38 11 7 43 42 31 25 20 47 19,35 47 10 43 42 46 4 25 20 22,0,0
consensus-two-stage,evaluation,2026,259,22,11 47 42 22 46 13 43 12 33 14 5 35 27 2 30 3 48 29 25 10,11 47 42 10 43 35 5 14 27 3,0,1
consensus-two-stage,evaluation,2026,260,20,35 27 22 5 46 4 12 34 25 42 11 30 43 38 47 13 3 17 29 14,35 5 42 27 11 4 12 47 25 3,1,1
consensus-two-stage,evaluation,2026,261,24,27 46 2 22 4 12 30 47 8 7 5 44 17 29 10 11 41 13 19 9,27 47 41 5 4 2 8 17 10 9,1,1
consensus-two-stage,evaluation,2026,262,30,35 5 12 27 22 7 41 2 34 42 17 4 21 44 39 46 47 8 19 36,35 5 27 41 42 47 36 2 17 4,1,1
consensus-two-stage,evaluation,2026,263,9,27 35 44 5 2 10 29 11 34 46 17 21 49 19 12 13 3 47 43 30,35 5 27 49 11 47 43 10 17 3,1,1
consensus-two-stage,evaluation,2026,264,21,35 27 42 12 44 33 17 47 5 14 34 11 49 19 37 41 43 10 4 38,35 27 5 41 49 42 11 17 14 47,1,1
consensus-two-stage,evaluation,2026,265,49,27 35 44 12 33 5 47 43 34 25 46 22 4 21 14 42 37 49 32 17,35 27 49 5 43 42 47 25 14 17,0,0
consensus-two-stage,evaluation,2026,266,8,35 47 27 33 12 42 14 17 46 43 34 5 3 49 29 19 25 21 11 37,35 27 47 43 5 3 42 14 17 25,1,1
